AccusedMasterID,CaseMasterID,AccusedName,AgeYear,GenderID,PersonID,DistrictName,CrimeMajorHeadID,CrimeGroupName,GravityOffenceID,FIR_Count,IsRepeatOffender,RiskScore
1,1,Venkatesh Hegde,27,M,A1,Davanagere,1,Crimes Against Body,3,856,1,100
2,2,Thimmappa Hiremath,27,M,A1,Koppal,4,Crimes Against Children,2,856,1,100
3,3,Kiran Naidu,31,M,A1,Shivamogga,2,Crimes Against Property,2,856,1,100
4,3,Mohammed Bangera,36,M,A2,Shivamogga,2,Crimes Against Property,2,409,1,100
5,3,Umesh Shenoy,35,M,A3,Shivamogga,2,Crimes Against Property,2,130,1,100
6,4,Gopal Hiremath,32,M,A1,Dakshina Kannada,2,Crimes Against Property,1,856,1,100
7,5,Ravi alias Katthi Ravi,24,M,A1,Bengaluru Urban,1,Crimes Against Body,1,856,1,100
8,5,Abdul Swamy,23,M,A2,Bengaluru Urban,1,Crimes Against Body,1,409,1,100
9,6,Rashid Shetty,35,M,A1,Bengaluru Urban,8,Drug/Narcotic Offences,1,856,1,100
10,6,Mahadev Salian,23,M,A2,Bengaluru Urban,8,Drug/Narcotic Offences,1,409,1,100
11,7,Nadeem Joshi,23,M,A1,Bengaluru Urban,2,Crimes Against Property,2,856,1,100
12,8,Deepak Kumar alias Cyber Deepak,26,M,A1,Bengaluru Urban,7,Cyber Crimes,3,856,1,100
13,8,Umesh Sayyad,22,M,A2,Bengaluru Urban,7,Cyber Crimes,3,409,1,100
14,9,Vijaykumar Ansari,34,M,A1,Bengaluru Urban,3,Crimes Against Women,2,856,1,100
15,10,Kumar Menon,38,M,A1,Chikkamagaluru,2,Crimes Against Property,1,856,1,100
16,11,Girish Patel,32,M,A1,Dakshina Kannada,2,Crimes Against Property,1,856,1,100
17,11,Hanumantha Kamath,44,M,A2,Dakshina Kannada,2,Crimes Against Property,1,409,1,100
18,12,Rangaswamy Patel,25,M,A1,Bengaluru Urban,2,Crimes Against Property,2,856,1,100
19,12,Vani Char,32,F,A2,Bengaluru Urban,2,Crimes Against Property,2,409,1,100
20,13,Noor Nair,26,F,A1,Kalaburagi (Gulbarga),3,Crimes Against Women,2,856,1,100
21,14,Iqbal Hubli,24,M,A1,Kodagu,8,Drug/Narcotic Offences,1,856,1,100
22,15,Raju alias Bullet Raju,39,M,A1,Bengaluru Urban,2,Crimes Against Property,1,856,1,100
23,15,Nadeem Murthy,21,M,A2,Bengaluru Urban,2,Crimes Against Property,1,409,1,100
24,16,Chandrashekar Patel,33,M,A1,Bengaluru Urban,1,Crimes Against Body,2,856,1,100
25,16,Arshad Kulkarni,37,M,A2,Bengaluru Urban,1,Crimes Against Body,2,409,1,100
26,16,Vijaykumar Suvarna,33,M,A3,Bengaluru Urban,1,Crimes Against Body,2,130,1,100
27,17,Chandru Inamdar,27,M,A1,Mysuru,3,Crimes Against Women,2,856,1,100
28,17,Dinesh Bellary,25,M,A2,Mysuru,3,Crimes Against Women,2,409,1,100
29,18,Prasad alias Rowdy Prasad,31,M,A1,Bengaluru Urban,10,Crimes Against Public Order,1,856,1,100
30,18,Basavaraj Patel,29,M,A2,Bengaluru Urban,10,Crimes Against Public Order,1,409,1,100
31,19,Imran Siddiqui,34,M,A1,Mysuru,3,Crimes Against Women,2,856,1,100
32,20,Ganesh Achar,22,M,A1,Mysuru,1,Crimes Against Body,2,856,1,100
33,21,Anwar Menon,18,M,A1,Bengaluru Urban,2,Crimes Against Property,3,856,1,100
34,22,Rashid Achar,21,M,A1,Bengaluru Urban,2,Crimes Against Property,2,856,1,100
35,23,Jameel Pai,32,M,A1,Gadag,1,Crimes Against Body,2,856,1,100
36,24,Imran Maniyar,33,M,A1,Chikkamagaluru,1,Crimes Against Body,2,856,1,100
37,25,Gopal Swamy,18,M,A1,Raichur,8,Drug/Narcotic Offences,2,856,1,100
38,25,Basheer Khan,29,M,A2,Raichur,8,Drug/Narcotic Offences,2,409,1,100
39,26,Mahesh Swamy,36,M,A1,Vijayanagara,9,Arms Act Offences,2,856,1,100
40,27,Dinesh Maniyar,38,M,A1,Bengaluru Urban,4,Crimes Against Children,2,856,1,100
41,28,Raghavendra Shetty,34,M,A1,Mandya,3,Crimes Against Women,2,856,1,100
42,29,Prasad Baig,22,M,A1,Kolar,10,Crimes Against Public Order,2,856,1,100
43,30,Chandru Khan,32,M,A1,Bidar,3,Crimes Against Women,2,856,1,100
44,31,Ismail Menon,19,M,A1,Belagavi (Belgaum),2,Crimes Against Property,2,856,1,100
45,32,Jagadish Shaikh,31,M,A1,Ramanagara,1,Crimes Against Body,1,856,1,100
46,33,Umesh Joshi,39,M,A1,Bengaluru Urban,2,Crimes Against Property,2,856,1,100
47,33,Nagaraj Bhat,27,M,A2,Bengaluru Urban,2,Crimes Against Property,2,409,1,100
48,33,Manju Joshi,30,M,A3,Bengaluru Urban,2,Crimes Against Property,2,130,1,100
49,34,Roshan Patel,21,F,A1,Mysuru,3,Crimes Against Women,2,856,1,100
50,34,Mahadev Patil,19,M,A2,Mysuru,3,Crimes Against Women,2,409,1,100
51,34,Rashid Hegde,40,M,A3,Mysuru,3,Crimes Against Women,2,130,1,100
52,34,Rangaswamy Ansari,18,M,A4,Mysuru,3,Crimes Against Women,2,44,1,100
53,34,Aslam Inamdar,30,M,A5,Mysuru,3,Crimes Against Women,2,28,1,100
54,34,Hanumantha Hegde,18,M,A6,Mysuru,3,Crimes Against Women,2,16,1,100
55,34,Akbar Bhat,19,M,A7,Mysuru,3,Crimes Against Women,2,11,1,100
56,34,Kumar Gowda,30,M,A8,Mysuru,3,Crimes Against Women,2,6,1,100
57,35,Aslam Suvarna,31,M,A1,Bengaluru Urban,2,Crimes Against Property,3,856,1,100
58,36,Ganesh Murthy,28,M,A1,Mysuru,6,Economic Offences,2,856,1,100
59,37,Ganesh Kulkarni,21,M,A1,Chikkamagaluru,2,Crimes Against Property,2,856,1,100
60,37,Mahadev Devadiga,21,M,A2,Chikkamagaluru,2,Crimes Against Property,2,409,1,100
61,38,Hussain Inamdar,27,M,A1,Ballari (Bellary),2,Crimes Against Property,2,856,1,100
62,38,Ganesh Nayak,27,M,A2,Ballari (Bellary),2,Crimes Against Property,2,409,1,100
63,39,Nagaraj Nayak,40,M,A1,Davanagere,1,Crimes Against Body,1,856,1,100
64,39,Siddappa Menon,37,M,A2,Davanagere,1,Crimes Against Body,1,409,1,100
65,40,Chandru alias Chinna,30,M,A1,Bengaluru Urban,2,Crimes Against Property,2,856,1,100
66,40,Saleem Menon,23,M,A2,Bengaluru Urban,2,Crimes Against Property,2,409,1,100
67,41,Nandini Siddiqui,37,F,A1,Mysuru,14,Sexual Offences,2,856,1,100
68,41,Mohan Nair,30,M,A2,Mysuru,14,Sexual Offences,2,409,1,100
69,42,Santosh Ahmed,34,M,A1,Mysuru,8,Drug/Narcotic Offences,2,856,1,100
70,42,Manju Khan,33,M,A2,Mysuru,8,Drug/Narcotic Offences,2,409,1,100
71,42,Yogesh Achar,37,M,A3,Mysuru,8,Drug/Narcotic Offences,2,130,1,100
72,43,Dinesh Ali,26,M,A1,Davanagere,15,Other IPC Crimes,2,856,1,100
73,44,Vinay Gowda,40,M,A1,Tumakuru,2,Crimes Against Property,2,856,1,100
74,45,Jameel Bellary,27,M,A1,Bengaluru Urban,1,Crimes Against Body,2,856,1,100
75,45,Basavaraj Sheikh,32,M,A2,Bengaluru Urban,1,Crimes Against Body,2,409,1,100
76,46,Kiran Maniyar,41,M,A1,Bengaluru Urban,2,Crimes Against Property,2,856,1,100
77,46,Ravi Inamdar,18,M,A2,Bengaluru Urban,2,Crimes Against Property,2,409,1,100
78,46,Ismail Qureshi,44,M,A3,Bengaluru Urban,2,Crimes Against Property,2,130,1,100
79,47,Anwar Suvarna,29,M,A1,Bengaluru Urban,7,Cyber Crimes,2,856,1,100
80,48,Mahadev Nayak,29,M,A1,Belagavi (Belgaum),15,Other IPC Crimes,2,856,1,100
81,48,Mohan M Nair,24,M,A2,Belagavi (Belgaum),15,Other IPC Crimes,2,409,1,100
82,49,Anil Kulkarni,22,M,A1,Bengaluru Urban,3,Crimes Against Women,2,856,1,100
83,50,Prasad Patil,27,M,A1,Bengaluru Urban,3,Crimes Against Women,2,856,1,100
84,50,Abdul Reddy,29,M,A2,Bengaluru Urban,3,Crimes Against Women,2,409,1,100
85,51,Rakesh Siddiqui,27,M,A1,Dakshina Kannada,4,Crimes Against Children,1,856,1,100
86,51,Shivakumar Char,29,M,A2,Dakshina Kannada,4,Crimes Against Children,1,409,1,100
87,52,Shivakumar Menon,36,M,A1,Dakshina Kannada,3,Crimes Against Women,2,856,1,100
88,52,Aslam Naidu,35,M,A2,Dakshina Kannada,3,Crimes Against Women,2,409,1,100
89,53,Anil Swamy,27,M,A1,Kalaburagi (Gulbarga),2,Crimes Against Property,2,856,1,100
90,54,Suresh Kini,18,M,A1,Bengaluru Urban,5,Crimes Against SCs/STs,1,856,1,100
91,55,Shankar Mulla,25,M,A1,Bengaluru Urban,6,Economic Offences,1,856,1,100
92,56,Yogesh Shetty,39,M,A1,Vijayanagara,8,Drug/Narcotic Offences,2,856,1,100
93,56,Vijaykumar Naidu,29,M,A2,Vijayanagara,8,Drug/Narcotic Offences,2,409,1,100
94,57,Imran Patel,34,M,A1,Bengaluru Urban,7,Cyber Crimes,2,856,1,100
95,58,Iqbal Menon,25,M,A1,Uttara Kannada,2,Crimes Against Property,1,856,1,100
96,59,Ravi Poojary,33,M,A1,Mandya,11,Traffic Related Offences,2,856,1,100
97,60,Kiran Poojary,25,M,A1,Dharwad,3,Crimes Against Women,2,856,1,100
98,61,Lokesh Prabhu,37,M,A1,Ballari (Bellary),1,Crimes Against Body,1,856,1,100
99,62,Deepak Hiremath,18,M,A1,Bagalkote,11,Traffic Related Offences,2,856,1,100
100,63,Shivakumar Nayak,30,M,A1,Mysuru,10,Crimes Against Public Order,2,856,1,100
101,64,Akbar Nayak,29,M,A1,Bengaluru Urban,10,Crimes Against Public Order,1,856,1,100
102,65,Santhosh Baig,43,M,A1,Bengaluru Rural,1,Crimes Against Body,3,856,1,100
103,66,Mallesh Bangera,31,M,A1,Bengaluru Urban,8,Drug/Narcotic Offences,2,856,1,100
104,67,Kempe Khan,36,M,A1,Uttara Kannada,1,Crimes Against Body,2,856,1,100
105,67,Venkatesh Khan,26,M,A2,Uttara Kannada,1,Crimes Against Body,2,409,1,100
106,67,Suresh Murthy,28,M,A3,Uttara Kannada,1,Crimes Against Body,2,130,1,100
107,68,Suresh B Kini,22,M,A1,Bengaluru Urban,1,Crimes Against Body,2,856,1,100
108,68,Mallesh Rao,29,M,A2,Bengaluru Urban,1,Crimes Against Body,2,409,1,100
109,68,Chandru Sayyad,30,M,A3,Bengaluru Urban,1,Crimes Against Body,2,130,1,100
110,69,Yogesh Poojary,30,M,A1,Bengaluru Urban,6,Economic Offences,3,856,1,100
111,69,Divya Suvarna,29,F,A2,Bengaluru Urban,6,Economic Offences,3,409,1,100
112,70,Kumar Naidu,30,M,A1,Mysuru,2,Crimes Against Property,2,856,1,100
113,71,Byre Achar,25,M,A1,Gadag,11,Traffic Related Offences,2,856,1,100
114,71,Mallesh Nair,35,M,A2,Gadag,11,Traffic Related Offences,2,409,1,100
115,71,Jameel Hiremath,21,M,A3,Gadag,11,Traffic Related Offences,2,130,1,100
116,72,Madhu Bhat,31,M,A1,Bengaluru Urban,1,Crimes Against Body,2,856,1,100
117,73,Chandru alias Chinna,31,M,A1,Shivamogga,2,Crimes Against Property,2,856,1,100
118,73,Kumar Qureshi,37,T,A2,Shivamogga,2,Crimes Against Property,2,409,1,100
119,74,Ningappa Hiremath,35,M,A1,Haveri,2,Crimes Against Property,2,856,1,100
120,75,Dinesh Nair,18,M,A1,Dakshina Kannada,10,Crimes Against Public Order,2,856,1,100
121,76,Saleem Joshi,36,M,A1,Haveri,2,Crimes Against Property,3,856,1,100
122,76,Mohammed Naidu,33,M,A2,Haveri,2,Crimes Against Property,3,409,1,100
123,76,Kempe Rao,35,M,A3,Haveri,2,Crimes Against Property,3,130,1,100
124,76,Madhu Ali,28,M,A4,Haveri,2,Crimes Against Property,3,44,1,100
125,77,Manjunath Menon,29,M,A1,Bengaluru Urban,2,Crimes Against Property,2,856,1,100
126,77,Chandru Nayak,18,M,A2,Bengaluru Urban,2,Crimes Against Property,2,409,1,100
127,77,Prasad Sheikh,39,M,A3,Bengaluru Urban,2,Crimes Against Property,2,130,1,100
128,77,Nadeem Patil,31,M,A4,Bengaluru Urban,2,Crimes Against Property,2,44,1,100
129,78,Faisal Nadaf,19,M,A1,Bagalkote,7,Cyber Crimes,1,856,1,100
130,78,Ramesh Kamath,25,M,A2,Bagalkote,7,Cyber Crimes,1,409,1,100
131,79,Raghavendra J Shetty,31,M,A1,Mysuru,3,Crimes Against Women,2,856,1,100
132,80,Faiz Shetty,28,M,A1,Mandya,10,Crimes Against Public Order,2,856,1,100
133,80,Imran Bangera,25,M,A2,Mandya,10,Crimes Against Public Order,2,409,1,100
134,81,Saleem Suvarna,40,M,A1,Tumakuru,6,Economic Offences,2,856,1,100
135,82,Aslam Menon,26,M,A1,Mysuru,2,Crimes Against Property,2,856,1,100
136,82,Thimmappa Salian,25,M,A2,Mysuru,2,Crimes Against Property,2,409,1,100
137,83,Ashok Rao,28,M,A1,Yadgir,3,Crimes Against Women,1,856,1,100
138,84,Syed Bellary,25,M,A1,Bagalkote,2,Crimes Against Property,1,856,1,100
139,84,Suma Desai,20,F,A2,Bagalkote,2,Crimes Against Property,1,409,1,100
140,84,Gopal Nair,29,M,A3,Bagalkote,2,Crimes Against Property,1,130,1,100
141,85,Aslam Qureshi,27,M,A1,Chamarajanagara,2,Crimes Against Property,2,856,1,100
142,85,Ismail Nayak,18,M,A2,Chamarajanagara,2,Crimes Against Property,2,409,1,100
143,86,Prasad Char,27,T,A1,Dakshina Kannada,3,Crimes Against Women,1,856,1,100
144,86,Deepak Naidu,29,M,A2,Dakshina Kannada,3,Crimes Against Women,1,409,1,100
145,86,Arshad Char,35,M,A3,Dakshina Kannada,3,Crimes Against Women,1,130,1,100
146,87,Santhosh Reddy,31,M,A1,Bengaluru Rural,3,Crimes Against Women,1,856,1,100
147,88,Faisal Shaikh,23,M,A1,Bengaluru Urban,2,Crimes Against Property,2,856,1,100
148,89,Mahesh Ahmed,20,M,A1,Bengaluru Urban,2,Crimes Against Property,2,856,1,100
149,90,Zubaida Nadaf,30,F,A1,Bidar,9,Arms Act Offences,2,856,1,100
150,91,Rashid Kotian,24,M,A1,Bengaluru Urban,8,Drug/Narcotic Offences,2,856,1,100
151,91,Mallesh Murthy,37,M,A2,Bengaluru Urban,8,Drug/Narcotic Offences,2,409,1,100
152,91,Rajesh Menon,21,M,A3,Bengaluru Urban,8,Drug/Narcotic Offences,2,130,1,100
153,91,Nasreen Sheikh,28,F,A4,Bengaluru Urban,8,Drug/Narcotic Offences,2,44,1,100
154,91,Rehana Kotian,20,F,A5,Bengaluru Urban,8,Drug/Narcotic Offences,2,28,1,100
155,91,Arshad Bangera,30,M,A6,Bengaluru Urban,8,Drug/Narcotic Offences,2,16,1,100
156,91,Manju Ahmed,26,M,A7,Bengaluru Urban,8,Drug/Narcotic Offences,2,11,1,100
157,91,Darshan Khan,29,M,A8,Bengaluru Urban,8,Drug/Narcotic Offences,2,6,1,100
158,92,Satish Patel,21,M,A1,Udupi,2,Crimes Against Property,2,856,1,100
159,92,Lakshmi Ahmed,35,F,A2,Udupi,2,Crimes Against Property,2,409,1,100
160,92,Hanumantha Hiremath,27,M,A3,Udupi,2,Crimes Against Property,2,130,1,100
161,93,Gururaj Achar,24,M,A1,Chikkamagaluru,2,Crimes Against Property,2,856,1,100
162,94,Rakesh alias Rocky,29,M,A1,Bidar,1,Crimes Against Body,2,856,1,100
163,94,Ashok Patel,31,M,A2,Bidar,1,Crimes Against Body,2,409,1,100
164,95,Rajesh Char,26,M,A1,Bengaluru Urban,11,Traffic Related Offences,1,856,1,100
165,96,Imran Mulla,27,M,A1,Bengaluru Urban,2,Crimes Against Property,2,856,1,100
166,96,Kempe Baig,28,M,A2,Bengaluru Urban,2,Crimes Against Property,2,409,1,100
167,96,Rangaswamy Pai,32,M,A3,Bengaluru Urban,2,Crimes Against Property,2,130,1,100
168,96,Abdul Shaikh,18,M,A4,Bengaluru Urban,2,Crimes Against Property,2,44,1,100
169,97,Srinivas Shetty,38,M,A1,Bengaluru Urban,2,Crimes Against Property,2,856,1,100
170,97,Gururaj Sheikh,29,M,A2,Bengaluru Urban,2,Crimes Against Property,2,409,1,100
171,98,Darshan Nair,32,M,A1,Bengaluru Urban,3,Crimes Against Women,1,856,1,100
172,99,Raghavendra Suvarna,36,M,A1,Davanagere,2,Crimes Against Property,3,856,1,100
173,100,Nadeem Baig,23,M,A1,Bengaluru Urban,2,Crimes Against Property,2,856,1,100
174,100,Mahadev Sheikh,27,M,A2,Bengaluru Urban,2,Crimes Against Property,2,409,1,100
175,101,Dinesh Achar,23,M,A1,Bengaluru Urban,10,Crimes Against Public Order,1,856,1,100
176,102,Thimmappa Nadaf,37,M,A1,Bidar,11,Traffic Related Offences,2,856,1,100
177,103,Shabbir Salian,31,M,A1,Bengaluru Urban,3,Crimes Against Women,1,856,1,100
178,104,Shabbir Nair,29,M,A1,Chamarajanagara,13,Crimes Related to Documents/Property,1,856,1,100
179,104,Mallesh Kotian,34,M,A2,Chamarajanagara,13,Crimes Related to Documents/Property,1,409,1,100
180,104,Basheer Kini,29,M,A3,Chamarajanagara,13,Crimes Related to Documents/Property,1,130,1,100
181,104,Mahadeva Char,29,M,A4,Chamarajanagara,13,Crimes Related to Documents/Property,1,44,1,100
182,105,Nasreen Devadiga,22,F,A1,Uttara Kannada,6,Economic Offences,2,856,1,100
183,105,Arshad Swamy,37,M,A2,Uttara Kannada,6,Economic Offences,2,409,1,100
184,105,Harish Hosur,45,M,A3,Uttara Kannada,6,Economic Offences,2,130,1,100
185,105,Irfan Nadaf,25,M,A4,Uttara Kannada,6,Economic Offences,2,44,1,100
186,106,Deepak N Hiremath,18,M,A1,Tumakuru,7,Cyber Crimes,2,856,1,100
187,107,Saleem W Menon,20,M,A1,Vijayapura,11,Traffic Related Offences,2,856,1,100
188,108,Ravi Hegde,20,M,A1,Mysuru,2,Crimes Against Property,2,856,1,100
189,109,Girish Nayak,33,M,A1,Koppal,11,Traffic Related Offences,2,856,1,100
190,109,Darshan Shaikh,29,M,A2,Koppal,11,Traffic Related Offences,2,409,1,100
191,109,Jameel Ali,18,M,A3,Koppal,11,Traffic Related Offences,2,130,1,100
192,109,Santhosh Rao,42,M,A4,Koppal,11,Traffic Related Offences,2,44,1,100
193,109,Mohammed Maniyar,28,M,A5,Koppal,11,Traffic Related Offences,2,28,1,100
194,109,Chandrashekar Shetty,33,M,A6,Koppal,11,Traffic Related Offences,2,16,1,100
195,110,Gopal Baig,29,M,A1,Dharwad,7,Cyber Crimes,2,856,1,100
196,111,Basavaraj Char,19,M,A1,Tumakuru,4,Crimes Against Children,2,856,1,100
197,111,Nagendra Hubli,35,M,A2,Tumakuru,4,Crimes Against Children,2,409,1,100
198,112,Kempe Kamath,28,M,A1,Bengaluru Urban,2,Crimes Against Property,2,856,1,100
199,113,Mohan Nadaf,37,M,A1,Bengaluru Urban,2,Crimes Against Property,1,856,1,100
200,114,Pradeep Patil,37,M,A1,Bengaluru Urban,11,Traffic Related Offences,1,856,1,100
201,114,Abdul Inamdar,30,M,A2,Bengaluru Urban,11,Traffic Related Offences,1,409,1,100
202,114,Jameel Ahmed,18,M,A3,Bengaluru Urban,11,Traffic Related Offences,1,130,1,100
203,115,Arshad Ali,28,M,A1,Dakshina Kannada,8,Drug/Narcotic Offences,2,856,1,100
204,115,Ramesh Bangera,18,M,A2,Dakshina Kannada,8,Drug/Narcotic Offences,2,409,1,100
205,115,Nadeem D Murthy,25,M,A3,Dakshina Kannada,8,Drug/Narcotic Offences,2,130,1,100
206,115,Suresh Desai,22,M,A4,Dakshina Kannada,8,Drug/Narcotic Offences,2,44,1,100
207,115,Yusuf Achar,31,M,A5,Dakshina Kannada,8,Drug/Narcotic Offences,2,28,1,100
208,115,Arshad Nair,18,M,A6,Dakshina Kannada,8,Drug/Narcotic Offences,2,16,1,100
209,116,Irfan Siddiqui,18,M,A1,Bengaluru Urban,1,Crimes Against Body,1,856,1,100
210,116,Dinesh Nadaf,29,M,A2,Bengaluru Urban,1,Crimes Against Body,1,409,1,100
211,116,Ningappa Hubli,46,M,A3,Bengaluru Urban,1,Crimes Against Body,1,130,1,100
212,117,Anitha Kamath,24,F,A1,Bengaluru Urban,2,Crimes Against Property,1,856,1,100
213,117,Prasad Kamath,32,M,A2,Bengaluru Urban,2,Crimes Against Property,1,409,1,100
214,117,Deepak Maniyar,32,M,A3,Bengaluru Urban,2,Crimes Against Property,1,130,1,100
215,118,Umesh Reddy,30,M,A1,Bengaluru Urban,7,Cyber Crimes,2,856,1,100
216,119,Chandrashekar Nadaf,33,M,A1,Bengaluru Urban,10,Crimes Against Public Order,1,856,1,100
217,120,Amina Shetty,18,F,A1,Bengaluru Urban,2,Crimes Against Property,2,856,1,100
218,120,Shivakumar Desai,31,M,A2,Bengaluru Urban,2,Crimes Against Property,2,409,1,100
219,120,Irfan Baig,30,M,A3,Bengaluru Urban,2,Crimes Against Property,2,130,1,100
220,120,Santhosh Sayyad,30,M,A4,Bengaluru Urban,2,Crimes Against Property,2,44,1,100
221,120,Mahesh Kotian,34,M,A5,Bengaluru Urban,2,Crimes Against Property,2,28,1,100
222,121,Ashok Suvarna,24,M,A1,Bengaluru Urban,1,Crimes Against Body,2,856,1,100
223,121,Hanumantha Qureshi,36,M,A2,Bengaluru Urban,1,Crimes Against Body,2,409,1,100
224,121,Manju V Khan,18,M,A3,Bengaluru Urban,1,Crimes Against Body,2,130,1,100
225,122,Manjunath Bellary,23,M,A1,Bengaluru Urban,1,Crimes Against Body,2,856,1,100
226,122,Divya Inamdar,38,F,A2,Bengaluru Urban,1,Crimes Against Body,2,409,1,100
227,123,Shabbir P Nair,28,M,A1,Haveri,7,Cyber Crimes,1,856,1,100
228,124,Prasad A Char,39,M,A1,Uttara Kannada,8,Drug/Narcotic Offences,2,856,1,100
229,124,Shivu Kamath,32,M,A2,Uttara Kannada,8,Drug/Narcotic Offences,2,409,1,100
230,124,Vinay Ahmed,21,M,A3,Uttara Kannada,8,Drug/Narcotic Offences,2,130,1,100
231,125,Rashid Menon,37,M,A1,Mysuru,11,Traffic Related Offences,2,856,1,100
232,126,Harish Bhat,26,M,A1,Bengaluru Urban,10,Crimes Against Public Order,2,856,1,100
233,127,Hussain Naidu,34,M,A1,Chikkamagaluru,6,Economic Offences,2,856,1,100
234,128,Prasad Bangera,29,M,A1,Bengaluru Urban,10,Crimes Against Public Order,2,856,1,100
235,129,Anil Ali,40,M,A1,Chitradurga,1,Crimes Against Body,1,856,1,100
236,130,Manjunath Rao,20,M,A1,Mysuru,1,Crimes Against Body,1,856,1,100
237,130,Madhu Qureshi,33,M,A2,Mysuru,1,Crimes Against Body,1,409,1,100
238,130,Kempe Char,29,M,A3,Mysuru,1,Crimes Against Body,1,130,1,100
239,130,Vijaykumar Achar,31,M,A4,Mysuru,1,Crimes Against Body,1,44,1,100
240,130,Mallesh S Nair,33,M,A5,Mysuru,1,Crimes Against Body,1,28,1,100
241,131,Mohammed Hubli,38,M,A1,Mysuru,3,Crimes Against Women,2,856,1,100
242,132,Murali Naidu,29,M,A1,Uttara Kannada,1,Crimes Against Body,2,856,1,100
243,133,Arun alias Arni,39,M,A1,Dakshina Kannada,2,Crimes Against Property,1,856,1,100
244,133,Raghavendra Hosur,20,M,A2,Dakshina Kannada,2,Crimes Against Property,1,409,1,100
245,134,Faiz Hiremath,34,M,A1,Bengaluru Urban,12,Environmental Offences,2,856,1,100
246,134,Rizwan Ali,32,M,A2,Bengaluru Urban,12,Environmental Offences,2,409,1,100
247,135,Irfan Gowda,39,M,A1,Bengaluru Urban,3,Crimes Against Women,2,856,1,100
248,135,Aslam Khan,33,M,A2,Bengaluru Urban,3,Crimes Against Women,2,409,1,100
249,135,Lata Swamy,21,F,A3,Bengaluru Urban,3,Crimes Against Women,2,130,1,100
250,136,Rajesh Achar,29,M,A1,Bengaluru Urban,3,Crimes Against Women,2,856,1,100
251,137,Venkatesh Hosur,33,M,A1,Ballari (Bellary),1,Crimes Against Body,2,856,1,100
252,138,Santhosh Hiremath,24,M,A1,Bengaluru Urban,1,Crimes Against Body,1,856,1,100
253,138,Mahadeva Maniyar,24,M,A2,Bengaluru Urban,1,Crimes Against Body,1,409,1,100
254,139,Vishwanath Reddy,23,M,A1,Bengaluru Rural,6,Economic Offences,2,856,1,100
255,139,Abdul Kini,28,M,A2,Bengaluru Rural,6,Economic Offences,2,409,1,100
256,139,Kiran Nadaf,39,M,A3,Bengaluru Rural,6,Economic Offences,2,130,1,100
257,140,Manjunath Pai,20,M,A1,Vijayapura,3,Crimes Against Women,2,856,1,100
258,141,Iqbal Char,36,M,A1,Bengaluru Rural,7,Cyber Crimes,2,856,1,100
259,141,Shivu Swamy,28,M,A2,Bengaluru Rural,7,Cyber Crimes,2,409,1,100
260,142,Basheer Nadaf,36,M,A1,Mandya,2,Crimes Against Property,2,856,1,100
261,143,Rakesh Hosur,18,M,A1,Gadag,1,Crimes Against Body,1,856,1,100
262,143,Kempe Hiremath,28,M,A2,Gadag,1,Crimes Against Body,1,409,1,100
263,144,Vinay Inamdar,22,M,A1,Bengaluru Urban,1,Crimes Against Body,2,856,1,100
264,145,Kumar Patil,35,M,A1,Dakshina Kannada,11,Traffic Related Offences,2,856,1,100
265,145,Mallesh Bellary,32,M,A2,Dakshina Kannada,11,Traffic Related Offences,2,409,1,100
266,146,Shabbir Inamdar,27,M,A1,Tumakuru,8,Drug/Narcotic Offences,3,856,1,100
267,146,Rajesh R Menon,18,M,A2,Tumakuru,8,Drug/Narcotic Offences,3,409,1,100
268,147,Dinesh Kulkarni,29,M,A1,Bengaluru Urban,2,Crimes Against Property,2,856,1,100
269,147,Vishwanath Suvarna,26,M,A2,Bengaluru Urban,2,Crimes Against Property,2,409,1,100
270,148,Mohan Baig,37,M,A1,Chitradurga,2,Crimes Against Property,2,856,1,100
271,149,Mohammed Shenoy,24,M,A1,Davanagere,6,Economic Offences,1,856,1,100
272,150,Rakesh alias Rocky,30,M,A1,Belagavi (Belgaum),1,Crimes Against Body,2,856,1,100
273,150,Arshad Reddy,18,M,A2,Belagavi (Belgaum),1,Crimes Against Body,2,409,1,100
274,151,Basavaraj alias Basya,28,M,A1,Bengaluru Urban,3,Crimes Against Women,2,856,1,100
275,151,Chandrashekar J Shetty,39,M,A2,Bengaluru Urban,3,Crimes Against Women,2,409,1,100
276,152,Iqbal Bhat,33,M,A1,Mysuru,11,Traffic Related Offences,2,856,1,100
277,153,Satish Kamath,20,M,A1,Mysuru,2,Crimes Against Property,2,856,1,100
278,153,Faiz Murthy,21,M,A2,Mysuru,2,Crimes Against Property,2,409,1,100
279,153,Satish Hubli,33,M,A3,Mysuru,2,Crimes Against Property,2,130,1,100
280,154,Iqbal Inamdar,25,M,A1,Bengaluru Urban,1,Crimes Against Body,1,856,1,100
281,155,Ningappa Prabhu,40,M,A1,Mysuru,7,Cyber Crimes,2,856,1,100
282,156,Akbar Patil,34,M,A1,Bengaluru Urban,3,Crimes Against Women,2,856,1,100
283,157,Lokesh Hiremath,26,M,A1,Tumakuru,3,Crimes Against Women,2,856,1,100
284,158,Kiran alias Kiri,21,M,A1,Tumakuru,7,Cyber Crimes,2,856,1,100
285,158,Rakesh Hiremath,32,M,A2,Tumakuru,7,Cyber Crimes,2,409,1,100
286,159,Irfan Poojary,36,M,A1,Bagalkote,11,Traffic Related Offences,3,856,1,100
287,160,Raju alias Bullet Raju,39,M,A1,Mysuru,2,Crimes Against Property,2,856,1,100
288,160,Mohammed Qureshi,31,M,A2,Mysuru,2,Crimes Against Property,2,409,1,100
289,161,Suresh Gowda,18,M,A1,Mandya,7,Cyber Crimes,2,856,1,100
290,162,Gopal Joshi,32,M,A1,Belagavi (Belgaum),4,Crimes Against Children,2,856,1,100
291,163,Faiz Kotian,34,M,A1,Kodagu,7,Cyber Crimes,1,856,1,100
292,164,Irfan Inamdar,34,M,A1,Chamarajanagara,2,Crimes Against Property,1,856,1,100
293,164,Aslam T Khan,22,M,A2,Chamarajanagara,2,Crimes Against Property,1,409,1,100
294,165,Manja alias Ganja Manja,33,M,A1,Bengaluru Urban,8,Drug/Narcotic Offences,2,856,1,100
295,165,Jameel Reddy,23,M,A2,Bengaluru Urban,8,Drug/Narcotic Offences,2,409,1,100
296,166,Faisal alias Fizz,34,M,A1,Bengaluru Urban,8,Drug/Narcotic Offences,2,856,1,100
297,166,Deepak Prabhu,36,M,A2,Bengaluru Urban,8,Drug/Narcotic Offences,2,409,1,100
298,167,Mallesh Mulla,28,M,A1,Yadgir,2,Crimes Against Property,2,856,1,100
299,168,Gururaj Maniyar,27,M,A1,Ballari (Bellary),2,Crimes Against Property,2,856,1,100
300,168,Ratna Inamdar,30,F,A2,Ballari (Bellary),2,Crimes Against Property,2,409,1,100
301,168,Roopa Kulkarni,28,F,A3,Ballari (Bellary),2,Crimes Against Property,2,130,1,100
302,168,Harish Sheikh,25,M,A4,Ballari (Bellary),2,Crimes Against Property,2,44,1,100
303,168,Suresh D Murthy,24,M,A5,Ballari (Bellary),2,Crimes Against Property,2,28,1,100
304,168,Rehana Baig,28,F,A6,Ballari (Bellary),2,Crimes Against Property,2,16,1,100
305,168,Ismail Kulkarni,19,M,A7,Ballari (Bellary),2,Crimes Against Property,2,11,1,100
306,168,Bhagya Kotian,36,F,A8,Ballari (Bellary),2,Crimes Against Property,2,6,1,100
307,169,Revathi Char,27,F,A1,Bengaluru Urban,7,Cyber Crimes,2,856,1,100
308,169,Nagaraj A Nayak,20,M,A2,Bengaluru Urban,7,Cyber Crimes,2,409,1,100
309,169,Ravi Nadaf,29,M,A3,Bengaluru Urban,7,Cyber Crimes,2,130,1,100
310,170,Chandru Nair,29,M,A1,Bengaluru Urban,8,Drug/Narcotic Offences,2,856,1,100
311,170,Faisal Qureshi,30,M,A2,Bengaluru Urban,8,Drug/Narcotic Offences,2,409,1,100
312,171,Basheer Mulla,29,M,A1,Bengaluru Urban,11,Traffic Related Offences,3,856,1,100
313,171,Rajesh Bellary,28,M,A2,Bengaluru Urban,11,Traffic Related Offences,3,409,1,100
314,172,Murali Hegde,29,M,A1,Uttara Kannada,4,Crimes Against Children,2,856,1,100
315,173,Nadeem Bellary,33,M,A1,Chikkamagaluru,6,Economic Offences,1,856,1,100
316,174,Shabana Joshi,26,F,A1,Davanagere,2,Crimes Against Property,2,856,1,100
317,174,Manjunath Prabhu,35,M,A2,Davanagere,2,Crimes Against Property,2,409,1,100
318,174,Nadeem Ansari,32,M,A3,Davanagere,2,Crimes Against Property,2,130,1,100
319,174,Aslam Kamath,26,M,A4,Davanagere,2,Crimes Against Property,2,44,1,100
320,175,Mahesh Shetty,35,M,A1,Bidar,10,Crimes Against Public Order,1,856,1,100
321,175,Mahadev Bangera,26,M,A2,Bidar,10,Crimes Against Public Order,1,409,1,100
322,175,Ramesh Poojary,18,M,A3,Bidar,10,Crimes Against Public Order,1,130,1,100
323,176,Aslam Salian,27,M,A1,Raichur,2,Crimes Against Property,2,856,1,100
324,176,Prakash Kini,34,M,A2,Raichur,2,Crimes Against Property,2,409,1,100
325,176,Murali Nair,26,M,A3,Raichur,2,Crimes Against Property,2,130,1,100
326,177,Prakash Gowda,22,M,A1,Bengaluru Urban,3,Crimes Against Women,2,856,1,100
327,177,Gururaj Sayyad,24,M,A2,Bengaluru Urban,3,Crimes Against Women,2,409,1,100
328,178,Harish Bellary,32,M,A1,Davanagere,15,Other IPC Crimes,2,856,1,100
329,179,Pradeep Siddiqui,23,M,A1,Mysuru,2,Crimes Against Property,1,856,1,100
330,180,Aslam Hosur,30,M,A1,Haveri,11,Traffic Related Offences,2,856,1,100
331,181,Venkatesh Poojary,21,M,A1,Mysuru,6,Economic Offences,1,856,1,100
332,182,Mohan P Nair,30,M,A1,Bengaluru Urban,7,Cyber Crimes,1,856,1,100
333,183,Irfan Maniyar,28,M,A1,Mysuru,3,Crimes Against Women,1,856,1,100
334,184,Yusuf Bangera,32,M,A1,Dakshina Kannada,3,Crimes Against Women,1,856,1,100
335,185,Saleem Desai,20,M,A1,Belagavi (Belgaum),1,Crimes Against Body,2,856,1,100
336,185,Basheer Baig,21,M,A2,Belagavi (Belgaum),1,Crimes Against Body,2,409,1,100
337,185,Saleem Mulla,26,M,A3,Belagavi (Belgaum),1,Crimes Against Body,2,130,1,100
338,185,Syed Siddiqui,26,M,A4,Belagavi (Belgaum),1,Crimes Against Body,2,44,1,100
339,185,Kempe Achar,40,M,A5,Belagavi (Belgaum),1,Crimes Against Body,2,28,1,100
340,186,Prakash Patel,31,M,A1,Haveri,9,Arms Act Offences,2,856,1,100
341,186,Naveen Swamy,21,M,A2,Haveri,9,Arms Act Offences,2,409,1,100
342,187,Gururaj Swamy,35,M,A1,Tumakuru,2,Crimes Against Property,1,856,1,100
343,187,Mahadev Ali,23,M,A2,Tumakuru,2,Crimes Against Property,1,409,1,100
344,188,Basheer Achar,18,M,A1,Bengaluru Urban,6,Economic Offences,2,856,1,100
345,189,Ramesh Patel,28,M,A1,Bengaluru Urban,7,Cyber Crimes,2,856,1,100
346,190,Deepak Patil,31,M,A1,Bengaluru Urban,2,Crimes Against Property,2,856,1,100
347,191,Vijaykumar Pai,24,M,A1,Bengaluru Urban,8,Drug/Narcotic Offences,2,856,1,100
348,191,Puttaswamy Sayyad,34,M,A2,Bengaluru Urban,8,Drug/Narcotic Offences,2,409,1,100
349,191,Murali Qureshi,28,M,A3,Bengaluru Urban,8,Drug/Narcotic Offences,2,130,1,100
350,192,Prakash Rao,21,M,A1,Mandya,3,Crimes Against Women,2,856,1,100
351,192,Mahadeva Hosur,31,M,A2,Mandya,3,Crimes Against Women,2,409,1,100
352,193,Aslam Bangera,20,M,A1,Kalaburagi (Gulbarga),15,Other IPC Crimes,2,856,1,100
353,194,Geetha Qureshi,25,F,A1,Bengaluru Urban,3,Crimes Against Women,3,856,1,100
354,195,Manjula Kotian,30,F,A1,Mysuru,6,Economic Offences,2,856,1,100
355,195,Prasad Maniyar,18,M,A2,Mysuru,6,Economic Offences,2,409,1,100
356,195,Srinivas Swamy,32,M,A3,Mysuru,6,Economic Offences,2,130,1,100
357,196,Jagadish Suvarna,19,M,A1,Dharwad,5,Crimes Against SCs/STs,2,856,1,100
358,197,Nagaraj Kamath,25,M,A1,Chikkamagaluru,2,Crimes Against Property,2,856,1,100
359,197,Rashid Murthy,28,M,A2,Chikkamagaluru,2,Crimes Against Property,2,409,1,100
360,198,Rakesh Suvarna,28,M,A1,Vijayapura,6,Economic Offences,2,856,1,100
361,198,Manjunath Patil,28,M,A2,Vijayapura,6,Economic Offences,2,409,1,100
362,199,Harish Sayyad,27,M,A1,Raichur,10,Crimes Against Public Order,1,856,1,100
363,199,Mahadev Char,18,M,A2,Raichur,10,Crimes Against Public Order,1,409,1,100
364,200,Deepak Hosur,37,M,A1,Mysuru,6,Economic Offences,2,856,1,100
365,200,Shankar Baig,25,M,A2,Mysuru,6,Economic Offences,2,409,1,100
366,200,Nagendra Gowda,29,M,A3,Mysuru,6,Economic Offences,2,130,1,100
367,201,Rizwan Achar,19,M,A1,Bengaluru Urban,11,Traffic Related Offences,2,856,1,100
368,202,Prasad Sayyad,29,M,A1,Mysuru,2,Crimes Against Property,2,856,1,100
369,203,Prakash Salian,46,M,A1,Tumakuru,2,Crimes Against Property,1,856,1,100
370,203,Ratna Poojary,40,F,A2,Tumakuru,2,Crimes Against Property,1,409,1,100
371,204,Basheer Ansari,39,M,A1,Bengaluru Urban,6,Economic Offences,2,856,1,100
372,205,Shivakumar Hegde,33,M,A1,Koppal,2,Crimes Against Property,2,856,1,100
373,205,Raghavendra Pai,28,M,A2,Koppal,2,Crimes Against Property,2,409,1,100
374,205,Suresh Shaikh,29,M,A3,Koppal,2,Crimes Against Property,2,130,1,100
375,205,Nagaraj Inamdar,30,M,A4,Koppal,2,Crimes Against Property,2,44,1,100
376,205,Ningappa Reddy,31,M,A5,Koppal,2,Crimes Against Property,2,28,1,100
377,205,Chandru Patil,30,M,A6,Koppal,2,Crimes Against Property,2,16,1,100
378,206,Aslam A Kamath,30,M,A1,Haveri,9,Arms Act Offences,2,856,1,100
379,206,Gururaj Kotian,18,M,A2,Haveri,9,Arms Act Offences,2,409,1,100
380,207,Shivu Baig,30,M,A1,Chitradurga,3,Crimes Against Women,3,856,1,100
381,207,Mahadeva Patel,27,M,A2,Chitradurga,3,Crimes Against Women,3,409,1,100
382,208,Naveen alias Natti Naveen,33,M,A1,Bengaluru Urban,6,Economic Offences,2,856,1,100
383,208,Santhosh Sheikh,24,M,A2,Bengaluru Urban,6,Economic Offences,2,409,1,100
384,209,Kiran Swamy,31,M,A1,Uttara Kannada,8,Drug/Narcotic Offences,2,856,1,100
385,209,Nagendra Prabhu,41,M,A2,Uttara Kannada,8,Drug/Narcotic Offences,2,409,1,100
386,209,Yusuf Maniyar,19,M,A3,Uttara Kannada,8,Drug/Narcotic Offences,2,130,1,100
387,210,Mahadeva Prabhu,34,M,A1,Bidar,2,Crimes Against Property,2,856,1,100
388,211,Girish Maniyar,25,M,A1,Mysuru,8,Drug/Narcotic Offences,2,856,1,100
389,211,Siddappa Hiremath,36,M,A2,Mysuru,8,Drug/Narcotic Offences,2,409,1,100
390,212,Shabbir Bangera,35,M,A1,Tumakuru,11,Traffic Related Offences,2,856,1,100
391,213,Umesh Patil,38,M,A1,Belagavi (Belgaum),7,Cyber Crimes,2,856,1,100
392,214,Rakesh Menon,23,M,A1,Raichur,1,Crimes Against Body,2,856,1,100
393,215,Naveen Kini,45,M,A1,Chikkamagaluru,1,Crimes Against Body,2,856,1,100
394,216,Pradeep Hosur,33,M,A1,Bengaluru Urban,2,Crimes Against Property,2,856,1,100
395,217,Jayamma Shetty,35,F,A1,Gadag,4,Crimes Against Children,2,856,1,100
396,217,Harish J Sayyad,20,M,A2,Gadag,4,Crimes Against Children,2,409,1,100
397,218,Arshad Kotian,31,M,A1,Dakshina Kannada,11,Traffic Related Offences,2,856,1,100
398,219,Satish Salian,27,M,A1,Bidar,7,Cyber Crimes,2,856,1,100
399,220,Parveen Ali,32,F,A1,Mysuru,9,Arms Act Offences,3,856,1,100
400,220,Ratna Reddy,24,F,A2,Mysuru,9,Arms Act Offences,3,409,1,100
401,221,Manjunath R Menon,42,M,A1,Bengaluru Urban,6,Economic Offences,2,856,1,100
402,221,Sharada Siddiqui,27,F,A2,Bengaluru Urban,6,Economic Offences,2,409,1,100
403,222,Rajesh Poojary,22,M,A1,Tumakuru,2,Crimes Against Property,2,856,1,100
404,223,Lokesh alias Looti Lokesh,23,M,A1,Dakshina Kannada,2,Crimes Against Property,2,856,1,100
405,223,Chandru alias Chinna,30,M,A2,Dakshina Kannada,2,Crimes Against Property,2,409,1,100
406,223,Noor Gowda,33,F,A3,Dakshina Kannada,2,Crimes Against Property,2,130,1,100
407,224,Arshad Kini,36,M,A1,Bengaluru Urban,10,Crimes Against Public Order,2,856,1,100
408,225,Faisal K Nadaf,28,M,A1,Bengaluru Rural,7,Cyber Crimes,2,856,1,100
409,226,Jameel Rao,30,M,A1,Bengaluru Urban,2,Crimes Against Property,3,856,1,100
410,227,Mahesh Pai,31,M,A1,Bengaluru Urban,1,Crimes Against Body,2,856,1,100
411,227,Murali Rao,30,M,A2,Bengaluru Urban,1,Crimes Against Body,2,409,1,100
412,228,Puttaswamy R Sayyad,27,M,A1,Bengaluru Urban,11,Traffic Related Offences,1,856,1,100
413,228,Manjunath Mulla,25,M,A2,Bengaluru Urban,11,Traffic Related Offences,1,409,1,100
414,229,Yusuf Poojary,29,M,A1,Dharwad,1,Crimes Against Body,2,856,1,100
415,229,Keshav Hosur,30,M,A2,Dharwad,1,Crimes Against Body,2,409,1,100
416,230,Nagesh alias Naaga,34,M,A1,Dakshina Kannada,12,Environmental Offences,1,856,1,100
417,230,Ramesh Hegde,32,M,A2,Dakshina Kannada,12,Environmental Offences,1,409,1,100
418,231,Umesh Menon,31,M,A1,Belagavi (Belgaum),2,Crimes Against Property,2,856,1,100
419,231,Darshan Reddy,32,M,A2,Belagavi (Belgaum),2,Crimes Against Property,2,409,1,100
420,232,Thimmappa B Nadaf,18,M,A1,Tumakuru,2,Crimes Against Property,1,856,1,100
421,233,Umesh Y Shenoy,32,M,A1,Shivamogga,3,Crimes Against Women,3,856,1,100
422,234,Aslam Hiremath,31,M,A1,Davanagere,6,Economic Offences,2,856,1,100
423,234,Ningappa Bellary,33,M,A2,Davanagere,6,Economic Offences,2,409,1,100
424,235,Imran Rao,25,M,A1,Uttara Kannada,7,Cyber Crimes,2,856,1,100
425,236,Chandru Qureshi,25,M,A1,Belagavi (Belgaum),8,Drug/Narcotic Offences,2,856,1,100
426,237,Darshan Sayyad,18,M,A1,Mysuru,2,Crimes Against Property,2,856,1,100
427,238,Satish Shaikh,24,M,A1,Mandya,3,Crimes Against Women,2,856,1,100
428,239,Ravi Reddy,20,M,A1,Belagavi (Belgaum),7,Cyber Crimes,1,856,1,100
429,240,Mohammed Sharif,38,M,A1,Bengaluru Urban,2,Crimes Against Property,2,856,1,100
430,240,Yusuf Kulkarni,18,M,A2,Bengaluru Urban,2,Crimes Against Property,2,409,1,100
431,241,Manoj Patil,30,M,A1,Mysuru,2,Crimes Against Property,2,856,1,100
432,241,Mumtaz Maniyar,39,F,A2,Mysuru,2,Crimes Against Property,2,409,1,100
433,242,Ramesh Hosur,25,M,A1,Mysuru,11,Traffic Related Offences,3,856,1,100
434,242,Siddappa Kulkarni,21,M,A2,Mysuru,11,Traffic Related Offences,3,409,1,100
435,242,Yogesh Patil,18,M,A3,Mysuru,11,Traffic Related Offences,3,130,1,100
436,242,Manju Ali,28,M,A4,Mysuru,11,Traffic Related Offences,3,44,1,100
437,242,Vinay Siddiqui,32,M,A5,Mysuru,11,Traffic Related Offences,3,28,1,100
438,242,Raghavendra Ahmed,31,M,A6,Mysuru,11,Traffic Related Offences,3,16,1,100
439,242,Jagadish Mulla,29,M,A7,Mysuru,11,Traffic Related Offences,3,11,1,100
440,242,Mahadeva Shetty,24,M,A8,Mysuru,11,Traffic Related Offences,3,6,1,100
441,243,Manoj Patil,32,M,A1,Bagalkote,2,Crimes Against Property,1,856,1,100
442,243,Syed Patel,31,M,A2,Bagalkote,2,Crimes Against Property,1,409,1,100
443,244,Lakshmi Ansari,29,F,A1,Bengaluru Urban,8,Drug/Narcotic Offences,2,856,1,100
444,245,Nadeem Reddy,18,M,A1,Gadag,6,Economic Offences,2,856,1,100
445,246,Murali Sayyad,22,M,A1,Gadag,6,Economic Offences,1,856,1,100
446,247,Naveen Prabhu,28,M,A1,Bengaluru Rural,3,Crimes Against Women,2,856,1,100
447,247,Anil Sayyad,40,M,A2,Bengaluru Rural,3,Crimes Against Women,2,409,1,100
448,248,Yogesh Hubli,29,M,A1,Udupi,1,Crimes Against Body,1,856,1,100
449,248,Jagadish Desai,33,M,A2,Udupi,1,Crimes Against Body,1,409,1,100
450,248,Shankar Kini,23,M,A3,Udupi,1,Crimes Against Body,1,130,1,100
451,249,Girish Char,33,M,A1,Chikkaballapura,6,Economic Offences,1,856,1,100
452,250,Girish Salian,30,M,A1,Bengaluru Urban,3,Crimes Against Women,2,856,1,100
453,251,Anil Bangera,26,M,A1,Mysuru,1,Crimes Against Body,2,856,1,100
454,252,Umesh Sheikh,35,M,A1,Dharwad,5,Crimes Against SCs/STs,2,856,1,100
455,253,Umesh Shaikh,33,M,A1,Tumakuru,8,Drug/Narcotic Offences,2,856,1,100
456,254,Roshan Desai,27,F,A1,Kalaburagi (Gulbarga),2,Crimes Against Property,2,856,1,100
457,255,Yusuf Khan,39,M,A1,Udupi,2,Crimes Against Property,1,856,1,100
458,255,Mahesh Patil,25,M,A2,Udupi,2,Crimes Against Property,1,409,1,100
459,256,Mohammed Sharif,38,M,A1,Koppal,2,Crimes Against Property,2,856,1,100
460,256,Thimmappa Mulla,30,M,A2,Koppal,2,Crimes Against Property,2,409,1,100
461,257,Chandrashekar Gowda,20,M,A1,Mysuru,14,Sexual Offences,2,856,1,100
462,257,Santhosh Kotian,37,M,A2,Mysuru,14,Sexual Offences,2,409,1,100
463,258,Venkatesh Murthy,26,M,A1,Mysuru,3,Crimes Against Women,1,856,1,100
464,258,Ningappa Desai,33,M,A2,Mysuru,3,Crimes Against Women,1,409,1,100
465,259,Shabbir Gowda,33,M,A1,Bengaluru Urban,1,Crimes Against Body,1,856,1,100
466,259,Mahadev Kini,21,M,A2,Bengaluru Urban,1,Crimes Against Body,1,409,1,100
467,260,Ismail Baig,18,M,A1,Belagavi (Belgaum),7,Cyber Crimes,2,856,1,100
468,261,Ismail Achar,23,M,A1,Bengaluru Urban,3,Crimes Against Women,1,856,1,100
469,261,Aslam V Inamdar,27,M,A2,Bengaluru Urban,3,Crimes Against Women,1,409,1,100
470,261,Satish Joshi,26,M,A3,Bengaluru Urban,3,Crimes Against Women,1,130,1,100
471,261,Raghavendra Gowda,35,M,A4,Bengaluru Urban,3,Crimes Against Women,1,44,1,100
472,262,Rizwan C Achar,32,M,A1,Mysuru,8,Drug/Narcotic Offences,2,856,1,100
473,263,Harish alias Rowdy Harish,31,M,A1,Udupi,1,Crimes Against Body,2,856,1,100
474,263,Chandru Naidu,33,M,A2,Udupi,1,Crimes Against Body,2,409,1,100
475,264,Ganesh Hegde,38,M,A1,Kalaburagi (Gulbarga),2,Crimes Against Property,3,856,1,100
476,265,Shankar Desai,39,M,A1,Udupi,1,Crimes Against Body,2,856,1,100
477,265,Byre Nadaf,25,M,A2,Udupi,1,Crimes Against Body,2,409,1,100
478,266,Bharathi Ansari,27,F,A1,Bengaluru Urban,15,Other IPC Crimes,2,856,1,100
479,266,Darshan D Khan,28,M,A2,Bengaluru Urban,15,Other IPC Crimes,2,409,1,100
480,267,Syed Maniyar,25,M,A1,Gadag,3,Crimes Against Women,1,856,1,100
481,268,Suresh Nayak,27,M,A1,Ramanagara,8,Drug/Narcotic Offences,2,856,1,100
482,268,Girish Ahmed,31,M,A2,Ramanagara,8,Drug/Narcotic Offences,2,409,1,100
483,269,Aslam V Kamath,26,M,A1,Bagalkote,6,Economic Offences,3,856,1,100
484,269,Mohammed Char,28,M,A2,Bagalkote,6,Economic Offences,3,409,1,100
485,270,Nagaraj Sayyad,35,M,A1,Bengaluru Urban,13,Crimes Related to Documents/Property,2,856,1,100
486,271,Vinay Joshi,33,M,A1,Raichur,7,Cyber Crimes,2,856,1,100
487,272,Girish Patil,29,M,A1,Ramanagara,1,Crimes Against Body,2,856,1,100
488,272,Ashok Qureshi,18,M,A2,Ramanagara,1,Crimes Against Body,2,409,1,100
489,272,Saraswathi Kotian,20,F,A3,Ramanagara,1,Crimes Against Body,2,130,1,100
490,273,Shivu Reddy,28,M,A1,Yadgir,11,Traffic Related Offences,2,856,1,100
491,274,Abdul Char,32,M,A1,Dakshina Kannada,6,Economic Offences,3,856,1,100
492,274,Raghavendra Baig,28,M,A2,Dakshina Kannada,6,Economic Offences,3,409,1,100
493,274,Satish Swamy,28,M,A3,Dakshina Kannada,6,Economic Offences,3,130,1,100
494,274,Rangaswamy Reddy,32,M,A4,Dakshina Kannada,6,Economic Offences,3,44,1,100
495,275,Nagendra Ansari,27,M,A1,Bengaluru Urban,4,Crimes Against Children,2,856,1,100
496,276,Anil Inamdar,36,M,A1,Belagavi (Belgaum),7,Cyber Crimes,2,856,1,100
497,277,Rakesh Patel,28,M,A1,Chitradurga,8,Drug/Narcotic Offences,3,856,1,100
498,277,Kumar Nadaf,26,M,A2,Chitradurga,8,Drug/Narcotic Offences,3,409,1,100
499,278,Venkatesh Swamy,35,M,A1,Bengaluru Urban,1,Crimes Against Body,2,856,1,100
500,279,Santosh Reddy,35,M,A1,Bengaluru Urban,3,Crimes Against Women,3,856,1,100
501,280,Muniyappa alias Muni,34,M,A1,Kalaburagi (Gulbarga),3,Crimes Against Women,2,856,1,100
502,280,Anil R Swamy,28,M,A2,Kalaburagi (Gulbarga),3,Crimes Against Women,2,409,1,100
503,281,Srinivas alias Nari Srinivas,24,M,A1,Chamarajanagara,8,Drug/Narcotic Offences,2,856,1,100
504,281,Anil Nadaf,25,M,A2,Chamarajanagara,8,Drug/Narcotic Offences,2,409,1,100
505,282,Nagaraj Swamy,29,M,A1,Shivamogga,6,Economic Offences,2,856,1,100
506,282,Thimmappa Kini,39,M,A2,Shivamogga,6,Economic Offences,2,409,1,100
507,282,Ramesh Mulla,23,M,A3,Shivamogga,6,Economic Offences,2,130,1,100
508,283,Yusuf Khan,37,M,A1,Raichur,2,Crimes Against Property,1,856,1,100
509,283,Pushpa Shenoy,32,F,A2,Raichur,2,Crimes Against Property,1,409,1,100
510,284,Ningappa Pai,18,M,A1,Chitradurga,6,Economic Offences,2,856,1,100
511,285,Dinesh Sheikh,20,M,A1,Belagavi (Belgaum),2,Crimes Against Property,2,856,1,100
512,285,Prakash Mulla,25,M,A2,Belagavi (Belgaum),2,Crimes Against Property,2,409,1,100
513,286,Shankar Qureshi,28,M,A1,Bengaluru Urban,7,Cyber Crimes,1,856,1,100
514,286,Prakash Prabhu,24,M,A2,Bengaluru Urban,7,Cyber Crimes,1,409,1,100
515,287,Hussain Shetty,18,M,A1,Belagavi (Belgaum),8,Drug/Narcotic Offences,2,856,1,100
516,288,Saleem Kulkarni,34,M,A1,Dakshina Kannada,10,Crimes Against Public Order,2,856,1,100
517,289,Hanumantha H Hiremath,38,M,A1,Koppal,13,Crimes Related to Documents/Property,2,856,1,100
518,290,Ravi Siddiqui,28,M,A1,Davanagere,1,Crimes Against Body,3,856,1,100
519,291,Shankar Murthy,18,M,A1,Tumakuru,2,Crimes Against Property,2,856,1,100
520,291,Vijaykumar Devadiga,30,M,A2,Tumakuru,2,Crimes Against Property,2,409,1,100
521,292,Faiz Reddy,24,M,A1,Dakshina Kannada,1,Crimes Against Body,2,856,1,100
522,293,Thimmappa Bangera,23,M,A1,Koppal,5,Crimes Against SCs/STs,2,856,1,100
523,293,Nagaraj Salian,26,M,A2,Koppal,5,Crimes Against SCs/STs,2,409,1,100
524,294,Rashid N Kotian,26,M,A1,Raichur,2,Crimes Against Property,2,856,1,100
525,294,Shivakumar Hubli,31,M,A2,Raichur,2,Crimes Against Property,2,409,1,100
526,295,Manju Ansari,31,M,A1,Bengaluru Urban,14,Sexual Offences,2,856,1,100
527,295,Byre Bangera,18,M,A2,Bengaluru Urban,14,Sexual Offences,2,409,1,100
528,296,Nandini Sayyad,25,F,A1,Bidar,1,Crimes Against Body,1,856,1,100
529,297,Thimmappa Shenoy,20,M,A1,Bengaluru Urban,1,Crimes Against Body,2,856,1,100
530,298,Mahadev Bhat,25,M,A1,Kodagu,2,Crimes Against Property,2,856,1,100
531,298,Vishwanath Salian,23,M,A2,Kodagu,2,Crimes Against Property,2,409,1,100
532,298,Puttaswamy Murthy,31,M,A3,Kodagu,2,Crimes Against Property,2,130,1,100
533,299,Santhosh Shaikh,26,M,A1,Bengaluru Urban,3,Crimes Against Women,1,856,1,100
534,300,Basheer L Nadaf,31,M,A1,Bidar,1,Crimes Against Body,2,856,1,100
535,301,Rangaswamy Rao,23,M,A1,Udupi,5,Crimes Against SCs/STs,2,856,1,100
536,302,Nagaraj Ahmed,34,M,A1,Chikkaballapura,3,Crimes Against Women,1,856,1,100
537,302,Jameel Mulla,21,M,A2,Chikkaballapura,3,Crimes Against Women,1,409,1,100
538,303,Mahadeva Ali,28,M,A1,Vijayapura,13,Crimes Related to Documents/Property,1,856,1,100
539,304,Shivu Sayyad,18,M,A1,Uttara Kannada,2,Crimes Against Property,2,856,1,100
540,304,Prasad Desai,21,M,A2,Uttara Kannada,2,Crimes Against Property,2,409,1,100
541,305,Vinay E Joshi,23,M,A1,Tumakuru,6,Economic Offences,2,856,1,100
542,306,Mahadev Achar,34,M,A1,Yadgir,15,Other IPC Crimes,2,856,1,100
543,307,Shivakumar Poojary,27,M,A1,Bengaluru Urban,6,Economic Offences,2,856,1,100
544,307,Kumar Shetty,29,M,A2,Bengaluru Urban,6,Economic Offences,2,409,1,100
545,307,Naveen Patil,33,M,A3,Bengaluru Urban,6,Economic Offences,2,130,1,100
546,307,Saleem N Suvarna,35,M,A4,Bengaluru Urban,6,Economic Offences,2,44,1,100
547,307,Srinivas Poojary,18,M,A5,Bengaluru Urban,6,Economic Offences,2,28,1,100
548,308,Ismail Mulla,30,M,A1,Bengaluru Urban,6,Economic Offences,2,856,1,100
549,308,Madhu Pai,22,M,A2,Bengaluru Urban,6,Economic Offences,2,409,1,100
550,308,Srinivas Maniyar,26,M,A3,Bengaluru Urban,6,Economic Offences,2,130,1,100
551,309,Iqbal Kini,18,M,A1,Mysuru,3,Crimes Against Women,2,856,1,100
552,309,Prema Patel,25,F,A2,Mysuru,3,Crimes Against Women,2,409,1,100
553,310,Srinivas Bangera,32,M,A1,Chikkamagaluru,1,Crimes Against Body,3,856,1,100
554,310,Ashok Patil,27,M,A2,Chikkamagaluru,1,Crimes Against Body,3,409,1,100
555,311,Nagendra Swamy,18,M,A1,Hassan,3,Crimes Against Women,1,856,1,100
556,311,Irfan A Nadaf,25,M,A2,Hassan,3,Crimes Against Women,1,409,1,100
557,312,Yusuf Hubli,34,M,A1,Bengaluru Urban,3,Crimes Against Women,1,856,1,100
558,313,Pradeep Qureshi,30,M,A1,Ballari (Bellary),8,Drug/Narcotic Offences,2,856,1,100
559,314,Jagadish Patel,25,M,A1,Chamarajanagara,3,Crimes Against Women,1,856,1,100
560,314,Ganesh Joshi,26,M,A2,Chamarajanagara,3,Crimes Against Women,1,409,1,100
561,314,Nagendra H Swamy,35,M,A3,Chamarajanagara,3,Crimes Against Women,1,130,1,100
562,315,Srinivas Achar,25,M,A1,Raichur,7,Cyber Crimes,2,856,1,100
563,316,Yogesh Reddy,18,M,A1,Bengaluru Urban,13,Crimes Related to Documents/Property,2,856,1,100
564,316,Anwar Bhat,38,T,A2,Bengaluru Urban,13,Crimes Related to Documents/Property,2,409,1,100
565,317,Shankar Devadiga,26,M,A1,Belagavi (Belgaum),7,Cyber Crimes,2,856,1,100
566,317,Shivu Kulkarni,27,M,A2,Belagavi (Belgaum),7,Cyber Crimes,2,409,1,100
567,318,Shabbir alias Shabba,27,M,A1,Kolar,6,Economic Offences,3,856,1,100
568,318,Shivakumar V Menon,34,M,A2,Kolar,6,Economic Offences,3,409,1,100
569,319,Kiran alias Kiri,21,M,A1,Mysuru,7,Cyber Crimes,1,856,1,100
570,319,Suresh Mulla,25,M,A2,Mysuru,7,Cyber Crimes,1,409,1,100
571,320,Kiran alias Kiri,22,M,A1,Belagavi (Belgaum),7,Cyber Crimes,2,856,1,100
572,320,Hanumantha Ahmed,22,M,A2,Belagavi (Belgaum),7,Cyber Crimes,2,409,1,100
573,321,Saleem Shenoy,28,M,A1,Mysuru,6,Economic Offences,2,856,1,100
574,322,Suresh alias Chain Suresh,24,M,A1,Kodagu,2,Crimes Against Property,2,856,1,100
575,322,Mahadeva Nayak,21,M,A2,Kodagu,2,Crimes Against Property,2,409,1,100
576,323,Basheer Hosur,28,M,A1,Dakshina Kannada,2,Crimes Against Property,3,856,1,100
577,324,Shamsher alias Bullet,39,M,A1,Bengaluru Urban,9,Arms Act Offences,1,856,1,100
578,324,Santosh Poojary,21,M,A2,Bengaluru Urban,9,Arms Act Offences,1,409,1,100
579,325,Raghavendra Nair,23,M,A1,Bengaluru Urban,2,Crimes Against Property,1,856,1,100
580,326,Faiz Pai,20,M,A1,Bengaluru Urban,2,Crimes Against Property,1,856,1,100
581,326,Imran Reddy,34,M,A2,Bengaluru Urban,2,Crimes Against Property,1,409,1,100
582,327,Mohan Ansari,21,M,A1,Dakshina Kannada,8,Drug/Narcotic Offences,2,856,1,100
583,327,Zubaida Naidu,39,F,A2,Dakshina Kannada,8,Drug/Narcotic Offences,2,409,1,100
584,328,Santhosh Kini,18,M,A1,Mysuru,2,Crimes Against Property,2,856,1,100
585,329,Ningappa R Pai,30,M,A1,Bengaluru Urban,2,Crimes Against Property,2,856,1,100
586,330,Byre L Bangera,24,M,A1,Mysuru,4,Crimes Against Children,2,856,1,100
587,330,Nagendra Reddy,29,M,A2,Mysuru,4,Crimes Against Children,2,409,1,100
588,330,Nagaraj Ali,29,M,A3,Mysuru,4,Crimes Against Children,2,130,1,100
589,330,Irfan Patil,33,M,A4,Mysuru,4,Crimes Against Children,2,44,1,100
590,330,Jagadish Kamath,18,M,A5,Mysuru,4,Crimes Against Children,2,28,1,100
591,330,Hanumantha Murthy,27,M,A6,Mysuru,4,Crimes Against Children,2,16,1,100
592,330,Raghavendra Maniyar,27,M,A7,Mysuru,4,Crimes Against Children,2,11,1,100
593,331,Mohan Nayak,26,M,A1,Bengaluru Urban,4,Crimes Against Children,2,856,1,100
594,331,Hussain Hubli,34,M,A2,Bengaluru Urban,4,Crimes Against Children,2,409,1,100
595,332,Girish Bangera,18,M,A1,Bengaluru Urban,3,Crimes Against Women,2,856,1,100
596,333,Faisal C Nadaf,23,M,A1,Chikkamagaluru,8,Drug/Narcotic Offences,2,856,1,100
597,334,Vijaykumar Bhat,29,M,A1,Ballari (Bellary),6,Economic Offences,1,856,1,100
598,335,Kiran Shenoy,30,M,A1,Vijayanagara,2,Crimes Against Property,2,856,1,100
599,336,Hanumantha Y Qureshi,22,M,A1,Mysuru,4,Crimes Against Children,2,856,1,100
600,336,Faisal Suvarna,28,M,A2,Mysuru,4,Crimes Against Children,2,409,1,100
601,337,Shabbir Shenoy,23,M,A1,Bengaluru Urban,1,Crimes Against Body,2,856,1,100
602,338,Girish Joshi,37,M,A1,Bengaluru Urban,6,Economic Offences,3,856,1,100
603,338,Ningappa W Desai,34,M,A2,Bengaluru Urban,6,Economic Offences,3,409,1,100
604,339,Rizwan Qureshi,37,M,A1,Koppal,7,Cyber Crimes,1,856,1,100
605,339,Mohammed Nadaf,35,M,A2,Koppal,7,Cyber Crimes,1,409,1,100
606,339,Harish Shenoy,29,M,A3,Koppal,7,Cyber Crimes,1,130,1,100
607,340,Faiz Shenoy,30,M,A1,Tumakuru,11,Traffic Related Offences,2,856,1,100
608,340,Priya Bangera,35,F,A2,Tumakuru,11,Traffic Related Offences,2,409,1,100
609,341,Nagaraj Kotian,45,M,A1,Bengaluru Urban,2,Crimes Against Property,2,856,1,100
610,341,Hussain Suvarna,34,M,A2,Bengaluru Urban,2,Crimes Against Property,2,409,1,100
611,342,Shankar Bhat,34,M,A1,Bengaluru Urban,3,Crimes Against Women,2,856,1,100
612,343,Mahesh Gowda,34,M,A1,Bengaluru Urban,7,Cyber Crimes,1,856,1,100
613,344,Nadeem Desai,30,M,A1,Gadag,2,Crimes Against Property,2,856,1,100
614,344,Basheer U Mulla,31,M,A2,Gadag,2,Crimes Against Property,2,409,1,100
615,345,Imran Shaikh,30,M,A1,Raichur,2,Crimes Against Property,2,856,1,100
616,345,Faisal Nair,31,M,A2,Raichur,2,Crimes Against Property,2,409,1,100
617,346,Sunitha Bangera,29,F,A1,Ballari (Bellary),7,Cyber Crimes,2,856,1,100
618,347,Gopal Menon,20,M,A1,Chitradurga,1,Crimes Against Body,3,856,1,100
619,347,Girish Nadaf,32,M,A2,Chitradurga,1,Crimes Against Body,3,409,1,100
620,348,Geetha Char,32,F,A1,Uttara Kannada,15,Other IPC Crimes,2,856,1,100
621,349,Hussain Bellary,19,M,A1,Bengaluru Urban,7,Cyber Crimes,1,856,1,100
622,350,Rangaswamy Shenoy,28,M,A1,Kolar,2,Crimes Against Property,2,856,1,100
623,351,Rangaswamy Sayyad,23,M,A1,Chikkamagaluru,2,Crimes Against Property,2,856,1,100
624,351,Faisal Achar,19,M,A2,Chikkamagaluru,2,Crimes Against Property,2,409,1,100
625,352,Ashok Achar,35,M,A1,Udupi,7,Cyber Crimes,2,856,1,100
626,352,Yusuf Kini,27,M,A2,Udupi,7,Cyber Crimes,2,409,1,100
627,352,Chandrashekar Ali,21,M,A3,Udupi,7,Cyber Crimes,2,130,1,100
628,353,Abdul Joshi,18,M,A1,Ballari (Bellary),11,Traffic Related Offences,2,856,1,100
629,354,Srinivas S Bangera,24,M,A1,Bengaluru Urban,2,Crimes Against Property,1,856,1,100
630,354,Naveen Gowda,22,M,A2,Bengaluru Urban,2,Crimes Against Property,1,409,1,100
631,355,Shivu Nayak,23,M,A1,Tumakuru,1,Crimes Against Body,2,856,1,100
632,355,Gopal Murthy,40,M,A2,Tumakuru,1,Crimes Against Body,2,409,1,100
633,356,Murali Achar,26,M,A1,Mysuru,2,Crimes Against Property,2,856,1,100
634,356,Shivakumar Kotian,25,M,A2,Mysuru,2,Crimes Against Property,2,409,1,100
635,356,Mohammed Shaikh,26,M,A3,Mysuru,2,Crimes Against Property,2,130,1,100
636,357,Ravi Kamath,24,M,A1,Vijayanagara,1,Crimes Against Body,2,856,1,100
637,358,Keshav Hiremath,29,M,A1,Bengaluru Urban,1,Crimes Against Body,2,856,1,100
638,358,Raghavendra Ali,27,M,A2,Bengaluru Urban,1,Crimes Against Body,2,409,1,100
639,358,Srinivas Patil,24,M,A3,Bengaluru Urban,1,Crimes Against Body,2,130,1,100
640,359,Vinay Kini,34,M,A1,Dakshina Kannada,7,Cyber Crimes,2,856,1,100
641,360,Gururaj Patel,44,M,A1,Mysuru,8,Drug/Narcotic Offences,2,856,1,100
642,361,Aslam Kulkarni,30,M,A1,Bengaluru Urban,7,Cyber Crimes,2,856,1,100
643,362,Umesh S Reddy,21,M,A1,Belagavi (Belgaum),6,Economic Offences,2,856,1,100
644,362,Deepak J Naidu,31,M,A2,Belagavi (Belgaum),6,Economic Offences,2,409,1,100
645,362,Prakash Siddiqui,38,M,A3,Belagavi (Belgaum),6,Economic Offences,2,130,1,100
646,363,Imran E Rao,27,M,A1,Mandya,2,Crimes Against Property,2,856,1,100
647,363,Kumar Patel,33,M,A2,Mandya,2,Crimes Against Property,2,409,1,100
648,364,Byre Siddiqui,31,M,A1,Uttara Kannada,2,Crimes Against Property,2,856,1,100
649,364,Pradeep Shetty,19,M,A2,Uttara Kannada,2,Crimes Against Property,2,409,1,100
650,365,Rizwan Prabhu,27,M,A1,Koppal,3,Crimes Against Women,1,856,1,100
651,366,Abdul Desai,32,M,A1,Bengaluru Urban,3,Crimes Against Women,2,856,1,100
652,366,Hussain Achar,35,M,A2,Bengaluru Urban,3,Crimes Against Women,2,409,1,100
653,366,Hanumantha Pai,23,M,A3,Bengaluru Urban,3,Crimes Against Women,2,130,1,100
654,366,Amina Patel,21,F,A4,Bengaluru Urban,3,Crimes Against Women,2,44,1,100
655,367,Imran Ahmed alias Immi,39,M,A1,Bengaluru Urban,2,Crimes Against Property,3,856,1,100
656,367,Ratna Devadiga,21,F,A2,Bengaluru Urban,2,Crimes Against Property,3,409,1,100
657,368,Iqbal Kulkarni,27,M,A1,Kolar,11,Traffic Related Offences,2,856,1,100
658,368,Amina Nadaf,23,F,A2,Kolar,11,Traffic Related Offences,2,409,1,100
659,368,Ganesh Qureshi,18,M,A3,Kolar,11,Traffic Related Offences,2,130,1,100
660,368,Mohan Naidu,29,M,A4,Kolar,11,Traffic Related Offences,2,44,1,100
661,369,Zubaida Maniyar,23,F,A1,Belagavi (Belgaum),7,Cyber Crimes,1,856,1,100
662,369,Vijaykumar Murthy,26,M,A2,Belagavi (Belgaum),7,Cyber Crimes,1,409,1,100
663,370,Vijaykumar Sheikh,25,M,A1,Bengaluru Rural,10,Crimes Against Public Order,2,856,1,100
664,370,Syed Salian,35,M,A2,Bengaluru Rural,10,Crimes Against Public Order,2,409,1,100
665,371,Yogesh Patel,19,M,A1,Gadag,8,Drug/Narcotic Offences,1,856,1,100
666,372,Raju alias Bullet Raju,40,M,A1,Haveri,2,Crimes Against Property,2,856,1,100
667,372,Ramesh Sayyad,30,M,A2,Haveri,2,Crimes Against Property,2,409,1,100
668,373,Deepak Devadiga,23,M,A1,Mysuru,4,Crimes Against Children,1,856,1,100
669,373,Ratna Shaikh,23,F,A2,Mysuru,4,Crimes Against Children,1,409,1,100
670,374,Imran K Bangera,30,M,A1,Bengaluru Urban,2,Crimes Against Property,3,856,1,100
671,374,Gururaj Devadiga,18,M,A2,Bengaluru Urban,2,Crimes Against Property,3,409,1,100
672,375,Murali Shenoy,20,M,A1,Koppal,15,Other IPC Crimes,2,856,1,100
673,376,Madhu Shetty,34,M,A1,Bengaluru Urban,8,Drug/Narcotic Offences,2,856,1,100
674,377,Chandrashekar Shenoy,28,M,A1,Uttara Kannada,9,Arms Act Offences,2,856,1,100
675,377,Aslam N Inamdar,29,M,A2,Uttara Kannada,9,Arms Act Offences,2,409,1,100
676,378,Prema Nair,33,F,A1,Udupi,6,Economic Offences,2,856,1,100
677,379,Ganesh Ali,35,M,A1,Dakshina Kannada,1,Crimes Against Body,2,856,1,100
678,380,Darshan Swamy,27,M,A1,Ramanagara,7,Cyber Crimes,2,856,1,100
679,380,Manjunath Nadaf,24,M,A2,Ramanagara,7,Cyber Crimes,2,409,1,100
680,380,Chandru Maniyar,32,M,A3,Ramanagara,7,Cyber Crimes,2,130,1,100
681,381,Saleem Char,26,M,A1,Bengaluru Urban,8,Drug/Narcotic Offences,2,856,1,100
682,381,Santosh Nair,31,M,A2,Bengaluru Urban,8,Drug/Narcotic Offences,2,409,1,100
683,382,Shabbir Bellary,41,M,A1,Mandya,15,Other IPC Crimes,2,856,1,100
684,383,Yusuf Baig,27,M,A1,Bengaluru Urban,9,Arms Act Offences,2,856,1,100
685,384,Kiran Bellary,29,M,A1,Bengaluru Urban,2,Crimes Against Property,2,856,1,100
686,385,Byre Joshi,20,M,A1,Mysuru,2,Crimes Against Property,1,856,1,100
687,386,Puttaswamy Inamdar,26,M,A1,Mysuru,1,Crimes Against Body,2,856,1,100
688,387,Lokesh Patil,33,M,A1,Chikkamagaluru,2,Crimes Against Property,2,856,1,100
689,388,Ismail V Qureshi,27,M,A1,Vijayanagara,8,Drug/Narcotic Offences,2,856,1,100
690,388,Hussain Joshi,32,M,A2,Vijayanagara,8,Drug/Narcotic Offences,2,409,1,100
691,388,Anwar K Menon,33,M,A3,Vijayanagara,8,Drug/Narcotic Offences,2,130,1,100
692,389,Srinivas Devadiga,27,M,A1,Gadag,7,Cyber Crimes,2,856,1,100
693,389,Basheer Char,19,M,A2,Gadag,7,Cyber Crimes,2,409,1,100
694,389,Manjunath Sheikh,27,M,A3,Gadag,7,Cyber Crimes,2,130,1,100
695,390,Abdul Maniyar,21,M,A1,Uttara Kannada,11,Traffic Related Offences,2,856,1,100
696,390,Prema Shaikh,33,F,A2,Uttara Kannada,11,Traffic Related Offences,2,409,1,100
697,390,Anwar Hosur,20,M,A3,Uttara Kannada,11,Traffic Related Offences,2,130,1,100
698,391,Shankar Rao,18,M,A1,Bengaluru Urban,6,Economic Offences,2,856,1,100
699,391,Sharada Swamy,39,F,A2,Bengaluru Urban,6,Economic Offences,2,409,1,100
700,392,Raghavendra Nayak,28,M,A1,Mysuru,15,Other IPC Crimes,2,856,1,100
701,392,Manju M Khan,29,M,A2,Mysuru,15,Other IPC Crimes,2,409,1,100
702,393,Faisal Sayyad,21,M,A1,Mysuru,7,Cyber Crimes,2,856,1,100
703,394,Anwar Swamy,23,M,A1,Raichur,12,Environmental Offences,2,856,1,100
704,394,Anil Shetty,34,M,A2,Raichur,12,Environmental Offences,2,409,1,100
705,395,Byre Hubli,34,M,A1,Ramanagara,7,Cyber Crimes,2,856,1,100
706,395,Ravi Murthy,30,M,A2,Ramanagara,7,Cyber Crimes,2,409,1,100
707,395,Hanumantha M Murthy,29,M,A3,Ramanagara,7,Cyber Crimes,2,130,1,100
708,396,Ganesh R Kulkarni,31,M,A1,Bengaluru Rural,10,Crimes Against Public Order,1,856,1,100
709,396,Jameel Bangera,24,M,A2,Bengaluru Rural,10,Crimes Against Public Order,1,409,1,100
710,397,Anwar Kini,32,M,A1,Mysuru,10,Crimes Against Public Order,2,856,1,100
711,397,Basheer Nair,37,M,A2,Mysuru,10,Crimes Against Public Order,2,409,1,100
712,398,Anitha Patel,18,F,A1,Bengaluru Rural,2,Crimes Against Property,2,856,1,100
713,399,Rakesh Baig,33,M,A1,Kolar,8,Drug/Narcotic Offences,2,856,1,100
714,399,Prasad Nadaf,27,M,A2,Kolar,8,Drug/Narcotic Offences,2,409,1,100
715,399,Harish Ahmed,26,M,A3,Kolar,8,Drug/Narcotic Offences,2,130,1,100
716,400,Manjunath Kulkarni,30,M,A1,Dakshina Kannada,2,Crimes Against Property,2,856,1,100
717,401,Shankar Shaikh,33,M,A1,Kalaburagi (Gulbarga),1,Crimes Against Body,2,856,1,100
718,402,Siddappa Joshi,40,M,A1,Chamarajanagara,3,Crimes Against Women,2,856,1,100
719,403,Santhosh Kulkarni,25,M,A1,Bengaluru Urban,6,Economic Offences,2,856,1,100
720,404,Basavaraj Hubli,30,M,A1,Bidar,11,Traffic Related Offences,3,856,1,100
721,405,Faiz Inamdar,20,M,A1,Bengaluru Urban,3,Crimes Against Women,2,856,1,100
722,406,Dinesh Ahmed,31,M,A1,Chikkaballapura,3,Crimes Against Women,2,856,1,100
723,406,Keshav Sayyad,40,M,A2,Chikkaballapura,3,Crimes Against Women,2,409,1,100
724,407,Mahadeva J Patel,31,M,A1,Ramanagara,2,Crimes Against Property,3,856,1,100
725,407,Gururaj Ansari,27,M,A2,Ramanagara,2,Crimes Against Property,3,409,1,100
726,408,Syed Menon,27,M,A1,Bengaluru Urban,11,Traffic Related Offences,2,856,1,100
727,409,Satish alias Satta Satish,38,M,A1,Bengaluru Urban,6,Economic Offences,3,856,1,100
728,409,Siddappa Hubli,33,M,A2,Bengaluru Urban,6,Economic Offences,3,409,1,100
729,410,Keshav Reddy,31,M,A1,Chikkaballapura,9,Arms Act Offences,3,856,1,100
730,411,Rakesh Reddy,18,M,A1,Shivamogga,2,Crimes Against Property,2,856,1,100
731,412,Basheer Siddiqui,26,M,A1,Mysuru,8,Drug/Narcotic Offences,2,856,1,100
732,413,Sharada Kini,23,F,A1,Raichur,13,Crimes Related to Documents/Property,2,856,1,100
733,414,Shankar G Bhat,31,M,A1,Ramanagara,7,Cyber Crimes,2,856,1,100
734,415,Basavaraj alias Basya,29,M,A1,Davanagere,3,Crimes Against Women,2,856,1,100
735,415,Satish Gowda,38,M,A2,Davanagere,3,Crimes Against Women,2,409,1,100
736,416,Deepak Kini,28,M,A1,Mysuru,2,Crimes Against Property,2,856,1,100
737,416,Venkatesh Desai,33,M,A2,Mysuru,2,Crimes Against Property,2,409,1,100
738,416,Kumar Hiremath,28,M,A3,Mysuru,2,Crimes Against Property,2,130,1,100
739,416,Vijaykumar Shaikh,19,M,A4,Mysuru,2,Crimes Against Property,2,44,1,100
740,416,Mahadev Poojary,32,M,A5,Mysuru,2,Crimes Against Property,2,28,1,100
741,417,Geetha Prabhu,41,F,A1,Bagalkote,3,Crimes Against Women,3,856,1,100
742,417,Kiran Kamath,29,M,A2,Bagalkote,3,Crimes Against Women,3,409,1,100
743,417,Jagadish Kulkarni,28,M,A3,Bagalkote,3,Crimes Against Women,3,130,1,100
744,417,Raghavendra Desai,24,M,A4,Bagalkote,3,Crimes Against Women,3,44,1,100
745,418,Syed Char,24,M,A1,Dakshina Kannada,1,Crimes Against Body,2,856,1,100
746,418,Girish Hosur,27,M,A2,Dakshina Kannada,1,Crimes Against Body,2,409,1,100
747,419,Anil Ahmed,32,M,A1,Koppal,3,Crimes Against Women,2,856,1,100
748,420,Ravi Sheikh,27,M,A1,Bengaluru Urban,2,Crimes Against Property,2,856,1,100
749,421,Basavaraj Hegde,33,M,A1,Gadag,10,Crimes Against Public Order,2,856,1,100
750,422,Shankar Char,18,M,A1,Chamarajanagara,11,Traffic Related Offences,2,856,1,100
751,422,Jagadish Reddy,30,M,A2,Chamarajanagara,11,Traffic Related Offences,2,409,1,100
752,423,Santhosh U Hiremath,30,M,A1,Mysuru,6,Economic Offences,2,856,1,100
753,424,Mohammed Ansari,29,M,A1,Bengaluru Urban,11,Traffic Related Offences,2,856,1,100
754,425,Imran Kamath,26,M,A1,Kalaburagi (Gulbarga),2,Crimes Against Property,2,856,1,100
755,425,Jameel Achar,21,M,A2,Kalaburagi (Gulbarga),2,Crimes Against Property,2,409,1,100
756,425,Pushpa Salian,33,F,A3,Kalaburagi (Gulbarga),2,Crimes Against Property,2,130,1,100
757,425,Ningappa Murthy,21,M,A4,Kalaburagi (Gulbarga),2,Crimes Against Property,2,44,1,100
758,426,Mohammed Ali,26,M,A1,Vijayanagara,2,Crimes Against Property,2,856,1,100
759,426,Umesh Murthy,18,M,A2,Vijayanagara,2,Crimes Against Property,2,409,1,100
760,427,Nagaraj Sheikh,28,M,A1,Bengaluru Urban,1,Crimes Against Body,1,856,1,100
761,428,Irfan Bellary,25,M,A1,Udupi,4,Crimes Against Children,2,856,1,100
762,428,Faiz Maniyar,34,M,A2,Udupi,4,Crimes Against Children,2,409,1,100
763,429,Faisal Bhat,36,M,A1,Bengaluru Urban,2,Crimes Against Property,2,856,1,100
764,430,Prakash Achar,26,M,A1,Bengaluru Urban,2,Crimes Against Property,2,856,1,100
765,430,Vijaykumar Khan,44,M,A2,Bengaluru Urban,2,Crimes Against Property,2,409,1,100
766,431,Akbar Shetty,38,M,A1,Bengaluru Urban,2,Crimes Against Property,2,856,1,100
767,432,Thimmappa Inamdar,23,M,A1,Mysuru,3,Crimes Against Women,2,856,1,100
768,433,Prakash Pai,37,M,A1,Kolar,7,Cyber Crimes,2,856,1,100
769,433,Siddappa Ali,33,M,A2,Kolar,7,Cyber Crimes,2,409,1,100
770,434,Fatima Murthy,23,F,A1,Bidar,3,Crimes Against Women,2,856,1,100
771,435,Lokesh Nadaf,21,M,A1,Bengaluru Urban,8,Drug/Narcotic Offences,1,856,1,100
772,436,Jameel Kamath,24,M,A1,Dharwad,3,Crimes Against Women,1,856,1,100
773,437,Suresh Achar,31,M,A1,Gadag,10,Crimes Against Public Order,1,856,1,100
774,438,Imran Salian,27,M,A1,Raichur,6,Economic Offences,2,856,1,100
775,439,Umesh Char,29,M,A1,Bengaluru Urban,10,Crimes Against Public Order,2,856,1,100
776,439,Puttaswamy E Murthy,37,M,A2,Bengaluru Urban,10,Crimes Against Public Order,2,409,1,100
777,440,Deepak Kumar alias Cyber Deepak,27,M,A1,Bengaluru Urban,7,Cyber Crimes,2,856,1,100
778,440,Prasad Y Sheikh,33,M,A2,Bengaluru Urban,7,Cyber Crimes,2,409,1,100
779,441,Mohan Bhat,37,M,A1,Bengaluru Urban,3,Crimes Against Women,2,856,1,100
780,442,Kumar Bhat,37,M,A1,Davanagere,3,Crimes Against Women,2,856,1,100
781,442,Asha Hubli,29,F,A2,Davanagere,3,Crimes Against Women,2,409,1,100
782,442,Faiz Khan,30,M,A3,Davanagere,3,Crimes Against Women,2,130,1,100
783,442,Jameel Sheikh,28,M,A4,Davanagere,3,Crimes Against Women,2,44,1,100
784,442,Parveen Char,36,F,A5,Davanagere,3,Crimes Against Women,2,28,1,100
785,443,Jagadish Siddiqui,29,M,A1,Kodagu,2,Crimes Against Property,2,856,1,100
786,444,Prakash L Siddiqui,29,M,A1,Bagalkote,3,Crimes Against Women,2,856,1,100
787,445,Mallesh Suvarna,19,M,A1,Bengaluru Urban,6,Economic Offences,2,856,1,100
788,446,Basavaraj alias Basya,28,M,A1,Chikkamagaluru,3,Crimes Against Women,2,856,1,100
789,446,Kempe Ali,27,M,A2,Chikkamagaluru,3,Crimes Against Women,2,409,1,100
790,447,Shankar L Qureshi,25,M,A1,Mysuru,8,Drug/Narcotic Offences,2,856,1,100
791,447,Imran Prabhu,28,M,A2,Mysuru,8,Drug/Narcotic Offences,2,409,1,100
792,448,Vishwanath Char,36,M,A1,Bagalkote,3,Crimes Against Women,2,856,1,100
793,449,Rajesh Bangera,27,M,A1,Davanagere,8,Drug/Narcotic Offences,1,856,1,100
794,449,Rajesh Murthy,28,M,A2,Davanagere,8,Drug/Narcotic Offences,1,409,1,100
795,450,Rashid Maniyar,35,M,A1,Bengaluru Urban,7,Cyber Crimes,2,856,1,100
796,451,Geetha Sheikh,36,F,A1,Yadgir,15,Other IPC Crimes,2,856,1,100
797,452,Santhosh B Kulkarni,42,M,A1,Mysuru,6,Economic Offences,2,856,1,100
798,452,Keshav Kamath,35,M,A2,Mysuru,6,Economic Offences,2,409,1,100
799,453,Byre R Joshi,27,M,A1,Chikkaballapura,5,Crimes Against SCs/STs,2,856,1,100
800,454,Rangaswamy P Ansari,22,M,A1,Bidar,8,Drug/Narcotic Offences,2,856,1,100
801,455,Umesh Shetty,25,M,A1,Chamarajanagara,3,Crimes Against Women,2,856,1,100
802,456,Prakash J Kini,25,M,A1,Belagavi (Belgaum),6,Economic Offences,1,856,1,100
803,457,Vinay Rao,38,M,A1,Bengaluru Urban,7,Cyber Crimes,3,856,1,100
804,457,Suresh Y Desai,30,M,A2,Bengaluru Urban,7,Cyber Crimes,3,409,1,100
805,457,Rashid Ahmed,30,M,A3,Bengaluru Urban,7,Cyber Crimes,3,130,1,100
806,457,Harish F Sayyad,27,M,A4,Bengaluru Urban,7,Cyber Crimes,3,44,1,100
807,457,Rangaswamy F Rao,26,M,A5,Bengaluru Urban,7,Cyber Crimes,3,28,1,100
808,457,Jagadish Inamdar,25,M,A6,Bengaluru Urban,7,Cyber Crimes,3,16,1,100
809,457,Jagadish Ahmed,21,M,A7,Bengaluru Urban,7,Cyber Crimes,3,11,1,100
810,457,Byre Ahmed,18,M,A8,Bengaluru Urban,7,Cyber Crimes,3,6,1,100
811,458,Papanna alias Paapi,24,M,A1,Yadgir,1,Crimes Against Body,2,856,1,100
812,458,Venkatesh Rao,22,M,A2,Yadgir,1,Crimes Against Body,2,409,1,100
813,459,Ganesh Khan,29,M,A1,Ballari (Bellary),7,Cyber Crimes,2,856,1,100
814,460,Shivu Hubli,26,M,A1,Bengaluru Urban,11,Traffic Related Offences,2,856,1,100
815,461,Ramesh Shetty,28,M,A1,Tumakuru,3,Crimes Against Women,2,856,1,100
816,462,Imran Menon,35,M,A1,Chikkaballapura,2,Crimes Against Property,2,856,1,100
817,463,Abdul L Joshi,42,M,A1,Udupi,7,Cyber Crimes,3,856,1,100
818,464,Iqbal Bangera,31,M,A1,Bengaluru Urban,2,Crimes Against Property,1,856,1,100
819,465,Pradeep Inamdar,18,M,A1,Dakshina Kannada,4,Crimes Against Children,1,856,1,100
820,466,Anil K Kulkarni,28,M,A1,Bengaluru Urban,7,Cyber Crimes,2,856,1,100
821,467,Ganesh Siddiqui,20,M,A1,Kodagu,2,Crimes Against Property,1,856,1,100
822,467,Raghavendra Patil,39,M,A2,Kodagu,2,Crimes Against Property,1,409,1,100
823,468,Basavaraj C Hubli,23,M,A1,Shivamogga,9,Arms Act Offences,2,856,1,100
824,468,Girish K Nayak,31,M,A2,Shivamogga,9,Arms Act Offences,2,409,1,100
825,469,Akbar Patel,33,M,A1,Bengaluru Urban,2,Crimes Against Property,2,856,1,100
826,470,Mohammed Siddiqui,28,M,A1,Gadag,2,Crimes Against Property,2,856,1,100
827,471,Santhosh W Sheikh,25,M,A1,Bengaluru Urban,1,Crimes Against Body,2,856,1,100
828,472,Saleem Rao,22,M,A1,Belagavi (Belgaum),11,Traffic Related Offences,3,856,1,100
829,472,Akbar Nadaf,23,M,A2,Belagavi (Belgaum),11,Traffic Related Offences,3,409,1,100
830,473,Satish alias Satta Satish,37,M,A1,Bengaluru Urban,6,Economic Offences,2,856,1,100
831,473,Harish Nair,28,M,A2,Bengaluru Urban,6,Economic Offences,2,409,1,100
832,474,Basavaraj Inamdar,27,M,A1,Bengaluru Urban,6,Economic Offences,2,856,1,100
833,475,Ramesh Shenoy,29,M,A1,Gadag,1,Crimes Against Body,2,856,1,100
834,475,Zainab Char,29,F,A2,Gadag,1,Crimes Against Body,2,409,1,100
835,476,Mahesh L Gowda,31,M,A1,Mysuru,4,Crimes Against Children,2,856,1,100
836,477,Gopal Achar,35,M,A1,Vijayapura,1,Crimes Against Body,2,856,1,100
837,477,Nadeem Sayyad,39,M,A2,Vijayapura,1,Crimes Against Body,2,409,1,100
838,478,Darshan Baig,19,M,A1,Bengaluru Urban,2,Crimes Against Property,3,856,1,100
839,479,Shabbir Char,40,M,A1,Bengaluru Rural,1,Crimes Against Body,2,856,1,100
840,479,Ismail Siddiqui,23,M,A2,Bengaluru Rural,1,Crimes Against Body,2,409,1,100
841,479,Byre Char,21,M,A3,Bengaluru Rural,1,Crimes Against Body,2,130,1,100
842,480,Byre H Joshi,31,M,A1,Gadag,6,Economic Offences,3,856,1,100
843,481,Faiz Siddiqui,18,M,A1,Belagavi (Belgaum),3,Crimes Against Women,2,856,1,100
844,481,Santosh Kulkarni,24,M,A2,Belagavi (Belgaum),3,Crimes Against Women,2,409,1,100
845,482,Faiz Kini,19,M,A1,Ramanagara,3,Crimes Against Women,2,856,1,100
846,483,Faisal Ahmed,34,M,A1,Uttara Kannada,7,Cyber Crimes,2,856,1,100
847,483,Raghavendra Bangera,29,M,A2,Uttara Kannada,7,Cyber Crimes,2,409,1,100
848,484,Chandrashekar Nair,18,M,A1,Bengaluru Urban,1,Crimes Against Body,2,856,1,100
849,485,Prakash Bhat,32,M,A1,Kalaburagi (Gulbarga),10,Crimes Against Public Order,1,856,1,100
850,486,Faiz Char,28,M,A1,Mysuru,3,Crimes Against Women,1,856,1,100
851,487,Mahesh Mulla,30,M,A1,Bengaluru Urban,8,Drug/Narcotic Offences,2,856,1,100
852,487,Akbar Maniyar,37,M,A2,Bengaluru Urban,8,Drug/Narcotic Offences,2,409,1,100
853,487,Zainab Qureshi,26,F,A3,Bengaluru Urban,8,Drug/Narcotic Offences,2,130,1,100
854,488,Ravi Khan,32,M,A1,Bengaluru Urban,2,Crimes Against Property,3,856,1,100
855,488,Basavaraj Bangera,26,M,A2,Bengaluru Urban,2,Crimes Against Property,3,409,1,100
856,489,Priya Suvarna,18,F,A1,Kolar,2,Crimes Against Property,2,856,1,100
857,490,Faisal Maniyar,25,M,A1,Ramanagara,2,Crimes Against Property,3,856,1,100
858,490,Anwar Char,23,M,A2,Ramanagara,2,Crimes Against Property,3,409,1,100
859,491,Mahesh Ansari,35,M,A1,Bengaluru Urban,10,Crimes Against Public Order,2,856,1,100
860,492,Chandrashekar Patil,24,M,A1,Vijayanagara,3,Crimes Against Women,2,856,1,100
861,493,Santhosh Nayak,22,M,A1,Chikkaballapura,1,Crimes Against Body,2,856,1,100
862,494,Faiz Nadaf,30,M,A1,Bengaluru Urban,9,Arms Act Offences,2,856,1,100
863,495,Irfan Ansari,35,M,A1,Raichur,7,Cyber Crimes,3,856,1,100
864,495,Manju Shenoy,27,M,A2,Raichur,7,Cyber Crimes,3,409,1,100
865,496,Rangaswamy Nadaf,33,M,A1,Bengaluru Urban,2,Crimes Against Property,2,856,1,100
866,497,Mohammed Sharif,38,M,A1,Bengaluru Urban,2,Crimes Against Property,2,856,1,100
867,497,Jagadish Nadaf,37,M,A2,Bengaluru Urban,2,Crimes Against Property,2,409,1,100
868,498,Padma Siddiqui,23,F,A1,Kolar,2,Crimes Against Property,2,856,1,100
869,499,Rashid Rao,32,M,A1,Kolar,2,Crimes Against Property,2,856,1,100
870,500,Faiz Sheikh,23,M,A1,Yadgir,4,Crimes Against Children,3,856,1,100
871,501,Shankar L Kini,30,M,A1,Bengaluru Urban,3,Crimes Against Women,2,856,1,100
872,501,Iqbal Gowda,28,M,A2,Bengaluru Urban,3,Crimes Against Women,2,409,1,100
873,501,Manju Swamy,35,M,A3,Bengaluru Urban,3,Crimes Against Women,2,130,1,100
874,502,Faisal Prabhu,23,M,A1,Chamarajanagara,2,Crimes Against Property,2,856,1,100
875,502,Yusuf Devadiga,24,M,A2,Chamarajanagara,2,Crimes Against Property,2,409,1,100
876,503,Ningappa Patel,34,M,A1,Bidar,7,Cyber Crimes,2,856,1,100
877,504,Syed Naidu,28,M,A1,Dakshina Kannada,6,Economic Offences,2,856,1,100
878,505,Shivu Mulla,20,M,A1,Bengaluru Urban,3,Crimes Against Women,2,856,1,100
879,506,Lokesh Baig,26,M,A1,Bengaluru Urban,5,Crimes Against SCs/STs,1,856,1,100
880,506,Pradeep C Hosur,22,M,A2,Bengaluru Urban,5,Crimes Against SCs/STs,1,409,1,100
881,507,Nandini Qureshi,23,F,A1,Chitradurga,15,Other IPC Crimes,2,856,1,100
882,508,Chandru Joshi,30,M,A1,Bengaluru Urban,3,Crimes Against Women,1,856,1,100
883,509,Mahadev Khan,26,M,A1,Bengaluru Urban,14,Sexual Offences,3,856,1,100
884,510,Chitra Ahmed,25,F,A1,Uttara Kannada,3,Crimes Against Women,1,856,1,100
885,510,Suresh Salian,34,M,A2,Uttara Kannada,3,Crimes Against Women,1,409,1,100
886,511,Puttaswamy Kamath,27,M,A1,Bengaluru Urban,1,Crimes Against Body,2,856,1,100
887,511,Hussain Char,28,M,A2,Bengaluru Urban,1,Crimes Against Body,2,409,1,100
888,511,Venkatesh Kamath,22,M,A3,Bengaluru Urban,1,Crimes Against Body,2,130,1,100
889,512,Shanthala Shetty,28,F,A1,Bengaluru Urban,7,Cyber Crimes,2,856,1,100
890,512,Dinesh Bangera,33,M,A2,Bengaluru Urban,7,Cyber Crimes,2,409,1,100
891,512,Hussain Reddy,34,M,A3,Bengaluru Urban,7,Cyber Crimes,2,130,1,100
892,513,Lokesh Shenoy,24,M,A1,Kodagu,10,Crimes Against Public Order,2,856,1,100
893,513,Harish Gowda,27,M,A2,Kodagu,10,Crimes Against Public Order,2,409,1,100
894,514,Nagaraj Kini,20,M,A1,Udupi,2,Crimes Against Property,3,856,1,100
895,514,Arshad Baig,26,M,A2,Udupi,2,Crimes Against Property,3,409,1,100
896,514,Suresh Baig,22,M,A3,Udupi,2,Crimes Against Property,3,130,1,100
897,515,Darshan alias Daaru Darshan,38,M,A1,Bengaluru Urban,11,Traffic Related Offences,2,856,1,100
898,515,Naveen E Gowda,24,M,A2,Bengaluru Urban,11,Traffic Related Offences,2,409,1,100
899,516,Lakshmi Reddy,23,F,A1,Gadag,7,Cyber Crimes,3,856,1,100
900,517,Vinay alias Auto Vinay,22,M,A1,Chitradurga,2,Crimes Against Property,3,856,1,100
901,517,Nagaraj Mulla,31,M,A2,Chitradurga,2,Crimes Against Property,3,409,1,100
902,518,Suresh Sheikh,21,M,A1,Tumakuru,3,Crimes Against Women,2,856,1,100
903,519,Naveen alias Natti Naveen,33,M,A1,Gadag,6,Economic Offences,1,856,1,100
904,519,Jameel Shenoy,35,M,A2,Gadag,6,Economic Offences,1,409,1,100
905,520,Darshan Salian,45,M,A1,Bengaluru Urban,7,Cyber Crimes,2,856,1,100
906,520,Basheer Hiremath,30,M,A2,Bengaluru Urban,7,Cyber Crimes,2,409,1,100
907,520,Arshad Shaikh,31,M,A3,Bengaluru Urban,7,Cyber Crimes,2,130,1,100
908,520,Puttaswamy Nair,35,M,A4,Bengaluru Urban,7,Cyber Crimes,2,44,1,100
909,520,Basavaraj Ansari,39,M,A5,Bengaluru Urban,7,Cyber Crimes,2,28,1,100
910,520,Mohammed P Char,32,M,A6,Bengaluru Urban,7,Cyber Crimes,2,16,1,100
911,521,Faisal Kulkarni,29,M,A1,Bengaluru Rural,10,Crimes Against Public Order,3,856,1,100
912,521,Vijaykumar Reddy,27,M,A2,Bengaluru Rural,10,Crimes Against Public Order,3,409,1,100
913,521,Lokesh Swamy,33,M,A3,Bengaluru Rural,10,Crimes Against Public Order,3,130,1,100
914,522,Nagaraj Bangera,26,M,A1,Chitradurga,1,Crimes Against Body,1,856,1,100
915,523,Faisal alias Fizz,34,M,A1,Bengaluru Urban,8,Drug/Narcotic Offences,2,856,1,100
916,523,Basheer Bangera,20,M,A2,Bengaluru Urban,8,Drug/Narcotic Offences,2,409,1,100
917,524,Jagadish Char,18,M,A1,Bengaluru Urban,2,Crimes Against Property,2,856,1,100
918,524,Anil Nayak,32,M,A2,Bengaluru Urban,2,Crimes Against Property,2,409,1,100
919,525,Kiran Siddiqui,29,M,A1,Mysuru,2,Crimes Against Property,2,856,1,100
920,525,Kempe F Achar,31,M,A2,Mysuru,2,Crimes Against Property,2,409,1,100
921,525,Saraswathi Nayak,26,F,A3,Mysuru,2,Crimes Against Property,2,130,1,100
922,526,Srinivas alias Nari Srinivas,23,M,A1,Bagalkote,8,Drug/Narcotic Offences,2,856,1,100
923,526,Iqbal Ansari,26,M,A2,Bagalkote,8,Drug/Narcotic Offences,2,409,1,100
924,527,Ningappa Naidu,32,M,A1,Mysuru,2,Crimes Against Property,3,856,1,100
925,527,Manju K Ahmed,24,M,A2,Mysuru,2,Crimes Against Property,3,409,1,100
926,528,Gopal Poojary,42,M,A1,Bengaluru Urban,6,Economic Offences,2,856,1,100
927,529,Mahesh Desai,24,M,A1,Belagavi (Belgaum),3,Crimes Against Women,2,856,1,100
928,529,Keshav Gowda,25,M,A2,Belagavi (Belgaum),3,Crimes Against Women,2,409,1,100
929,529,Madhu Maniyar,32,M,A3,Belagavi (Belgaum),3,Crimes Against Women,2,130,1,100
930,530,Suresh Char,30,M,A1,Bengaluru Urban,4,Crimes Against Children,2,856,1,100
931,531,Ramesh Inamdar,34,M,A1,Ramanagara,2,Crimes Against Property,1,856,1,100
932,532,Anil Shaikh,22,M,A1,Gadag,3,Crimes Against Women,3,856,1,100
933,532,Mohammed Joshi,40,M,A2,Gadag,3,Crimes Against Women,3,409,1,100
934,532,Nasreen Murthy,36,F,A3,Gadag,3,Crimes Against Women,3,130,1,100
935,533,Srinivas Ahmed,25,M,A1,Mysuru,10,Crimes Against Public Order,2,856,1,100
936,533,Chandrashekar Siddiqui,29,M,A2,Mysuru,10,Crimes Against Public Order,2,409,1,100
937,534,Nadeem Kamath,24,M,A1,Chikkaballapura,8,Drug/Narcotic Offences,2,856,1,100
938,535,Anwar Shaikh,37,M,A1,Bengaluru Urban,2,Crimes Against Property,2,856,1,100
939,536,Keshav Rao,26,M,A1,Bengaluru Urban,2,Crimes Against Property,2,856,1,100
940,536,Faiz Kamath,23,M,A2,Bengaluru Urban,2,Crimes Against Property,2,409,1,100
941,537,Shivakumar Kini,23,M,A1,Bengaluru Urban,11,Traffic Related Offences,2,856,1,100
942,537,Saleem Ali,24,M,A2,Bengaluru Urban,11,Traffic Related Offences,2,409,1,100
943,537,Mallesh Pai,27,M,A3,Bengaluru Urban,11,Traffic Related Offences,2,130,1,100
944,538,Mohammed Desai,31,M,A1,Dharwad,15,Other IPC Crimes,2,856,1,100
945,539,Mahadeva Hubli,25,M,A1,Gadag,8,Drug/Narcotic Offences,2,856,1,100
946,540,Saleem Maniyar,24,M,A1,Bengaluru Urban,1,Crimes Against Body,3,856,1,100
947,540,Chandru M Nayak,28,M,A2,Bengaluru Urban,1,Crimes Against Body,3,409,1,100
948,540,Rashid Pai,25,M,A3,Bengaluru Urban,1,Crimes Against Body,3,130,1,100
949,541,Santosh Shetty,25,M,A1,Bidar,11,Traffic Related Offences,2,856,1,100
950,541,Syed Kotian,42,M,A2,Bidar,11,Traffic Related Offences,2,409,1,100
951,541,Girish Devadiga,29,M,A3,Bidar,11,Traffic Related Offences,2,130,1,100
952,542,Ravi G Nadaf,32,M,A1,Bengaluru Urban,8,Drug/Narcotic Offences,2,856,1,100
953,543,Umesh Nair,20,M,A1,Dharwad,7,Cyber Crimes,2,856,1,100
954,544,Pooja Prabhu,18,F,A1,Chikkamagaluru,4,Crimes Against Children,2,856,1,100
955,544,Basheer Patil,38,M,A2,Chikkamagaluru,4,Crimes Against Children,2,409,1,100
956,545,Raghavendra Prabhu,21,M,A1,Ramanagara,3,Crimes Against Women,2,856,1,100
957,545,Basheer F Nair,30,M,A2,Ramanagara,3,Crimes Against Women,2,409,1,100
958,545,Ravi F Kamath,34,M,A3,Ramanagara,3,Crimes Against Women,2,130,1,100
959,545,Girish Kamath,26,M,A4,Ramanagara,3,Crimes Against Women,2,44,1,100
960,545,Abdul Kotian,22,M,A5,Ramanagara,3,Crimes Against Women,2,28,1,100
961,546,Darshan S Nair,18,M,A1,Davanagere,2,Crimes Against Property,3,856,1,100
962,547,Nagendra Salian,28,M,A1,Chitradurga,1,Crimes Against Body,2,856,1,100
963,547,Ashok Char,28,M,A2,Chitradurga,1,Crimes Against Body,2,409,1,100
964,547,Dinesh C Sheikh,22,M,A3,Chitradurga,1,Crimes Against Body,2,130,1,100
965,547,Roopa Sheikh,30,F,A4,Chitradurga,1,Crimes Against Body,2,44,1,100
966,547,Lokesh Salian,40,M,A5,Chitradurga,1,Crimes Against Body,2,28,1,100
967,547,Vinay Reddy,18,M,A6,Chitradurga,1,Crimes Against Body,2,16,1,100
968,547,Rashid Sheikh,36,M,A7,Chitradurga,1,Crimes Against Body,2,11,1,100
969,547,Irfan Qureshi,27,M,A8,Chitradurga,1,Crimes Against Body,2,6,1,100
970,548,Abdul V Desai,26,M,A1,Bengaluru Urban,12,Environmental Offences,2,856,1,100
971,548,Vinay Char,39,M,A2,Bengaluru Urban,12,Environmental Offences,2,409,1,100
972,549,Rajesh Ahmed,22,M,A1,Yadgir,7,Cyber Crimes,1,856,1,100
973,550,Yogesh Char,26,M,A1,Bengaluru Urban,3,Crimes Against Women,2,856,1,100
974,551,Murali Hosur,24,M,A1,Mysuru,4,Crimes Against Children,1,856,1,100
975,551,Yusuf Shaikh,21,M,A2,Mysuru,4,Crimes Against Children,1,409,1,100
976,552,Mahadev M Sheikh,28,M,A1,Bidar,8,Drug/Narcotic Offences,2,856,1,100
977,552,Syed Kini,18,M,A2,Bidar,8,Drug/Narcotic Offences,2,409,1,100
978,553,Rashid Shenoy,24,M,A1,Chikkaballapura,4,Crimes Against Children,2,856,1,100
979,554,Ganesh Sheikh,34,M,A1,Bagalkote,3,Crimes Against Women,2,856,1,100
980,554,Mahadeva Patil,34,M,A2,Bagalkote,3,Crimes Against Women,2,409,1,100
981,554,Hussain Shaikh,19,M,A3,Bagalkote,3,Crimes Against Women,2,130,1,100
982,555,Faisal Patil,23,M,A1,Bengaluru Urban,3,Crimes Against Women,1,856,1,100
983,555,Iqbal Qureshi,26,M,A2,Bengaluru Urban,3,Crimes Against Women,1,409,1,100
984,555,Mallesh Hegde,36,M,A3,Bengaluru Urban,3,Crimes Against Women,1,130,1,100
985,555,Saleem Hubli,38,M,A4,Bengaluru Urban,3,Crimes Against Women,1,44,1,100
986,556,Prasad Kini,24,M,A1,Bengaluru Urban,2,Crimes Against Property,3,856,1,100
987,556,Santosh S Nair,31,M,A2,Bengaluru Urban,2,Crimes Against Property,3,409,1,100
988,557,Shankar Khan,18,M,A1,Gadag,1,Crimes Against Body,1,856,1,100
989,557,Umesh Maniyar,32,T,A2,Gadag,1,Crimes Against Body,1,409,1,100
990,557,Hanumantha Kulkarni,28,M,A3,Gadag,1,Crimes Against Body,1,130,1,100
991,557,Irfan Nayak,25,M,A4,Gadag,1,Crimes Against Body,1,44,1,100
992,557,Rashid Joshi,34,M,A5,Gadag,1,Crimes Against Body,1,28,1,100
993,557,Rajesh Hosur,41,M,A6,Gadag,1,Crimes Against Body,1,16,1,100
994,557,Manjula Patel,27,F,A7,Gadag,1,Crimes Against Body,1,11,1,100
995,558,Raju alias Bullet Raju,40,M,A1,Davanagere,2,Crimes Against Property,2,856,1,100
996,558,Yusuf V Shaikh,33,M,A2,Davanagere,2,Crimes Against Property,2,409,1,100
997,559,Vishwanath Rao,19,M,A1,Dakshina Kannada,11,Traffic Related Offences,2,856,1,100
998,560,Mahadeva Baig,23,M,A1,Tumakuru,6,Economic Offences,1,856,1,100
999,560,Kempe Sheikh,26,M,A2,Tumakuru,6,Economic Offences,1,409,1,100
1000,561,Faisal L Shaikh,31,M,A1,Bengaluru Urban,4,Crimes Against Children,2,856,1,100
1001,561,Irfan Naidu,23,M,A2,Bengaluru Urban,4,Crimes Against Children,2,409,1,100
1002,561,Keshav Bhat,18,M,A3,Bengaluru Urban,4,Crimes Against Children,2,130,1,100
1003,562,Dinesh Naidu,31,M,A1,Bengaluru Urban,2,Crimes Against Property,2,856,1,100
1004,563,Anwar Hegde,35,M,A1,Bengaluru Urban,2,Crimes Against Property,2,856,1,100
1005,563,Irfan Swamy,34,M,A2,Bengaluru Urban,2,Crimes Against Property,2,409,1,100
1006,564,Keshav Shenoy,34,M,A1,Bengaluru Urban,14,Sexual Offences,1,856,1,100
1007,565,Kempe Shetty,28,M,A1,Dharwad,11,Traffic Related Offences,1,856,1,100
1008,565,Irfan Rao,26,M,A2,Dharwad,11,Traffic Related Offences,1,409,1,100
1009,566,Vijaykumar Shetty,23,M,A1,Udupi,1,Crimes Against Body,2,856,1,100
1010,567,Girish Sayyad,32,M,A1,Bengaluru Urban,4,Crimes Against Children,2,856,1,100
1011,567,Pradeep L Patil,30,M,A2,Bengaluru Urban,4,Crimes Against Children,2,409,1,100
1012,568,Revathi Salian,31,F,A1,Dakshina Kannada,1,Crimes Against Body,1,856,1,100
1013,569,Deepak Menon,21,M,A1,Bengaluru Urban,11,Traffic Related Offences,2,856,1,100
1014,570,Jameel V Bangera,26,M,A1,Chitradurga,3,Crimes Against Women,3,856,1,100
1015,571,Darshan Joshi,21,M,A1,Bengaluru Urban,2,Crimes Against Property,1,856,1,100
1016,571,Madhu Ahmed,29,M,A2,Bengaluru Urban,2,Crimes Against Property,1,409,1,100
1017,572,Byre Hegde,29,M,A1,Mysuru,7,Cyber Crimes,1,856,1,100
1018,572,Chandrashekar Hegde,35,M,A2,Mysuru,7,Cyber Crimes,1,409,1,100
1019,573,Murali Salian,27,M,A1,Bengaluru Urban,1,Crimes Against Body,2,856,1,100
1020,574,Kiran Nayak,24,M,A1,Belagavi (Belgaum),11,Traffic Related Offences,2,856,1,100
1021,574,Puttaswamy Joshi,29,M,A2,Belagavi (Belgaum),11,Traffic Related Offences,2,409,1,100
1022,574,Deepak Kotian,28,M,A3,Belagavi (Belgaum),11,Traffic Related Offences,2,130,1,100
1023,575,Mohammed Suvarna,27,M,A1,Udupi,2,Crimes Against Property,3,856,1,100
1024,576,Jameel Devadiga,32,M,A1,Ballari (Bellary),1,Crimes Against Body,2,856,1,100
1025,576,Ashok Devadiga,29,T,A2,Ballari (Bellary),1,Crimes Against Body,2,409,1,100
1026,577,Rizwan Hegde,33,M,A1,Bagalkote,1,Crimes Against Body,3,856,1,100
1027,577,Lokesh C Hiremath,26,M,A2,Bagalkote,1,Crimes Against Body,3,409,1,100
1028,578,Suresh Siddiqui,27,M,A1,Bengaluru Urban,1,Crimes Against Body,2,856,1,100
1029,579,Chandru Kamath,26,T,A1,Bengaluru Urban,3,Crimes Against Women,2,856,1,100
1030,580,Iqbal P Hubli,31,M,A1,Bengaluru Urban,1,Crimes Against Body,3,856,1,100
1031,580,Nagaraj Poojary,36,M,A2,Bengaluru Urban,1,Crimes Against Body,3,409,1,100
1032,580,Ratna Gowda,38,F,A3,Bengaluru Urban,1,Crimes Against Body,3,130,1,100
1033,580,Girish Gowda,31,M,A4,Bengaluru Urban,1,Crimes Against Body,3,44,1,100
1034,580,Deepak D Kotian,24,M,A5,Bengaluru Urban,1,Crimes Against Body,3,28,1,100
1035,580,Prasad Mulla,29,M,A6,Bengaluru Urban,1,Crimes Against Body,3,16,1,100
1036,580,Satish Sheikh,37,M,A7,Bengaluru Urban,1,Crimes Against Body,3,11,1,100
1037,581,Girish Naidu,36,M,A1,Dharwad,9,Arms Act Offences,2,856,1,100
1038,582,Imran J Bangera,27,M,A1,Kalaburagi (Gulbarga),1,Crimes Against Body,3,856,1,100
1039,582,Hussain Ali,28,M,A2,Kalaburagi (Gulbarga),1,Crimes Against Body,3,409,1,100
1040,582,Saraswathi U Kotian,36,F,A3,Kalaburagi (Gulbarga),1,Crimes Against Body,3,130,1,100
1041,582,Nagendra Siddiqui,24,M,A4,Kalaburagi (Gulbarga),1,Crimes Against Body,3,44,1,100
1042,583,Kiran H Nayak,30,M,A1,Bengaluru Urban,7,Cyber Crimes,1,856,1,100
1043,584,Madhu R Ahmed,18,M,A1,Udupi,7,Cyber Crimes,2,856,1,100
1044,585,Kumar Y Naidu,21,M,A1,Dharwad,3,Crimes Against Women,2,856,1,100
1045,586,Parveen Baig,29,F,A1,Bengaluru Urban,4,Crimes Against Children,2,856,1,100
1046,586,Sultana Salian,40,F,A2,Bengaluru Urban,4,Crimes Against Children,2,409,1,100
1047,586,Srinivas B Maniyar,27,M,A3,Bengaluru Urban,4,Crimes Against Children,2,130,1,100
1048,587,Naveen alias Natti Naveen,33,M,A1,Udupi,6,Economic Offences,1,856,1,100
1049,587,Rizwan Patil,37,M,A2,Udupi,6,Economic Offences,1,409,1,100
1050,588,Santosh Baig,26,M,A1,Uttara Kannada,2,Crimes Against Property,2,856,1,100
1051,589,Akbar Desai,25,M,A1,Bengaluru Urban,1,Crimes Against Body,3,856,1,100
1052,590,Girish K Bangera,23,M,A1,Gadag,4,Crimes Against Children,2,856,1,100
1053,590,Mahesh A Desai,18,M,A2,Gadag,4,Crimes Against Children,2,409,1,100
1054,591,Yusuf Nayak,32,M,A1,Mysuru,1,Crimes Against Body,2,856,1,100
1055,591,Nasreen A Devadiga,24,F,A2,Mysuru,1,Crimes Against Body,2,409,1,100
1056,592,Anil E Bangera,35,M,A1,Chikkaballapura,3,Crimes Against Women,2,856,1,100
1057,592,Prasad Y Patil,33,M,A2,Chikkaballapura,3,Crimes Against Women,2,409,1,100
1058,593,Srinivas alias Nari Srinivas,23,M,A1,Belagavi (Belgaum),8,Drug/Narcotic Offences,2,856,1,100
1059,593,Satish Hegde,18,M,A2,Belagavi (Belgaum),8,Drug/Narcotic Offences,2,409,1,100
1060,594,Chandru Swamy,28,M,A1,Mandya,1,Crimes Against Body,3,856,1,100
1061,595,Nagendra Patil,22,M,A1,Gadag,2,Crimes Against Property,2,856,1,100
1062,596,Aslam Sayyad,26,M,A1,Bengaluru Urban,14,Sexual Offences,2,856,1,100
1063,596,Ismail F Kulkarni,21,M,A2,Bengaluru Urban,14,Sexual Offences,2,409,1,100
1064,597,Nadeem C Ansari,33,M,A1,Dakshina Kannada,2,Crimes Against Property,2,856,1,100
1065,598,Abdul Sayyad,28,M,A1,Tumakuru,6,Economic Offences,2,856,1,100
1066,598,Mahadeva Murthy,36,M,A2,Tumakuru,6,Economic Offences,2,409,1,100
1067,598,Arshad Pai,34,M,A3,Tumakuru,6,Economic Offences,2,130,1,100
1068,599,Rangaswamy Inamdar,27,M,A1,Chamarajanagara,1,Crimes Against Body,3,856,1,100
1069,600,Lokesh Patel,20,M,A1,Bengaluru Urban,3,Crimes Against Women,2,856,1,100
1070,601,Imran Hubli,31,M,A1,Bidar,2,Crimes Against Property,2,856,1,100
1071,601,Umesh Bellary,34,M,A2,Bidar,2,Crimes Against Property,2,409,1,100
1072,602,Girish Achar,33,M,A1,Chikkamagaluru,3,Crimes Against Women,2,856,1,100
1073,602,Suresh Ahmed,20,M,A2,Chikkamagaluru,3,Crimes Against Women,2,409,1,100
1074,603,Ashok Khan,33,M,A1,Bengaluru Urban,1,Crimes Against Body,1,856,1,100
1075,604,Ashok Kulkarni,30,M,A1,Mysuru,1,Crimes Against Body,2,856,1,100
1076,605,Mallesh Nadaf,37,M,A1,Mysuru,2,Crimes Against Property,2,856,1,100
1077,605,Shivakumar Murthy,29,M,A2,Mysuru,2,Crimes Against Property,2,409,1,100
1078,606,Naveen Bangera,34,M,A1,Uttara Kannada,1,Crimes Against Body,2,856,1,100
1079,607,Thimmappa Maniyar,30,M,A1,Kodagu,3,Crimes Against Women,2,856,1,100
1080,607,Arshad Sheikh,25,M,A2,Kodagu,3,Crimes Against Women,2,409,1,100
1081,607,Vinay Pai,27,M,A3,Kodagu,3,Crimes Against Women,2,130,1,100
1082,607,Imran Joshi,28,M,A4,Kodagu,3,Crimes Against Women,2,44,1,100
1083,607,Ismail Gowda,31,M,A5,Kodagu,3,Crimes Against Women,2,28,1,100
1084,608,Gururaj Bhat,20,M,A1,Bengaluru Rural,11,Traffic Related Offences,2,856,1,100
1085,609,Siddappa Ansari,31,M,A1,Bengaluru Urban,1,Crimes Against Body,3,856,1,100
1086,610,Arshad Salian,30,M,A1,Bidar,3,Crimes Against Women,2,856,1,100
1087,610,Akbar Prabhu,31,M,A2,Bidar,3,Crimes Against Women,2,409,1,100
1088,610,Umesh Nayak,24,M,A3,Bidar,3,Crimes Against Women,2,130,1,100
1089,611,Lokesh Kamath,22,M,A1,Tumakuru,2,Crimes Against Property,2,856,1,100
1090,612,Santhosh S Nayak,27,M,A1,Bengaluru Urban,8,Drug/Narcotic Offences,1,856,1,100
1091,613,Vishwanath Baig,23,M,A1,Bengaluru Urban,6,Economic Offences,2,856,1,100
1092,613,Ramesh Pai,36,M,A2,Bengaluru Urban,6,Economic Offences,2,409,1,100
1093,614,Chandrashekar Devadiga,27,M,A1,Bengaluru Urban,15,Other IPC Crimes,2,856,1,100
1094,615,Satish alias Satta Satish,37,M,A1,Uttara Kannada,6,Economic Offences,2,856,1,100
1095,615,Shabbir alias Shabba,27,M,A2,Uttara Kannada,6,Economic Offences,2,409,1,100
1096,615,Manju Bellary,41,M,A3,Uttara Kannada,6,Economic Offences,2,130,1,100
1097,616,Anil Achar,27,M,A1,Kalaburagi (Gulbarga),7,Cyber Crimes,2,856,1,100
1098,616,Mahadeva Kini,34,M,A2,Kalaburagi (Gulbarga),7,Cyber Crimes,2,409,1,100
1099,617,Aslam C Hosur,32,M,A1,Bengaluru Urban,2,Crimes Against Property,1,856,1,100
1100,618,Basavaraj J Sheikh,27,M,A1,Gadag,7,Cyber Crimes,2,856,1,100
1101,618,Mallesh Prabhu,18,M,A2,Gadag,7,Cyber Crimes,2,409,1,100
1102,618,Umesh Devadiga,28,M,A3,Gadag,7,Cyber Crimes,2,130,1,100
1103,618,Darshan Kamath,29,M,A4,Gadag,7,Cyber Crimes,2,44,1,100
1104,618,Rajesh Ansari,35,M,A5,Gadag,7,Cyber Crimes,2,28,1,100
1105,619,Manju Maniyar,25,M,A1,Chitradurga,3,Crimes Against Women,2,856,1,100
1106,619,Srinivas Shenoy,38,M,A2,Chitradurga,3,Crimes Against Women,2,409,1,100
1107,620,Darshan Sheikh,27,M,A1,Chikkaballapura,1,Crimes Against Body,2,856,1,100
1108,621,Suresh Rao,30,M,A1,Haveri,11,Traffic Related Offences,2,856,1,100
1109,622,Ganesh Kamath,30,M,A1,Bengaluru Urban,11,Traffic Related Offences,1,856,1,100
1110,622,Anitha Char,18,F,A2,Bengaluru Urban,11,Traffic Related Offences,1,409,1,100
1111,622,Arshad K Bangera,25,M,A3,Bengaluru Urban,11,Traffic Related Offences,1,130,1,100
1112,623,Lokesh U Prabhu,33,M,A1,Chikkaballapura,2,Crimes Against Property,2,856,1,100
1113,624,Akbar Mulla,18,M,A1,Bengaluru Urban,8,Drug/Narcotic Offences,1,856,1,100
1114,625,Shivakumar Gowda,30,M,A1,Bengaluru Urban,1,Crimes Against Body,1,856,1,100
1115,626,Srinivas Hubli,35,M,A1,Bengaluru Urban,1,Crimes Against Body,1,856,1,100
1116,626,Ningappa Shaikh,39,M,A2,Bengaluru Urban,1,Crimes Against Body,1,409,1,100
1117,626,Gururaj D Patel,30,M,A3,Bengaluru Urban,1,Crimes Against Body,1,130,1,100
1118,627,Ismail Swamy,19,M,A1,Belagavi (Belgaum),2,Crimes Against Property,1,856,1,100
1119,628,Manju Shetty,29,M,A1,Vijayapura,6,Economic Offences,1,856,1,100
1120,629,Saleem Bhat,19,M,A1,Vijayapura,3,Crimes Against Women,2,856,1,100
1121,630,Faisal Swamy,24,M,A1,Shivamogga,3,Crimes Against Women,2,856,1,100
1122,630,Nagendra Ahmed,33,M,A2,Shivamogga,3,Crimes Against Women,2,409,1,100
1123,631,Byre Hosur,18,M,A1,Bengaluru Urban,6,Economic Offences,1,856,1,100
1124,632,Vijaykumar Desai,36,M,A1,Bengaluru Urban,6,Economic Offences,2,856,1,100
1125,633,Saleem Devadiga,26,M,A1,Dharwad,3,Crimes Against Women,2,856,1,100
1126,634,Venkatesh Char,25,M,A1,Mysuru,2,Crimes Against Property,1,856,1,100
1127,634,Vishwanath Bhat,30,M,A2,Mysuru,2,Crimes Against Property,1,409,1,100
1128,634,Mahadeva Gowda,18,M,A3,Mysuru,2,Crimes Against Property,1,130,1,100
1129,635,Madhu Gowda,29,M,A1,Gadag,7,Cyber Crimes,2,856,1,100
1130,636,Basavaraj Naidu,29,M,A1,Belagavi (Belgaum),11,Traffic Related Offences,3,856,1,100
1131,637,Ashok Joshi,28,M,A1,Mysuru,6,Economic Offences,2,856,1,100
1132,638,Darshan alias Daaru Darshan,38,M,A1,Raichur,11,Traffic Related Offences,2,856,1,100
1133,638,Mahadev Joshi,28,M,A2,Raichur,11,Traffic Related Offences,2,409,1,100
1134,639,Shabbir A Gowda,18,M,A1,Belagavi (Belgaum),7,Cyber Crimes,2,856,1,100
1135,639,Gururaj Nayak,18,M,A2,Belagavi (Belgaum),7,Cyber Crimes,2,409,1,100
1136,640,Pradeep Gowda,24,M,A1,Yadgir,8,Drug/Narcotic Offences,2,856,1,100
1137,641,Murali Patel,41,M,A1,Mandya,7,Cyber Crimes,2,856,1,100
1138,642,Faisal Murthy,25,M,A1,Bengaluru Urban,2,Crimes Against Property,1,856,1,100
1139,642,Mahadev Inamdar,33,M,A2,Bengaluru Urban,2,Crimes Against Property,1,409,1,100
1140,642,Irfan Patel,34,M,A3,Bengaluru Urban,2,Crimes Against Property,1,130,1,100
1141,642,Murali Gowda,28,M,A4,Bengaluru Urban,2,Crimes Against Property,1,44,1,100
1142,642,Vinay Hubli,20,M,A5,Bengaluru Urban,2,Crimes Against Property,1,28,1,100
1143,643,Shivu alias Sand Shivu,32,M,A1,Bengaluru Urban,12,Environmental Offences,2,856,1,100
1144,643,Nadeem Nair,30,M,A2,Bengaluru Urban,12,Environmental Offences,2,409,1,100
1145,644,Prasad Salian,26,M,A1,Bengaluru Urban,2,Crimes Against Property,2,856,1,100
1146,645,Aslam Kotian,42,M,A1,Bengaluru Urban,11,Traffic Related Offences,2,856,1,100
1147,646,Harish Joshi,33,M,A1,Bidar,12,Environmental Offences,2,856,1,100
1148,647,Chandrashekar Menon,37,M,A1,Koppal,10,Crimes Against Public Order,2,856,1,100
1149,648,Mahesh Khan,22,M,A1,Kodagu,7,Cyber Crimes,1,856,1,100
1150,649,Basheer M Ansari,25,M,A1,Bengaluru Urban,3,Crimes Against Women,3,856,1,100
1151,649,Madhu Kotian,37,M,A2,Bengaluru Urban,3,Crimes Against Women,3,409,1,100
1152,649,Rangaswamy Naidu,18,M,A3,Bengaluru Urban,3,Crimes Against Women,3,130,1,100
1153,650,Prasad Shaikh,23,M,A1,Kodagu,1,Crimes Against Body,2,856,1,100
1154,650,Naveen Hosur,25,M,A2,Kodagu,1,Crimes Against Body,2,409,1,100
1155,650,Hanumantha Menon,33,M,A3,Kodagu,1,Crimes Against Body,2,130,1,100
1156,651,Lokesh Bellary,37,M,A1,Kalaburagi (Gulbarga),8,Drug/Narcotic Offences,2,856,1,100
1157,651,Srinivas P Bangera,25,M,A2,Kalaburagi (Gulbarga),8,Drug/Narcotic Offences,2,409,1,100
1158,652,Nadeem Swamy,28,M,A1,Bengaluru Urban,2,Crimes Against Property,1,856,1,100
1159,653,Basavaraj Swamy,26,M,A1,Bengaluru Urban,4,Crimes Against Children,2,856,1,100
1160,654,Imran Ahmed alias Immi,39,M,A1,Bengaluru Urban,2,Crimes Against Property,2,856,1,100
1161,654,Faiz E Murthy,26,M,A2,Bengaluru Urban,2,Crimes Against Property,2,409,1,100
1162,655,Akbar Menon,28,M,A1,Belagavi (Belgaum),3,Crimes Against Women,2,856,1,100
1163,655,Rangaswamy Bangera,30,M,A2,Belagavi (Belgaum),3,Crimes Against Women,2,409,1,100
1164,656,Saleem T Shenoy,18,M,A1,Ballari (Bellary),14,Sexual Offences,2,856,1,100
1165,656,Deepak Pai,19,M,A2,Ballari (Bellary),14,Sexual Offences,2,409,1,100
1166,657,Darshan Ali,29,M,A1,Udupi,3,Crimes Against Women,2,856,1,100
1167,658,Kavitha Shenoy,25,F,A1,Dakshina Kannada,2,Crimes Against Property,1,856,1,100
1168,658,Basavaraj Gowda,31,T,A2,Dakshina Kannada,2,Crimes Against Property,1,409,1,100
1169,659,Basheer Swamy,30,M,A1,Mysuru,1,Crimes Against Body,2,856,1,100
1170,659,Madhu Rao,31,M,A2,Mysuru,1,Crimes Against Body,2,409,1,100
1171,660,Faisal Y Achar,23,M,A1,Bagalkote,6,Economic Offences,1,856,1,100
1172,660,Vijaya Patel,18,F,A2,Bagalkote,6,Economic Offences,1,409,1,100
1173,661,Ganesh Shetty,22,M,A1,Udupi,3,Crimes Against Women,2,856,1,100
1174,661,Hussain H Achar,18,M,A2,Udupi,3,Crimes Against Women,2,409,1,100
1175,662,Rajesh Swamy,27,M,A1,Bengaluru Urban,2,Crimes Against Property,1,856,1,100
1176,662,Rizwan Murthy,29,M,A2,Bengaluru Urban,2,Crimes Against Property,1,409,1,100
1177,662,Raghavendra Bhat,39,M,A3,Bengaluru Urban,2,Crimes Against Property,1,130,1,100
1178,662,Roopa Patel,30,F,A4,Bengaluru Urban,2,Crimes Against Property,1,44,1,100
1179,662,Kiran Hegde,35,M,A5,Bengaluru Urban,2,Crimes Against Property,1,28,1,100
1180,663,Prasad Ahmed,25,M,A1,Bengaluru Urban,10,Crimes Against Public Order,2,856,1,100
1181,663,Byre Kamath,39,M,A2,Bengaluru Urban,10,Crimes Against Public Order,2,409,1,100
1182,664,Prasad Hubli,29,M,A1,Kodagu,13,Crimes Related to Documents/Property,2,856,1,100
1183,665,Raghavendra Murthy,41,M,A1,Tumakuru,7,Cyber Crimes,2,856,1,100
1184,666,Vani Desai,32,F,A1,Uttara Kannada,2,Crimes Against Property,1,856,1,100
1185,666,Hanumantha Rao,25,M,A2,Uttara Kannada,2,Crimes Against Property,1,409,1,100
1186,667,Madhu Joshi,40,M,A1,Mysuru,3,Crimes Against Women,1,856,1,100
1187,668,Faisal K Kulkarni,18,M,A1,Bengaluru Urban,1,Crimes Against Body,1,856,1,100
1188,669,Rangaswamy Hiremath,29,M,A1,Vijayanagara,2,Crimes Against Property,2,856,1,100
1189,670,Syed Devadiga,22,M,A1,Bengaluru Urban,9,Arms Act Offences,2,856,1,100
1190,670,Shankar Kamath,26,M,A2,Bengaluru Urban,9,Arms Act Offences,2,409,1,100
1191,671,Mahadev Shaikh,28,M,A1,Mandya,7,Cyber Crimes,2,856,1,100
1192,671,Kamala Menon,25,F,A2,Mandya,7,Cyber Crimes,2,409,1,100
1193,671,Yasmin Salian,18,F,A3,Mandya,7,Cyber Crimes,2,130,1,100
1194,672,Amina Bangera,28,F,A1,Bengaluru Urban,2,Crimes Against Property,2,856,1,100
1195,673,Meena Siddiqui,32,F,A1,Mandya,7,Cyber Crimes,2,856,1,100
1196,674,Santhosh Ahmed,24,M,A1,Bengaluru Urban,4,Crimes Against Children,2,856,1,100
1197,675,Srinivas alias Nari Srinivas,24,M,A1,Bidar,8,Drug/Narcotic Offences,2,856,1,100
1198,675,Yusuf Bellary,32,M,A2,Bidar,8,Drug/Narcotic Offences,2,409,1,100
1199,676,Rajesh Shaikh,24,M,A1,Haveri,2,Crimes Against Property,1,856,1,100
1200,677,Venkatesh Shetty,33,M,A1,Bidar,2,Crimes Against Property,2,856,1,100
1201,677,Suresh Kotian,30,M,A2,Bidar,2,Crimes Against Property,2,409,1,100
1202,678,Mahadeva Swamy,18,M,A1,Mysuru,3,Crimes Against Women,2,856,1,100
1203,679,Srinivas Kulkarni,20,M,A1,Bengaluru Urban,7,Cyber Crimes,1,856,1,100
1204,679,Ashok Baig,26,M,A2,Bengaluru Urban,7,Cyber Crimes,1,409,1,100
1205,680,Ganesh C Murthy,35,M,A1,Shivamogga,7,Cyber Crimes,2,856,1,100
1206,680,Hussain M Inamdar,20,M,A2,Shivamogga,7,Cyber Crimes,2,409,1,100
1207,681,Lokesh F Patel,19,M,A1,Dakshina Kannada,6,Economic Offences,2,856,1,100
1208,682,Yogesh Ansari,20,M,A1,Belagavi (Belgaum),6,Economic Offences,2,856,1,100
1209,682,Vijaykumar Rao,34,M,A2,Belagavi (Belgaum),6,Economic Offences,2,409,1,100
1210,683,Arshad C Baig,20,M,A1,Gadag,6,Economic Offences,1,856,1,100
1211,684,Chandru A Joshi,21,M,A1,Mysuru,2,Crimes Against Property,2,856,1,100
1212,685,Vinay Mulla,23,M,A1,Belagavi (Belgaum),7,Cyber Crimes,2,856,1,100
1213,685,Yogesh Kotian,31,M,A2,Belagavi (Belgaum),7,Cyber Crimes,2,409,1,100
1214,685,Ravi T Khan,24,M,A3,Belagavi (Belgaum),7,Cyber Crimes,2,130,1,100
1215,686,Thimmappa Ahmed,28,M,A1,Shivamogga,2,Crimes Against Property,3,856,1,100
1216,686,Basavaraj Shenoy,24,M,A2,Shivamogga,2,Crimes Against Property,3,409,1,100
1217,687,Mahesh F Shetty,31,M,A1,Mysuru,2,Crimes Against Property,3,856,1,100
1218,688,Kumar Shaikh,31,M,A1,Bengaluru Urban,3,Crimes Against Women,2,856,1,100
1219,688,Rajesh Maniyar,23,M,A2,Bengaluru Urban,3,Crimes Against Women,2,409,1,100
1220,688,Pradeep Reddy,31,M,A3,Bengaluru Urban,3,Crimes Against Women,2,130,1,100
1221,689,Saleem Nair,26,M,A1,Belagavi (Belgaum),2,Crimes Against Property,2,856,1,100
1222,689,Mahesh Sayyad,36,M,A2,Belagavi (Belgaum),2,Crimes Against Property,2,409,1,100
1223,690,Faiz Salian,26,M,A1,Mysuru,2,Crimes Against Property,1,856,1,100
1224,691,Imran Ahmed alias Immi,39,M,A1,Bengaluru Urban,2,Crimes Against Property,2,856,1,100
1225,691,Kumar Rao,32,M,A2,Bengaluru Urban,2,Crimes Against Property,2,409,1,100
1226,692,Nadeem Sheikh,30,M,A1,Bengaluru Urban,1,Crimes Against Body,2,856,1,100
1227,693,Gururaj Hosur,30,M,A1,Bidar,7,Cyber Crimes,1,856,1,100
1228,694,Venkatesh Kulkarni,27,M,A1,Bagalkote,2,Crimes Against Property,2,856,1,100
1229,695,Mohammed Sharif,39,M,A1,Vijayapura,2,Crimes Against Property,2,856,1,100
1230,695,Naveen Rao,39,M,A2,Vijayapura,2,Crimes Against Property,2,409,1,100
1231,696,Imran Inamdar,24,M,A1,Uttara Kannada,1,Crimes Against Body,2,856,1,100
1232,697,Basheer Devadiga,33,M,A1,Mysuru,1,Crimes Against Body,1,856,1,100
1233,698,Suresh Ali,19,M,A1,Gadag,2,Crimes Against Property,2,856,1,100
1234,698,Darshan Mulla,31,M,A2,Gadag,2,Crimes Against Property,2,409,1,100
1235,698,Manjunath Maniyar,26,M,A3,Gadag,2,Crimes Against Property,2,130,1,100
1236,699,Iqbal Pai,36,M,A1,Davanagere,2,Crimes Against Property,2,856,1,100
1237,699,Madhu Poojary,34,M,A2,Davanagere,2,Crimes Against Property,2,409,1,100
1238,700,Sharada H Kini,27,F,A1,Kodagu,4,Crimes Against Children,2,856,1,100
1239,701,Vishwanath Sayyad,27,M,A1,Mysuru,11,Traffic Related Offences,2,856,1,100
1240,702,Saleem R Mulla,25,M,A1,Bengaluru Urban,13,Crimes Related to Documents/Property,2,856,1,100
1241,703,Ramesh Prabhu,29,M,A1,Bengaluru Urban,6,Economic Offences,2,856,1,100
1242,703,Satish Pai,18,M,A2,Bengaluru Urban,6,Economic Offences,2,409,1,100
1243,704,Thimmappa Rao,31,M,A1,Bengaluru Urban,8,Drug/Narcotic Offences,2,856,1,100
1244,704,Shabbir Prabhu,21,M,A2,Bengaluru Urban,8,Drug/Narcotic Offences,2,409,1,100
1245,705,Geetha Swamy,26,F,A1,Bengaluru Urban,3,Crimes Against Women,2,856,1,100
1246,705,Aslam Ali,23,M,A2,Bengaluru Urban,3,Crimes Against Women,2,409,1,100
1247,706,Sunitha Prabhu,18,F,A1,Bagalkote,1,Crimes Against Body,2,856,1,100
1248,706,Vinay Desai,32,M,A2,Bagalkote,1,Crimes Against Body,2,409,1,100
1249,706,Thimmappa Baig,31,M,A3,Bagalkote,1,Crimes Against Body,2,130,1,100
1250,707,Yogesh Baig,29,M,A1,Kalaburagi (Gulbarga),2,Crimes Against Property,2,856,1,100
1251,707,Nadeem Poojary,28,M,A2,Kalaburagi (Gulbarga),2,Crimes Against Property,2,409,1,100
1252,707,Siddappa Gowda,18,M,A3,Kalaburagi (Gulbarga),2,Crimes Against Property,2,130,1,100
1253,707,Lokesh Shaikh,32,M,A4,Kalaburagi (Gulbarga),2,Crimes Against Property,2,44,1,100
1254,707,Girish F Bangera,32,M,A5,Kalaburagi (Gulbarga),2,Crimes Against Property,2,28,1,100
1255,708,Vijaykumar Bangera,39,M,A1,Bidar,3,Crimes Against Women,2,856,1,100
1256,709,Ashok M Baig,30,M,A1,Vijayapura,4,Crimes Against Children,3,856,1,100
1257,709,Prasad S Bangera,22,M,A2,Vijayapura,4,Crimes Against Children,3,409,1,100
1258,710,Darshan Patil,32,M,A1,Bengaluru Urban,1,Crimes Against Body,3,856,1,100
1259,711,Vijaykumar Joshi,19,M,A1,Bengaluru Urban,2,Crimes Against Property,1,856,1,100
1260,712,Mahadeva Hegde,43,M,A1,Hassan,1,Crimes Against Body,2,856,1,100
1261,712,Ganesh Devadiga,27,M,A2,Hassan,1,Crimes Against Body,2,409,1,100
1262,713,Ramesh A Prabhu,31,M,A1,Udupi,9,Arms Act Offences,2,856,1,100
1263,714,Rakesh Shetty,23,M,A1,Bengaluru Urban,2,Crimes Against Property,2,856,1,100
1264,714,Mumtaz Hiremath,38,F,A2,Bengaluru Urban,2,Crimes Against Property,2,409,1,100
1265,714,Shankar Bellary,26,M,A3,Bengaluru Urban,2,Crimes Against Property,2,130,1,100
1266,715,Yusuf Ahmed,26,M,A1,Tumakuru,1,Crimes Against Body,2,856,1,100
1267,716,Rashid Swamy,19,M,A1,Bengaluru Urban,2,Crimes Against Property,2,856,1,100
1268,717,Harish Naidu,33,M,A1,Ballari (Bellary),11,Traffic Related Offences,2,856,1,100
1269,717,Suresh Inamdar,22,M,A2,Ballari (Bellary),11,Traffic Related Offences,2,409,1,100
1270,718,Venkatesh H Kamath,29,M,A1,Vijayanagara,3,Crimes Against Women,2,856,1,100
1271,719,Mahesh Poojary,26,M,A1,Chikkamagaluru,2,Crimes Against Property,1,856,1,100
1272,719,Nadeem Salian,21,M,A2,Chikkamagaluru,2,Crimes Against Property,1,409,1,100
1273,720,Pradeep Sayyad,36,M,A1,Raichur,2,Crimes Against Property,2,856,1,100
1274,721,Shabbir Kini,30,M,A1,Haveri,3,Crimes Against Women,2,856,1,100
1275,722,Nadeem Hegde,41,M,A1,Chikkaballapura,1,Crimes Against Body,1,856,1,100
1276,722,Nagendra Suvarna,23,M,A2,Chikkaballapura,1,Crimes Against Body,1,409,1,100
1277,722,Rangaswamy Suvarna,39,M,A3,Chikkaballapura,1,Crimes Against Body,1,130,1,100
1278,723,Vijaykumar Kamath,33,M,A1,Ballari (Bellary),1,Crimes Against Body,1,856,1,100
1279,723,Nadeem Kini,18,M,A2,Ballari (Bellary),1,Crimes Against Body,1,409,1,100
1280,724,Vinay alias Auto Vinay,22,M,A1,Bengaluru Urban,2,Crimes Against Property,2,856,1,100
1281,724,Deepak Ahmed,30,M,A2,Bengaluru Urban,2,Crimes Against Property,2,409,1,100
1282,725,Mallesh L Suvarna,18,M,A1,Bengaluru Urban,10,Crimes Against Public Order,2,856,1,100
1283,726,Ismail Suvarna,34,M,A1,Uttara Kannada,3,Crimes Against Women,2,856,1,100
1284,726,Vinay Poojary,35,M,A2,Uttara Kannada,3,Crimes Against Women,2,409,1,100
1285,727,Nagaraj Shaikh,18,M,A1,Bengaluru Urban,12,Environmental Offences,2,856,1,100
1286,728,Chandru Char,39,M,A1,Dakshina Kannada,1,Crimes Against Body,2,856,1,100
1287,729,Puttaswamy M Nair,26,M,A1,Udupi,14,Sexual Offences,1,856,1,100
1288,730,Harish alias Rowdy Harish,31,M,A1,Chikkamagaluru,1,Crimes Against Body,2,856,1,100
1289,730,Kempe Pai,31,M,A2,Chikkamagaluru,1,Crimes Against Body,2,409,1,100
1290,731,Suresh Naidu,31,M,A1,Tumakuru,1,Crimes Against Body,2,856,1,100
1291,732,Shivakumar R Kotian,29,M,A1,Belagavi (Belgaum),8,Drug/Narcotic Offences,2,856,1,100
1292,733,Suresh alias Chain Suresh,24,M,A1,Dakshina Kannada,2,Crimes Against Property,2,856,1,100
1293,733,Abdul Ahmed,25,M,A2,Dakshina Kannada,2,Crimes Against Property,2,409,1,100
1294,734,Satish Prabhu,32,T,A1,Tumakuru,11,Traffic Related Offences,2,856,1,100
1295,734,Keshav Hubli,31,M,A2,Tumakuru,11,Traffic Related Offences,2,409,1,100
1296,735,Bhagya Naidu,30,F,A1,Uttara Kannada,3,Crimes Against Women,2,856,1,100
1297,735,Prakash Hubli,33,M,A2,Uttara Kannada,3,Crimes Against Women,2,409,1,100
1298,736,Gopal Sayyad,25,M,A1,Bengaluru Urban,9,Arms Act Offences,2,856,1,100
1299,737,Ismail L Achar,29,M,A1,Bengaluru Urban,7,Cyber Crimes,2,856,1,100
1300,738,Dinesh Mulla,30,M,A1,Mysuru,8,Drug/Narcotic Offences,3,856,1,100
1301,739,Umesh Baig,42,M,A1,Bengaluru Urban,1,Crimes Against Body,2,856,1,100
1302,740,Shamsher alias Bullet,37,M,A1,Dharwad,9,Arms Act Offences,2,856,1,100
1303,740,Manju R Shetty,27,M,A2,Dharwad,9,Arms Act Offences,2,409,1,100
1304,741,Ashok Mulla,28,M,A1,Ballari (Bellary),4,Crimes Against Children,2,856,1,100
1305,742,Abdul Patil,29,M,A1,Bengaluru Urban,2,Crimes Against Property,2,856,1,100
1306,742,Santosh Maniyar,24,M,A2,Bengaluru Urban,2,Crimes Against Property,2,409,1,100
1307,742,Pradeep Prabhu,18,M,A3,Bengaluru Urban,2,Crimes Against Property,2,130,1,100
1308,743,Girish Khan,34,M,A1,Chamarajanagara,14,Sexual Offences,2,856,1,100
1309,744,Faiz Prabhu,35,M,A1,Belagavi (Belgaum),2,Crimes Against Property,2,856,1,100
1310,745,Hanumantha T Hiremath,20,M,A1,Bengaluru Urban,7,Cyber Crimes,3,856,1,100
1311,746,Rizwan Bangera,34,M,A1,Dharwad,1,Crimes Against Body,1,856,1,100
1312,747,Madhu H Poojary,29,M,A1,Kodagu,2,Crimes Against Property,2,856,1,100
1313,748,Kiran T Naidu,31,M,A1,Bengaluru Urban,7,Cyber Crimes,1,856,1,100
1314,749,Nandini Patel,26,F,A1,Bengaluru Urban,8,Drug/Narcotic Offences,2,856,1,100
1315,749,Rajesh Kamath,26,M,A2,Bengaluru Urban,8,Drug/Narcotic Offences,2,409,1,100
1316,750,Venkatesh G Kamath,18,M,A1,Davanagere,1,Crimes Against Body,3,856,1,100
1317,751,Gopal Devadiga,34,M,A1,Uttara Kannada,5,Crimes Against SCs/STs,3,856,1,100
1318,751,Chandru Suvarna,28,M,A2,Uttara Kannada,5,Crimes Against SCs/STs,3,409,1,100
1319,751,Kiran Hiremath,21,M,A3,Uttara Kannada,5,Crimes Against SCs/STs,3,130,1,100
1320,751,Hanumantha Joshi,34,M,A4,Uttara Kannada,5,Crimes Against SCs/STs,3,44,1,100
1321,752,Saleem Hiremath,22,M,A1,Tumakuru,4,Crimes Against Children,2,856,1,100
1322,753,Pradeep E Inamdar,30,M,A1,Dakshina Kannada,7,Cyber Crimes,2,856,1,100
1323,753,Santosh Achar,33,M,A2,Dakshina Kannada,7,Cyber Crimes,2,409,1,100
1324,754,Mahadeva D Prabhu,35,M,A1,Bengaluru Urban,3,Crimes Against Women,2,856,1,100
1325,755,Prakash M Pai,42,M,A1,Bengaluru Urban,3,Crimes Against Women,2,856,1,100
1326,755,Syed Rao,20,M,A2,Bengaluru Urban,3,Crimes Against Women,2,409,1,100
1327,756,Shivakumar Bellary,29,M,A1,Bengaluru Urban,8,Drug/Narcotic Offences,2,856,1,100
1328,757,Yogesh Hosur,33,M,A1,Tumakuru,11,Traffic Related Offences,2,856,1,100
1329,757,Pradeep Patel,24,M,A2,Tumakuru,11,Traffic Related Offences,2,409,1,100
1330,758,Suresh Nair,32,M,A1,Udupi,8,Drug/Narcotic Offences,2,856,1,100
1331,759,Lakshmi Kulkarni,29,F,A1,Bengaluru Urban,7,Cyber Crimes,2,856,1,100
1332,759,Umesh Inamdar,30,M,A2,Bengaluru Urban,7,Cyber Crimes,2,409,1,100
1333,760,Ismail A Baig,25,M,A1,Bengaluru Urban,6,Economic Offences,2,856,1,100
1334,761,Dinesh Hosur,34,M,A1,Bengaluru Rural,3,Crimes Against Women,2,856,1,100
1335,762,Prakash Reddy,28,M,A1,Mysuru,6,Economic Offences,2,856,1,100
1336,763,Manja alias Ganja Manja,34,M,A1,Bengaluru Urban,8,Drug/Narcotic Offences,3,856,1,100
1337,763,Chandru G Naidu,31,M,A2,Bengaluru Urban,8,Drug/Narcotic Offences,3,409,1,100
1338,764,Rajesh G Bangera,29,M,A1,Bengaluru Urban,8,Drug/Narcotic Offences,1,856,1,100
1339,764,Venkatesh K Shetty,31,M,A2,Bengaluru Urban,8,Drug/Narcotic Offences,1,409,1,100
1340,765,Santosh P Achar,18,M,A1,Tumakuru,1,Crimes Against Body,1,856,1,100
1341,765,Ashok H Patel,34,M,A2,Tumakuru,1,Crimes Against Body,1,409,1,100
1342,765,Ningappa Char,42,M,A3,Tumakuru,1,Crimes Against Body,1,130,1,100
1343,766,Naveen Baig,30,M,A1,Yadgir,2,Crimes Against Property,2,856,1,100
1344,767,Harish Patel,22,M,A1,Chitradurga,2,Crimes Against Property,2,856,1,100
1345,767,Prasad Reddy,18,M,A2,Chitradurga,2,Crimes Against Property,2,409,1,100
1346,768,Kiran W Siddiqui,37,M,A1,Tumakuru,1,Crimes Against Body,1,856,1,100
1347,769,Yusuf Khan,37,M,A1,Bidar,2,Crimes Against Property,1,856,1,100
1348,769,Hussain Desai,26,M,A2,Bidar,2,Crimes Against Property,1,409,1,100
1349,770,Harish Swamy,28,M,A1,Mandya,2,Crimes Against Property,3,856,1,100
1350,771,Umesh Ahmed,34,M,A1,Mysuru,9,Arms Act Offences,2,856,1,100
1351,772,Shankar Patel,38,M,A1,Dharwad,6,Economic Offences,2,856,1,100
1352,773,Manjunath Hubli,24,M,A1,Bidar,5,Crimes Against SCs/STs,2,856,1,100
1353,773,Prema B Nair,32,F,A2,Bidar,5,Crimes Against SCs/STs,2,409,1,100
1354,774,Dinesh Ansari,22,M,A1,Bengaluru Urban,6,Economic Offences,2,856,1,100
1355,775,Vishwanath Pai,31,M,A1,Kolar,7,Cyber Crimes,2,856,1,100
1356,775,Santosh Sheikh,23,M,A2,Kolar,7,Cyber Crimes,2,409,1,100
1357,776,Shivu alias Sand Shivu,30,M,A1,Chitradurga,12,Environmental Offences,2,856,1,100
1358,776,Yusuf Inamdar,27,M,A2,Chitradurga,12,Environmental Offences,2,409,1,100
1359,777,Ramesh Kotian,23,M,A1,Chamarajanagara,1,Crimes Against Body,3,856,1,100
1360,778,Byre A Hubli,34,M,A1,Belagavi (Belgaum),1,Crimes Against Body,1,856,1,100
1361,779,Santhosh Naidu,22,M,A1,Mysuru,10,Crimes Against Public Order,2,856,1,100
1362,780,Arshad Gowda,29,M,A1,Bengaluru Urban,8,Drug/Narcotic Offences,2,856,1,100
1363,780,Vishwanath Qureshi,36,M,A2,Bengaluru Urban,8,Drug/Narcotic Offences,2,409,1,100
1364,780,Umesh M Patil,25,M,A3,Bengaluru Urban,8,Drug/Narcotic Offences,2,130,1,100
1365,781,Naveen Siddiqui,41,M,A1,Chitradurga,11,Traffic Related Offences,2,856,1,100
1366,782,Prasad V Ahmed,24,M,A1,Shivamogga,14,Sexual Offences,2,856,1,100
1367,783,Shankar Shenoy,25,M,A1,Tumakuru,3,Crimes Against Women,2,856,1,100
1368,783,Suma Kulkarni,26,F,A2,Tumakuru,3,Crimes Against Women,2,409,1,100
1369,784,Ravi Shetty,33,M,A1,Bengaluru Urban,13,Crimes Related to Documents/Property,2,856,1,100
1370,784,Jagadish Ansari,27,M,A2,Bengaluru Urban,13,Crimes Related to Documents/Property,2,409,1,100
1371,785,Ganesh H Siddiqui,19,M,A1,Bengaluru Urban,1,Crimes Against Body,2,856,1,100
1372,785,Asha Kini,43,F,A2,Bengaluru Urban,1,Crimes Against Body,2,409,1,100
1373,786,Pradeep Sheikh,28,M,A1,Dakshina Kannada,3,Crimes Against Women,2,856,1,100
1374,787,Nadeem K Baig,27,M,A1,Raichur,8,Drug/Narcotic Offences,2,856,1,100
1375,788,Chandrashekar Bhat,30,M,A1,Kalaburagi (Gulbarga),2,Crimes Against Property,2,856,1,100
1376,789,Puttaswamy N Joshi,33,M,A1,Belagavi (Belgaum),13,Crimes Related to Documents/Property,3,856,1,100
1377,789,Irfan M Naidu,26,M,A2,Belagavi (Belgaum),13,Crimes Related to Documents/Property,3,409,1,100
1378,790,Irfan H Ansari,27,M,A1,Bengaluru Urban,2,Crimes Against Property,1,856,1,100
1379,790,Srinivas Hegde,34,M,A2,Bengaluru Urban,2,Crimes Against Property,1,409,1,100
1380,791,Anwar Reddy,19,M,A1,Belagavi (Belgaum),8,Drug/Narcotic Offences,2,856,1,100
1381,791,Keshav Siddiqui,24,M,A2,Belagavi (Belgaum),8,Drug/Narcotic Offences,2,409,1,100
1382,791,Deepak Reddy,36,M,A3,Belagavi (Belgaum),8,Drug/Narcotic Offences,2,130,1,100
1383,791,Kumar S Patil,29,M,A4,Belagavi (Belgaum),8,Drug/Narcotic Offences,2,44,1,100
1384,791,Aslam Poojary,36,M,A5,Belagavi (Belgaum),8,Drug/Narcotic Offences,2,28,1,100
1385,791,Umesh Qureshi,30,M,A6,Belagavi (Belgaum),8,Drug/Narcotic Offences,2,16,1,100
1386,792,Srinivas Ansari,29,M,A1,Belagavi (Belgaum),11,Traffic Related Offences,2,856,1,100
1387,793,Yusuf Rao,31,M,A1,Chamarajanagara,7,Cyber Crimes,2,856,1,100
1388,793,Umesh Bangera,35,M,A2,Chamarajanagara,7,Cyber Crimes,2,409,1,100
1389,793,Jagadish N Desai,28,M,A3,Chamarajanagara,7,Cyber Crimes,2,130,1,100
1390,794,Kempe Hosur,26,M,A1,Tumakuru,2,Crimes Against Property,1,856,1,100
1391,795,Faisal Bangera,36,M,A1,Shivamogga,8,Drug/Narcotic Offences,2,856,1,100
1392,795,Suresh A Murthy,39,M,A2,Shivamogga,8,Drug/Narcotic Offences,2,409,1,100
1393,796,Lokesh alias Looti Lokesh,22,M,A1,Dharwad,2,Crimes Against Property,2,856,1,100
1394,796,Satish Naidu,22,M,A2,Dharwad,2,Crimes Against Property,2,409,1,100
1395,797,Aslam Char,32,M,A1,Belagavi (Belgaum),2,Crimes Against Property,2,856,1,100
1396,798,Keshav Swamy,39,M,A1,Bengaluru Urban,6,Economic Offences,2,856,1,100
1397,798,Mohan Char,19,M,A2,Bengaluru Urban,6,Economic Offences,2,409,1,100
1398,799,Madhu Shenoy,38,M,A1,Uttara Kannada,2,Crimes Against Property,2,856,1,100
1399,800,Papanna alias Paapi,25,M,A1,Bengaluru Urban,1,Crimes Against Body,1,856,1,100
1400,800,Mahesh Hosur,32,M,A2,Bengaluru Urban,1,Crimes Against Body,1,409,1,100
1401,801,Iqbal Rao,29,M,A1,Haveri,7,Cyber Crimes,2,856,1,100
1402,801,Manjunath Khan,26,M,A2,Haveri,7,Cyber Crimes,2,409,1,100
1403,801,Iqbal Swamy,20,M,A3,Haveri,7,Cyber Crimes,2,130,1,100
1404,801,Hussain Swamy,29,M,A4,Haveri,7,Cyber Crimes,2,44,1,100
1405,802,Rangaswamy Hegde,28,M,A1,Bengaluru Urban,2,Crimes Against Property,1,856,1,100
1406,803,Naveen Sayyad,18,M,A1,Mysuru,2,Crimes Against Property,2,856,1,100
1407,803,Arshad Nayak,22,M,A2,Mysuru,2,Crimes Against Property,2,409,1,100
1408,803,Ramesh Hubli,21,M,A3,Mysuru,2,Crimes Against Property,2,130,1,100
1409,804,Imran Ali,27,M,A1,Tumakuru,7,Cyber Crimes,3,856,1,100
1410,804,Rashid Bhat,29,M,A2,Tumakuru,7,Cyber Crimes,3,409,1,100
1411,804,Chitra Sheikh,37,F,A3,Tumakuru,7,Cyber Crimes,3,130,1,100
1412,804,Jayamma Shenoy,21,F,A4,Tumakuru,7,Cyber Crimes,3,44,1,100
1413,804,Vishwanath Kini,39,M,A5,Tumakuru,7,Cyber Crimes,3,28,1,100
1414,804,Arshad K Shaikh,18,M,A6,Tumakuru,7,Cyber Crimes,3,16,1,100
1415,804,Manjula Ali,26,F,A7,Tumakuru,7,Cyber Crimes,3,11,1,100
1416,805,Darshan Inamdar,42,M,A1,Belagavi (Belgaum),1,Crimes Against Body,2,856,1,100
1417,805,Vishwanath Kamath,32,M,A2,Belagavi (Belgaum),1,Crimes Against Body,2,409,1,100
1418,806,Abdul N Swamy,38,M,A1,Yadgir,7,Cyber Crimes,2,856,1,100
1419,807,Dinesh Prabhu,36,M,A1,Bengaluru Urban,1,Crimes Against Body,2,856,1,100
1420,807,Anwar M Char,29,M,A2,Bengaluru Urban,1,Crimes Against Body,2,409,1,100
1421,808,Keshav Inamdar,31,M,A1,Kolar,2,Crimes Against Property,2,856,1,100
1422,808,Anwar Bangera,40,M,A2,Kolar,2,Crimes Against Property,2,409,1,100
1423,809,Kiran Gowda,31,M,A1,Belagavi (Belgaum),7,Cyber Crimes,2,856,1,100
1424,809,Irfan Achar,32,M,A2,Belagavi (Belgaum),7,Cyber Crimes,2,409,1,100
1425,810,Pradeep Char,33,M,A1,Dakshina Kannada,5,Crimes Against SCs/STs,1,856,1,100
1426,811,Manju Menon,18,M,A1,Yadgir,4,Crimes Against Children,2,856,1,100
1427,811,Lokesh Achar,21,M,A2,Yadgir,4,Crimes Against Children,2,409,1,100
1428,811,Gururaj Char,33,M,A3,Yadgir,4,Crimes Against Children,2,130,1,100
1429,812,Yogesh V Patel,29,M,A1,Bagalkote,11,Traffic Related Offences,3,856,1,100
1430,813,Venkatesh Gowda,34,M,A1,Chikkamagaluru,3,Crimes Against Women,2,856,1,100
1431,814,Ningappa Shetty,25,M,A1,Mysuru,1,Crimes Against Body,1,856,1,100
1432,814,Pradeep J Gowda,23,M,A2,Mysuru,1,Crimes Against Body,1,409,1,100
1433,814,Manjunath M Sheikh,38,M,A3,Mysuru,1,Crimes Against Body,1,130,1,100
1434,815,Umesh S Patil,21,M,A1,Dharwad,11,Traffic Related Offences,2,856,1,100
1435,815,Satish Siddiqui,28,M,A2,Dharwad,11,Traffic Related Offences,2,409,1,100
1436,816,Rajesh Patel,27,M,A1,Mysuru,2,Crimes Against Property,1,856,1,100
1437,817,Yusuf E Achar,26,M,A1,Shivamogga,6,Economic Offences,1,856,1,100
1438,818,Chandru Hegde,32,M,A1,Udupi,1,Crimes Against Body,2,856,1,100
1439,818,Ramesh Nadaf,23,M,A2,Udupi,1,Crimes Against Body,2,409,1,100
1440,819,Basavaraj Khan,25,M,A1,Dakshina Kannada,10,Crimes Against Public Order,2,856,1,100
1441,820,Pradeep N Hosur,27,M,A1,Haveri,5,Crimes Against SCs/STs,2,856,1,100
1442,820,Thimmappa Reddy,29,M,A2,Haveri,5,Crimes Against SCs/STs,2,409,1,100
1443,821,Yogesh Kulkarni,25,M,A1,Bengaluru Urban,1,Crimes Against Body,2,856,1,100
1444,822,Darshan Gowda,30,M,A1,Dakshina Kannada,3,Crimes Against Women,2,856,1,100
1445,823,Kumar Hosur,25,M,A1,Bengaluru Urban,2,Crimes Against Property,2,856,1,100
1446,824,Ningappa Nair,35,M,A1,Belagavi (Belgaum),1,Crimes Against Body,2,856,1,100
1447,825,Santosh Bhat,35,M,A1,Vijayapura,2,Crimes Against Property,2,856,1,100
1448,825,Ganesh Gowda,21,M,A2,Vijayapura,2,Crimes Against Property,2,409,1,100
1449,826,Puttaswamy alias Land Puttu,31,M,A1,Bengaluru Urban,13,Crimes Related to Documents/Property,2,856,1,100
1450,826,Gururaj Nair,30,M,A2,Bengaluru Urban,13,Crimes Related to Documents/Property,2,409,1,100
1451,827,Kumar Sayyad,24,M,A1,Ballari (Bellary),2,Crimes Against Property,2,856,1,100
1452,828,Yogesh Nayak,20,M,A1,Belagavi (Belgaum),9,Arms Act Offences,1,856,1,100
1453,829,Kumar Pai,40,M,A1,Ballari (Bellary),3,Crimes Against Women,2,856,1,100
1454,830,Rizwan Poojary,18,M,A1,Kalaburagi (Gulbarga),2,Crimes Against Property,1,856,1,100
1455,831,Thimmappa Shetty,31,M,A1,Chitradurga,1,Crimes Against Body,3,856,1,100
1456,832,Hussain F Bellary,24,M,A1,Gadag,1,Crimes Against Body,2,856,1,100
1457,832,Nagaraj Hosur,18,M,A2,Gadag,1,Crimes Against Body,2,409,1,100
1458,832,Vinay T Rao,31,M,A3,Gadag,1,Crimes Against Body,2,130,1,100
1459,833,Basavaraj S Hegde,22,M,A1,Bengaluru Urban,6,Economic Offences,2,856,1,100
1460,834,Umesh F Shetty,25,M,A1,Bagalkote,8,Drug/Narcotic Offences,1,856,1,100
1461,835,Harish Menon,27,M,A1,Hassan,2,Crimes Against Property,2,856,1,100
1462,836,Imran Char,29,M,A1,Bengaluru Urban,1,Crimes Against Body,3,856,1,100
1463,836,Kiran Nair,26,M,A2,Bengaluru Urban,1,Crimes Against Body,3,409,1,100
1464,837,Murali J Patel,31,M,A1,Bengaluru Urban,7,Cyber Crimes,1,856,1,100
1465,838,Venkatesh M Char,21,M,A1,Vijayanagara,11,Traffic Related Offences,2,856,1,100
1466,839,Harish Salian,29,M,A1,Bengaluru Urban,2,Crimes Against Property,2,856,1,100
1467,839,Deepak U Devadiga,22,M,A2,Bengaluru Urban,2,Crimes Against Property,2,409,1,100
1468,840,Kumar Khan,27,M,A1,Belagavi (Belgaum),2,Crimes Against Property,1,856,1,100
1469,841,Srinivas Y Patil,36,M,A1,Haveri,5,Crimes Against SCs/STs,3,856,1,100
1470,842,Satish Kotian,37,M,A1,Bidar,7,Cyber Crimes,2,856,1,100
1471,843,Muniyappa alias Muni,35,M,A1,Bengaluru Urban,3,Crimes Against Women,2,856,1,100
1472,843,Faisal Kamath,26,M,A2,Bengaluru Urban,3,Crimes Against Women,2,409,1,100
1473,844,Dinesh J Maniyar,32,M,A1,Belagavi (Belgaum),8,Drug/Narcotic Offences,2,856,1,100
1474,845,Aslam A Qureshi,27,M,A1,Chitradurga,8,Drug/Narcotic Offences,1,856,1,100
1475,845,Abdul C Ahmed,40,M,A2,Chitradurga,8,Drug/Narcotic Offences,1,409,1,100
1476,845,Kempe Reddy,31,M,A3,Chitradurga,8,Drug/Narcotic Offences,1,130,1,100
1477,846,Mahesh Bellary,34,M,A1,Bengaluru Urban,7,Cyber Crimes,2,856,1,100
1478,846,Faiz J Khan,21,M,A2,Bengaluru Urban,7,Cyber Crimes,2,409,1,100
1479,847,Ashok Hegde,22,M,A1,Bengaluru Urban,1,Crimes Against Body,1,856,1,100
1480,847,Mallesh Ansari,30,M,A2,Bengaluru Urban,1,Crimes Against Body,1,409,1,100
1481,847,Vani Pai,24,F,A3,Bengaluru Urban,1,Crimes Against Body,1,130,1,100
1482,848,Murali Desai,34,M,A1,Chikkamagaluru,11,Traffic Related Offences,2,856,1,100
1483,849,Ravi K Poojary,41,M,A1,Bengaluru Urban,11,Traffic Related Offences,2,856,1,100
1484,850,Ravi alias Katthi Ravi,25,M,A1,Bengaluru Urban,1,Crimes Against Body,1,856,1,100
1485,850,Gururaj Khan,22,M,A2,Bengaluru Urban,1,Crimes Against Body,1,409,1,100
1486,851,Siddappa Reddy,20,M,A1,Mandya,2,Crimes Against Property,2,856,1,100
1487,851,Mohammed F Nadaf,28,M,A2,Mandya,2,Crimes Against Property,2,409,1,100
1488,852,Shivu Kini,37,M,A1,Bengaluru Urban,1,Crimes Against Body,2,856,1,100
1489,852,Mahadev Ansari,36,M,A2,Bengaluru Urban,1,Crimes Against Body,2,409,1,100
1490,852,Naveen Poojary,27,M,A3,Bengaluru Urban,1,Crimes Against Body,2,130,1,100
1491,852,Kempe L Shetty,28,M,A4,Bengaluru Urban,1,Crimes Against Body,2,44,1,100
1492,852,Srinivas Nair,29,M,A5,Bengaluru Urban,1,Crimes Against Body,2,28,1,100
1493,852,Chandrashekar Kulkarni,33,M,A6,Bengaluru Urban,1,Crimes Against Body,2,16,1,100
1494,852,Girish N Naidu,22,M,A7,Bengaluru Urban,1,Crimes Against Body,2,11,1,100
1495,853,Vijaykumar Baig,29,M,A1,Gadag,6,Economic Offences,2,856,1,100
1496,853,Vani Prabhu,30,F,A2,Gadag,6,Economic Offences,2,409,1,100
1497,854,Nagendra Hegde,32,M,A1,Bengaluru Urban,8,Drug/Narcotic Offences,3,856,1,100
1498,855,Faiz Nair,29,M,A1,Bengaluru Urban,2,Crimes Against Property,2,856,1,100
1499,856,Faiz W Kini,21,M,A1,Chamarajanagara,2,Crimes Against Property,2,856,1,100
1500,856,Santosh Patel,36,M,A2,Chamarajanagara,2,Crimes Against Property,2,409,1,100
