CaseMasterID,CrimeNo,CaseNo,CrimeRegisteredDate,PolicePersonID,PoliceStationID,CaseCategoryID,GravityOffenceID,CrimeMajorHeadID,CrimeMinorHeadID,CaseStatusID,CourtID,IncidentFromDate,IncidentToDate,InfoReceivedPSDate,latitude,longitude,BriefFacts
1,200120146202400001,202400001,2024-09-26,100,146,2,3,1,3,7,13,2024-09-23 00:00:00,2024-09-24 00:00:00,2024-09-25 00:00:00,14.497149,75.936116,"The complainant reported that Anitha died following an altercation with his neighbour near College Road, suspected to involve an extramarital affair suspicion."
2,200200161202500001,202500001,2025-08-07,19,161,2,2,4,18,7,1,2025-08-05 00:00:00,2025-08-06 00:00:00,2025-08-06 00:00:00,15.328438,76.14819,The complainant reported an incident related to crimes against children occurring near Old Town. Investigation is underway to ascertain further facts.
3,100250175202400001,202400001,2024-06-15,135,175,1,2,2,9,1,,2024-06-13 00:00:00,2024-06-15 00:00:00,2024-06-15 00:00:00,13.945979,75.511798,"Unknown persons broke into the complainant's premises at Old Town at night and decamped with valuables worth Rs 311,000."
4,100110143202500001,202500001,2025-12-19,97,143,1,1,2,9,3,1,2025-12-18 00:00:00,2025-12-20 00:00:00,2025-12-19 00:00:00,12.864917,74.807862,"Unknown persons broke into the complainant's premises at Ring Road at night and decamped with valuables worth Rs 438,000."
5,100050117202600001,202600001,2026-06-03,133,117,1,1,1,4,1,,2026-06-03 00:00:00,2026-06-03 00:00:00,2026-06-03 00:00:00,12.993592,77.612514,"The complainant stated that a known acquaintance assaulted them near Industrial Layout following an argument over past enmity, causing hurt."
6,200050115202400001,202400001,2024-09-04,83,115,2,1,8,33,4,33,2024-08-28 00:00:00,2024-08-28 00:00:00,2024-08-28 00:00:00,12.967721,77.672338,"A police patrol near Station Road intercepted a vehicle and recovered narcotic substances weighing 3.4 kg, suspected to be in transit for sale."
7,400050116202400001,202400001,2024-05-19,10,116,4,2,2,9,2,36,2024-05-14 00:00:00,2024-05-14 00:00:00,2024-05-19 00:00:00,12.938462,77.642636,"Unknown persons broke into the complainant's premises at Industrial Layout at night and decamped with valuables worth Rs 219,000."
8,100050126202600001,202600001,2026-06-06,42,126,1,3,7,27,3,1,2026-05-31 00:00:00,2026-06-02 00:00:00,2026-06-03 00:00:00,13.025056,77.534781,"The complainant received a call from an unknown person claiming to be a bank official, who obtained OTP details and transferred Rs 436,000 from the complainant's account."
9,100050116202500001,202500001,2025-10-24,10,116,1,2,3,13,1,,2025-10-24 00:00:00,2025-10-25 00:00:00,2025-10-24 00:00:00,13.064951,77.654755,The complainant reported that her in-laws made unwelcome advances and passed lewd remarks towards her near Ring Road.
10,400090135202400001,202400001,2024-12-08,11,135,4,1,2,6,2,10,2024-12-07 00:00:00,2024-12-07 00:00:00,2024-12-07 00:00:00,13.293054,75.778279,"The complainant's laptop was stolen from outside their residence at College Road, valued at approximately Rs 165,000."
11,400110144202500001,202500001,2025-01-08,91,144,4,1,2,6,7,1,2025-01-07 00:00:00,2025-01-08 00:00:00,2025-01-08 00:00:00,12.86162,74.886097,"The complainant's two-wheeler was stolen from outside their residence at College Road, valued at approximately Rs 361,000."
12,100050127202500001,202500001,2025-08-20,78,127,1,2,2,9,2,36,2025-08-16 00:00:00,2025-08-18 00:00:00,2025-08-19 00:00:00,13.073912,77.645142,"Unknown persons broke into the complainant's premises at Gandhi Nagar at night and decamped with valuables worth Rs 207,000."
13,100170155202400001,202400001,2024-03-21,1,155,1,2,3,11,1,,2024-03-21 00:00:00,2024-03-22 00:00:00,2024-03-21 00:00:00,17.36741,76.874065,The victim Manoj died under suspicious circumstances at her matrimonial home. The complainant alleges harassment for dowry by an unidentified assailant.
14,100180157202500001,202500001,2025-07-22,63,157,1,1,8,32,1,,2025-07-15 00:00:00,2025-07-17 00:00:00,2025-07-18 00:00:00,12.430367,75.671124,Police intercepted the accused near Ring Road and recovered 6.5 kg of ganja from their possession.
15,100050123202500001,202500001,2025-10-26,44,123,1,1,2,10,2,33,2025-10-22 00:00:00,2025-10-23 00:00:00,2025-10-25 00:00:00,12.949261,77.684524,The complainant reported that their scooter parked near College Road was stolen overnight. The vehicle was not recovered at the time of registration.
16,800050117202400001,202400001,2024-09-05,158,117,8,2,1,2,10,,2024-09-02 00:00:00,2024-09-03 00:00:00,2024-09-04 00:00:00,12.919422,77.589372,The accused attacked Manoj with a sharp weapon near College Road following a quarrel over a financial transaction. The victim was rushed to hospital with grievous injuries.
17,100220169202400001,202400001,2024-03-02,68,169,1,2,3,11,5,,2024-03-01 00:00:00,2024-03-02 00:00:00,2024-03-02 00:00:00,12.328224,76.664063,The victim Lakshmi died under suspicious circumstances at her matrimonial home. The complainant alleges harassment for dowry by her in-laws.
18,100050116202400001,202400001,2024-09-19,10,116,1,1,10,37,5,,2024-09-12 00:00:00,2024-09-12 00:00:00,2024-09-13 00:00:00,12.963537,77.501156,"A group of persons allegedly assembled unlawfully near New Extension and engaged in rioting, causing damage to property."
19,100220165202400001,202400001,2024-08-27,139,165,1,2,3,12,6,,2024-08-24 00:00:00,2024-08-24 00:00:00,2024-08-25 00:00:00,12.303889,76.661865,The complainant alleged repeated physical and mental harassment by her in-laws over dowry-related demands at their residence in Ring Road.
20,100220165202400002,202400002,2024-01-30,166,165,1,2,1,3,1,,2024-01-28 00:00:00,2024-01-30 00:00:00,2024-01-30 00:00:00,12.327669,76.614471,"The complainant reported that Manoj died following an altercation with her in-laws near Industrial Layout, suspected to involve a financial transaction."
21,100050117202500001,202500001,2025-01-30,133,117,1,3,2,9,1,,2025-01-27 00:00:00,2025-01-29 00:00:00,2025-01-30 00:00:00,12.923838,77.65097,"Unknown persons broke into the complainant's premises at Bus Stand Road at night and decamped with valuables worth Rs 214,000."
22,100050120202500001,202500001,2025-06-24,138,120,1,2,2,55,1,,2025-06-22 00:00:00,2025-06-23 00:00:00,2025-06-23 00:00:00,12.957279,77.57202,"The complainant, a woman walking near Temple Street, reported that two men on a motorcycle snatched her gold chain and sped away towards New Extension."
23,100140149202400001,202400001,2024-05-20,129,149,1,2,1,1,5,,2024-05-18 00:00:00,2024-05-18 00:00:00,2024-05-18 00:00:00,15.450388,75.645413,"The complainant reported that Manoj was found dead with injuries near MG Road, allegedly assaulted by his neighbour following a dispute over an extramarital affair suspicion."
24,100090136202400001,202400001,2024-12-06,165,136,1,2,1,4,6,,2024-12-02 00:00:00,2024-12-02 00:00:00,2024-12-03 00:00:00,13.2644,75.794271,"The complainant stated that an unidentified assailant assaulted them near APMC Yard following an argument over past enmity, causing hurt."
25,100230173202400001,202400001,2024-05-29,47,173,1,2,8,33,2,24,2024-05-28 00:00:00,2024-05-30 00:00:00,2024-05-29 00:00:00,16.213661,77.36448,"A police patrol near Bus Stand Road intercepted a vehicle and recovered narcotic substances weighing 6.9 kg, suspected to be in transit for sale."
26,300290179202400001,202400001,2024-11-22,59,179,3,2,9,35,1,,2024-11-15 00:00:00,2024-11-17 00:00:00,2024-11-18 00:00:00,15.182344,76.504343,Police recovered an unlicensed firearm from the accused during a routine check near Ring Road.
27,300050117202600001,202600001,2026-04-12,158,117,3,2,4,17,7,1,2026-04-10 00:00:00,2026-04-10 00:00:00,2026-04-12 00:00:00,12.979127,77.688258,Information was received regarding a minor being transported from Bus Stand Road allegedly for trafficking purposes; the child was rescued.
28,100210163202500001,202500001,2025-11-20,24,163,1,2,3,13,1,,2025-11-20 00:00:00,2025-11-21 00:00:00,2025-11-20 00:00:00,12.523696,76.848312,The complainant reported that an unidentified assailant made unwelcome advances and passed lewd remarks towards her near Old Town.
29,400190160202400001,202400001,2024-12-13,2,160,4,2,10,37,5,,2024-12-09 00:00:00,2024-12-11 00:00:00,2024-12-13 00:00:00,13.154551,78.10007,"A group of persons allegedly assembled unlawfully near MG Road and engaged in rioting, causing damage to property."
30,500060130202500001,202500001,2025-03-17,179,130,5,2,3,13,1,,2025-03-10 00:00:00,2025-03-10 00:00:00,2025-03-12 00:00:00,17.959871,77.529281,The complainant reported that a former business partner made unwelcome advances and passed lewd remarks towards her near Ring Road.
31,100030109202400001,202400001,2024-01-16,13,109,1,2,2,10,1,,2024-01-13 00:00:00,2024-01-14 00:00:00,2024-01-14 00:00:00,15.851245,74.538317,The complainant reported that their car parked near Market area was stolen overnight. The vehicle was not recovered at the time of registration.
32,100240174202400001,202400001,2024-06-27,102,174,1,1,1,1,1,,2024-06-20 00:00:00,2024-06-22 00:00:00,2024-06-22 00:00:00,12.76012,77.262494,"The complainant reported that Anitha was found dead with injuries near Church Street, allegedly assaulted by a former business partner following a dispute over a financial transaction."
33,300050117202500001,202500001,2025-09-01,61,117,3,2,2,10,1,,2025-08-28 00:00:00,2025-08-30 00:00:00,2025-09-01 00:00:00,12.982607,77.520671,The complainant reported that their scooter parked near Industrial Layout was stolen overnight. The vehicle was not recovered at the time of registration.
34,100220165202500001,202500001,2025-10-12,139,165,1,2,3,13,1,,2025-10-06 00:00:00,2025-10-08 00:00:00,2025-10-10 00:00:00,12.339354,76.684957,The complainant reported that her in-laws made unwelcome advances and passed lewd remarks towards her near Temple Street.
35,800050126202500001,202500001,2025-11-01,89,126,8,3,2,10,5,,2025-11-01 00:00:00,2025-11-01 00:00:00,2025-11-01 00:00:00,13.012987,77.599467,The complainant reported that their motorcycle parked near Gandhi Nagar was stolen overnight. The vehicle was not recovered at the time of registration.
36,100220172202500001,202500001,2025-07-25,114,172,1,2,6,24,1,,2025-07-23 00:00:00,2025-07-23 00:00:00,2025-07-24 00:00:00,12.320082,76.676733,"The complainant alleged that the accused, entrusted with funds of Rs 437,000 for a business partnership, misappropriated the amount."
37,100090135202500001,202500001,2025-11-27,31,135,1,2,2,10,5,,2025-11-24 00:00:00,2025-11-26 00:00:00,2025-11-26 00:00:00,13.281889,75.785612,The complainant reported that their car parked near Old Town was stolen overnight. The vehicle was not recovered at the time of registration.
38,400020105202400001,202400001,2024-04-10,182,105,4,2,2,6,2,1,2024-04-08 00:00:00,2024-04-09 00:00:00,2024-04-10 00:00:00,15.152209,76.877442,"The complainant reported that unknown persons broke into their house at Ring Road and stole gold jewellery worth Rs 328,000 and cash. The incident occurred while the family was away."
39,100120146202500001,202500001,2025-05-17,100,146,1,1,1,2,2,1,2025-05-16 00:00:00,2025-05-18 00:00:00,2025-05-17 00:00:00,14.47488,75.862346,The accused attacked Nagaraj with a knife near Station Road following a quarrel over unpaid loan. The victim was rushed to hospital with grievous injuries.
40,100050117202500002,202500002,2025-06-05,158,117,1,2,2,6,5,,2025-05-30 00:00:00,2025-06-01 00:00:00,2025-06-03 00:00:00,13.095908,77.513505,"The complainant's two-wheeler was stolen from outside their residence at Temple Street, valued at approximately Rs 420,000."
41,100220165202500002,202500002,2025-06-21,139,165,1,2,14,50,2,1,2025-06-15 00:00:00,2025-06-16 00:00:00,2025-06-19 00:00:00,12.321114,76.691299,The complainant reported that the accused outraged her modesty near Railway Station Road.
42,200220165202400001,202400001,2024-03-06,139,165,2,2,8,32,1,,2024-02-28 00:00:00,2024-02-29 00:00:00,2024-03-06 00:00:00,12.307961,76.635292,Police intercepted the accused near New Extension and recovered 10.4 kg of ganja from their possession.
43,200120146202400002,202400002,2024-07-07,200,146,2,2,15,54,5,,2024-07-04 00:00:00,2024-07-05 00:00:00,2024-07-07 00:00:00,14.425505,75.964687,The complainant reported an incident related to other ipc crimes occurring near Old Town. Investigation is underway to ascertain further facts.
44,100260176202400001,202400001,2024-03-15,52,176,1,2,2,9,1,,2024-03-11 00:00:00,2024-03-11 00:00:00,2024-03-14 00:00:00,13.36336,77.133137,"Unknown persons broke into the complainant's premises at Old Town at night and decamped with valuables worth Rs 302,000."
45,100050120202500002,202500002,2025-05-25,138,120,1,2,1,3,1,,2025-05-20 00:00:00,2025-05-21 00:00:00,2025-05-24 00:00:00,13.076551,77.672256,"The complainant reported that Manoj died following an altercation with his neighbour near MG Road, suspected to involve a business partnership."
46,100050124202600001,202600001,2026-03-11,138,124,1,2,2,55,1,,2026-03-08 00:00:00,2026-03-10 00:00:00,2026-03-10 00:00:00,12.908,77.532403,"The complainant, a woman walking near Industrial Layout, reported that two men on a motorcycle snatched her gold chain and sped away towards Church Street."
47,100050117202400001,202400001,2024-01-01,133,117,1,2,7,30,7,1,2023-12-31 00:00:00,2024-01-02 00:00:00,2024-01-01 00:00:00,13.075022,77.617025,The complainant's confidential business data was allegedly copied and misused by a former employee.
48,100030110202400001,202400001,2024-02-16,73,110,1,2,15,54,4,1,2024-02-11 00:00:00,2024-02-12 00:00:00,2024-02-15 00:00:00,15.868841,74.583889,The complainant reported an incident related to other ipc crimes occurring near Main Bazaar. Investigation is underway to ascertain further facts.
49,200050119202400001,202400001,2024-09-07,173,119,2,2,3,15,5,,2024-09-04 00:00:00,2024-09-04 00:00:00,2024-09-06 00:00:00,13.009281,77.693883,"The victim was attacked with a corrosive substance by the accused near MG Road, sustaining burn injuries."
50,200050119202400002,202400002,2024-09-20,175,119,2,2,3,14,1,,2024-09-13 00:00:00,2024-09-13 00:00:00,2024-09-18 00:00:00,12.92668,77.641543,The complainant stated that the accused has been following and contacting her repeatedly near Gandhi Nagar despite objection.
51,100110143202400001,202400001,2024-09-06,97,143,1,1,4,16,7,12,2024-09-03 00:00:00,2024-09-03 00:00:00,2024-09-03 00:00:00,12.899114,74.844802,The complainant reported that the minor victim was subjected to abuse by a known acquaintance at Railway Station Road.
52,300110144202500001,202500001,2025-02-25,50,144,3,2,3,13,9,,2025-02-18 00:00:00,2025-02-19 00:00:00,2025-02-22 00:00:00,12.904871,74.832181,The complainant reported that a former business partner made unwelcome advances and passed lewd remarks towards her near Temple Street.
53,100170156202500001,202500001,2025-12-16,1,156,1,2,2,7,8,,2025-12-14 00:00:00,2025-12-14 00:00:00,2025-12-16 00:00:00,17.359079,76.809201,The complainant was robbed of cash and a mobile phone by unidentified persons near Bus Stand Road at knife-point.
54,200050123202500001,202500001,2025-04-21,5,123,2,1,5,22,2,1,2025-04-14 00:00:00,2025-04-15 00:00:00,2025-04-18 00:00:00,13.020525,77.625299,The complainant reported an incident related to crimes against scs/sts occurring near Church Street. Investigation is underway to ascertain further facts.
55,100050115202600001,202600001,2026-04-23,153,115,1,1,6,26,1,,2026-04-16 00:00:00,2026-04-16 00:00:00,2026-04-19 00:00:00,12.90056,77.668165,"The complainant's bank account was debited for Rs 188,000 through fraudulent means allegedly involving the accused."
56,100290179202500001,202500001,2025-10-16,59,179,1,2,8,33,1,,2025-10-11 00:00:00,2025-10-13 00:00:00,2025-10-14 00:00:00,15.180205,76.438843,"A police patrol near APMC Yard intercepted a vehicle and recovered narcotic substances weighing 9.8 kg, suspected to be in transit for sale."
57,100050119202400001,202400001,2024-07-07,173,119,1,2,7,29,2,36,2024-06-30 00:00:00,2024-07-02 00:00:00,2024-07-07 00:00:00,13.006081,77.626749,The complainant reported repeated harassing messages and unwanted contact from an unknown social media account.
58,100280178202400001,202400001,2024-04-02,9,178,1,1,2,9,2,1,2024-03-30 00:00:00,2024-04-01 00:00:00,2024-04-01 00:00:00,14.807961,74.662505,"Unknown persons broke into the complainant's premises at Main Bazaar at night and decamped with valuables worth Rs 391,000."
59,800210164202500001,202500001,2025-02-28,65,164,8,2,11,40,5,,2025-02-27 00:00:00,2025-02-28 00:00:00,2025-02-28 00:00:00,12.525316,76.956155,"The complainant reported that the accused was driving a vehicle rashly near Market area, endangering pedestrians."
60,100130148202500001,202500001,2025-02-14,170,148,1,2,3,11,7,1,2025-02-11 00:00:00,2025-02-13 00:00:00,2025-02-13 00:00:00,15.496493,75.038329,The victim Manoj died under suspicious circumstances at her matrimonial home. The complainant alleges harassment for dowry by her husband.
61,100020105202500001,202500001,2025-08-17,195,105,1,1,1,2,1,,2025-08-17 00:00:00,2025-08-19 00:00:00,2025-08-17 00:00:00,15.093629,76.862515,The accused attacked Suresh with a sharp weapon near Market area following a quarrel over land boundary issues. The victim was rushed to hospital with grievous injuries.
62,100010103202500001,202500001,2025-03-19,72,103,1,2,11,41,1,,2025-03-12 00:00:00,2025-03-14 00:00:00,2025-03-17 00:00:00,16.216055,75.644255,The victim was hit by an unidentified vehicle near Market area and sustained injuries; the driver fled the scene.
63,800220165202500001,202500001,2025-07-04,166,165,8,2,10,39,7,37,2025-06-27 00:00:00,2025-06-28 00:00:00,2025-07-02 00:00:00,12.315718,76.633551,The complainant reported an incident related to crimes against public order occurring near College Road. Investigation is underway to ascertain further facts.
64,100050116202400002,202400002,2024-12-09,10,116,1,1,10,39,1,,2024-12-07 00:00:00,2024-12-08 00:00:00,2024-12-09 00:00:00,12.912697,77.698272,The complainant reported an incident related to crimes against public order occurring near New Extension. Investigation is underway to ascertain further facts.
65,100040113202500001,202500001,2025-02-18,176,113,1,3,1,1,6,,2025-02-15 00:00:00,2025-02-16 00:00:00,2025-02-18 00:00:00,13.256155,77.583549,The victim Anitha was fatally attacked with a wooden stick by the accused near Old Town. The motive is suspected to be land boundary issues.
66,100050125202500001,202500001,2025-06-15,160,125,1,2,8,33,1,,2025-06-08 00:00:00,2025-06-10 00:00:00,2025-06-12 00:00:00,13.061844,77.699327,"A police patrol near MG Road intercepted a vehicle and recovered narcotic substances weighing 9.4 kg, suspected to be in transit for sale."
67,100280178202500001,202500001,2025-12-04,9,178,1,2,1,3,1,,2025-11-29 00:00:00,2025-11-29 00:00:00,2025-11-30 00:00:00,14.800191,74.676508,"The complainant reported that Kavya died following an altercation with a known acquaintance near Station Road, suspected to involve an extramarital affair suspicion."
68,100050116202600001,202600001,2026-01-06,10,116,1,2,1,2,7,35,2026-01-03 00:00:00,2026-01-03 00:00:00,2026-01-06 00:00:00,13.072814,77.629619,The accused attacked Anitha with a knife near MG Road following a quarrel over a property dispute. The victim was rushed to hospital with grievous injuries.
69,100050116202500002,202500002,2025-04-19,10,116,1,3,6,23,7,36,2025-04-14 00:00:00,2025-04-15 00:00:00,2025-04-15 00:00:00,12.934901,77.672661,"The complainant paid an advance of Rs 146,000 to the accused for unpaid loan which was never delivered as promised."
70,200220168202600001,202600001,2026-03-26,118,168,2,2,2,9,7,1,2026-03-24 00:00:00,2026-03-24 00:00:00,2026-03-24 00:00:00,12.338359,76.608987,"Unknown persons broke into the complainant's premises at Main Bazaar at night and decamped with valuables worth Rs 132,000."
71,100140150202500001,202500001,2025-12-28,60,150,1,2,11,41,7,1,2025-12-21 00:00:00,2025-12-23 00:00:00,2025-12-25 00:00:00,15.385824,75.571085,The victim was hit by an unidentified vehicle near Station Road and sustained injuries; the driver fled the scene.
72,200050114202400001,202400001,2024-04-03,121,114,2,2,1,1,2,1,2024-03-30 00:00:00,2024-04-01 00:00:00,2024-04-02 00:00:00,13.074167,77.671137,"The complainant reported that Ramesh was found dead with injuries near Station Road, allegedly assaulted by a known acquaintance following a dispute over a family dispute."
73,200250175202400001,202400001,2024-02-03,125,175,2,2,2,6,1,,2024-01-28 00:00:00,2024-01-30 00:00:00,2024-02-01 00:00:00,13.897374,75.555119,"The complainant's two-wheeler was stolen from outside their residence at Temple Street, valued at approximately Rs 138,000."
74,100160154202500001,202500001,2025-03-22,92,154,1,2,2,9,1,,2025-03-15 00:00:00,2025-03-16 00:00:00,2025-03-22 00:00:00,14.82874,75.373908,"Unknown persons broke into the complainant's premises at Gandhi Nagar at night and decamped with valuables worth Rs 178,000."
75,200110142202600001,202600001,2026-01-12,184,142,2,2,10,37,5,,2026-01-05 00:00:00,2026-01-05 00:00:00,2026-01-11 00:00:00,12.919638,74.82976,"A group of persons allegedly assembled unlawfully near APMC Yard and engaged in rioting, causing damage to property."
76,100160153202400001,202400001,2024-07-22,54,153,1,3,2,9,1,,2024-07-17 00:00:00,2024-07-17 00:00:00,2024-07-21 00:00:00,14.754165,75.415281,"Unknown persons broke into the complainant's premises at Main Bazaar at night and decamped with valuables worth Rs 372,000."
77,300050125202500001,202500001,2025-01-17,160,125,3,2,2,55,1,,2025-01-11 00:00:00,2025-01-11 00:00:00,2025-01-12 00:00:00,13.037078,77.529587,"The complainant, a woman walking near Whitefield Main Road, reported that two men on a motorcycle snatched her gold chain and sped away towards ITPL Road. CCTV footage is being reviewed; the MO matches similar chain-snatching incidents reported recently in the city."
78,100010103202500002,202500002,2025-04-21,72,103,1,1,7,30,8,,2025-04-18 00:00:00,2025-04-20 00:00:00,2025-04-20 00:00:00,16.20443,75.641825,The complainant's confidential business data was allegedly copied and misused by a former employee.
79,300220165202500001,202500001,2025-05-18,166,165,3,2,3,13,2,23,2025-05-12 00:00:00,2025-05-13 00:00:00,2025-05-15 00:00:00,12.319354,76.638541,The complainant reported that a former business partner made unwelcome advances and passed lewd remarks towards her near MG Road.
80,100210164202600001,202600001,2026-06-25,65,164,1,2,10,37,2,22,2026-06-18 00:00:00,2026-06-20 00:00:00,2026-06-25 00:00:00,12.516816,76.917679,"A group of persons allegedly assembled unlawfully near Main Bazaar and engaged in rioting, causing damage to property."
81,100260176202500001,202500001,2025-12-07,120,176,1,2,6,25,1,,2025-12-04 00:00:00,2025-12-06 00:00:00,2025-12-07 00:00:00,13.38905,77.096793,The complainant reported that the accused forged signatures on documents related to past enmity to gain wrongful benefit.
82,100220168202400001,202400001,2024-11-29,118,168,1,2,2,55,2,37,2024-11-29 00:00:00,2024-11-30 00:00:00,2024-11-29 00:00:00,12.306152,76.615384,"The complainant, a woman walking near College Road, reported that two men on a motorcycle snatched her gold chain and sped away towards College Road."
83,100310181202400001,202400001,2024-09-21,150,181,1,1,3,14,7,32,2024-09-19 00:00:00,2024-09-19 00:00:00,2024-09-21 00:00:00,16.784729,77.142806,The complainant stated that the accused has been following and contacting her repeatedly near Main Bazaar despite objection.
84,100010103202600001,202600001,2026-06-12,72,103,1,1,2,8,5,,2026-06-05 00:00:00,2026-06-05 00:00:00,2026-06-08 00:00:00,16.170777,75.735078,"A group of armed persons robbed the complainant's shop at Railway Station Road, decamping with cash and goods worth Rs 379,000."
85,100070131202600001,202600001,2026-07-02,37,131,1,2,2,10,1,,2026-06-27 00:00:00,2026-06-27 00:00:00,2026-07-02 00:00:00,11.899534,76.888494,The complainant reported that their scooter parked near Main Bazaar was stolen overnight. The vehicle was not recovered at the time of registration.
86,500110144202500001,202500001,2025-07-23,50,144,5,1,3,14,1,,2025-07-16 00:00:00,2025-07-16 00:00:00,2025-07-16 00:00:00,12.901831,74.840168,The complainant stated that the accused has been following and contacting her repeatedly near College Road despite objection.
87,100040112202600001,202600001,2026-06-24,146,112,1,1,3,12,2,1,2026-06-21 00:00:00,2026-06-23 00:00:00,2026-06-24 00:00:00,13.281234,77.556826,The complainant alleged repeated physical and mental harassment by a former business partner over dowry-related demands at their residence in Market area.
88,100050116202600002,202600002,2026-04-12,10,116,1,2,2,8,7,40,2026-04-06 00:00:00,2026-04-08 00:00:00,2026-04-08 00:00:00,13.060394,77.671328,"A group of armed persons robbed the complainant's shop at Market area, decamping with cash and goods worth Rs 252,000."
89,400050126202600001,202600001,2026-01-14,42,126,4,2,2,9,6,,2026-01-09 00:00:00,2026-01-09 00:00:00,2026-01-13 00:00:00,12.981786,77.612986,"Unknown persons broke into the complainant's premises at Bus Stand Road at night and decamped with valuables worth Rs 117,000."
90,100060129202400001,202400001,2024-04-02,1,129,1,2,9,36,1,,2024-03-27 00:00:00,2024-03-29 00:00:00,2024-03-29 00:00:00,17.86644,77.565592,The complainant reported an incident related to arms act offences occurring near Market area. Investigation is underway to ascertain further facts.
91,100050120202500003,202500003,2025-12-12,94,120,1,2,8,32,2,34,2025-12-08 00:00:00,2025-12-08 00:00:00,2025-12-12 00:00:00,13.003246,77.593133,Police intercepted the accused near Industrial Layout and recovered 10.5 kg of ganja from their possession.
92,100270177202500001,202500001,2025-10-26,75,177,1,2,2,9,1,,2025-10-21 00:00:00,2025-10-23 00:00:00,2025-10-24 00:00:00,13.389428,74.728927,"Unknown persons broke into the complainant's premises at Bus Stand Road at night and decamped with valuables worth Rs 209,000."
93,100090136202600001,202600001,2026-06-23,165,136,1,2,2,7,7,10,2026-06-17 00:00:00,2026-06-17 00:00:00,2026-06-17 00:00:00,13.379535,75.822732,The complainant was robbed of cash and a mobile phone by unidentified persons near College Road at knife-point.
94,100060130202500001,202500001,2025-04-27,154,130,1,2,1,2,2,1,2025-04-23 00:00:00,2025-04-23 00:00:00,2025-04-27 00:00:00,17.891316,77.573328,The accused attacked Ramesh with a sharp weapon near College Road following a quarrel over unpaid loan. The victim was rushed to hospital with grievous injuries.
95,300050123202500001,202500001,2025-10-10,44,123,3,1,11,42,2,1,2025-10-09 00:00:00,2025-10-09 00:00:00,2025-10-10 00:00:00,13.002673,77.519445,The accused was found driving under the influence of alcohol near Gandhi Nagar and was apprehended by a police patrol.
96,100050127202400001,202400001,2024-03-17,78,127,1,2,2,55,5,,2024-03-13 00:00:00,2024-03-13 00:00:00,2024-03-13 00:00:00,12.923414,77.599226,"The complainant, a woman walking near Bus Stand Road, reported that two men on a motorcycle snatched her gold chain and sped away towards Market area."
97,100050115202500001,202500001,2025-10-16,30,115,1,2,2,10,2,33,2025-10-13 00:00:00,2025-10-15 00:00:00,2025-10-15 00:00:00,13.068215,77.699632,The complainant reported that their scooter parked near Main Bazaar was stolen overnight. The vehicle was not recovered at the time of registration.
98,100050122202500001,202500001,2025-06-22,76,122,1,1,3,11,4,36,2025-06-21 00:00:00,2025-06-21 00:00:00,2025-06-21 00:00:00,12.916801,77.651831,The victim Ramesh died under suspicious circumstances at her matrimonial home. The complainant alleges harassment for dowry by a known acquaintance.
99,100120145202600001,202600001,2026-06-25,62,145,1,3,2,7,1,,2026-06-20 00:00:00,2026-06-22 00:00:00,2026-06-22 00:00:00,14.494991,75.917567,The complainant was robbed of cash and a mobile phone by unidentified persons near Station Road at knife-point.
100,100050120202500004,202500004,2025-09-12,94,120,1,2,2,7,4,33,2025-09-10 00:00:00,2025-09-11 00:00:00,2025-09-12 00:00:00,12.987064,77.665035,The complainant was robbed of cash and a mobile phone by unidentified persons near Station Road at knife-point.
101,100050117202400002,202400002,2024-12-05,158,117,1,1,10,39,5,,2024-11-29 00:00:00,2024-12-01 00:00:00,2024-12-03 00:00:00,12.981248,77.51742,The complainant reported an incident related to crimes against public order occurring near Old Town. Investigation is underway to ascertain further facts.
102,200060130202600001,202600001,2026-01-29,179,130,2,2,11,40,1,,2026-01-22 00:00:00,2026-01-23 00:00:00,2026-01-26 00:00:00,17.904898,77.50025,"The complainant reported that the accused was driving a vehicle rashly near Industrial Layout, endangering pedestrians."
103,100050125202600001,202600001,2026-06-24,160,125,1,1,3,15,4,36,2026-06-24 00:00:00,2026-06-25 00:00:00,2026-06-24 00:00:00,13.091541,77.572475,"The victim was attacked with a corrosive substance by the accused near APMC Yard, sustaining burn injuries."
104,100070132202600001,202600001,2026-02-14,66,132,1,1,13,47,2,8,2026-02-13 00:00:00,2026-02-13 00:00:00,2026-02-14 00:00:00,11.978142,76.968149,The complainant reported an incident related to crimes related to documents/property occurring near Market area. Investigation is underway to ascertain further facts.
105,500280178202400001,202400001,2024-05-16,39,178,5,2,6,23,2,1,2024-05-12 00:00:00,2024-05-13 00:00:00,2024-05-15 00:00:00,14.827041,74.647162,"The complainant paid an advance of Rs 300,000 to the accused for a property dispute which was never delivered as promised."
106,100260176202500002,202500002,2025-03-12,52,176,1,2,7,30,1,,2025-03-12 00:00:00,2025-03-13 00:00:00,2025-03-12 00:00:00,13.302519,77.15016,The complainant's confidential business data was allegedly copied and misused by a former employee.
107,300300180202500001,202500001,2025-12-30,1,180,3,2,11,42,7,1,2025-12-25 00:00:00,2025-12-27 00:00:00,2025-12-29 00:00:00,16.869105,75.745239,The accused was found driving under the influence of alcohol near Main Bazaar and was apprehended by a police patrol.
108,300220165202400001,202400001,2024-12-21,166,165,3,2,2,9,3,37,2024-12-19 00:00:00,2024-12-20 00:00:00,2024-12-21 00:00:00,12.346402,76.640308,"Unknown persons broke into the complainant's premises at College Road at night and decamped with valuables worth Rs 72,000."
109,100200162202500001,202500001,2025-10-02,161,162,1,2,11,41,1,,2025-09-25 00:00:00,2025-09-27 00:00:00,2025-10-01 00:00:00,15.380316,76.123047,The victim was hit by an unidentified vehicle near Station Road and sustained injuries; the driver fled the scene.
110,500130147202500001,202500001,2025-02-05,134,147,5,2,7,29,1,,2025-02-04 00:00:00,2025-02-06 00:00:00,2025-02-05 00:00:00,15.499398,75.050128,The complainant reported repeated harassing messages and unwanted contact from an unknown social media account.
111,100260176202600001,202600001,2026-06-21,120,176,1,2,4,17,2,1,2026-06-17 00:00:00,2026-06-17 00:00:00,2026-06-18 00:00:00,13.288015,77.040373,Information was received regarding a minor being transported from Bus Stand Road allegedly for trafficking purposes; the child was rescued.
112,100050115202400001,202400001,2024-11-28,162,115,1,2,2,6,7,35,2024-11-22 00:00:00,2024-11-23 00:00:00,2024-11-24 00:00:00,13.042404,77.654305,"The complainant's two-wheeler was stolen from outside their residence at Temple Street, valued at approximately Rs 199,000."
113,100050127202500002,202500002,2025-05-21,78,127,1,1,2,9,7,1,2025-05-21 00:00:00,2025-05-22 00:00:00,2025-05-21 00:00:00,12.922109,77.544894,"Unknown persons broke into the complainant's premises at New Extension at night and decamped with valuables worth Rs 159,000."
114,800050115202400001,202400001,2024-11-18,30,115,8,1,11,41,2,40,2024-11-14 00:00:00,2024-11-16 00:00:00,2024-11-16 00:00:00,12.945256,77.673531,The victim was hit by an unidentified vehicle near College Road and sustained injuries; the driver fled the scene.
115,100110143202600001,202600001,2026-01-29,97,143,1,2,8,33,1,,2026-01-23 00:00:00,2026-01-23 00:00:00,2026-01-25 00:00:00,12.855352,74.889741,"A police patrol near Station Road intercepted a vehicle and recovered narcotic substances weighing 10.1 kg, suspected to be in transit for sale."
116,100050122202500002,202500002,2025-04-16,186,122,1,1,1,5,7,33,2025-04-10 00:00:00,2025-04-10 00:00:00,2025-04-16 00:00:00,13.013075,77.563136,The victim sustained grievous injuries after being attacked with a wooden stick by her husband near MG Road over a financial transaction.
117,300050115202500001,202500001,2025-06-22,30,115,3,1,2,9,2,35,2025-06-17 00:00:00,2025-06-18 00:00:00,2025-06-19 00:00:00,13.001587,77.541858,"Unknown persons broke into the complainant's premises at Church Street at night and decamped with valuables worth Rs 97,000."
118,100050120202500005,202500005,2025-02-14,138,120,1,2,7,27,1,,2025-02-07 00:00:00,2025-02-07 00:00:00,2025-02-10 00:00:00,13.006837,77.514196,"The complainant received a call from an unknown person claiming to be a bank official, who obtained OTP details and transferred Rs 408,000 from the complainant's account."
119,100050116202400003,202400003,2024-04-12,10,116,1,1,10,37,2,1,2024-04-05 00:00:00,2024-04-06 00:00:00,2024-04-10 00:00:00,13.07234,77.533795,"A group of persons allegedly assembled unlawfully near APMC Yard and engaged in rioting, causing damage to property."
120,200050128202400001,202400001,2024-04-24,43,128,2,2,2,9,2,1,2024-04-24 00:00:00,2024-04-24 00:00:00,2024-04-24 00:00:00,12.940027,77.500189,"Unknown persons broke into the complainant's premises at Bus Stand Road at night and decamped with valuables worth Rs 299,000."
121,200050115202400002,202400002,2024-02-19,83,115,2,2,1,1,3,36,2024-02-17 00:00:00,2024-02-17 00:00:00,2024-02-19 00:00:00,12.921159,77.657391,The victim Ramesh was fatally attacked with a knife by the accused near Gandhi Nagar. The motive is suspected to be past enmity.
122,100050116202600003,202600003,2026-04-28,10,116,1,2,1,2,1,,2026-04-25 00:00:00,2026-04-25 00:00:00,2026-04-26 00:00:00,13.096661,77.622536,The accused attacked Deepa with a knife near Ring Road following a quarrel over a family dispute. The victim was rushed to hospital with grievous injuries.
123,100160153202600001,202600001,2026-01-20,54,153,1,1,7,29,3,1,2026-01-20 00:00:00,2026-01-20 00:00:00,2026-01-20 00:00:00,14.848048,75.450855,The complainant reported repeated harassing messages and unwanted contact from an unknown social media account.
124,100280178202600001,202600001,2026-01-08,9,178,1,2,8,33,3,1,2026-01-03 00:00:00,2026-01-04 00:00:00,2026-01-04 00:00:00,14.82148,74.740419,"A police patrol near MG Road intercepted a vehicle and recovered narcotic substances weighing 11.1 kg, suspected to be in transit for sale."
125,100220170202400001,202400001,2024-02-23,114,170,1,2,11,41,3,37,2024-02-23 00:00:00,2024-02-24 00:00:00,2024-02-23 00:00:00,12.303213,76.612186,The victim was hit by an unidentified vehicle near Main Bazaar and sustained injuries; the driver fled the scene.
126,100050116202400004,202400004,2024-03-01,10,116,1,2,10,37,7,33,2024-02-28 00:00:00,2024-03-01 00:00:00,2024-03-01 00:00:00,13.038128,77.649205,"A group of persons allegedly assembled unlawfully near Temple Street and engaged in rioting, causing damage to property."
127,100090136202500001,202500001,2025-02-02,127,136,1,2,6,23,7,10,2025-02-01 00:00:00,2025-02-03 00:00:00,2025-02-02 00:00:00,13.277068,75.723544,"The complainant paid an advance of Rs 170,000 to the accused for past enmity which was never delivered as promised."
128,100050128202400001,202400001,2024-01-16,43,128,1,2,10,38,1,,2024-01-10 00:00:00,2024-01-10 00:00:00,2024-01-10 00:00:00,13.060574,77.634144,"A group gathered near Ring Road in violation of prohibitory orders, leading to a law and order situation."
129,100100137202400001,202400001,2024-05-10,126,137,1,1,1,1,5,,2024-05-09 00:00:00,2024-05-11 00:00:00,2024-05-10 00:00:00,14.196791,76.347776,"The complainant reported that Manoj was found dead with injuries near APMC Yard, allegedly assaulted by his neighbour following a dispute over a business partnership."
130,200220166202400001,202400001,2024-07-13,142,166,2,1,1,2,5,,2024-07-13 00:00:00,2024-07-13 00:00:00,2024-07-13 00:00:00,12.344331,76.676265,The accused attacked Anitha with a knife near APMC Yard following a quarrel over land boundary issues. The victim was rushed to hospital with grievous injuries.
131,100220165202500003,202500003,2025-12-31,139,165,1,2,3,14,1,,2025-12-24 00:00:00,2025-12-24 00:00:00,2025-12-30 00:00:00,12.324248,76.692308,The complainant stated that the accused has been following and contacting her repeatedly near MG Road despite objection.
132,300280178202500001,202500001,2025-11-09,39,178,3,2,1,2,2,29,2025-11-03 00:00:00,2025-11-03 00:00:00,2025-11-03 00:00:00,14.792585,74.701258,The accused attacked Anitha with a sharp weapon near Ring Road following a quarrel over land boundary issues. The victim was rushed to hospital with grievous injuries.
133,100110140202500001,202500001,2025-12-27,29,140,1,1,2,55,3,1,2025-12-20 00:00:00,2025-12-21 00:00:00,2025-12-23 00:00:00,12.895708,74.851466,"The complainant, a woman walking near Church Street, reported that two men on a motorcycle snatched her gold chain and sped away towards MG Road."
134,200050123202500002,202500002,2025-12-03,5,123,2,2,12,45,1,,2025-12-01 00:00:00,2025-12-03 00:00:00,2025-12-03 00:00:00,12.903131,77.591697,The complainant reported an incident related to environmental offences occurring near Railway Station Road. Investigation is underway to ascertain further facts.
135,100050115202400002,202400002,2024-06-09,30,115,1,2,3,12,5,,2024-06-06 00:00:00,2024-06-06 00:00:00,2024-06-09 00:00:00,13.035824,77.502522,The complainant alleged repeated physical and mental harassment by her husband over dowry-related demands at their residence in Railway Station Road.
136,100050128202400002,202400002,2024-01-17,197,128,1,2,3,12,9,,2024-01-11 00:00:00,2024-01-11 00:00:00,2024-01-13 00:00:00,13.033734,77.504591,The complainant alleged repeated physical and mental harassment by his neighbour over dowry-related demands at their residence in Gandhi Nagar.
137,100020105202400001,202400001,2024-08-01,182,105,1,2,1,2,2,3,2024-07-30 00:00:00,2024-07-30 00:00:00,2024-08-01 00:00:00,15.10013,76.910741,The accused attacked Kavya with a iron rod near Temple Street following a quarrel over a family dispute. The victim was rushed to hospital with grievous injuries.
138,100050126202600002,202600002,2026-07-12,42,126,1,1,1,1,5,,2026-07-10 00:00:00,2026-07-10 00:00:00,2026-07-11 00:00:00,13.005877,77.669763,"The complainant reported that Kavya was found dead with injuries near Railway Station Road, allegedly assaulted by his neighbour following a dispute over a business partnership."
139,300040112202400001,202400001,2024-09-25,55,112,3,2,6,25,7,1,2024-09-21 00:00:00,2024-09-23 00:00:00,2024-09-23 00:00:00,13.20548,77.579373,The complainant reported that the accused forged signatures on documents related to a financial transaction to gain wrongful benefit.
140,100300180202400001,202400001,2024-12-28,1,180,1,2,3,12,5,,2024-12-23 00:00:00,2024-12-24 00:00:00,2024-12-27 00:00:00,16.785308,75.676708,The complainant alleged repeated physical and mental harassment by her husband over dowry-related demands at their residence in MG Road.
141,400040113202500001,202500001,2025-06-11,176,113,4,2,7,29,1,,2025-06-09 00:00:00,2025-06-10 00:00:00,2025-06-10 00:00:00,13.261116,77.559313,The complainant reported repeated harassing messages and unwanted contact from an unknown social media account.
142,300210164202400001,202400001,2024-10-28,23,164,3,2,2,6,7,1,2024-10-28 00:00:00,2024-10-28 00:00:00,2024-10-28 00:00:00,12.547075,76.872693,"The complainant reported that unknown persons broke into their house at Ring Road and stole gold jewellery worth Rs 103,000 and cash. The incident occurred while the family was away."
143,300140150202400001,202400001,2024-04-11,22,150,3,1,1,1,1,,2024-04-09 00:00:00,2024-04-10 00:00:00,2024-04-11 00:00:00,15.432679,75.608419,The victim Kavya was fatally attacked with a wooden stick by the accused near College Road. The motive is suspected to be past enmity.
144,100050128202400003,202400003,2024-04-06,197,128,1,2,1,3,1,,2024-04-06 00:00:00,2024-04-06 00:00:00,2024-04-06 00:00:00,12.977047,77.643402,"The complainant reported that Manoj died following an altercation with her husband near Station Road, suspected to involve past enmity."
145,100110141202400001,202400001,2024-10-16,79,141,1,2,11,42,1,,2024-10-10 00:00:00,2024-10-10 00:00:00,2024-10-10 00:00:00,12.915351,74.821579,The accused was found driving under the influence of alcohol near Main Bazaar and was apprehended by a police patrol.
146,300260176202400001,202400001,2024-04-14,52,176,3,3,8,33,7,27,2024-04-10 00:00:00,2024-04-12 00:00:00,2024-04-13 00:00:00,13.335552,77.080666,"A police patrol near Main Bazaar intercepted a vehicle and recovered narcotic substances weighing 1.5 kg, suspected to be in transit for sale."
147,300050117202400001,202400001,2024-04-11,185,117,3,2,2,55,5,,2024-04-06 00:00:00,2024-04-06 00:00:00,2024-04-10 00:00:00,13.073982,77.637154,"The complainant, a woman walking near Ring Road, reported that two men on a motorcycle snatched her gold chain and sped away towards Old Town."
148,100100137202600001,202600001,2026-06-30,126,137,1,2,2,9,6,,2026-06-25 00:00:00,2026-06-27 00:00:00,2026-06-30 00:00:00,14.28207,76.414249,"Unknown persons broke into the complainant's premises at Old Town at night and decamped with valuables worth Rs 34,000."
149,200120145202400001,202400001,2024-07-20,62,145,2,1,6,25,2,13,2024-07-19 00:00:00,2024-07-21 00:00:00,2024-07-20 00:00:00,14.463603,75.944019,The complainant reported that the accused forged signatures on documents related to an extramarital affair suspicion to gain wrongful benefit.
150,100030108202500001,202500001,2025-02-16,85,108,1,2,1,2,2,4,2025-02-12 00:00:00,2025-02-14 00:00:00,2025-02-16 00:00:00,15.860405,74.528871,The accused attacked Nagaraj with a iron rod near Bus Stand Road following a quarrel over a financial transaction. The victim was rushed to hospital with grievous injuries.
151,100050116202600004,202600004,2026-03-22,10,116,1,2,3,12,9,,2026-03-20 00:00:00,2026-03-22 00:00:00,2026-03-22 00:00:00,13.036523,77.63193,The complainant alleged repeated physical and mental harassment by his neighbour over dowry-related demands at their residence in New Extension.
152,100220171202600001,202600001,2026-06-08,53,171,1,2,11,41,6,,2026-06-03 00:00:00,2026-06-04 00:00:00,2026-06-07 00:00:00,12.305512,76.622714,The victim was hit by an unidentified vehicle near Station Road and sustained injuries; the driver fled the scene.
153,300220165202400002,202400002,2024-01-29,139,165,3,2,2,7,2,1,2024-01-24 00:00:00,2024-01-24 00:00:00,2024-01-26 00:00:00,12.343657,76.65426,The complainant was robbed of cash and a mobile phone by unidentified persons near Railway Station Road at knife-point.
154,100050116202500003,202500003,2025-02-04,10,116,1,1,1,1,1,,2025-01-28 00:00:00,2025-01-30 00:00:00,2025-01-30 00:00:00,13.071981,77.628015,The victim Kavya was fatally attacked with a wooden stick by the accused near Temple Street. The motive is suspected to be unpaid loan.
155,100220171202500001,202500001,2025-01-07,53,171,1,2,7,31,1,,2025-01-04 00:00:00,2025-01-04 00:00:00,2025-01-05 00:00:00,12.327138,76.692761,"The complainant clicked a fraudulent link received via SMS and lost Rs 382,000 from their bank account."
156,100050116202500004,202500004,2025-11-06,10,116,1,2,3,13,1,,2025-11-06 00:00:00,2025-11-06 00:00:00,2025-11-06 00:00:00,13.076622,77.698488,The complainant reported that her in-laws made unwelcome advances and passed lewd remarks towards her near Old Town.
157,300260176202400002,202400002,2024-11-05,52,176,3,2,3,15,1,,2024-10-30 00:00:00,2024-11-01 00:00:00,2024-11-02 00:00:00,13.282106,77.117911,"The victim was attacked with a corrosive substance by the accused near APMC Yard, sustaining burn injuries."
158,100260176202400002,202400002,2024-01-16,120,176,1,2,7,28,1,,2024-01-10 00:00:00,2024-01-10 00:00:00,2024-01-14 00:00:00,13.352498,77.068054,"The complainant discovered that a fraudulent account was created in their name and used to obtain a loan of Rs 382,000."
159,100010102202400001,202400001,2024-04-13,90,102,1,3,11,40,7,2,2024-04-12 00:00:00,2024-04-14 00:00:00,2024-04-13 00:00:00,16.152705,75.740602,"The complainant reported that the accused was driving a vehicle rashly near Railway Station Road, endangering pedestrians."
160,100220165202500004,202500004,2025-10-08,166,165,1,2,2,10,1,,2025-10-06 00:00:00,2025-10-07 00:00:00,2025-10-08 00:00:00,12.315159,76.616193,The complainant reported that their motorcycle parked near Market area was stolen overnight. The vehicle was not recovered at the time of registration.
161,100210164202500001,202500001,2025-04-12,23,164,1,2,7,30,6,,2025-04-05 00:00:00,2025-04-07 00:00:00,2025-04-11 00:00:00,12.520021,76.86795,The complainant's confidential business data was allegedly copied and misused by a former employee.
162,300030106202600001,202600001,2026-05-03,156,106,3,2,4,16,1,,2026-04-28 00:00:00,2026-04-30 00:00:00,2026-05-03 00:00:00,15.861975,74.515647,The complainant reported that the minor victim was subjected to abuse by a former business partner at College Road.
163,100180157202500002,202500002,2025-01-14,63,157,1,1,7,28,1,,2025-01-09 00:00:00,2025-01-10 00:00:00,2025-01-13 00:00:00,12.392962,75.732576,"The complainant discovered that a fraudulent account was created in their name and used to obtain a loan of Rs 74,000."
164,100070132202400001,202400001,2024-11-17,66,132,1,1,2,8,4,1,2024-11-17 00:00:00,2024-11-18 00:00:00,2024-11-17 00:00:00,11.879227,76.962795,"A group of armed persons robbed the complainant's shop at Bus Stand Road, decamping with cash and goods worth Rs 174,000."
165,100050121202600001,202600001,2026-01-23,33,121,1,2,8,32,6,,2026-01-21 00:00:00,2026-01-22 00:00:00,2026-01-22 00:00:00,13.04961,77.671721,Police intercepted the accused near Old Town and recovered 1.1 kg of ganja from their possession.
166,100050114202500001,202500001,2025-02-24,122,114,1,2,8,34,1,,2025-02-22 00:00:00,2025-02-22 00:00:00,2025-02-24 00:00:00,13.034497,77.693911,The accused was apprehended near College Road while allegedly peddling narcotic substances to local youth.
167,100310181202600001,202600001,2026-06-10,150,181,1,2,2,7,5,,2026-06-10 00:00:00,2026-06-11 00:00:00,2026-06-10 00:00:00,16.803982,77.145679,The complainant was robbed of cash and a mobile phone by unidentified persons near APMC Yard at knife-point.
168,100020104202500001,202500001,2025-09-14,159,104,1,2,2,9,1,,2025-09-14 00:00:00,2025-09-15 00:00:00,2025-09-14 00:00:00,15.164668,76.882686,"Unknown persons broke into the complainant's premises at Railway Station Road at night and decamped with valuables worth Rs 207,000."
169,100050118202600001,202600001,2026-03-23,71,118,1,2,7,27,10,,2026-03-19 00:00:00,2026-03-21 00:00:00,2026-03-22 00:00:00,13.014722,77.609205,"The complainant received a call from an unknown person claiming to be a bank official, who obtained OTP details and transferred Rs 234,000 from the complainant's account."
170,100050117202500003,202500003,2025-02-22,185,117,1,2,8,32,1,,2025-02-16 00:00:00,2025-02-17 00:00:00,2025-02-17 00:00:00,13.074253,77.58836,Police intercepted the accused near Railway Station Road and recovered 3.9 kg of ganja from their possession.
171,100050116202400005,202400005,2024-09-26,10,116,1,3,11,40,6,,2024-09-20 00:00:00,2024-09-22 00:00:00,2024-09-24 00:00:00,13.028614,77.563539,"The complainant reported that the accused was driving a vehicle rashly near Church Street, endangering pedestrians."
172,100280178202600002,202600002,2026-04-24,9,178,1,2,4,17,1,,2026-04-17 00:00:00,2026-04-17 00:00:00,2026-04-18 00:00:00,14.832167,74.747188,Information was received regarding a minor being transported from New Extension allegedly for trafficking purposes; the child was rescued.
173,100090136202600002,202600002,2026-02-27,165,136,1,1,6,25,1,,2026-02-20 00:00:00,2026-02-20 00:00:00,2026-02-24 00:00:00,13.369513,75.736539,The complainant reported that the accused forged signatures on documents related to unpaid loan to gain wrongful benefit.
174,100120146202500002,202500002,2025-04-11,200,146,1,2,2,9,2,1,2025-04-07 00:00:00,2025-04-07 00:00:00,2025-04-11 00:00:00,14.448617,75.880129,"Unknown persons broke into the complainant's premises at Railway Station Road at night and decamped with valuables worth Rs 65,000."
175,100060129202400002,202400002,2024-03-12,113,129,1,1,10,38,2,7,2024-03-05 00:00:00,2024-03-07 00:00:00,2024-03-09 00:00:00,17.887663,77.46344,"A group gathered near Temple Street in violation of prohibitory orders, leading to a law and order situation."
176,100230173202500001,202500001,2025-12-30,47,173,1,2,2,10,1,,2025-12-29 00:00:00,2025-12-30 00:00:00,2025-12-30 00:00:00,16.175156,77.30851,The complainant reported that their scooter parked near Ring Road was stolen overnight. The vehicle was not recovered at the time of registration.
177,400050115202600001,202600001,2026-01-03,83,115,4,2,3,13,1,,2025-12-28 00:00:00,2025-12-29 00:00:00,2026-01-03 00:00:00,12.902614,77.540546,The complainant reported that her husband made unwelcome advances and passed lewd remarks towards her near Bus Stand Road.
178,100120145202400001,202400001,2024-08-05,137,145,1,2,15,52,1,,2024-08-04 00:00:00,2024-08-06 00:00:00,2024-08-05 00:00:00,14.461728,75.911338,The complainant alleged being threatened with dire consequences by her husband over a dispute regarding an extramarital affair suspicion.
179,100220171202400001,202400001,2024-02-26,80,171,1,1,2,7,1,,2024-02-25 00:00:00,2024-02-25 00:00:00,2024-02-26 00:00:00,12.328355,76.609607,The complainant was robbed of cash and a mobile phone by unidentified persons near Main Bazaar at knife-point.
180,300160153202500001,202500001,2025-10-29,169,153,3,2,11,40,3,17,2025-10-23 00:00:00,2025-10-24 00:00:00,2025-10-26 00:00:00,14.847064,75.459108,"The complainant reported that the accused was driving a vehicle rashly near Bus Stand Road, endangering pedestrians."
181,800220165202400001,202400001,2024-08-16,139,165,8,1,6,26,3,37,2024-08-13 00:00:00,2024-08-15 00:00:00,2024-08-15 00:00:00,12.346576,76.610616,"The complainant's bank account was debited for Rs 434,000 through fraudulent means allegedly involving the accused."
182,400050115202500001,202500001,2025-12-09,162,115,4,1,7,28,2,1,2025-12-06 00:00:00,2025-12-07 00:00:00,2025-12-08 00:00:00,12.900714,77.544545,"The complainant discovered that a fraudulent account was created in their name and used to obtain a loan of Rs 186,000."
183,200220165202400002,202400002,2024-01-30,139,165,2,1,3,14,1,,2024-01-27 00:00:00,2024-01-28 00:00:00,2024-01-30 00:00:00,12.319122,76.668045,The complainant stated that the accused has been following and contacting her repeatedly near Old Town despite objection.
184,100110139202500001,202500001,2025-04-05,88,139,1,1,3,12,7,39,2025-04-05 00:00:00,2025-04-07 00:00:00,2025-04-05 00:00:00,12.866802,74.8221,The complainant alleged repeated physical and mental harassment by his neighbour over dowry-related demands at their residence in Church Street.
185,100030106202600001,202600001,2026-02-09,6,106,1,2,1,4,5,,2026-02-05 00:00:00,2026-02-07 00:00:00,2026-02-07 00:00:00,15.880777,74.509196,"The complainant stated that his neighbour assaulted them near MG Road following an argument over a business partnership, causing hurt."
186,100160154202400001,202400001,2024-10-16,92,154,1,2,9,36,9,,2024-10-13 00:00:00,2024-10-14 00:00:00,2024-10-16 00:00:00,14.787956,75.380487,The complainant reported an incident related to arms act offences occurring near College Road. Investigation is underway to ascertain further facts.
187,300260176202600001,202600001,2026-01-06,52,176,3,1,2,8,7,1,2025-12-31 00:00:00,2026-01-01 00:00:00,2026-01-06 00:00:00,13.313095,77.132406,"A group of armed persons robbed the complainant's shop at Railway Station Road, decamping with cash and goods worth Rs 165,000."
188,100050116202400006,202400006,2024-08-20,10,116,1,2,6,26,5,,2024-08-15 00:00:00,2024-08-15 00:00:00,2024-08-17 00:00:00,13.065207,77.696665,"The complainant's bank account was debited for Rs 295,000 through fraudulent means allegedly involving the accused."
189,200050127202400001,202400001,2024-06-21,78,127,2,2,7,29,4,34,2024-06-14 00:00:00,2024-06-14 00:00:00,2024-06-16 00:00:00,12.953972,77.597441,The complainant reported repeated harassing messages and unwanted contact from an unknown social media account.
190,100050115202400003,202400003,2024-03-29,162,115,1,2,2,55,5,,2024-03-29 00:00:00,2024-03-30 00:00:00,2024-03-29 00:00:00,12.93846,77.654547,"The complainant, a woman walking near APMC Yard, reported that two men on a motorcycle snatched her gold chain and sped away towards Temple Street."
191,200050122202400001,202400001,2024-12-13,76,122,2,2,8,32,3,34,2024-12-13 00:00:00,2024-12-15 00:00:00,2024-12-13 00:00:00,12.958759,77.540038,Police intercepted the accused near New Extension and recovered 6.4 kg of ganja from their possession.
192,100210163202400001,202400001,2024-08-01,24,163,1,2,3,12,1,,2024-07-27 00:00:00,2024-07-27 00:00:00,2024-07-28 00:00:00,12.499832,76.887933,The complainant alleged repeated physical and mental harassment by a known acquaintance over dowry-related demands at their residence in New Extension.
193,100170155202500001,202500001,2025-11-03,1,155,1,2,15,52,7,1,2025-11-01 00:00:00,2025-11-03 00:00:00,2025-11-03 00:00:00,17.289176,76.884741,The complainant alleged being threatened with dire consequences by her husband over a dispute regarding a family dispute.
194,100050116202400007,202400007,2024-03-27,10,116,1,3,3,13,2,35,2024-03-26 00:00:00,2024-03-28 00:00:00,2024-03-27 00:00:00,13.072239,77.541903,The complainant reported that a known acquaintance made unwelcome advances and passed lewd remarks towards her near New Extension.
195,100220165202600001,202600001,2026-01-30,139,165,1,2,6,25,1,,2026-01-25 00:00:00,2026-01-25 00:00:00,2026-01-28 00:00:00,12.347845,76.636085,The complainant reported that the accused forged signatures on documents related to unpaid loan to gain wrongful benefit.
196,100130147202500001,202500001,2025-06-14,116,147,1,2,5,22,1,,2025-06-08 00:00:00,2025-06-10 00:00:00,2025-06-10 00:00:00,15.465493,75.046103,The complainant reported an incident related to crimes against scs/sts occurring near Ring Road. Investigation is underway to ascertain further facts.
197,100090136202400002,202400002,2024-03-28,127,136,1,2,2,55,2,10,2024-03-23 00:00:00,2024-03-24 00:00:00,2024-03-28 00:00:00,13.276171,75.747041,"The complainant, a woman walking near Railway Station Road, reported that two men on a motorcycle snatched her gold chain and sped away towards Church Street."
198,300300180202500002,202500002,2025-10-31,1,180,3,2,6,23,1,,2025-10-29 00:00:00,2025-10-30 00:00:00,2025-10-30 00:00:00,16.878685,75.763944,"The complainant paid an advance of Rs 440,000 to the accused for unpaid loan which was never delivered as promised."
199,100230173202600001,202600001,2026-04-06,47,173,1,1,10,38,7,1,2026-04-05 00:00:00,2026-04-05 00:00:00,2026-04-05 00:00:00,16.23059,77.336085,"A group gathered near New Extension in violation of prohibitory orders, leading to a law and order situation."
200,100220172202400001,202400001,2024-03-14,114,172,1,2,6,26,7,37,2024-03-08 00:00:00,2024-03-10 00:00:00,2024-03-14 00:00:00,12.341476,76.69394,"The complainant's bank account was debited for Rs 370,000 through fraudulent means allegedly involving the accused."
201,100050117202400003,202400003,2024-01-14,61,117,1,2,11,41,2,40,2024-01-09 00:00:00,2024-01-10 00:00:00,2024-01-11 00:00:00,12.931261,77.652875,The victim was hit by an unidentified vehicle near Main Bazaar and sustained injuries; the driver fled the scene.
202,100220165202500005,202500005,2025-10-28,139,165,1,2,2,10,2,23,2025-10-24 00:00:00,2025-10-25 00:00:00,2025-10-26 00:00:00,12.314603,76.686277,The complainant reported that their motorcycle parked near Gandhi Nagar was stolen overnight. The vehicle was not recovered at the time of registration.
203,100260176202500003,202500003,2025-04-04,52,176,1,1,2,9,2,1,2025-04-01 00:00:00,2025-04-01 00:00:00,2025-04-04 00:00:00,13.380418,77.042007,"Unknown persons broke into the complainant's premises at APMC Yard at night and decamped with valuables worth Rs 126,000."
204,300050117202500002,202500002,2025-11-26,133,117,3,2,6,25,1,,2025-11-24 00:00:00,2025-11-26 00:00:00,2025-11-26 00:00:00,12.930677,77.610137,The complainant reported that the accused forged signatures on documents related to a property dispute to gain wrongful benefit.
205,100200161202400001,202400001,2024-07-09,19,161,1,2,2,6,1,,2024-07-06 00:00:00,2024-07-08 00:00:00,2024-07-09 00:00:00,15.380523,76.193603,"The complainant reported that unknown persons broke into their house at Ring Road and stole gold jewellery worth Rs 130,000 and cash. The incident occurred while the family was away."
206,400160153202600001,202600001,2026-06-08,169,153,4,2,9,36,1,,2026-06-01 00:00:00,2026-06-03 00:00:00,2026-06-06 00:00:00,14.762941,75.439355,The complainant reported an incident related to arms act offences occurring near Bus Stand Road. Investigation is underway to ascertain further facts.
207,100100138202400001,202400001,2024-09-17,151,138,1,3,3,15,5,,2024-09-16 00:00:00,2024-09-16 00:00:00,2024-09-17 00:00:00,14.28739,76.341594,"The victim was attacked with a corrosive substance by the accused near Railway Station Road, sustaining burn injuries."
208,100050118202400001,202400001,2024-06-15,71,118,1,2,6,25,1,,2024-06-12 00:00:00,2024-06-13 00:00:00,2024-06-13 00:00:00,12.909707,77.515799,The complainant reported that the accused forged signatures on documents related to a financial transaction to gain wrongful benefit.
209,300280178202500002,202500002,2025-11-22,39,178,3,2,8,33,7,1,2025-11-16 00:00:00,2025-11-16 00:00:00,2025-11-16 00:00:00,14.775971,74.692239,"A police patrol near College Road intercepted a vehicle and recovered narcotic substances weighing 10.1 kg, suspected to be in transit for sale."
210,200060130202600002,202600002,2026-06-06,154,130,2,2,2,7,1,,2026-06-02 00:00:00,2026-06-03 00:00:00,2026-06-04 00:00:00,17.901045,77.572619,The complainant was robbed of cash and a mobile phone by unidentified persons near MG Road at knife-point.
211,100220167202600001,202600001,2026-04-14,38,167,1,2,8,32,1,,2026-04-10 00:00:00,2026-04-12 00:00:00,2026-04-14 00:00:00,12.340531,76.63641,Police intercepted the accused near MG Road and recovered 2.7 kg of ganja from their possession.
212,100260176202400003,202400003,2024-06-09,52,176,1,2,11,41,2,1,2024-06-09 00:00:00,2024-06-11 00:00:00,2024-06-09 00:00:00,13.316638,77.047008,The victim was hit by an unidentified vehicle near Ring Road and sustained injuries; the driver fled the scene.
213,100030107202400001,202400001,2024-09-17,40,107,1,2,7,29,2,4,2024-09-16 00:00:00,2024-09-16 00:00:00,2024-09-17 00:00:00,15.831661,74.583252,The complainant reported repeated harassing messages and unwanted contact from an unknown social media account.
214,300230173202400001,202400001,2024-10-12,47,173,3,2,1,5,7,24,2024-10-12 00:00:00,2024-10-12 00:00:00,2024-10-12 00:00:00,16.193244,77.382782,The victim sustained grievous injuries after being attacked with a wooden stick by her in-laws near Market area over past enmity.
215,300090136202500001,202500001,2025-12-17,165,136,3,2,1,2,8,,2025-12-11 00:00:00,2025-12-11 00:00:00,2025-12-13 00:00:00,13.308282,75.778344,The accused attacked Anitha with a sharp weapon near Market area following a quarrel over a business partnership. The victim was rushed to hospital with grievous injuries.
216,100050117202400004,202400004,2024-08-23,185,117,1,2,2,8,5,,2024-08-16 00:00:00,2024-08-17 00:00:00,2024-08-19 00:00:00,12.97369,77.659777,"A group of armed persons robbed the complainant's shop at Ring Road, decamping with cash and goods worth Rs 187,000."
217,100140149202500001,202500001,2025-02-12,12,149,1,2,4,18,9,,2025-02-08 00:00:00,2025-02-08 00:00:00,2025-02-11 00:00:00,15.483899,75.596391,The complainant reported an incident related to crimes against children occurring near MG Road. Investigation is underway to ascertain further facts.
218,100110142202500001,202500001,2025-05-10,193,142,1,2,11,40,8,,2025-05-07 00:00:00,2025-05-07 00:00:00,2025-05-07 00:00:00,12.899684,74.8582,"The complainant reported that the accused was driving a vehicle rashly near Temple Street, endangering pedestrians."
219,100060130202500002,202500002,2025-03-21,179,130,1,2,7,30,2,7,2025-03-14 00:00:00,2025-03-15 00:00:00,2025-03-17 00:00:00,17.934996,77.528774,The complainant's confidential business data was allegedly copied and misused by a former employee.
220,400220169202500001,202500001,2025-09-26,68,169,4,3,9,36,7,37,2025-09-19 00:00:00,2025-09-20 00:00:00,2025-09-23 00:00:00,12.345999,76.668867,The complainant reported an incident related to arms act offences occurring near Station Road. Investigation is underway to ascertain further facts.
221,100050121202400001,202400001,2024-12-07,35,121,1,2,6,24,1,,2024-12-02 00:00:00,2024-12-02 00:00:00,2024-12-04 00:00:00,12.996409,77.509306,"The complainant alleged that the accused, entrusted with funds of Rs 30,000 for past enmity, misappropriated the amount."
222,100260176202400004,202400004,2024-05-01,120,176,1,2,2,7,3,27,2024-04-26 00:00:00,2024-04-27 00:00:00,2024-04-30 00:00:00,13.318761,77.112818,The complainant was robbed of cash and a mobile phone by unidentified persons near College Road at knife-point.
223,500110141202400001,202400001,2024-01-07,164,141,5,2,2,6,2,12,2024-01-01 00:00:00,2024-01-03 00:00:00,2024-01-05 00:00:00,12.884978,74.852699,"The complainant reported that unknown persons broke into their house at Industrial Layout and stole gold jewellery worth Rs 389,000 and cash. The incident occurred while the family was away."
224,200050117202500001,202500001,2025-12-07,158,117,2,2,10,38,1,,2025-12-03 00:00:00,2025-12-05 00:00:00,2025-12-05 00:00:00,13.079026,77.549502,"A group gathered near Temple Street in violation of prohibitory orders, leading to a law and order situation."
225,300040113202500001,202500001,2025-11-21,176,113,3,2,7,27,2,5,2025-11-19 00:00:00,2025-11-21 00:00:00,2025-11-21 00:00:00,13.264594,77.653634,"The complainant received a call from an unknown person claiming to be a bank official, who obtained OTP details and transferred Rs 30,000 from the complainant's account."
226,200050116202400001,202400001,2024-06-15,10,116,2,3,2,55,7,40,2024-06-13 00:00:00,2024-06-13 00:00:00,2024-06-13 00:00:00,13.09035,77.530709,"The complainant, a woman walking near Station Road, reported that two men on a motorcycle snatched her gold chain and sped away towards Temple Street."
227,100050124202500001,202500001,2025-06-17,133,124,1,2,1,5,7,35,2025-06-12 00:00:00,2025-06-12 00:00:00,2025-06-13 00:00:00,13.008357,77.508085,The victim sustained grievous injuries after being attacked with a knife by an unidentified assailant near Station Road over unpaid loan.
228,800050125202400001,202400001,2024-08-12,163,125,8,1,11,40,5,,2024-08-07 00:00:00,2024-08-07 00:00:00,2024-08-08 00:00:00,13.041238,77.578516,"The complainant reported that the accused was driving a vehicle rashly near Station Road, endangering pedestrians."
229,100130148202500002,202500002,2025-02-20,136,148,1,2,1,3,3,14,2025-02-16 00:00:00,2025-02-18 00:00:00,2025-02-19 00:00:00,15.44188,75.055583,"The complainant reported that Anitha died following an altercation with her husband near APMC Yard, suspected to involve a property dispute."
230,200110139202600001,202600001,2026-03-29,167,139,2,1,12,45,2,39,2026-03-26 00:00:00,2026-03-26 00:00:00,2026-03-29 00:00:00,12.887221,74.869939,The complainant reported an incident related to environmental offences occurring near APMC Yard. Investigation is underway to ascertain further facts.
231,100030107202600001,202600001,2026-04-24,40,107,1,2,2,55,1,,2026-04-20 00:00:00,2026-04-20 00:00:00,2026-04-23 00:00:00,15.837985,74.592161,"The complainant, a woman walking near New Extension, reported that two men on a motorcycle snatched her gold chain and sped away towards Railway Station Road."
232,100260176202500004,202500004,2025-07-15,52,176,1,1,2,9,1,,2025-07-10 00:00:00,2025-07-11 00:00:00,2025-07-11 00:00:00,13.390787,77.119209,"Unknown persons broke into the complainant's premises at Market area at night and decamped with valuables worth Rs 440,000."
233,100250175202400002,202400002,2024-11-23,125,175,1,3,3,15,1,,2024-11-23 00:00:00,2024-11-24 00:00:00,2024-11-23 00:00:00,13.902956,75.57435,"The victim was attacked with a corrosive substance by the accused near Industrial Layout, sustaining burn injuries."
234,100120145202500001,202500001,2025-07-10,137,145,1,2,6,24,1,,2025-07-03 00:00:00,2025-07-05 00:00:00,2025-07-08 00:00:00,14.446698,75.887095,"The complainant alleged that the accused, entrusted with funds of Rs 307,000 for an extramarital affair suspicion, misappropriated the amount."
235,100280178202400002,202400002,2024-09-09,9,178,1,2,7,30,1,,2024-09-02 00:00:00,2024-09-02 00:00:00,2024-09-09 00:00:00,14.809386,74.737585,The complainant's confidential business data was allegedly copied and misused by a former employee.
236,100030106202500001,202500001,2025-07-14,77,106,1,2,8,32,7,4,2025-07-12 00:00:00,2025-07-14 00:00:00,2025-07-14 00:00:00,15.855333,74.565433,Police intercepted the accused near Ring Road and recovered 8.9 kg of ganja from their possession.
237,200220172202400001,202400001,2024-08-20,114,172,2,2,2,9,1,,2024-08-15 00:00:00,2024-08-15 00:00:00,2024-08-19 00:00:00,12.338126,76.606514,"Unknown persons broke into the complainant's premises at Temple Street at night and decamped with valuables worth Rs 299,000."
238,100210163202500002,202500002,2025-06-04,198,163,1,2,3,14,3,1,2025-05-28 00:00:00,2025-05-28 00:00:00,2025-05-31 00:00:00,12.527326,76.89732,The complainant stated that the accused has been following and contacting her repeatedly near Gandhi Nagar despite objection.
239,100030109202400002,202400002,2024-04-21,143,109,1,1,7,28,2,1,2024-04-16 00:00:00,2024-04-17 00:00:00,2024-04-17 00:00:00,15.876418,74.563645,"The complainant discovered that a fraudulent account was created in their name and used to obtain a loan of Rs 174,000."
240,400050126202500001,202500001,2025-03-01,42,126,4,2,2,7,1,,2025-02-24 00:00:00,2025-02-26 00:00:00,2025-02-27 00:00:00,12.960679,77.65202,The complainant was robbed of cash and a mobile phone by unidentified persons near APMC Yard at knife-point.
241,100220165202600002,202600002,2026-07-06,166,165,1,2,2,9,1,,2026-07-02 00:00:00,2026-07-03 00:00:00,2026-07-03 00:00:00,12.306867,76.63653,"Unknown persons broke into the complainant's premises at Main Bazaar at night and decamped with valuables worth Rs 59,000."
242,100220166202400001,202400001,2024-05-14,190,166,1,3,11,40,1,,2024-05-12 00:00:00,2024-05-13 00:00:00,2024-05-14 00:00:00,12.34561,76.624424,"The complainant reported that the accused was driving a vehicle rashly near APMC Yard, endangering pedestrians."
243,100010103202400001,202400001,2024-12-06,72,103,1,1,2,9,2,1,2024-12-03 00:00:00,2024-12-04 00:00:00,2024-12-06 00:00:00,16.124942,75.672898,"Unknown persons broke into the complainant's premises at Main Bazaar at night and decamped with valuables worth Rs 279,000."
244,100050115202400004,202400004,2024-07-22,162,115,1,2,8,33,1,,2024-07-19 00:00:00,2024-07-20 00:00:00,2024-07-20 00:00:00,13.078203,77.540058,"A police patrol near Bus Stand Road intercepted a vehicle and recovered narcotic substances weighing 9.5 kg, suspected to be in transit for sale."
245,400140149202400001,202400001,2024-06-01,112,149,4,2,6,26,1,,2024-05-26 00:00:00,2024-05-27 00:00:00,2024-05-30 00:00:00,15.467482,75.606138,"The complainant's bank account was debited for Rs 361,000 through fraudulent means allegedly involving the accused."
246,100140149202500002,202500002,2025-09-07,112,149,1,1,6,23,7,15,2025-08-31 00:00:00,2025-09-02 00:00:00,2025-09-07 00:00:00,15.419259,75.637872,"The complainant paid an advance of Rs 90,000 to the accused for a family dispute which was never delivered as promised."
247,100040112202400001,202400001,2024-09-16,55,112,1,2,3,11,2,5,2024-09-15 00:00:00,2024-09-16 00:00:00,2024-09-16 00:00:00,13.239157,77.59895,The victim Nagaraj died under suspicious circumstances at her matrimonial home. The complainant alleges harassment for dowry by his neighbour.
248,300270177202500001,202500001,2025-09-23,75,177,3,1,1,5,2,1,2025-09-20 00:00:00,2025-09-20 00:00:00,2025-09-20 00:00:00,13.307422,74.695649,The victim sustained grievous injuries after being attacked with a iron rod by her husband near APMC Yard over unpaid loan.
249,100080133202600001,202600001,2026-03-30,74,133,1,1,6,26,3,9,2026-03-27 00:00:00,2026-03-28 00:00:00,2026-03-28 00:00:00,13.384077,77.759723,"The complainant's bank account was debited for Rs 267,000 through fraudulent means allegedly involving the accused."
250,400050116202400002,202400002,2024-09-21,10,116,4,2,3,14,1,,2024-09-15 00:00:00,2024-09-15 00:00:00,2024-09-18 00:00:00,12.974286,77.694378,The complainant stated that the accused has been following and contacting her repeatedly near College Road despite objection.
251,100220165202500006,202500006,2025-08-27,139,165,1,2,1,1,6,,2025-08-22 00:00:00,2025-08-22 00:00:00,2025-08-23 00:00:00,12.322416,76.682555,The victim Kavya was fatally attacked with a wooden stick by the accused near Ring Road. The motive is suspected to be a financial transaction.
252,100130148202500003,202500003,2025-08-16,8,148,1,2,5,20,2,14,2025-08-09 00:00:00,2025-08-11 00:00:00,2025-08-12 00:00:00,15.450513,74.97995,"The complainant, belonging to a Scheduled Caste, alleged physical assault and caste-based abuse by her in-laws near College Road."
253,200260176202500001,202500001,2025-02-26,120,176,2,2,8,32,1,,2025-02-22 00:00:00,2025-02-23 00:00:00,2025-02-24 00:00:00,13.381161,77.093752,Police intercepted the accused near Gandhi Nagar and recovered 3.7 kg of ganja from their possession.
254,100170155202500002,202500002,2025-10-28,1,155,1,2,2,9,1,,2025-10-25 00:00:00,2025-10-26 00:00:00,2025-10-26 00:00:00,17.357021,76.790811,"Unknown persons broke into the complainant's premises at Industrial Layout at night and decamped with valuables worth Rs 232,000."
255,100270177202400001,202400001,2024-07-03,75,177,1,1,2,8,4,1,2024-06-26 00:00:00,2024-06-28 00:00:00,2024-07-02 00:00:00,13.398173,74.782384,"A group of armed persons robbed the complainant's shop at Church Street, decamping with cash and goods worth Rs 50,000."
256,400200162202600001,202600001,2026-03-30,14,162,4,2,2,7,10,,2026-03-30 00:00:00,2026-04-01 00:00:00,2026-03-30 00:00:00,15.358718,76.092742,The complainant was robbed of cash and a mobile phone by unidentified persons near New Extension at knife-point.
257,100220165202400003,202400003,2024-07-22,139,165,1,2,14,50,10,,2024-07-17 00:00:00,2024-07-19 00:00:00,2024-07-21 00:00:00,12.337322,76.695197,The complainant reported that the accused outraged her modesty near Temple Street.
258,100220165202600003,202600003,2026-06-11,139,165,1,1,3,13,1,,2026-06-07 00:00:00,2026-06-07 00:00:00,2026-06-11 00:00:00,12.32764,76.603068,The complainant reported that his neighbour made unwelcome advances and passed lewd remarks towards her near Main Bazaar.
259,800050116202600001,202600001,2026-03-19,10,116,8,1,1,5,1,,2026-03-15 00:00:00,2026-03-17 00:00:00,2026-03-17 00:00:00,13.058808,77.581711,The victim sustained grievous injuries after being attacked with a iron rod by a known acquaintance near Market area over unpaid loan.
260,100030109202500001,202500001,2025-09-28,13,109,1,2,7,30,2,1,2025-09-23 00:00:00,2025-09-25 00:00:00,2025-09-28 00:00:00,15.855406,74.56277,The complainant's confidential business data was allegedly copied and misused by a former employee.
261,300050127202500001,202500001,2025-05-21,78,127,3,1,3,13,1,,2025-05-20 00:00:00,2025-05-21 00:00:00,2025-05-21 00:00:00,12.968661,77.530733,The complainant reported that a former business partner made unwelcome advances and passed lewd remarks towards her near Station Road.
262,200220165202500001,202500001,2025-10-11,139,165,2,2,8,34,2,37,2025-10-06 00:00:00,2025-10-07 00:00:00,2025-10-09 00:00:00,12.331421,76.669379,The accused was apprehended near Station Road while allegedly peddling narcotic substances to local youth.
263,100270177202500002,202500002,2025-12-21,75,177,1,2,1,4,7,28,2025-12-21 00:00:00,2025-12-21 00:00:00,2025-12-21 00:00:00,13.37049,74.801402,"The complainant stated that his neighbour assaulted them near Gandhi Nagar following an argument over an extramarital affair suspicion, causing hurt."
264,100170156202500002,202500002,2025-01-18,1,156,1,3,2,55,3,1,2025-01-13 00:00:00,2025-01-14 00:00:00,2025-01-15 00:00:00,17.385228,76.770866,"The complainant, a woman walking near College Road, reported that two men on a motorcycle snatched her gold chain and sped away towards Railway Station Road."
265,100270177202400002,202400002,2024-08-17,75,177,1,2,1,4,1,,2024-08-16 00:00:00,2024-08-17 00:00:00,2024-08-17 00:00:00,13.349606,74.753637,"The complainant stated that a former business partner assaulted them near Bus Stand Road following an argument over an extramarital affair suspicion, causing hurt."
266,100050116202500005,202500005,2025-04-24,10,116,1,2,15,52,8,,2025-04-19 00:00:00,2025-04-19 00:00:00,2025-04-22 00:00:00,12.957284,77.503039,The complainant alleged being threatened with dire consequences by a former business partner over a dispute regarding an extramarital affair suspicion.
267,800140149202400001,202400001,2024-11-11,129,149,8,1,3,13,2,1,2024-11-06 00:00:00,2024-11-06 00:00:00,2024-11-11 00:00:00,15.474137,75.597718,The complainant reported that a known acquaintance made unwelcome advances and passed lewd remarks towards her near MG Road.
268,100240174202500001,202500001,2025-01-12,102,174,1,2,8,33,1,,2025-01-11 00:00:00,2025-01-12 00:00:00,2025-01-12 00:00:00,12.778062,77.332393,"A police patrol near Bus Stand Road intercepted a vehicle and recovered narcotic substances weighing 1.4 kg, suspected to be in transit for sale."
269,100010103202400002,202400002,2024-07-14,72,103,1,3,6,23,2,1,2024-07-10 00:00:00,2024-07-10 00:00:00,2024-07-12 00:00:00,16.150549,75.684066,"The complainant paid an advance of Rs 319,000 to the accused for unpaid loan which was never delivered as promised."
270,100050115202600002,202600002,2026-02-15,162,115,1,2,13,47,2,35,2026-02-11 00:00:00,2026-02-13 00:00:00,2026-02-14 00:00:00,12.981781,77.611783,The complainant reported an incident related to crimes related to documents/property occurring near Ring Road. Investigation is underway to ascertain further facts.
271,100230173202500002,202500002,2025-08-13,47,173,1,2,7,31,1,,2025-08-08 00:00:00,2025-08-08 00:00:00,2025-08-11 00:00:00,16.251601,77.335508,"The complainant clicked a fraudulent link received via SMS and lost Rs 145,000 from their bank account."
272,100240174202400002,202400002,2024-01-10,102,174,1,2,1,1,2,25,2024-01-10 00:00:00,2024-01-11 00:00:00,2024-01-10 00:00:00,12.777678,77.245122,"The complainant reported that Anitha was found dead with injuries near Bus Stand Road, allegedly assaulted by her husband following a dispute over past enmity."
273,100310181202600002,202600002,2026-04-25,150,181,1,2,11,41,7,32,2026-04-23 00:00:00,2026-04-25 00:00:00,2026-04-25 00:00:00,16.764351,77.190177,The victim was hit by an unidentified vehicle near Bus Stand Road and sustained injuries; the driver fled the scene.
274,100110141202400002,202400002,2024-05-27,79,141,1,3,6,26,2,12,2024-05-26 00:00:00,2024-05-28 00:00:00,2024-05-27 00:00:00,12.891726,74.881482,"The complainant's bank account was debited for Rs 238,000 through fraudulent means allegedly involving the accused."
275,100050115202600003,202600003,2026-05-02,162,115,1,2,4,18,1,,2026-04-30 00:00:00,2026-05-02 00:00:00,2026-05-02 00:00:00,13.026114,77.685964,The complainant reported an incident related to crimes against children occurring near MG Road. Investigation is underway to ascertain further facts.
276,100030109202400003,202400003,2024-11-19,143,109,1,2,7,28,1,,2024-11-17 00:00:00,2024-11-17 00:00:00,2024-11-18 00:00:00,15.832535,74.520947,"The complainant discovered that a fraudulent account was created in their name and used to obtain a loan of Rs 179,000."
277,100100137202500001,202500001,2025-09-26,111,137,1,3,8,32,1,,2025-09-20 00:00:00,2025-09-22 00:00:00,2025-09-25 00:00:00,14.288862,76.450284,Police intercepted the accused near MG Road and recovered 5.9 kg of ganja from their possession.
278,100050125202500002,202500002,2025-01-03,178,125,1,2,1,1,5,,2024-12-28 00:00:00,2024-12-28 00:00:00,2025-01-03 00:00:00,13.061882,77.657874,"The complainant reported that Manoj was found dead with injuries near Industrial Layout, allegedly assaulted by her husband following a dispute over a family dispute."
279,200050128202400002,202400002,2024-11-20,43,128,2,3,3,15,2,34,2024-11-20 00:00:00,2024-11-20 00:00:00,2024-11-20 00:00:00,12.934846,77.699564,"The victim was attacked with a corrosive substance by the accused near Industrial Layout, sustaining burn injuries."
280,100170155202400002,202400002,2024-06-07,1,155,1,2,3,14,7,1,2024-06-07 00:00:00,2024-06-08 00:00:00,2024-06-07 00:00:00,17.381852,76.816187,The complainant stated that the accused has been following and contacting her repeatedly near Temple Street despite objection.
281,300070131202400001,202400001,2024-08-03,37,131,3,2,8,34,2,1,2024-07-28 00:00:00,2024-07-28 00:00:00,2024-07-30 00:00:00,11.935877,76.99192,The accused was apprehended near Main Bazaar while allegedly peddling narcotic substances to local youth.
282,400250175202600001,202600001,2026-05-19,125,175,4,2,6,25,7,26,2026-05-17 00:00:00,2026-05-17 00:00:00,2026-05-17 00:00:00,13.971436,75.529319,The complainant reported that the accused forged signatures on documents related to an extramarital affair suspicion to gain wrongful benefit.
283,100230173202400002,202400002,2024-06-07,47,173,1,1,2,8,1,,2024-05-31 00:00:00,2024-06-02 00:00:00,2024-06-02 00:00:00,16.159629,77.356612,"A group of armed persons robbed the complainant's shop at Ring Road, decamping with cash and goods worth Rs 17,000."
284,300100138202400001,202400001,2024-04-10,86,138,3,2,6,26,2,11,2024-04-06 00:00:00,2024-04-06 00:00:00,2024-04-06 00:00:00,14.194037,76.443197,"The complainant's bank account was debited for Rs 134,000 through fraudulent means allegedly involving the accused."
285,100030109202400004,202400004,2024-03-13,13,109,1,2,2,8,1,,2024-03-10 00:00:00,2024-03-11 00:00:00,2024-03-13 00:00:00,15.820682,74.518486,"A group of armed persons robbed the complainant's shop at College Road, decamping with cash and goods worth Rs 127,000."
286,100050119202600001,202600001,2026-04-05,175,119,1,1,7,31,3,40,2026-04-02 00:00:00,2026-04-04 00:00:00,2026-04-05 00:00:00,13.013049,77.612075,"The complainant clicked a fraudulent link received via SMS and lost Rs 306,000 from their bank account."
287,300030108202500001,202500001,2025-12-28,85,108,3,2,8,32,2,38,2025-12-24 00:00:00,2025-12-26 00:00:00,2025-12-27 00:00:00,15.871016,74.586371,Police intercepted the accused near College Road and recovered 3.9 kg of ganja from their possession.
288,100110139202600001,202600001,2026-05-09,149,139,1,2,10,38,2,39,2026-05-05 00:00:00,2026-05-07 00:00:00,2026-05-08 00:00:00,12.851289,74.855941,"A group gathered near College Road in violation of prohibitory orders, leading to a law and order situation."
289,400200161202500001,202500001,2025-03-08,19,161,4,2,13,47,1,,2025-03-01 00:00:00,2025-03-03 00:00:00,2025-03-07 00:00:00,15.367029,76.161362,The complainant reported an incident related to crimes related to documents/property occurring near College Road. Investigation is underway to ascertain further facts.
290,100120146202400001,202400001,2024-06-06,131,146,1,3,1,5,2,1,2024-06-01 00:00:00,2024-06-02 00:00:00,2024-06-05 00:00:00,14.424232,75.921979,The victim sustained grievous injuries after being attacked with a knife by her in-laws near Temple Street over unpaid loan.
291,500260176202500001,202500001,2025-07-02,52,176,5,2,2,6,1,,2025-06-25 00:00:00,2025-06-25 00:00:00,2025-07-02 00:00:00,13.386962,77.097355,"The complainant's mobile phone was stolen from outside their residence at Market area, valued at approximately Rs 308,000."
292,100110141202400003,202400003,2024-04-30,79,141,1,2,1,3,7,1,2024-04-26 00:00:00,2024-04-26 00:00:00,2024-04-28 00:00:00,12.861528,74.824015,"The complainant reported that Kavya died following an altercation with his neighbour near Railway Station Road, suspected to involve a financial transaction."
293,100200162202400001,202400001,2024-08-18,108,162,1,2,5,21,1,,2024-08-16 00:00:00,2024-08-17 00:00:00,2024-08-17 00:00:00,15.319602,76.206843,The complainant reported an incident related to crimes against scs/sts occurring near APMC Yard. Investigation is underway to ascertain further facts.
294,100230173202500003,202500003,2025-04-06,47,173,1,2,2,8,2,1,2025-04-04 00:00:00,2025-04-05 00:00:00,2025-04-06 00:00:00,16.161399,77.390065,"A group of armed persons robbed the complainant's shop at Church Street, decamping with cash and goods worth Rs 135,000."
295,100050116202500006,202500006,2025-09-22,10,116,1,2,14,50,1,,2025-09-20 00:00:00,2025-09-22 00:00:00,2025-09-22 00:00:00,12.994755,77.649264,The complainant reported that the accused outraged her modesty near Church Street.
296,800060130202500001,202500001,2025-08-31,154,130,8,1,1,3,5,,2025-08-28 00:00:00,2025-08-30 00:00:00,2025-08-31 00:00:00,17.875723,77.543082,"The complainant reported that Lakshmi died following an altercation with an unidentified assailant near Station Road, suspected to involve a property dispute."
297,100050126202500001,202500001,2025-11-08,69,126,1,2,1,3,5,,2025-11-08 00:00:00,2025-11-08 00:00:00,2025-11-08 00:00:00,13.022753,77.654203,"The complainant reported that Suresh died following an altercation with her husband near Bus Stand Road, suspected to involve a property dispute."
298,100180158202400001,202400001,2024-10-16,144,158,1,2,2,6,2,1,2024-10-09 00:00:00,2024-10-09 00:00:00,2024-10-14 00:00:00,12.478464,75.746626,"The complainant reported that unknown persons broke into their house at Gandhi Nagar and stole gold jewellery worth Rs 380,000 and cash. The incident occurred while the family was away."
299,100050117202400005,202400005,2024-02-28,41,117,1,1,3,14,6,,2024-02-24 00:00:00,2024-02-24 00:00:00,2024-02-28 00:00:00,13.006506,77.544667,The complainant stated that the accused has been following and contacting her repeatedly near College Road despite objection.
300,100060130202500003,202500003,2025-12-16,179,130,1,2,1,3,1,,2025-12-12 00:00:00,2025-12-12 00:00:00,2025-12-15 00:00:00,17.877552,77.470702,"The complainant reported that Suresh died following an altercation with her husband near Bus Stand Road, suspected to involve land boundary issues."
301,300270177202400001,202400001,2024-01-17,75,177,3,2,5,21,1,,2024-01-10 00:00:00,2024-01-10 00:00:00,2024-01-17 00:00:00,13.280258,74.732442,The complainant reported an incident related to crimes against scs/sts occurring near Ring Road. Investigation is underway to ascertain further facts.
302,100080134202600001,202600001,2026-01-08,99,134,1,1,3,12,3,9,2026-01-03 00:00:00,2026-01-05 00:00:00,2026-01-08 00:00:00,13.374296,77.724204,The complainant alleged repeated physical and mental harassment by her husband over dowry-related demands at their residence in College Road.
303,100300180202600001,202600001,2026-05-29,1,180,1,1,13,47,1,,2026-05-24 00:00:00,2026-05-24 00:00:00,2026-05-24 00:00:00,16.882292,75.751545,The complainant reported an incident related to crimes related to documents/property occurring near APMC Yard. Investigation is underway to ascertain further facts.
304,300280178202500003,202500003,2025-12-30,9,178,3,2,2,8,6,,2025-12-30 00:00:00,2026-01-01 00:00:00,2025-12-30 00:00:00,14.838569,74.73217,"A group of armed persons robbed the complainant's shop at Railway Station Road, decamping with cash and goods worth Rs 418,000."
305,100260176202500005,202500005,2025-08-04,52,176,1,2,6,24,2,1,2025-07-31 00:00:00,2025-08-02 00:00:00,2025-08-04 00:00:00,13.338078,77.11896,"The complainant alleged that the accused, entrusted with funds of Rs 58,000 for land boundary issues, misappropriated the amount."
306,100310181202600003,202600003,2026-02-23,150,181,1,2,15,54,2,1,2026-02-21 00:00:00,2026-02-21 00:00:00,2026-02-23 00:00:00,16.745126,77.093776,The complainant reported an incident related to other ipc crimes occurring near Railway Station Road. Investigation is underway to ascertain further facts.
307,200050127202500001,202500001,2025-09-18,78,127,2,2,6,25,2,34,2025-09-17 00:00:00,2025-09-19 00:00:00,2025-09-18 00:00:00,12.956595,77.660945,The complainant reported that the accused forged signatures on documents related to a family dispute to gain wrongful benefit.
308,200050125202500001,202500001,2025-08-19,98,125,2,2,6,26,2,1,2025-08-18 00:00:00,2025-08-18 00:00:00,2025-08-19 00:00:00,12.99947,77.551745,"The complainant's bank account was debited for Rs 324,000 through fraudulent means allegedly involving the accused."
309,100220165202400004,202400004,2024-05-21,139,165,1,2,3,14,3,1,2024-05-21 00:00:00,2024-05-23 00:00:00,2024-05-21 00:00:00,12.332307,76.638894,The complainant stated that the accused has been following and contacting her repeatedly near College Road despite objection.
310,400090135202400002,202400002,2024-01-08,11,135,4,3,1,3,2,10,2024-01-05 00:00:00,2024-01-07 00:00:00,2024-01-07 00:00:00,13.27567,75.813929,"The complainant reported that Lakshmi died following an altercation with a known acquaintance near Church Street, suspected to involve unpaid loan."
311,300150151202600001,202600001,2026-03-25,110,151,3,1,3,15,1,,2026-03-24 00:00:00,2026-03-26 00:00:00,2026-03-25 00:00:00,12.993042,76.08659,"The victim was attacked with a corrosive substance by the accused near APMC Yard, sustaining burn injuries."
312,400050115202600002,202600002,2026-02-05,83,115,4,1,3,14,2,40,2026-02-05 00:00:00,2026-02-07 00:00:00,2026-02-05 00:00:00,12.921708,77.592603,The complainant stated that the accused has been following and contacting her repeatedly near Station Road despite objection.
313,300020104202500001,202500001,2025-04-03,148,104,3,2,8,32,1,,2025-03-30 00:00:00,2025-03-31 00:00:00,2025-04-01 00:00:00,15.144386,76.87445,Police intercepted the accused near Church Street and recovered 4.6 kg of ganja from their possession.
314,300070132202500001,202500001,2025-04-05,66,132,3,1,3,13,1,,2025-04-03 00:00:00,2025-04-05 00:00:00,2025-04-05 00:00:00,11.888059,76.981002,The complainant reported that her in-laws made unwelcome advances and passed lewd remarks towards her near Market area.
315,100230173202500004,202500004,2025-07-11,47,173,1,2,7,27,5,,2025-07-10 00:00:00,2025-07-12 00:00:00,2025-07-11 00:00:00,16.160605,77.39288,"The complainant received a call from an unknown person claiming to be a bank official, who obtained OTP details and transferred Rs 80,000 from the complainant's account."
316,100050116202500007,202500007,2025-01-13,10,116,1,2,13,47,6,,2025-01-11 00:00:00,2025-01-11 00:00:00,2025-01-12 00:00:00,13.023159,77.623923,The complainant reported an incident related to crimes related to documents/property occurring near Market area. Investigation is underway to ascertain further facts.
317,100030106202400001,202400001,2024-08-07,77,106,1,2,7,29,1,,2024-08-03 00:00:00,2024-08-05 00:00:00,2024-08-07 00:00:00,15.804168,74.507432,The complainant reported repeated harassing messages and unwanted contact from an unknown social media account.
318,100190159202600001,202600001,2026-05-19,141,159,1,3,6,23,2,1,2026-05-12 00:00:00,2026-05-13 00:00:00,2026-05-13 00:00:00,13.164438,78.07448,"The complainant paid an advance of Rs 160,000 to the accused for a business partnership which was never delivered as promised."
319,400220167202500001,202500001,2025-03-25,38,167,4,1,7,28,2,23,2025-03-25 00:00:00,2025-03-26 00:00:00,2025-03-25 00:00:00,12.33268,76.661277,"The complainant discovered that a fraudulent account was created in their name and used to obtain a loan of Rs 124,000."
320,200030106202400001,202400001,2024-07-18,156,106,2,2,7,28,1,,2024-07-11 00:00:00,2024-07-13 00:00:00,2024-07-13 00:00:00,15.895047,74.529536,"The complainant discovered that a fraudulent account was created in their name and used to obtain a loan of Rs 267,000."
321,800220170202400001,202400001,2024-08-09,68,170,8,2,6,26,6,,2024-08-06 00:00:00,2024-08-06 00:00:00,2024-08-06 00:00:00,12.323236,76.609732,"The complainant's bank account was debited for Rs 83,000 through fraudulent means allegedly involving the accused."
322,100180157202500003,202500003,2025-08-25,63,157,1,2,2,55,2,1,2025-08-23 00:00:00,2025-08-24 00:00:00,2025-08-24 00:00:00,12.471432,75.761336,"The complainant, a woman walking near Ring Road, reported that two men on a motorcycle snatched her gold chain and sped away towards New Extension."
323,400110144202500002,202500002,2025-05-04,95,144,4,3,2,8,7,39,2025-04-27 00:00:00,2025-04-28 00:00:00,2025-04-30 00:00:00,12.877942,74.887702,"A group of armed persons robbed the complainant's shop at Gandhi Nagar, decamping with cash and goods worth Rs 124,000."
324,100050115202500002,202500002,2025-02-16,153,115,1,1,9,35,1,,2025-02-14 00:00:00,2025-02-14 00:00:00,2025-02-16 00:00:00,13.083549,77.5648,Police recovered an unlicensed firearm from the accused during a routine check near Main Bazaar.
325,500050117202500001,202500001,2025-11-07,41,117,5,1,2,55,5,,2025-11-05 00:00:00,2025-11-06 00:00:00,2025-11-06 00:00:00,13.040747,77.662072,"The complainant, a woman walking near Temple Street, reported that two men on a motorcycle snatched her gold chain and sped away towards Railway Station Road."
326,200050120202400001,202400001,2024-06-09,94,120,2,1,2,9,5,,2024-06-04 00:00:00,2024-06-06 00:00:00,2024-06-06 00:00:00,12.940196,77.506989,"Unknown persons broke into the complainant's premises at Station Road at night and decamped with valuables worth Rs 123,000."
327,100110141202400004,202400004,2024-02-07,79,141,1,2,8,33,3,1,2024-02-05 00:00:00,2024-02-06 00:00:00,2024-02-06 00:00:00,12.860997,74.821697,"A police patrol near Bus Stand Road intercepted a vehicle and recovered narcotic substances weighing 11.3 kg, suspected to be in transit for sale."
328,100220165202500007,202500007,2025-12-23,166,165,1,2,2,8,7,37,2025-12-17 00:00:00,2025-12-19 00:00:00,2025-12-23 00:00:00,12.340771,76.682982,"A group of armed persons robbed the complainant's shop at Ring Road, decamping with cash and goods worth Rs 278,000."
329,500050117202500002,202500002,2025-11-20,133,117,5,2,2,10,7,1,2025-11-15 00:00:00,2025-11-17 00:00:00,2025-11-17 00:00:00,13.094145,77.64605,The complainant reported that their car parked near Old Town was stolen overnight. The vehicle was not recovered at the time of registration.
330,100220169202500001,202500001,2025-05-08,68,169,1,2,4,16,1,,2025-05-08 00:00:00,2025-05-10 00:00:00,2025-05-08 00:00:00,12.323283,76.69019,The complainant reported that the minor victim was subjected to abuse by a former business partner at Main Bazaar.
331,100050124202500002,202500002,2025-10-21,175,124,1,2,4,18,7,1,2025-10-19 00:00:00,2025-10-21 00:00:00,2025-10-21 00:00:00,12.959209,77.587374,The complainant reported an incident related to crimes against children occurring near Railway Station Road. Investigation is underway to ascertain further facts.
332,100050116202400008,202400008,2024-07-29,10,116,1,2,3,12,1,,2024-07-27 00:00:00,2024-07-28 00:00:00,2024-07-29 00:00:00,13.005991,77.633001,The complainant alleged repeated physical and mental harassment by her husband over dowry-related demands at their residence in Ring Road.
333,100090136202600003,202600003,2026-01-20,127,136,1,2,8,34,1,,2026-01-20 00:00:00,2026-01-20 00:00:00,2026-01-20 00:00:00,13.342877,75.750788,The accused was apprehended near Railway Station Road while allegedly peddling narcotic substances to local youth.
334,100020104202400001,202400001,2024-06-10,187,104,1,1,6,25,5,,2024-06-10 00:00:00,2024-06-12 00:00:00,2024-06-10 00:00:00,15.126457,76.977109,The complainant reported that the accused forged signatures on documents related to a business partnership to gain wrongful benefit.
335,100290179202400001,202400001,2024-12-10,59,179,1,2,2,8,3,1,2024-12-09 00:00:00,2024-12-09 00:00:00,2024-12-10 00:00:00,15.209139,76.415762,"A group of armed persons robbed the complainant's shop at Temple Street, decamping with cash and goods worth Rs 291,000."
336,100220171202400002,202400002,2024-02-04,80,171,1,2,4,18,10,,2024-02-01 00:00:00,2024-02-01 00:00:00,2024-02-01 00:00:00,12.312681,76.647292,The complainant reported an incident related to crimes against children occurring near Gandhi Nagar. Investigation is underway to ascertain further facts.
337,300050116202500001,202500001,2025-11-01,10,116,3,2,1,1,7,35,2025-11-01 00:00:00,2025-11-03 00:00:00,2025-11-01 00:00:00,12.922061,77.580205,The victim Ramesh was fatally attacked with a knife by the accused near College Road. The motive is suspected to be a financial transaction.
338,100050118202500001,202500001,2025-07-17,177,118,1,3,6,24,2,34,2025-07-15 00:00:00,2025-07-15 00:00:00,2025-07-16 00:00:00,13.018103,77.598455,"The complainant alleged that the accused, entrusted with funds of Rs 17,000 for a family dispute, misappropriated the amount."
339,200200161202600001,202600001,2026-05-11,19,161,2,1,7,31,7,21,2026-05-04 00:00:00,2026-05-04 00:00:00,2026-05-04 00:00:00,15.379308,76.139238,"The complainant clicked a fraudulent link received via SMS and lost Rs 390,000 from their bank account."
340,100260176202400005,202400005,2024-02-26,120,176,1,2,11,41,8,,2024-02-21 00:00:00,2024-02-23 00:00:00,2024-02-24 00:00:00,13.376769,77.089863,The victim was hit by an unidentified vehicle near Station Road and sustained injuries; the driver fled the scene.
341,300050115202500002,202500002,2025-12-01,153,115,3,2,2,7,7,36,2025-11-25 00:00:00,2025-11-25 00:00:00,2025-11-26 00:00:00,12.955299,77.666328,The complainant was robbed of cash and a mobile phone by unidentified persons near Bus Stand Road at knife-point.
342,100050116202500008,202500008,2025-04-27,10,116,1,2,3,12,7,6,2025-04-25 00:00:00,2025-04-25 00:00:00,2025-04-25 00:00:00,12.942446,77.670402,The complainant alleged repeated physical and mental harassment by a known acquaintance over dowry-related demands at their residence in Market area.
343,200050122202500001,202500001,2025-10-09,76,122,2,1,7,29,7,34,2025-10-07 00:00:00,2025-10-09 00:00:00,2025-10-09 00:00:00,13.06053,77.640608,The complainant reported repeated harassing messages and unwanted contact from an unknown social media account.
344,100140150202500002,202500002,2025-08-20,147,150,1,2,2,6,2,15,2025-08-20 00:00:00,2025-08-20 00:00:00,2025-08-20 00:00:00,15.448122,75.68109,"The complainant's mobile phone was stolen from outside their residence at Bus Stand Road, valued at approximately Rs 121,000."
345,100230173202500005,202500005,2025-03-06,47,173,1,2,2,55,2,1,2025-03-05 00:00:00,2025-03-07 00:00:00,2025-03-06 00:00:00,16.204296,77.410046,"The complainant, a woman walking near Gandhi Nagar, reported that two men on a motorcycle snatched her gold chain and sped away towards Ring Road."
346,100020105202600001,202600001,2026-02-18,195,105,1,2,7,28,2,1,2026-02-17 00:00:00,2026-02-18 00:00:00,2026-02-18 00:00:00,15.19994,76.896512,"The complainant discovered that a fraudulent account was created in their name and used to obtain a loan of Rs 288,000."
347,100100138202500001,202500001,2025-11-22,86,138,1,3,1,5,2,1,2025-11-17 00:00:00,2025-11-19 00:00:00,2025-11-20 00:00:00,14.187142,76.38208,The victim sustained grievous injuries after being attacked with a knife by her in-laws near Church Street over a property dispute.
348,100280178202400003,202400003,2024-01-16,39,178,1,2,15,54,2,1,2024-01-15 00:00:00,2024-01-15 00:00:00,2024-01-15 00:00:00,14.815668,74.735653,The complainant reported an incident related to other ipc crimes occurring near New Extension. Investigation is underway to ascertain further facts.
349,100050115202400005,202400005,2024-10-03,162,115,1,1,7,27,3,40,2024-09-28 00:00:00,2024-09-29 00:00:00,2024-09-29 00:00:00,12.959887,77.610477,"The complainant received a call from an unknown person claiming to be a bank official, who obtained OTP details and transferred Rs 219,000 from the complainant's account."
350,100190160202500001,202500001,2025-04-29,4,160,1,2,2,55,7,1,2025-04-29 00:00:00,2025-05-01 00:00:00,2025-04-29 00:00:00,13.117105,78.181493,"The complainant, a woman walking near Ring Road, reported that two men on a motorcycle snatched her gold chain and sped away towards College Road."
351,100090135202600001,202600001,2026-06-05,31,135,1,2,2,6,1,,2026-05-30 00:00:00,2026-05-30 00:00:00,2026-06-03 00:00:00,13.376257,75.740366,"The complainant's laptop was stolen from outside their residence at Railway Station Road, valued at approximately Rs 53,000."
352,100270177202500003,202500003,2025-12-31,75,177,1,2,7,30,2,1,2025-12-24 00:00:00,2025-12-25 00:00:00,2025-12-26 00:00:00,13.304653,74.792748,The complainant's confidential business data was allegedly copied and misused by a former employee.
353,100020104202500002,202500002,2025-07-31,187,104,1,2,11,41,1,,2025-07-26 00:00:00,2025-07-28 00:00:00,2025-07-28 00:00:00,15.105454,76.930563,The victim was hit by an unidentified vehicle near APMC Yard and sustained injuries; the driver fled the scene.
354,200050117202600001,202600001,2026-07-03,158,117,2,1,2,8,6,,2026-07-02 00:00:00,2026-07-03 00:00:00,2026-07-03 00:00:00,12.966591,77.639747,"A group of armed persons robbed the complainant's shop at Bus Stand Road, decamping with cash and goods worth Rs 430,000."
355,100260176202500006,202500006,2025-03-01,120,176,1,2,1,2,4,27,2025-02-22 00:00:00,2025-02-24 00:00:00,2025-02-28 00:00:00,13.2926,77.130371,The accused attacked Ramesh with a wooden stick near Bus Stand Road following a quarrel over unpaid loan. The victim was rushed to hospital with grievous injuries.
356,100220167202600002,202600002,2026-03-25,38,167,1,2,2,7,1,,2026-03-24 00:00:00,2026-03-24 00:00:00,2026-03-24 00:00:00,12.338046,76.64213,The complainant was robbed of cash and a mobile phone by unidentified persons near Bus Stand Road at knife-point.
357,100290179202600001,202600001,2026-03-07,59,179,1,2,1,2,9,,2026-03-04 00:00:00,2026-03-05 00:00:00,2026-03-07 00:00:00,15.241398,76.462201,The accused attacked Ramesh with a knife near APMC Yard following a quarrel over a property dispute. The victim was rushed to hospital with grievous injuries.
358,100050114202600001,202600001,2026-06-02,121,114,1,2,1,3,8,,2026-05-26 00:00:00,2026-05-27 00:00:00,2026-05-29 00:00:00,12.954889,77.568284,"The complainant reported that Anitha died following an altercation with a former business partner near MG Road, suspected to involve a business partnership."
359,100110139202400001,202400001,2024-07-02,167,139,1,2,7,29,2,39,2024-06-26 00:00:00,2024-06-27 00:00:00,2024-06-30 00:00:00,12.873524,74.806179,The complainant reported repeated harassing messages and unwanted contact from an unknown social media account.
360,100220172202500002,202500002,2025-03-13,114,172,1,2,8,33,7,1,2025-03-06 00:00:00,2025-03-06 00:00:00,2025-03-12 00:00:00,12.326428,76.652723,"A police patrol near Station Road intercepted a vehicle and recovered narcotic substances weighing 2.0 kg, suspected to be in transit for sale."
361,100050117202400006,202400006,2024-09-06,185,117,1,2,7,28,9,,2024-09-06 00:00:00,2024-09-07 00:00:00,2024-09-06 00:00:00,13.077136,77.513878,"The complainant discovered that a fraudulent account was created in their name and used to obtain a loan of Rs 93,000."
362,800030111202400001,202400001,2024-11-20,183,111,8,2,6,26,1,,2024-11-20 00:00:00,2024-11-21 00:00:00,2024-11-20 00:00:00,15.871796,74.534208,"The complainant's bank account was debited for Rs 98,000 through fraudulent means allegedly involving the accused."
363,200210163202400001,202400001,2024-06-24,24,163,2,2,2,9,7,22,2024-06-21 00:00:00,2024-06-23 00:00:00,2024-06-23 00:00:00,12.492049,76.9164,"Unknown persons broke into the complainant's premises at New Extension at night and decamped with valuables worth Rs 29,000."
364,100280178202600003,202600003,2026-06-26,39,178,1,2,2,7,1,,2026-06-21 00:00:00,2026-06-23 00:00:00,2026-06-24 00:00:00,14.80473,74.650035,The complainant was robbed of cash and a mobile phone by unidentified persons near College Road at knife-point.
365,100200161202500001,202500001,2025-08-25,19,161,1,1,3,14,10,,2025-08-22 00:00:00,2025-08-24 00:00:00,2025-08-25 00:00:00,15.325221,76.136913,The complainant stated that the accused has been following and contacting her repeatedly near Ring Road despite objection.
366,200050115202500001,202500001,2025-02-06,30,115,2,2,3,13,2,1,2025-02-06 00:00:00,2025-02-06 00:00:00,2025-02-06 00:00:00,12.926767,77.586363,The complainant reported that a former business partner made unwelcome advances and passed lewd remarks towards her near Church Street.
367,300050114202400001,202400001,2024-01-22,122,114,3,3,2,7,1,,2024-01-21 00:00:00,2024-01-23 00:00:00,2024-01-22 00:00:00,12.904575,77.647356,The complainant was robbed of cash and a mobile phone by unidentified persons near Temple Street at knife-point.
368,100190159202400001,202400001,2024-08-14,20,159,1,2,11,40,10,,2024-08-07 00:00:00,2024-08-08 00:00:00,2024-08-14 00:00:00,13.1979,78.126305,"The complainant reported that the accused was driving a vehicle rashly near Industrial Layout, endangering pedestrians."
369,100030106202400002,202400002,2024-01-20,6,106,1,1,7,29,3,4,2024-01-16 00:00:00,2024-01-17 00:00:00,2024-01-19 00:00:00,15.86731,74.567289,The complainant reported repeated harassing messages and unwanted contact from an unknown social media account.
370,100040113202600001,202600001,2026-04-07,176,113,1,2,10,38,1,,2026-04-01 00:00:00,2026-04-01 00:00:00,2026-04-06 00:00:00,13.273321,77.585743,"A group gathered near New Extension in violation of prohibitory orders, leading to a law and order situation."
371,800140150202500001,202500001,2025-10-06,22,150,8,1,8,33,7,1,2025-10-04 00:00:00,2025-10-06 00:00:00,2025-10-06 00:00:00,15.43174,75.613684,"A police patrol near Railway Station Road intercepted a vehicle and recovered narcotic substances weighing 7.6 kg, suspected to be in transit for sale."
372,100160154202500002,202500002,2025-09-10,92,154,1,2,2,10,7,17,2025-09-09 00:00:00,2025-09-10 00:00:00,2025-09-10 00:00:00,14.792985,75.417535,The complainant reported that their car parked near Industrial Layout was stolen overnight. The vehicle was not recovered at the time of registration.
373,200220165202500002,202500002,2025-10-14,166,165,2,1,4,16,1,,2025-10-10 00:00:00,2025-10-10 00:00:00,2025-10-13 00:00:00,12.339386,76.676404,The complainant reported that the minor victim was subjected to abuse by a former business partner at Old Town.
374,100050117202400007,202400007,2024-04-07,185,117,1,3,2,8,7,40,2024-04-01 00:00:00,2024-04-01 00:00:00,2024-04-01 00:00:00,13.037094,77.609731,"A group of armed persons robbed the complainant's shop at Industrial Layout, decamping with cash and goods worth Rs 136,000."
375,100200161202600001,202600001,2026-02-19,19,161,1,2,15,52,2,1,2026-02-15 00:00:00,2026-02-15 00:00:00,2026-02-15 00:00:00,15.353478,76.20278,The complainant alleged being threatened with dire consequences by a known acquaintance over a dispute regarding past enmity.
376,200050117202400001,202400001,2024-06-20,61,117,2,2,8,32,5,,2024-06-19 00:00:00,2024-06-20 00:00:00,2024-06-20 00:00:00,13.038124,77.532086,Police intercepted the accused near Gandhi Nagar and recovered 6.3 kg of ganja from their possession.
377,300280178202400001,202400001,2024-09-30,39,178,3,2,9,36,5,,2024-09-25 00:00:00,2024-09-26 00:00:00,2024-09-28 00:00:00,14.834399,74.748172,The complainant reported an incident related to arms act offences occurring near College Road. Investigation is underway to ascertain further facts.
378,300270177202400002,202400002,2024-05-04,75,177,3,2,6,24,1,,2024-05-03 00:00:00,2024-05-05 00:00:00,2024-05-04 00:00:00,13.357179,74.718732,"The complainant alleged that the accused, entrusted with funds of Rs 216,000 for a business partnership, misappropriated the amount."
379,100110144202400001,202400001,2024-12-22,124,144,1,2,1,4,2,1,2024-12-18 00:00:00,2024-12-20 00:00:00,2024-12-21 00:00:00,12.894424,74.839811,"The complainant stated that her in-laws assaulted them near Temple Street following an argument over a property dispute, causing hurt."
380,100240174202400003,202400003,2024-02-22,26,174,1,2,7,30,3,25,2024-02-17 00:00:00,2024-02-17 00:00:00,2024-02-21 00:00:00,12.758227,77.250347,The complainant's confidential business data was allegedly copied and misused by a former employee.
381,100050115202600004,202600004,2026-02-11,30,115,1,2,8,34,1,,2026-02-05 00:00:00,2026-02-05 00:00:00,2026-02-11 00:00:00,12.920053,77.671261,The accused was apprehended near Railway Station Road while allegedly peddling narcotic substances to local youth.
382,100210164202400001,202400001,2024-06-14,65,164,1,2,15,52,1,,2024-06-13 00:00:00,2024-06-13 00:00:00,2024-06-13 00:00:00,12.575208,76.957994,The complainant alleged being threatened with dire consequences by her in-laws over a dispute regarding unpaid loan.
383,100050117202600002,202600002,2026-02-28,185,117,1,2,9,35,1,,2026-02-27 00:00:00,2026-02-28 00:00:00,2026-02-28 00:00:00,12.921087,77.573053,Police recovered an unlicensed firearm from the accused during a routine check near APMC Yard.
384,100050115202600005,202600005,2026-03-14,30,115,1,2,2,9,1,,2026-03-13 00:00:00,2026-03-14 00:00:00,2026-03-14 00:00:00,13.045609,77.631018,"Unknown persons broke into the complainant's premises at Bus Stand Road at night and decamped with valuables worth Rs 49,000."
385,300220165202400003,202400003,2024-08-06,139,165,3,1,2,55,5,,2024-08-01 00:00:00,2024-08-03 00:00:00,2024-08-05 00:00:00,12.30117,76.66647,"The complainant, a woman walking near APMC Yard, reported that two men on a motorcycle snatched her gold chain and sped away towards Gandhi Nagar."
386,300220171202500001,202500001,2025-09-15,80,171,3,2,1,5,1,,2025-09-08 00:00:00,2025-09-08 00:00:00,2025-09-12 00:00:00,12.323904,76.691001,The victim sustained grievous injuries after being attacked with a iron rod by a former business partner near Main Bazaar over a property dispute.
387,100090135202500002,202500002,2025-08-17,107,135,1,2,2,9,5,,2025-08-16 00:00:00,2025-08-18 00:00:00,2025-08-17 00:00:00,13.366383,75.777781,"Unknown persons broke into the complainant's premises at Old Town at night and decamped with valuables worth Rs 366,000."
388,800290179202400001,202400001,2024-08-05,59,179,8,2,8,33,2,30,2024-08-04 00:00:00,2024-08-06 00:00:00,2024-08-05 00:00:00,15.213907,76.419988,"A police patrol near Railway Station Road intercepted a vehicle and recovered narcotic substances weighing 5.5 kg, suspected to be in transit for sale."
389,400140149202500001,202500001,2025-10-09,129,149,4,2,7,28,1,,2025-10-03 00:00:00,2025-10-05 00:00:00,2025-10-06 00:00:00,15.427217,75.670319,"The complainant discovered that a fraudulent account was created in their name and used to obtain a loan of Rs 283,000."
390,100280178202500002,202500002,2025-01-27,39,178,1,2,11,42,1,,2025-01-21 00:00:00,2025-01-21 00:00:00,2025-01-27 00:00:00,14.821159,74.663643,The accused was found driving under the influence of alcohol near Temple Street and was apprehended by a police patrol.
391,100050115202500003,202500003,2025-11-09,162,115,1,2,6,24,2,35,2025-11-09 00:00:00,2025-11-10 00:00:00,2025-11-09 00:00:00,12.923693,77.567111,"The complainant alleged that the accused, entrusted with funds of Rs 107,000 for a business partnership, misappropriated the amount."
392,100220168202600001,202600001,2026-02-01,118,168,1,2,15,52,2,1,2026-01-31 00:00:00,2026-02-02 00:00:00,2026-02-01 00:00:00,12.335723,76.641579,The complainant alleged being threatened with dire consequences by a former business partner over a dispute regarding a family dispute.
393,200220172202600001,202600001,2026-03-09,87,172,2,2,7,29,1,,2026-03-03 00:00:00,2026-03-03 00:00:00,2026-03-04 00:00:00,12.321124,76.685805,The complainant reported repeated harassing messages and unwanted contact from an unknown social media account.
394,100230173202400003,202400003,2024-02-25,47,173,1,2,12,43,2,24,2024-02-23 00:00:00,2024-02-24 00:00:00,2024-02-25 00:00:00,16.265785,77.4159,A raid near Station Road revealed illegal sand mining activity being carried out by the accused without valid permits.
395,100240174202400004,202400004,2024-08-15,26,174,1,2,7,30,7,1,2024-08-08 00:00:00,2024-08-08 00:00:00,2024-08-09 00:00:00,12.683204,77.317695,The complainant's confidential business data was allegedly copied and misused by a former employee.
396,400040112202400001,202400001,2024-10-28,146,112,4,1,10,38,2,5,2024-10-26 00:00:00,2024-10-27 00:00:00,2024-10-28 00:00:00,13.271246,77.571571,"A group gathered near College Road in violation of prohibitory orders, leading to a law and order situation."
397,400220165202400001,202400001,2024-10-10,139,165,4,2,10,37,1,,2024-10-07 00:00:00,2024-10-08 00:00:00,2024-10-10 00:00:00,12.344169,76.631905,"A group of persons allegedly assembled unlawfully near Ring Road and engaged in rioting, causing damage to property."
398,100040113202400001,202400001,2024-12-01,81,113,1,2,2,8,7,1,2024-11-24 00:00:00,2024-11-26 00:00:00,2024-11-29 00:00:00,13.237014,77.548476,"A group of armed persons robbed the complainant's shop at Temple Street, decamping with cash and goods worth Rs 233,000."
399,100190159202500001,202500001,2025-04-27,141,159,1,2,8,33,2,20,2025-04-27 00:00:00,2025-04-29 00:00:00,2025-04-27 00:00:00,13.116768,78.138106,"A police patrol near Gandhi Nagar intercepted a vehicle and recovered narcotic substances weighing 4.9 kg, suspected to be in transit for sale."
400,100110140202600001,202600001,2026-01-04,27,140,1,2,2,55,4,39,2025-12-29 00:00:00,2025-12-29 00:00:00,2025-12-30 00:00:00,12.901974,74.890052,"The complainant, a woman walking near New Extension, reported that two men on a motorcycle snatched her gold chain and sped away towards Ring Road."
401,100170155202400003,202400003,2024-07-19,1,155,1,2,1,3,1,,2024-07-18 00:00:00,2024-07-18 00:00:00,2024-07-18 00:00:00,17.295297,76.850201,"The complainant reported that Manoj died following an altercation with her husband near Main Bazaar, suspected to involve a business partnership."
402,100070132202500001,202500001,2025-07-08,66,132,1,2,3,12,2,1,2025-07-06 00:00:00,2025-07-07 00:00:00,2025-07-08 00:00:00,11.9524,76.941068,The complainant alleged repeated physical and mental harassment by a known acquaintance over dowry-related demands at their residence in Bus Stand Road.
403,100050115202400006,202400006,2024-09-26,30,115,1,2,6,23,1,,2024-09-21 00:00:00,2024-09-22 00:00:00,2024-09-26 00:00:00,13.067971,77.639226,"The complainant paid an advance of Rs 38,000 to the accused for an extramarital affair suspicion which was never delivered as promised."
404,400060129202500001,202500001,2025-08-10,113,129,4,3,11,40,2,7,2025-08-05 00:00:00,2025-08-06 00:00:00,2025-08-10 00:00:00,17.86532,77.513414,"The complainant reported that the accused was driving a vehicle rashly near Railway Station Road, endangering pedestrians."
405,300050116202500002,202500002,2025-06-02,10,116,3,2,3,15,2,40,2025-05-30 00:00:00,2025-05-31 00:00:00,2025-05-31 00:00:00,12.957927,77.542645,"The victim was attacked with a corrosive substance by the accused near Church Street, sustaining burn injuries."
406,100080134202500001,202500001,2025-09-11,99,134,1,2,3,11,2,9,2025-09-04 00:00:00,2025-09-06 00:00:00,2025-09-07 00:00:00,13.371246,77.718603,The victim Lakshmi died under suspicious circumstances at her matrimonial home. The complainant alleges harassment for dowry by an unidentified assailant.
407,300240174202400001,202400001,2024-06-18,102,174,3,3,2,55,1,,2024-06-16 00:00:00,2024-06-18 00:00:00,2024-06-18 00:00:00,12.680064,77.231296,"The complainant, a woman walking near Ring Road, reported that two men on a motorcycle snatched her gold chain and sped away towards Railway Station Road."
408,800050116202400001,202400001,2024-04-12,10,116,8,2,11,41,1,,2024-04-11 00:00:00,2024-04-11 00:00:00,2024-04-11 00:00:00,12.924428,77.626231,The victim was hit by an unidentified vehicle near Industrial Layout and sustained injuries; the driver fled the scene.
409,100050120202500006,202500006,2025-07-12,138,120,1,3,6,23,2,40,2025-07-12 00:00:00,2025-07-12 00:00:00,2025-07-12 00:00:00,13.003186,77.629483,"The complainant paid an advance of Rs 123,000 to the accused for land boundary issues which was never delivered as promised."
410,100080133202400001,202400001,2024-06-13,49,133,1,3,9,36,2,1,2024-06-08 00:00:00,2024-06-09 00:00:00,2024-06-10 00:00:00,13.432845,77.782971,The complainant reported an incident related to arms act offences occurring near Old Town. Investigation is underway to ascertain further facts.
411,100250175202500001,202500001,2025-04-05,135,175,1,2,2,9,2,26,2025-03-29 00:00:00,2025-03-31 00:00:00,2025-03-31 00:00:00,13.967436,75.560197,"Unknown persons broke into the complainant's premises at Railway Station Road at night and decamped with valuables worth Rs 346,000."
412,100220165202500008,202500008,2025-12-23,166,165,1,2,8,33,7,37,2025-12-17 00:00:00,2025-12-17 00:00:00,2025-12-18 00:00:00,12.335378,76.645886,"A police patrol near Church Street intercepted a vehicle and recovered narcotic substances weighing 1.0 kg, suspected to be in transit for sale."
413,100230173202400004,202400004,2024-08-10,47,173,1,2,13,46,2,1,2024-08-05 00:00:00,2024-08-05 00:00:00,2024-08-08 00:00:00,16.239062,77.35928,The complainant reported that property documents related to land at APMC Yard were forged by the accused.
414,100240174202500002,202500002,2025-11-03,26,174,1,2,7,27,1,,2025-10-31 00:00:00,2025-11-01 00:00:00,2025-11-02 00:00:00,12.748932,77.241369,"The complainant received a call from an unknown person claiming to be a bank official, who obtained OTP details and transferred Rs 60,000 from the complainant's account."
415,100120145202500002,202500002,2025-12-08,191,145,1,2,3,12,7,1,2025-12-05 00:00:00,2025-12-05 00:00:00,2025-12-05 00:00:00,14.425751,75.947879,The complainant alleged repeated physical and mental harassment by a former business partner over dowry-related demands at their residence in Gandhi Nagar.
416,400220165202500001,202500001,2025-01-15,139,165,4,2,2,9,2,1,2025-01-15 00:00:00,2025-01-16 00:00:00,2025-01-15 00:00:00,12.320189,76.640032,"Unknown persons broke into the complainant's premises at MG Road at night and decamped with valuables worth Rs 406,000."
417,100010102202500001,202500001,2025-04-29,90,102,1,3,3,13,4,1,2025-04-26 00:00:00,2025-04-26 00:00:00,2025-04-27 00:00:00,16.147194,75.643253,The complainant reported that her husband made unwelcome advances and passed lewd remarks towards her near Market area.
418,100110140202500002,202500002,2025-07-08,27,140,1,2,1,4,2,39,2025-07-04 00:00:00,2025-07-05 00:00:00,2025-07-06 00:00:00,12.895209,74.803077,"The complainant stated that his neighbour assaulted them near Bus Stand Road following an argument over unpaid loan, causing hurt."
419,200200161202600002,202600002,2026-02-25,19,161,2,2,3,11,1,,2026-02-21 00:00:00,2026-02-22 00:00:00,2026-02-22 00:00:00,15.393819,76.111478,The victim Manoj died under suspicious circumstances at her matrimonial home. The complainant alleges harassment for dowry by his neighbour.
420,100050117202600003,202600003,2026-06-27,133,117,1,2,2,7,2,40,2026-06-26 00:00:00,2026-06-26 00:00:00,2026-06-27 00:00:00,13.083352,77.570341,The complainant was robbed of cash and a mobile phone by unidentified persons near MG Road at knife-point.
421,300140149202400001,202400001,2024-07-28,112,149,3,2,10,38,5,,2024-07-27 00:00:00,2024-07-27 00:00:00,2024-07-28 00:00:00,15.436001,75.622143,"A group gathered near Church Street in violation of prohibitory orders, leading to a law and order situation."
422,100070131202600002,202600002,2026-02-18,37,131,1,2,11,42,1,,2026-02-16 00:00:00,2026-02-18 00:00:00,2026-02-18 00:00:00,11.876299,76.942512,The accused was found driving under the influence of alcohol near Industrial Layout and was apprehended by a police patrol.
423,100220170202400002,202400002,2024-10-23,80,170,1,2,6,26,6,,2024-10-18 00:00:00,2024-10-19 00:00:00,2024-10-22 00:00:00,12.323514,76.603047,"The complainant's bank account was debited for Rs 390,000 through fraudulent means allegedly involving the accused."
424,100050115202400007,202400007,2024-08-06,162,115,1,2,11,42,1,,2024-07-30 00:00:00,2024-07-30 00:00:00,2024-08-03 00:00:00,12.918171,77.681068,The accused was found driving under the influence of alcohol near Main Bazaar and was apprehended by a police patrol.
425,100170156202400001,202400001,2024-06-24,1,156,1,2,2,9,2,1,2024-06-18 00:00:00,2024-06-19 00:00:00,2024-06-22 00:00:00,17.341174,76.803223,"Unknown persons broke into the complainant's premises at Industrial Layout at night and decamped with valuables worth Rs 290,000."
426,300290179202400002,202400002,2024-05-29,59,179,3,2,2,9,2,1,2024-05-25 00:00:00,2024-05-26 00:00:00,2024-05-26 00:00:00,15.254535,76.514493,"Unknown persons broke into the complainant's premises at APMC Yard at night and decamped with valuables worth Rs 426,000."
427,100050117202500004,202500004,2025-08-30,61,117,1,1,1,4,1,,2025-08-27 00:00:00,2025-08-28 00:00:00,2025-08-29 00:00:00,13.062752,77.686397,"The complainant stated that her husband assaulted them near Main Bazaar following an argument over an extramarital affair suspicion, causing hurt."
428,100270177202400003,202400003,2024-12-24,75,177,1,2,4,18,1,,2024-12-23 00:00:00,2024-12-25 00:00:00,2024-12-24 00:00:00,13.351954,74.790691,The complainant reported an incident related to crimes against children occurring near Main Bazaar. Investigation is underway to ascertain further facts.
429,300050128202500001,202500001,2025-03-11,43,128,3,2,2,55,2,40,2025-03-06 00:00:00,2025-03-08 00:00:00,2025-03-11 00:00:00,12.970332,77.546515,"The complainant, a woman walking near MG Road, reported that two men on a motorcycle snatched her gold chain and sped away towards Brigade Road. CCTV footage is being reviewed; the MO matches similar chain-snatching incidents reported recently in the city."
430,100050115202400008,202400008,2024-08-01,162,115,1,2,2,8,1,,2024-07-25 00:00:00,2024-07-27 00:00:00,2024-07-31 00:00:00,12.902318,77.596256,"A group of armed persons robbed the complainant's shop at Church Street, decamping with cash and goods worth Rs 50,000."
431,200050115202500002,202500002,2025-03-01,30,115,2,2,2,55,3,35,2025-02-23 00:00:00,2025-02-24 00:00:00,2025-03-01 00:00:00,12.927777,77.577502,"The complainant, a woman walking near Indiranagar 100ft Road, reported that two men on a motorcycle snatched her gold chain and sped away towards CMH Road. CCTV footage is being reviewed; the MO matches similar chain-snatching incidents reported recently in the city."
432,100220168202500001,202500001,2025-07-30,118,168,1,2,3,13,7,1,2025-07-26 00:00:00,2025-07-27 00:00:00,2025-07-29 00:00:00,12.315935,76.608449,The complainant reported that her husband made unwelcome advances and passed lewd remarks towards her near Main Bazaar.
433,100190159202400002,202400002,2024-11-11,20,159,1,2,7,28,1,,2024-11-11 00:00:00,2024-11-13 00:00:00,2024-11-11 00:00:00,13.114233,78.07296,"The complainant discovered that a fraudulent account was created in their name and used to obtain a loan of Rs 250,000."
434,300060130202400001,202400001,2024-04-30,154,130,3,2,3,14,5,,2024-04-26 00:00:00,2024-04-27 00:00:00,2024-04-30 00:00:00,17.916493,77.496516,The complainant stated that the accused has been following and contacting her repeatedly near Market area despite objection.
435,300050118202500001,202500001,2025-03-29,28,118,3,1,8,32,3,1,2025-03-22 00:00:00,2025-03-22 00:00:00,2025-03-28 00:00:00,12.92753,77.66113,Police intercepted the accused near Temple Street and recovered 3.7 kg of ganja from their possession.
436,100130148202600001,202600001,2026-02-22,8,148,1,1,3,13,2,1,2026-02-16 00:00:00,2026-02-18 00:00:00,2026-02-19 00:00:00,15.506921,74.991204,The complainant reported that an unidentified assailant made unwelcome advances and passed lewd remarks towards her near Industrial Layout.
437,100140150202500003,202500003,2025-05-01,60,150,1,1,10,39,7,1,2025-04-25 00:00:00,2025-04-27 00:00:00,2025-04-28 00:00:00,15.450049,75.60586,The complainant reported an incident related to crimes against public order occurring near Church Street. Investigation is underway to ascertain further facts.
438,100230173202500006,202500006,2025-02-27,47,173,1,2,6,24,7,1,2025-02-23 00:00:00,2025-02-24 00:00:00,2025-02-25 00:00:00,16.266362,77.419303,"The complainant alleged that the accused, entrusted with funds of Rs 368,000 for land boundary issues, misappropriated the amount."
439,300050115202500003,202500003,2025-11-23,83,115,3,2,10,39,4,36,2025-11-16 00:00:00,2025-11-17 00:00:00,2025-11-21 00:00:00,12.926545,77.675578,The complainant reported an incident related to crimes against public order occurring near Bus Stand Road. Investigation is underway to ascertain further facts.
440,100050116202400009,202400009,2024-04-09,10,116,1,2,7,27,6,,2024-04-06 00:00:00,2024-04-07 00:00:00,2024-04-07 00:00:00,12.945638,77.596493,"The complainant received a call from an unknown person claiming to be a bank official, who obtained OTP details and transferred Rs 307,000 from the complainant's account."
441,100050115202500004,202500004,2025-09-01,83,115,1,2,3,13,2,1,2025-08-27 00:00:00,2025-08-27 00:00:00,2025-08-27 00:00:00,12.990454,77.655547,The complainant reported that a former business partner made unwelcome advances and passed lewd remarks towards her near Church Street.
442,100120145202500003,202500003,2025-03-01,181,145,1,2,3,12,3,1,2025-02-25 00:00:00,2025-02-27 00:00:00,2025-02-28 00:00:00,14.452973,75.978402,The complainant alleged repeated physical and mental harassment by a known acquaintance over dowry-related demands at their residence in Church Street.
443,100180158202500001,202500001,2025-05-23,144,158,1,2,2,6,7,19,2025-05-23 00:00:00,2025-05-24 00:00:00,2025-05-23 00:00:00,12.366341,75.72943,"The complainant reported that unknown persons broke into their house at Church Street and stole gold jewellery worth Rs 142,000 and cash. The incident occurred while the family was away."
444,100010103202400003,202400003,2024-06-23,72,103,1,2,3,12,5,,2024-06-22 00:00:00,2024-06-24 00:00:00,2024-06-23 00:00:00,16.138299,75.662643,The complainant alleged repeated physical and mental harassment by a former business partner over dowry-related demands at their residence in Railway Station Road.
445,100050115202500005,202500005,2025-12-17,162,115,1,2,6,25,1,,2025-12-10 00:00:00,2025-12-11 00:00:00,2025-12-14 00:00:00,13.021062,77.631891,The complainant reported that the accused forged signatures on documents related to a family dispute to gain wrongful benefit.
446,100090135202400001,202400001,2024-05-12,31,135,1,2,3,12,2,10,2024-05-11 00:00:00,2024-05-13 00:00:00,2024-05-12 00:00:00,13.313818,75.82125,The complainant alleged repeated physical and mental harassment by an unidentified assailant over dowry-related demands at their residence in Industrial Layout.
447,300220165202400004,202400004,2024-08-16,166,165,3,2,8,33,7,23,2024-08-15 00:00:00,2024-08-15 00:00:00,2024-08-16 00:00:00,12.303942,76.666868,"A police patrol near New Extension intercepted a vehicle and recovered narcotic substances weighing 11.6 kg, suspected to be in transit for sale."
448,100010102202500002,202500002,2025-01-21,90,102,1,2,3,12,1,,2025-01-17 00:00:00,2025-01-18 00:00:00,2025-01-21 00:00:00,16.12104,75.704426,The complainant alleged repeated physical and mental harassment by her in-laws over dowry-related demands at their residence in APMC Yard.
449,100120145202400002,202400002,2024-06-04,191,145,1,1,8,32,2,13,2024-06-01 00:00:00,2024-06-02 00:00:00,2024-06-04 00:00:00,14.446259,75.915671,Police intercepted the accused near Temple Street and recovered 7.8 kg of ganja from their possession.
450,100050126202500002,202500002,2025-06-18,42,126,1,2,7,31,6,,2025-06-16 00:00:00,2025-06-18 00:00:00,2025-06-18 00:00:00,12.901305,77.62777,"The complainant clicked a fraudulent link received via SMS and lost Rs 423,000 from their bank account."
451,300310181202400001,202400001,2024-05-05,150,181,3,2,15,53,3,1,2024-04-29 00:00:00,2024-04-29 00:00:00,2024-05-04 00:00:00,16.726597,77.115175,The complainant reported an incident related to other ipc crimes occurring near Industrial Layout. Investigation is underway to ascertain further facts.
452,100220166202400002,202400002,2024-01-22,142,166,1,2,6,25,7,23,2024-01-20 00:00:00,2024-01-21 00:00:00,2024-01-21 00:00:00,12.343118,76.656921,The complainant reported that the accused forged signatures on documents related to a business partnership to gain wrongful benefit.
453,200080133202500001,202500001,2025-09-22,74,133,2,2,5,20,2,9,2025-09-15 00:00:00,2025-09-15 00:00:00,2025-09-19 00:00:00,13.471342,77.786898,"The complainant, belonging to a Scheduled Caste, alleged physical assault and caste-based abuse by a known acquaintance near Main Bazaar."
454,100060129202400003,202400003,2024-11-30,1,129,1,2,8,33,9,,2024-11-30 00:00:00,2024-11-30 00:00:00,2024-11-30 00:00:00,17.958932,77.469886,"A police patrol near New Extension intercepted a vehicle and recovered narcotic substances weighing 7.2 kg, suspected to be in transit for sale."
455,300070131202400002,202400002,2024-12-14,37,131,3,2,3,13,3,8,2024-12-12 00:00:00,2024-12-12 00:00:00,2024-12-13 00:00:00,11.86674,76.890323,The complainant reported that a known acquaintance made unwelcome advances and passed lewd remarks towards her near Market area.
456,800030109202500001,202500001,2025-10-21,13,109,8,1,6,24,7,4,2025-10-15 00:00:00,2025-10-16 00:00:00,2025-10-16 00:00:00,15.822675,74.58062,"The complainant alleged that the accused, entrusted with funds of Rs 96,000 for a property dispute, misappropriated the amount."
457,100050123202600001,202600001,2026-03-02,5,123,1,3,7,28,1,,2026-02-28 00:00:00,2026-03-01 00:00:00,2026-03-01 00:00:00,12.985406,77.636562,"The complainant discovered that a fraudulent account was created in their name and used to obtain a loan of Rs 319,000."
458,100310181202600004,202600004,2026-02-04,150,181,1,2,1,1,1,,2026-01-28 00:00:00,2026-01-30 00:00:00,2026-01-31 00:00:00,16.754067,77.187792,"The complainant reported that Suresh was found dead with injuries near Station Road, allegedly assaulted by a known acquaintance following a dispute over a financial transaction."
459,100020105202500002,202500002,2025-11-04,195,105,1,2,7,30,1,,2025-11-03 00:00:00,2025-11-04 00:00:00,2025-11-04 00:00:00,15.135079,76.935578,The complainant's confidential business data was allegedly copied and misused by a former employee.
460,100050124202600002,202600002,2026-03-06,197,124,1,2,11,42,5,,2026-03-06 00:00:00,2026-03-07 00:00:00,2026-03-06 00:00:00,12.929834,77.534149,The accused was found driving under the influence of alcohol near College Road and was apprehended by a police patrol.
461,100260176202500007,202500007,2025-04-22,120,176,1,2,3,11,1,,2025-04-21 00:00:00,2025-04-21 00:00:00,2025-04-22 00:00:00,13.350786,77.055504,The victim Suresh died under suspicious circumstances at her matrimonial home. The complainant alleges harassment for dowry by her husband.
462,200080134202500001,202500001,2025-08-19,157,134,2,2,2,7,7,1,2025-08-16 00:00:00,2025-08-18 00:00:00,2025-08-18 00:00:00,13.452277,77.679344,The complainant was robbed of cash and a mobile phone by unidentified persons near Market area at knife-point.
463,300270177202400003,202400003,2024-02-27,75,177,3,3,7,28,7,1,2024-02-20 00:00:00,2024-02-22 00:00:00,2024-02-23 00:00:00,13.391421,74.690067,"The complainant discovered that a fraudulent account was created in their name and used to obtain a loan of Rs 331,000."
464,100050114202500002,202500002,2025-11-21,121,114,1,1,2,55,6,,2025-11-20 00:00:00,2025-11-20 00:00:00,2025-11-20 00:00:00,13.04337,77.6694,"The complainant, a woman walking near Railway Station Road, reported that two men on a motorcycle snatched her gold chain and sped away towards Bus Stand Road."
465,200110141202400001,202400001,2024-07-31,79,141,2,1,4,16,2,12,2024-07-25 00:00:00,2024-07-25 00:00:00,2024-07-28 00:00:00,12.876505,74.803841,The complainant reported that the minor victim was subjected to abuse by her in-laws at MG Road.
466,100050125202500003,202500003,2025-05-27,163,125,1,2,7,28,3,1,2025-05-20 00:00:00,2025-05-21 00:00:00,2025-05-25 00:00:00,12.948501,77.669483,"The complainant discovered that a fraudulent account was created in their name and used to obtain a loan of Rs 372,000."
467,100180158202500002,202500002,2025-06-05,104,158,1,1,2,8,6,,2025-06-05 00:00:00,2025-06-05 00:00:00,2025-06-05 00:00:00,12.417501,75.717948,"A group of armed persons robbed the complainant's shop at Church Street, decamping with cash and goods worth Rs 402,000."
468,300250175202500001,202500001,2025-05-24,135,175,3,2,9,35,1,,2025-05-24 00:00:00,2025-05-26 00:00:00,2025-05-24 00:00:00,13.915698,75.534086,Police recovered an unlicensed firearm from the accused during a routine check near Ring Road.
469,400050117202400001,202400001,2024-03-24,61,117,4,2,2,8,1,,2024-03-17 00:00:00,2024-03-19 00:00:00,2024-03-21 00:00:00,13.07119,77.606529,"A group of armed persons robbed the complainant's shop at Bus Stand Road, decamping with cash and goods worth Rs 301,000."
470,100140150202400001,202400001,2024-12-18,22,150,1,2,2,9,1,,2024-12-12 00:00:00,2024-12-12 00:00:00,2024-12-15 00:00:00,15.446902,75.573814,"Unknown persons broke into the complainant's premises at APMC Yard at night and decamped with valuables worth Rs 380,000."
471,100050115202500006,202500006,2025-08-20,83,115,1,2,1,5,5,,2025-08-20 00:00:00,2025-08-22 00:00:00,2025-08-20 00:00:00,12.938343,77.572884,The victim sustained grievous injuries after being attacked with a wooden stick by her husband near College Road over a financial transaction.
472,100030110202500001,202500001,2025-10-23,3,110,1,3,11,40,7,1,2025-10-22 00:00:00,2025-10-22 00:00:00,2025-10-23 00:00:00,15.86009,74.526038,"The complainant reported that the accused was driving a vehicle rashly near Railway Station Road, endangering pedestrians."
473,400050115202400001,202400001,2024-12-06,83,115,4,2,6,23,7,6,2024-12-02 00:00:00,2024-12-04 00:00:00,2024-12-06 00:00:00,13.011579,77.612261,"The complainant paid an advance of Rs 316,000 to the accused for land boundary issues which was never delivered as promised."
474,300050123202500002,202500002,2025-11-19,5,123,3,2,6,26,1,,2025-11-18 00:00:00,2025-11-18 00:00:00,2025-11-18 00:00:00,13.071489,77.574932,"The complainant's bank account was debited for Rs 34,000 through fraudulent means allegedly involving the accused."
475,100140150202500004,202500004,2025-01-25,60,150,1,2,1,2,7,15,2025-01-18 00:00:00,2025-01-19 00:00:00,2025-01-23 00:00:00,15.453375,75.591718,The accused attacked Deepa with a wooden stick near APMC Yard following a quarrel over land boundary issues. The victim was rushed to hospital with grievous injuries.
476,100220167202400001,202400001,2024-03-08,38,167,1,2,4,17,5,,2024-03-01 00:00:00,2024-03-01 00:00:00,2024-03-04 00:00:00,12.334972,76.639096,Information was received regarding a minor being transported from Main Bazaar allegedly for trafficking purposes; the child was rescued.
477,100300180202400002,202400002,2024-04-13,1,180,1,2,1,4,2,1,2024-04-09 00:00:00,2024-04-10 00:00:00,2024-04-10 00:00:00,16.793947,75.7214,"The complainant stated that her husband assaulted them near Ring Road following an argument over a financial transaction, causing hurt."
478,100050114202500003,202500003,2025-10-28,122,114,1,3,2,10,7,35,2025-10-28 00:00:00,2025-10-29 00:00:00,2025-10-28 00:00:00,13.073347,77.685969,The complainant reported that their motorcycle parked near New Extension was stolen overnight. The vehicle was not recovered at the time of registration.
479,100040112202500001,202500001,2025-04-15,130,112,1,2,1,3,1,,2025-04-11 00:00:00,2025-04-12 00:00:00,2025-04-13 00:00:00,13.244196,77.57411,"The complainant reported that Anitha died following an altercation with her in-laws near Market area, suspected to involve an extramarital affair suspicion."
480,100140150202600001,202600001,2026-05-17,22,150,1,3,6,23,1,,2026-05-10 00:00:00,2026-05-11 00:00:00,2026-05-13 00:00:00,15.415234,75.687708,"The complainant paid an advance of Rs 19,000 to the accused for a property dispute which was never delivered as promised."
481,300030109202500001,202500001,2025-09-29,13,109,3,2,3,12,1,,2025-09-23 00:00:00,2025-09-25 00:00:00,2025-09-27 00:00:00,15.88945,74.563661,The complainant alleged repeated physical and mental harassment by his neighbour over dowry-related demands at their residence in Church Street.
482,400240174202500001,202500001,2025-05-12,102,174,4,2,3,12,1,,2025-05-08 00:00:00,2025-05-09 00:00:00,2025-05-12 00:00:00,12.757535,77.333624,The complainant alleged repeated physical and mental harassment by an unidentified assailant over dowry-related demands at their residence in Ring Road.
483,300280178202500004,202500004,2025-06-19,39,178,3,2,7,27,7,29,2025-06-15 00:00:00,2025-06-15 00:00:00,2025-06-18 00:00:00,14.802791,74.659527,"The complainant received a call from an unknown person claiming to be a bank official, who obtained OTP details and transferred Rs 421,000 from the complainant's account."
484,100050117202500005,202500005,2025-02-18,185,117,1,2,1,1,2,1,2025-02-11 00:00:00,2025-02-11 00:00:00,2025-02-13 00:00:00,13.090851,77.638275,The victim Ramesh was fatally attacked with a iron rod by the accused near Market area. The motive is suspected to be land boundary issues.
485,100170155202500003,202500003,2025-12-31,1,155,1,1,10,37,1,,2025-12-28 00:00:00,2025-12-28 00:00:00,2025-12-29 00:00:00,17.298747,76.878312,"A group of persons allegedly assembled unlawfully near Old Town and engaged in rioting, causing damage to property."
486,100220165202500009,202500009,2025-09-03,166,165,1,1,3,12,7,1,2025-08-31 00:00:00,2025-09-02 00:00:00,2025-09-03 00:00:00,12.316048,76.605372,The complainant alleged repeated physical and mental harassment by his neighbour over dowry-related demands at their residence in Main Bazaar.
487,100050117202500006,202500006,2025-08-18,41,117,1,2,8,34,7,36,2025-08-13 00:00:00,2025-08-13 00:00:00,2025-08-15 00:00:00,12.973527,77.558171,The accused was apprehended near New Extension while allegedly peddling narcotic substances to local youth.
488,100050125202500004,202500004,2025-10-14,178,125,1,3,2,10,3,33,2025-10-10 00:00:00,2025-10-10 00:00:00,2025-10-10 00:00:00,13.091526,77.547462,The complainant reported that their car parked near New Extension was stolen overnight. The vehicle was not recovered at the time of registration.
489,100190160202600001,202600001,2026-02-15,4,160,1,2,2,7,7,1,2026-02-08 00:00:00,2026-02-10 00:00:00,2026-02-11 00:00:00,13.14849,78.165254,The complainant was robbed of cash and a mobile phone by unidentified persons near Church Street at knife-point.
490,300240174202500001,202500001,2025-12-20,102,174,3,3,2,55,4,1,2025-12-17 00:00:00,2025-12-18 00:00:00,2025-12-19 00:00:00,12.745238,77.220764,"The complainant, a woman walking near Temple Street, reported that two men on a motorcycle snatched her gold chain and sped away towards Station Road."
491,200050117202500002,202500002,2025-07-15,185,117,2,2,10,38,1,,2025-07-09 00:00:00,2025-07-11 00:00:00,2025-07-15 00:00:00,13.087549,77.559098,"A group gathered near Market area in violation of prohibitory orders, leading to a law and order situation."
492,100290179202400002,202400002,2024-03-14,59,179,1,2,3,15,1,,2024-03-10 00:00:00,2024-03-10 00:00:00,2024-03-14 00:00:00,15.250156,76.480898,"The victim was attacked with a corrosive substance by the accused near Ring Road, sustaining burn injuries."
493,100080133202400002,202400002,2024-11-29,74,133,1,2,1,1,1,,2024-11-25 00:00:00,2024-11-26 00:00:00,2024-11-29 00:00:00,13.426192,77.717557,"The complainant reported that Manoj was found dead with injuries near Old Town, allegedly assaulted by his neighbour following a dispute over a family dispute."
494,300050116202500003,202500003,2025-02-03,10,116,3,2,9,35,3,36,2025-02-03 00:00:00,2025-02-04 00:00:00,2025-02-03 00:00:00,12.948243,77.671835,Police recovered an unlicensed firearm from the accused during a routine check near College Road.
495,200230173202500001,202500001,2025-03-31,47,173,2,3,7,30,1,,2025-03-30 00:00:00,2025-03-30 00:00:00,2025-03-30 00:00:00,16.235512,77.418611,The complainant's confidential business data was allegedly copied and misused by a former employee.
496,100050118202400002,202400002,2024-03-26,93,118,1,2,2,9,2,1,2024-03-19 00:00:00,2024-03-20 00:00:00,2024-03-24 00:00:00,12.959583,77.675087,"Unknown persons broke into the complainant's premises at Old Town at night and decamped with valuables worth Rs 404,000."
497,100050124202500003,202500003,2025-11-01,71,124,1,2,2,7,1,,2025-10-30 00:00:00,2025-11-01 00:00:00,2025-11-01 00:00:00,12.921547,77.668543,The complainant was robbed of cash and a mobile phone by unidentified persons near MG Road at knife-point.
498,100190160202500002,202500002,2025-06-20,2,160,1,2,2,7,7,20,2025-06-17 00:00:00,2025-06-17 00:00:00,2025-06-18 00:00:00,13.093376,78.098896,The complainant was robbed of cash and a mobile phone by unidentified persons near Old Town at knife-point.
499,200190159202400001,202400001,2024-12-17,20,159,2,2,2,55,7,20,2024-12-16 00:00:00,2024-12-17 00:00:00,2024-12-17 00:00:00,13.164978,78.136653,"The complainant, a woman walking near Market area, reported that two men on a motorcycle snatched her gold chain and sped away towards Railway Station Road."
500,100310181202500001,202500001,2025-03-11,150,181,1,3,4,18,1,,2025-03-04 00:00:00,2025-03-05 00:00:00,2025-03-09 00:00:00,16.774406,77.156058,The complainant reported an incident related to crimes against children occurring near Bus Stand Road. Investigation is underway to ascertain further facts.
