CaseMasterID,CrimeNo,CaseNo,CrimeRegisteredDate,PoliceStationID,UnitName,DistrictName,CaseCategoryID,GravityOffenceID,GravityLabel,CrimeMajorHeadID,CrimeGroupName,CrimeMinorHeadID,CrimeSubHeadName,CaseStatusID,CaseStatusName,CourtID,latitude,longitude,IncidentDurationHours,ReportingDelayHours,IncidentMonth,IncidentDayOfWeek,IncidentHour,IsNightTime,HasChargesheet,IsResolved
1,200120146202400001,202400001,2024-09-26,146,Davanagere Rural PS,Davanagere,2,3,Unknown,1,Crimes Against Body,3,Culpable Homicide,7,Pending Trial,13,14.497149,75.936116,24.0,48.0,9,0,0,1,1,1
2,200200161202500001,202500001,2025-08-07,161,Koppal Town PS,Koppal,2,2,Unknown,4,Crimes Against Children,18,Child Labour,7,Pending Trial,1,15.328438,76.14819,24.0,24.0,8,1,0,1,1,1
3,100250175202400001,202400001,2024-06-15,175,Shivamogga Town PS,Shivamogga,1,2,Unknown,2,Crimes Against Property,9,Burglary,1,Under Investigation,,13.945979,75.511798,48.0,48.0,6,3,0,1,0,0
4,100110143202500001,202500001,2025-12-19,143,Mangalore West PS,Dakshina Kannada,1,1,Unknown,2,Crimes Against Property,9,Burglary,3,Convicted,1,12.864917,74.807862,48.0,24.0,12,3,0,1,1,1
5,100050117202600001,202600001,2026-06-03,117,Koramangala PS,Bengaluru Urban,1,1,Unknown,1,Crimes Against Body,4,Assault,1,Under Investigation,,12.993592,77.612514,0.0,0.0,6,2,0,1,0,0
6,200050115202400001,202400001,2024-09-04,115,Whitefield PS,Bengaluru Urban,2,1,Unknown,8,Drug/Narcotic Offences,33,NDPS Trafficking,4,Acquitted,33,12.967721,77.672338,0.0,0.0,8,2,0,1,0,1
7,400050116202400001,202400001,2024-05-19,116,Electronic City PS,Bengaluru Urban,4,2,Unknown,2,Crimes Against Property,9,Burglary,2,Charge Sheeted,36,12.938462,77.642636,0.0,120.0,5,1,0,1,1,0
8,100050126202600001,202600001,2026-06-06,126,Hebbal PS,Bengaluru Urban,1,3,Unknown,7,Cyber Crimes,27,Online Fraud,3,Convicted,1,13.025056,77.534781,48.0,72.0,5,6,0,1,1,1
9,100050116202500001,202500001,2025-10-24,116,Electronic City PS,Bengaluru Urban,1,2,Unknown,3,Crimes Against Women,13,Sexual Harassment,1,Under Investigation,,13.064951,77.654755,24.0,0.0,10,4,0,1,0,0
10,400090135202400001,202400001,2024-12-08,135,Chikkamagaluru Town PS,Chikkamagaluru,4,1,Unknown,2,Crimes Against Property,6,Theft,2,Charge Sheeted,10,13.293054,75.778279,0.0,0.0,12,5,0,1,0,0
11,400110144202500001,202500001,2025-01-08,144,Ullal PS,Dakshina Kannada,4,1,Unknown,2,Crimes Against Property,6,Theft,7,Pending Trial,1,12.86162,74.886097,24.0,24.0,1,1,0,1,0,1
12,100050127202500001,202500001,2025-08-20,127,Peenya PS,Bengaluru Urban,1,2,Unknown,2,Crimes Against Property,9,Burglary,2,Charge Sheeted,36,13.073912,77.645142,48.0,72.0,8,5,0,1,1,0
13,100170155202400001,202400001,2024-03-21,155,Kalaburagi (Gulbarga) Town PS,Kalaburagi (Gulbarga),1,2,Unknown,3,Crimes Against Women,11,Dowry Death,1,Under Investigation,,17.36741,76.874065,24.0,0.0,3,3,0,1,0,0
14,100180157202500001,202500001,2025-07-22,157,Kodagu Town PS,Kodagu,1,1,Unknown,8,Drug/Narcotic Offences,32,Ganja Possession,1,Under Investigation,,12.430367,75.671124,48.0,72.0,7,1,0,1,0,0
15,100050123202500001,202500001,2025-10-26,123,KR Puram PS,Bengaluru Urban,1,1,Unknown,2,Crimes Against Property,10,Vehicle Theft,2,Charge Sheeted,33,12.949261,77.684524,24.0,72.0,10,2,0,1,1,0
16,800050117202400001,202400001,2024-09-05,117,Koramangala PS,Bengaluru Urban,8,2,Unknown,1,Crimes Against Body,2,Attempt to Murder,10,Abated,,12.919422,77.589372,24.0,48.0,9,0,0,1,0,0
17,100220169202400001,202400001,2024-03-02,169,Krishnaraja PS,Mysuru,1,2,Unknown,3,Crimes Against Women,11,Dowry Death,5,Closed (Undetected),,12.328224,76.664063,24.0,24.0,3,4,0,1,0,1
18,100050116202400001,202400001,2024-09-19,116,Electronic City PS,Bengaluru Urban,1,1,Unknown,10,Crimes Against Public Order,37,Rioting,5,Closed (Undetected),,12.963537,77.501156,0.0,24.0,9,3,0,1,0,1
19,100220165202400001,202400001,2024-08-27,165,Devaraja PS,Mysuru,1,2,Unknown,3,Crimes Against Women,12,Domestic Violence,6,Closed (False Case),,12.303889,76.661865,0.0,24.0,8,5,0,1,0,1
20,100220165202400002,202400002,2024-01-30,165,Devaraja PS,Mysuru,1,2,Unknown,1,Crimes Against Body,3,Culpable Homicide,1,Under Investigation,,12.327669,76.614471,48.0,48.0,1,6,0,1,0,0
21,100050117202500001,202500001,2025-01-30,117,Koramangala PS,Bengaluru Urban,1,3,Unknown,2,Crimes Against Property,9,Burglary,1,Under Investigation,,12.923838,77.65097,48.0,72.0,1,0,0,1,0,0
22,100050120202500001,202500001,2025-06-24,120,Indiranagar PS,Bengaluru Urban,1,2,Unknown,2,Crimes Against Property,55,Chain Snatching,1,Under Investigation,,12.957279,77.57202,24.0,24.0,6,6,0,1,0,0
23,100140149202400001,202400001,2024-05-20,149,Gadag Town PS,Gadag,1,2,Unknown,1,Crimes Against Body,1,Murder,5,Closed (Undetected),,15.450388,75.645413,0.0,0.0,5,5,0,1,0,1
24,100090136202400001,202400001,2024-12-06,136,Chikkamagaluru Rural PS,Chikkamagaluru,1,2,Unknown,1,Crimes Against Body,4,Assault,6,Closed (False Case),,13.2644,75.794271,0.0,24.0,12,0,0,1,0,1
25,100230173202400001,202400001,2024-05-29,173,Raichur Town PS,Raichur,1,2,Unknown,8,Drug/Narcotic Offences,33,NDPS Trafficking,2,Charge Sheeted,24,16.213661,77.36448,48.0,24.0,5,1,0,1,1,0
26,300290179202400001,202400001,2024-11-22,179,Vijayanagara Town PS,Vijayanagara,3,2,Unknown,9,Arms Act Offences,35,Illegal Firearm Possession,1,Under Investigation,,15.182344,76.504343,48.0,72.0,11,4,0,1,0,0
27,300050117202600001,202600001,2026-04-12,117,Koramangala PS,Bengaluru Urban,3,2,Unknown,4,Crimes Against Children,17,Child Trafficking,7,Pending Trial,1,12.979127,77.688258,0.0,48.0,4,4,0,1,1,1
28,100210163202500001,202500001,2025-11-20,163,Mandya Town PS,Mandya,1,2,Unknown,3,Crimes Against Women,13,Sexual Harassment,1,Under Investigation,,12.523696,76.848312,24.0,0.0,11,3,0,1,0,0
29,400190160202400001,202400001,2024-12-13,160,Kolar Rural PS,Kolar,4,2,Unknown,10,Crimes Against Public Order,37,Rioting,5,Closed (Undetected),,13.154551,78.10007,48.0,96.0,12,0,0,1,0,1
30,500060130202500001,202500001,2025-03-17,130,Bidar Rural PS,Bidar,5,2,Unknown,3,Crimes Against Women,13,Sexual Harassment,1,Under Investigation,,17.959871,77.529281,0.0,48.0,3,0,0,1,0,0
31,100030109202400001,202400001,2024-01-16,109,Shahapur PS,Belagavi (Belgaum),1,2,Unknown,2,Crimes Against Property,10,Vehicle Theft,1,Under Investigation,,15.851245,74.538317,24.0,24.0,1,5,0,1,0,0
32,100240174202400001,202400001,2024-06-27,174,Ramanagara Town PS,Ramanagara,1,1,Unknown,1,Crimes Against Body,1,Murder,1,Under Investigation,,12.76012,77.262494,48.0,48.0,6,3,0,1,0,0
33,300050117202500001,202500001,2025-09-01,117,Koramangala PS,Bengaluru Urban,3,2,Unknown,2,Crimes Against Property,10,Vehicle Theft,1,Under Investigation,,12.982607,77.520671,48.0,96.0,8,3,0,1,0,0
34,100220165202500001,202500001,2025-10-12,165,Devaraja PS,Mysuru,1,2,Unknown,3,Crimes Against Women,13,Sexual Harassment,1,Under Investigation,,12.339354,76.684957,48.0,96.0,10,0,0,1,0,0
35,800050126202500001,202500001,2025-11-01,126,Hebbal PS,Bengaluru Urban,8,3,Unknown,2,Crimes Against Property,10,Vehicle Theft,5,Closed (Undetected),,13.012987,77.599467,0.0,0.0,11,5,0,1,0,1
36,100220172202500001,202500001,2025-07-25,172,Bannimantap PS,Mysuru,1,2,Unknown,6,Economic Offences,24,Criminal Breach of Trust,1,Under Investigation,,12.320082,76.676733,0.0,24.0,7,2,0,1,0,0
37,100090135202500001,202500001,2025-11-27,135,Chikkamagaluru Town PS,Chikkamagaluru,1,2,Unknown,2,Crimes Against Property,10,Vehicle Theft,5,Closed (Undetected),,13.281889,75.785612,48.0,48.0,11,0,0,1,0,1
38,400020105202400001,202400001,2024-04-10,105,Ballari (Bellary) Rural PS,Ballari (Bellary),4,2,Unknown,2,Crimes Against Property,6,Theft,2,Charge Sheeted,1,15.152209,76.877442,24.0,48.0,4,0,0,1,0,0
39,100120146202500001,202500001,2025-05-17,146,Davanagere Rural PS,Davanagere,1,1,Unknown,1,Crimes Against Body,2,Attempt to Murder,2,Charge Sheeted,1,14.47488,75.862346,48.0,24.0,5,4,0,1,1,0
40,100050117202500002,202500002,2025-06-05,117,Koramangala PS,Bengaluru Urban,1,2,Unknown,2,Crimes Against Property,6,Theft,5,Closed (Undetected),,13.095908,77.513505,48.0,96.0,5,4,0,1,0,1
41,100220165202500002,202500002,2025-06-21,165,Devaraja PS,Mysuru,1,2,Unknown,14,Sexual Offences,50,Outraging Modesty,2,Charge Sheeted,1,12.321114,76.691299,24.0,96.0,6,6,0,1,1,0
42,200220165202400001,202400001,2024-03-06,165,Devaraja PS,Mysuru,2,2,Unknown,8,Drug/Narcotic Offences,32,Ganja Possession,1,Under Investigation,,12.307961,76.635292,24.0,168.0,2,2,0,1,0,0
43,200120146202400002,202400002,2024-07-07,146,Davanagere Rural PS,Davanagere,2,2,Unknown,15,Other IPC Crimes,54,Mischief,5,Closed (Undetected),,14.425505,75.964687,24.0,72.0,7,3,0,1,0,1
44,100260176202400001,202400001,2024-03-15,176,Tumakuru Town PS,Tumakuru,1,2,Unknown,2,Crimes Against Property,9,Burglary,1,Under Investigation,,13.36336,77.133137,0.0,72.0,3,0,0,1,0,0
45,100050120202500002,202500002,2025-05-25,120,Indiranagar PS,Bengaluru Urban,1,2,Unknown,1,Crimes Against Body,3,Culpable Homicide,1,Under Investigation,,13.076551,77.672256,24.0,96.0,5,1,0,1,0,0
46,100050124202600001,202600001,2026-03-11,124,Banashankari PS,Bengaluru Urban,1,2,Unknown,2,Crimes Against Property,55,Chain Snatching,1,Under Investigation,,12.908,77.532403,48.0,48.0,3,6,0,1,0,0
47,100050117202400001,202400001,2024-01-01,117,Koramangala PS,Bengaluru Urban,1,2,Unknown,7,Cyber Crimes,30,Data Theft,7,Pending Trial,1,13.075022,77.617025,48.0,24.0,12,6,0,1,1,1
48,100030110202400001,202400001,2024-02-16,110,Gandhinagar PS,Belagavi (Belgaum),1,2,Unknown,15,Other IPC Crimes,54,Mischief,4,Acquitted,1,15.868841,74.583889,24.0,96.0,2,6,0,1,0,1
49,200050119202400001,202400001,2024-09-07,119,HSR Layout PS,Bengaluru Urban,2,2,Unknown,3,Crimes Against Women,15,Acid Attack,5,Closed (Undetected),,13.009281,77.693883,0.0,48.0,9,2,0,1,0,1
50,200050119202400002,202400002,2024-09-20,119,HSR Layout PS,Bengaluru Urban,2,2,Unknown,3,Crimes Against Women,14,Stalking,1,Under Investigation,,12.92668,77.641543,0.0,120.0,9,4,0,1,0,0
51,100110143202400001,202400001,2024-09-06,143,Mangalore West PS,Dakshina Kannada,1,1,Unknown,4,Crimes Against Children,16,Child Abuse,7,Pending Trial,12,12.899114,74.844802,0.0,0.0,9,1,0,1,0,1
52,300110144202500001,202500001,2025-02-25,144,Ullal PS,Dakshina Kannada,3,2,Unknown,3,Crimes Against Women,13,Sexual Harassment,9,Compromised,,12.904871,74.832181,24.0,96.0,2,1,0,1,0,0
53,100170156202500001,202500001,2025-12-16,156,Kalaburagi (Gulbarga) Rural PS,Kalaburagi (Gulbarga),1,2,Unknown,2,Crimes Against Property,7,Robbery,8,Referred to Another PS,,17.359079,76.809201,0.0,48.0,12,6,0,1,0,0
54,200050123202500001,202500001,2025-04-21,123,KR Puram PS,Bengaluru Urban,2,1,Unknown,5,Crimes Against SCs/STs,22,Caste Abuse,2,Charge Sheeted,1,13.020525,77.625299,24.0,96.0,4,0,0,1,1,0
55,100050115202600001,202600001,2026-04-23,115,Whitefield PS,Bengaluru Urban,1,1,Unknown,6,Economic Offences,26,Bank Fraud,1,Under Investigation,,12.90056,77.668165,0.0,72.0,4,3,0,1,0,0
56,100290179202500001,202500001,2025-10-16,179,Vijayanagara Town PS,Vijayanagara,1,2,Unknown,8,Drug/Narcotic Offences,33,NDPS Trafficking,1,Under Investigation,,15.180205,76.438843,48.0,72.0,10,5,0,1,0,0
57,100050119202400001,202400001,2024-07-07,119,HSR Layout PS,Bengaluru Urban,1,2,Unknown,7,Cyber Crimes,29,Cyber Stalking,2,Charge Sheeted,36,13.006081,77.626749,48.0,168.0,6,6,0,1,0,0
58,100280178202400001,202400001,2024-04-02,178,Uttara Kannada Town PS,Uttara Kannada,1,1,Unknown,2,Crimes Against Property,9,Burglary,2,Charge Sheeted,1,14.807961,74.662505,48.0,48.0,3,5,0,1,1,0
59,800210164202500001,202500001,2025-02-28,164,Mandya Rural PS,Mandya,8,2,Unknown,11,Traffic Related Offences,40,Rash Driving,5,Closed (Undetected),,12.525316,76.956155,24.0,24.0,2,3,0,1,0,1
60,100130148202500001,202500001,2025-02-14,148,Dharwad Rural PS,Dharwad,1,2,Unknown,3,Crimes Against Women,11,Dowry Death,7,Pending Trial,1,15.496493,75.038329,48.0,48.0,2,1,0,1,0,1
61,100020105202500001,202500001,2025-08-17,105,Ballari (Bellary) Rural PS,Ballari (Bellary),1,1,Unknown,1,Crimes Against Body,2,Attempt to Murder,1,Under Investigation,,15.093629,76.862515,48.0,0.0,8,6,0,1,0,0
62,100010103202500001,202500001,2025-03-19,103,Bagalkote Rural PS,Bagalkote,1,2,Unknown,11,Traffic Related Offences,41,Hit and Run,1,Under Investigation,,16.216055,75.644255,48.0,120.0,3,2,0,1,0,0
63,800220165202500001,202500001,2025-07-04,165,Devaraja PS,Mysuru,8,2,Unknown,10,Crimes Against Public Order,39,Promoting Enmity,7,Pending Trial,37,12.315718,76.633551,24.0,120.0,6,4,0,1,0,1
64,100050116202400002,202400002,2024-12-09,116,Electronic City PS,Bengaluru Urban,1,1,Unknown,10,Crimes Against Public Order,39,Promoting Enmity,1,Under Investigation,,12.912697,77.698272,24.0,48.0,12,5,0,1,0,0
65,100040113202500001,202500001,2025-02-18,113,Bengaluru Rural Rural PS,Bengaluru Rural,1,3,Unknown,1,Crimes Against Body,1,Murder,6,Closed (False Case),,13.256155,77.583549,24.0,72.0,2,5,0,1,0,1
66,100050125202500001,202500001,2025-06-15,125,Rajajinagar PS,Bengaluru Urban,1,2,Unknown,8,Drug/Narcotic Offences,33,NDPS Trafficking,1,Under Investigation,,13.061844,77.699327,48.0,96.0,6,6,0,1,0,0
67,100280178202500001,202500001,2025-12-04,178,Uttara Kannada Town PS,Uttara Kannada,1,2,Unknown,1,Crimes Against Body,3,Culpable Homicide,1,Under Investigation,,14.800191,74.676508,0.0,24.0,11,5,0,1,0,0
68,100050116202600001,202600001,2026-01-06,116,Electronic City PS,Bengaluru Urban,1,2,Unknown,1,Crimes Against Body,2,Attempt to Murder,7,Pending Trial,35,13.072814,77.629619,0.0,72.0,1,5,0,1,1,1
69,100050116202500002,202500002,2025-04-19,116,Electronic City PS,Bengaluru Urban,1,3,Unknown,6,Economic Offences,23,Cheating,7,Pending Trial,36,12.934901,77.672661,24.0,24.0,4,0,0,1,1,1
70,200220168202600001,202600001,2026-03-26,168,Vijayanagar PS,Mysuru,2,2,Unknown,2,Crimes Against Property,9,Burglary,7,Pending Trial,1,12.338359,76.608987,0.0,0.0,3,1,0,1,1,1
71,100140150202500001,202500001,2025-12-28,150,Gadag Rural PS,Gadag,1,2,Unknown,11,Traffic Related Offences,41,Hit and Run,7,Pending Trial,1,15.385824,75.571085,48.0,96.0,12,6,0,1,1,1
72,200050114202400001,202400001,2024-04-03,114,Cubbon Park PS,Bengaluru Urban,2,2,Unknown,1,Crimes Against Body,1,Murder,2,Charge Sheeted,1,13.074167,77.671137,48.0,72.0,3,5,0,1,1,0
73,200250175202400001,202400001,2024-02-03,175,Shivamogga Town PS,Shivamogga,2,2,Unknown,2,Crimes Against Property,6,Theft,1,Under Investigation,,13.897374,75.555119,48.0,96.0,1,6,0,1,0,0
74,100160154202500001,202500001,2025-03-22,154,Haveri Rural PS,Haveri,1,2,Unknown,2,Crimes Against Property,9,Burglary,1,Under Investigation,,14.82874,75.373908,24.0,168.0,3,5,0,1,0,0
75,200110142202600001,202600001,2026-01-12,142,Mangalore East PS,Dakshina Kannada,2,2,Unknown,10,Crimes Against Public Order,37,Rioting,5,Closed (Undetected),,12.919638,74.82976,0.0,144.0,1,0,0,1,0,1
76,100160153202400001,202400001,2024-07-22,153,Haveri Town PS,Haveri,1,3,Unknown,2,Crimes Against Property,9,Burglary,1,Under Investigation,,14.754165,75.415281,0.0,96.0,7,2,0,1,0,0
77,300050125202500001,202500001,2025-01-17,125,Rajajinagar PS,Bengaluru Urban,3,2,Unknown,2,Crimes Against Property,55,Chain Snatching,1,Under Investigation,,13.037078,77.529587,0.0,24.0,1,5,0,1,0,0
78,100010103202500002,202500002,2025-04-21,103,Bagalkote Rural PS,Bagalkote,1,1,Unknown,7,Cyber Crimes,30,Data Theft,8,Referred to Another PS,,16.20443,75.641825,48.0,48.0,4,4,0,1,0,0
79,300220165202500001,202500001,2025-05-18,165,Devaraja PS,Mysuru,3,2,Unknown,3,Crimes Against Women,13,Sexual Harassment,2,Charge Sheeted,23,12.319354,76.638541,24.0,72.0,5,0,0,1,1,0
80,100210164202600001,202600001,2026-06-25,164,Mandya Rural PS,Mandya,1,2,Unknown,10,Crimes Against Public Order,37,Rioting,2,Charge Sheeted,22,12.516816,76.917679,48.0,168.0,6,3,0,1,1,0
81,100260176202500001,202500001,2025-12-07,176,Tumakuru Town PS,Tumakuru,1,2,Unknown,6,Economic Offences,25,Forgery,1,Under Investigation,,13.38905,77.096793,48.0,72.0,12,3,0,1,0,0
82,100220168202400001,202400001,2024-11-29,168,Vijayanagar PS,Mysuru,1,2,Unknown,2,Crimes Against Property,55,Chain Snatching,2,Charge Sheeted,37,12.306152,76.615384,24.0,0.0,11,4,0,1,1,0
83,100310181202400001,202400001,2024-09-21,181,Yadgir Town PS,Yadgir,1,1,Unknown,3,Crimes Against Women,14,Stalking,7,Pending Trial,32,16.784729,77.142806,0.0,48.0,9,3,0,1,1,1
84,100010103202600001,202600001,2026-06-12,103,Bagalkote Rural PS,Bagalkote,1,1,Unknown,2,Crimes Against Property,8,Dacoity,5,Closed (Undetected),,16.170777,75.735078,0.0,72.0,6,4,0,1,0,1
85,100070131202600001,202600001,2026-07-02,131,Chamarajanagara Town PS,Chamarajanagara,1,2,Unknown,2,Crimes Against Property,10,Vehicle Theft,1,Under Investigation,,11.899534,76.888494,0.0,120.0,6,5,0,1,0,0
86,500110144202500001,202500001,2025-07-23,144,Ullal PS,Dakshina Kannada,5,1,Unknown,3,Crimes Against Women,14,Stalking,1,Under Investigation,,12.901831,74.840168,0.0,0.0,7,2,0,1,0,0
87,100040112202600001,202600001,2026-06-24,112,Bengaluru Rural Town PS,Bengaluru Rural,1,1,Unknown,3,Crimes Against Women,12,Domestic Violence,2,Charge Sheeted,1,13.281234,77.556826,48.0,72.0,6,6,0,1,1,0
88,100050116202600002,202600002,2026-04-12,116,Electronic City PS,Bengaluru Urban,1,2,Unknown,2,Crimes Against Property,8,Dacoity,7,Pending Trial,40,13.060394,77.671328,48.0,48.0,4,0,0,1,1,1
89,400050126202600001,202600001,2026-01-14,126,Hebbal PS,Bengaluru Urban,4,2,Unknown,2,Crimes Against Property,9,Burglary,6,Closed (False Case),,12.981786,77.612986,0.0,96.0,1,4,0,1,0,1
90,100060129202400001,202400001,2024-04-02,129,Bidar Town PS,Bidar,1,2,Unknown,9,Arms Act Offences,36,Illegal Arms Manufacturing,1,Under Investigation,,17.86644,77.565592,48.0,48.0,3,2,0,1,0,0
91,100050120202500003,202500003,2025-12-12,120,Indiranagar PS,Bengaluru Urban,1,2,Unknown,8,Drug/Narcotic Offences,32,Ganja Possession,2,Charge Sheeted,34,13.003246,77.593133,0.0,96.0,12,0,0,1,1,0
92,100270177202500001,202500001,2025-10-26,177,Udupi Town PS,Udupi,1,2,Unknown,2,Crimes Against Property,9,Burglary,1,Under Investigation,,13.389428,74.728927,48.0,72.0,10,1,0,1,0,0
93,100090136202600001,202600001,2026-06-23,136,Chikkamagaluru Rural PS,Chikkamagaluru,1,2,Unknown,2,Crimes Against Property,7,Robbery,7,Pending Trial,10,13.379535,75.822732,0.0,0.0,6,2,0,1,0,1
94,100060130202500001,202500001,2025-04-27,130,Bidar Rural PS,Bidar,1,2,Unknown,1,Crimes Against Body,2,Attempt to Murder,2,Charge Sheeted,1,17.891316,77.573328,0.0,96.0,4,2,0,1,0,0
95,300050123202500001,202500001,2025-10-10,123,KR Puram PS,Bengaluru Urban,3,1,Unknown,11,Traffic Related Offences,42,Drunken Driving,2,Charge Sheeted,1,13.002673,77.519445,0.0,24.0,10,3,0,1,0,0
96,100050127202400001,202400001,2024-03-17,127,Peenya PS,Bengaluru Urban,1,2,Unknown,2,Crimes Against Property,55,Chain Snatching,5,Closed (Undetected),,12.923414,77.599226,0.0,0.0,3,2,0,1,0,1
97,100050115202500001,202500001,2025-10-16,115,Whitefield PS,Bengaluru Urban,1,2,Unknown,2,Crimes Against Property,10,Vehicle Theft,2,Charge Sheeted,33,13.068215,77.699632,48.0,48.0,10,0,0,1,1,0
98,100050122202500001,202500001,2025-06-22,122,Yelahanka PS,Bengaluru Urban,1,1,Unknown,3,Crimes Against Women,11,Dowry Death,4,Acquitted,36,12.916801,77.651831,0.0,0.0,6,5,0,1,0,1
99,100120145202600001,202600001,2026-06-25,145,Davanagere Town PS,Davanagere,1,3,Unknown,2,Crimes Against Property,7,Robbery,1,Under Investigation,,14.494991,75.917567,48.0,48.0,6,5,0,1,0,0
100,100050120202500004,202500004,2025-09-12,120,Indiranagar PS,Bengaluru Urban,1,2,Unknown,2,Crimes Against Property,7,Robbery,4,Acquitted,33,12.987064,77.665035,24.0,48.0,9,2,0,1,0,1
101,100050117202400002,202400002,2024-12-05,117,Koramangala PS,Bengaluru Urban,1,1,Unknown,10,Crimes Against Public Order,39,Promoting Enmity,5,Closed (Undetected),,12.981248,77.51742,48.0,96.0,11,4,0,1,0,1
102,200060130202600001,202600001,2026-01-29,130,Bidar Rural PS,Bidar,2,2,Unknown,11,Traffic Related Offences,40,Rash Driving,1,Under Investigation,,17.904898,77.50025,24.0,96.0,1,3,0,1,0,0
103,100050125202600001,202600001,2026-06-24,125,Rajajinagar PS,Bengaluru Urban,1,1,Unknown,3,Crimes Against Women,15,Acid Attack,4,Acquitted,36,13.091541,77.572475,24.0,0.0,6,2,0,1,1,1
104,100070132202600001,202600001,2026-02-14,132,Chamarajanagara Rural PS,Chamarajanagara,1,1,Unknown,13,Crimes Related to Documents/Property,47,Land Fraud,2,Charge Sheeted,8,11.978142,76.968149,0.0,24.0,2,4,0,1,0,0
105,500280178202400001,202400001,2024-05-16,178,Uttara Kannada Town PS,Uttara Kannada,5,2,Unknown,6,Economic Offences,23,Cheating,2,Charge Sheeted,1,14.827041,74.647162,24.0,72.0,5,6,0,1,0,0
106,100260176202500002,202500002,2025-03-12,176,Tumakuru Town PS,Tumakuru,1,2,Unknown,7,Cyber Crimes,30,Data Theft,1,Under Investigation,,13.302519,77.15016,24.0,0.0,3,2,0,1,0,0
107,300300180202500001,202500001,2025-12-30,180,Vijayapura Town PS,Vijayapura,3,2,Unknown,11,Traffic Related Offences,42,Drunken Driving,7,Pending Trial,1,16.869105,75.745239,48.0,96.0,12,3,0,1,1,1
108,300220165202400001,202400001,2024-12-21,165,Devaraja PS,Mysuru,3,2,Unknown,2,Crimes Against Property,9,Burglary,3,Convicted,37,12.346402,76.640308,24.0,48.0,12,3,0,1,1,1
109,100200162202500001,202500001,2025-10-02,162,Koppal Rural PS,Koppal,1,2,Unknown,11,Traffic Related Offences,41,Hit and Run,1,Under Investigation,,15.380316,76.123047,48.0,144.0,9,3,0,1,0,0
110,500130147202500001,202500001,2025-02-05,147,Dharwad Town PS,Dharwad,5,2,Unknown,7,Cyber Crimes,29,Cyber Stalking,1,Under Investigation,,15.499398,75.050128,48.0,24.0,2,1,0,1,0,0
111,100260176202600001,202600001,2026-06-21,176,Tumakuru Town PS,Tumakuru,1,2,Unknown,4,Crimes Against Children,17,Child Trafficking,2,Charge Sheeted,1,13.288015,77.040373,0.0,24.0,6,2,0,1,1,0
112,100050115202400001,202400001,2024-11-28,115,Whitefield PS,Bengaluru Urban,1,2,Unknown,2,Crimes Against Property,6,Theft,7,Pending Trial,35,13.042404,77.654305,24.0,48.0,11,4,0,1,0,1
113,100050127202500002,202500002,2025-05-21,127,Peenya PS,Bengaluru Urban,1,1,Unknown,2,Crimes Against Property,9,Burglary,7,Pending Trial,1,12.922109,77.544894,24.0,0.0,5,2,0,1,1,1
114,800050115202400001,202400001,2024-11-18,115,Whitefield PS,Bengaluru Urban,8,1,Unknown,11,Traffic Related Offences,41,Hit and Run,2,Charge Sheeted,40,12.945256,77.673531,48.0,48.0,11,3,0,1,1,0
115,100110143202600001,202600001,2026-01-29,143,Mangalore West PS,Dakshina Kannada,1,2,Unknown,8,Drug/Narcotic Offences,33,NDPS Trafficking,1,Under Investigation,,12.855352,74.889741,0.0,48.0,1,4,0,1,0,0
116,100050122202500002,202500002,2025-04-16,122,Yelahanka PS,Bengaluru Urban,1,1,Unknown,1,Crimes Against Body,5,Grievous Hurt,7,Pending Trial,33,13.013075,77.563136,0.0,144.0,4,3,0,1,1,1
117,300050115202500001,202500001,2025-06-22,115,Whitefield PS,Bengaluru Urban,3,1,Unknown,2,Crimes Against Property,9,Burglary,2,Charge Sheeted,35,13.001587,77.541858,24.0,48.0,6,1,0,1,1,0
118,100050120202500005,202500005,2025-02-14,120,Indiranagar PS,Bengaluru Urban,1,2,Unknown,7,Cyber Crimes,27,Online Fraud,1,Under Investigation,,13.006837,77.514196,0.0,72.0,2,4,0,1,0,0
119,100050116202400003,202400003,2024-04-12,116,Electronic City PS,Bengaluru Urban,1,1,Unknown,10,Crimes Against Public Order,37,Rioting,2,Charge Sheeted,1,13.07234,77.533795,24.0,120.0,4,4,0,1,0,0
120,200050128202400001,202400001,2024-04-24,128,Basavanagudi PS,Bengaluru Urban,2,2,Unknown,2,Crimes Against Property,9,Burglary,2,Charge Sheeted,1,12.940027,77.500189,0.0,0.0,4,2,0,1,1,0
121,200050115202400002,202400002,2024-02-19,115,Whitefield PS,Bengaluru Urban,2,2,Unknown,1,Crimes Against Body,1,Murder,3,Convicted,36,12.921159,77.657391,0.0,48.0,2,5,0,1,1,1
122,100050116202600003,202600003,2026-04-28,116,Electronic City PS,Bengaluru Urban,1,2,Unknown,1,Crimes Against Body,2,Attempt to Murder,1,Under Investigation,,13.096661,77.622536,0.0,24.0,4,5,0,1,0,0
123,100160153202600001,202600001,2026-01-20,153,Haveri Town PS,Haveri,1,1,Unknown,7,Cyber Crimes,29,Cyber Stalking,3,Convicted,1,14.848048,75.450855,0.0,0.0,1,1,0,1,1,1
124,100280178202600001,202600001,2026-01-08,178,Uttara Kannada Town PS,Uttara Kannada,1,2,Unknown,8,Drug/Narcotic Offences,33,NDPS Trafficking,3,Convicted,1,14.82148,74.740419,24.0,24.0,1,5,0,1,0,1
125,100220170202400001,202400001,2024-02-23,170,Vidyaranyapuram PS,Mysuru,1,2,Unknown,11,Traffic Related Offences,41,Hit and Run,3,Convicted,37,12.303213,76.612186,24.0,0.0,2,4,0,1,1,1
126,100050116202400004,202400004,2024-03-01,116,Electronic City PS,Bengaluru Urban,1,2,Unknown,10,Crimes Against Public Order,37,Rioting,7,Pending Trial,33,13.038128,77.649205,48.0,48.0,2,2,0,1,0,1
127,100090136202500001,202500001,2025-02-02,136,Chikkamagaluru Rural PS,Chikkamagaluru,1,2,Unknown,6,Economic Offences,23,Cheating,7,Pending Trial,10,13.277068,75.723544,48.0,24.0,2,5,0,1,1,1
128,100050128202400001,202400001,2024-01-16,128,Basavanagudi PS,Bengaluru Urban,1,2,Unknown,10,Crimes Against Public Order,38,Unlawful Assembly,1,Under Investigation,,13.060574,77.634144,0.0,0.0,1,2,0,1,0,0
129,100100137202400001,202400001,2024-05-10,137,Chitradurga Town PS,Chitradurga,1,1,Unknown,1,Crimes Against Body,1,Murder,5,Closed (Undetected),,14.196791,76.347776,48.0,24.0,5,3,0,1,0,1
130,200220166202400001,202400001,2024-07-13,166,Jayalakshmipuram PS,Mysuru,2,1,Unknown,1,Crimes Against Body,2,Attempt to Murder,5,Closed (Undetected),,12.344331,76.676265,0.0,0.0,7,5,0,1,0,1
131,100220165202500003,202500003,2025-12-31,165,Devaraja PS,Mysuru,1,2,Unknown,3,Crimes Against Women,14,Stalking,1,Under Investigation,,12.324248,76.692308,0.0,144.0,12,2,0,1,0,0
132,300280178202500001,202500001,2025-11-09,178,Uttara Kannada Town PS,Uttara Kannada,3,2,Unknown,1,Crimes Against Body,2,Attempt to Murder,2,Charge Sheeted,29,14.792585,74.701258,0.0,0.0,11,0,0,1,1,0
133,100110140202500001,202500001,2025-12-27,140,Mangalore North PS,Dakshina Kannada,1,1,Unknown,2,Crimes Against Property,55,Chain Snatching,3,Convicted,1,12.895708,74.851466,24.0,72.0,12,5,0,1,1,1
134,200050123202500002,202500002,2025-12-03,123,KR Puram PS,Bengaluru Urban,2,2,Unknown,12,Environmental Offences,45,Wildlife Poaching,1,Under Investigation,,12.903131,77.591697,48.0,48.0,12,0,0,1,0,0
135,100050115202400002,202400002,2024-06-09,115,Whitefield PS,Bengaluru Urban,1,2,Unknown,3,Crimes Against Women,12,Domestic Violence,5,Closed (Undetected),,13.035824,77.502522,0.0,72.0,6,3,0,1,0,1
136,100050128202400002,202400002,2024-01-17,128,Basavanagudi PS,Bengaluru Urban,1,2,Unknown,3,Crimes Against Women,12,Domestic Violence,9,Compromised,,13.033734,77.504591,0.0,48.0,1,3,0,1,0,0
137,100020105202400001,202400001,2024-08-01,105,Ballari (Bellary) Rural PS,Ballari (Bellary),1,2,Unknown,1,Crimes Against Body,2,Attempt to Murder,2,Charge Sheeted,3,15.10013,76.910741,0.0,48.0,7,1,0,1,0,0
138,100050126202600002,202600002,2026-07-12,126,Hebbal PS,Bengaluru Urban,1,1,Unknown,1,Crimes Against Body,1,Murder,5,Closed (Undetected),,13.005877,77.669763,0.0,24.0,7,4,0,1,0,1
139,300040112202400001,202400001,2024-09-25,112,Bengaluru Rural Town PS,Bengaluru Rural,3,2,Unknown,6,Economic Offences,25,Forgery,7,Pending Trial,1,13.20548,77.579373,48.0,48.0,9,5,0,1,1,1
140,100300180202400001,202400001,2024-12-28,180,Vijayapura Town PS,Vijayapura,1,2,Unknown,3,Crimes Against Women,12,Domestic Violence,5,Closed (Undetected),,16.785308,75.676708,24.0,96.0,12,0,0,1,0,1
141,400040113202500001,202500001,2025-06-11,113,Bengaluru Rural Rural PS,Bengaluru Rural,4,2,Unknown,7,Cyber Crimes,29,Cyber Stalking,1,Under Investigation,,13.261116,77.559313,24.0,24.0,6,0,0,1,0,0
142,300210164202400001,202400001,2024-10-28,164,Mandya Rural PS,Mandya,3,2,Unknown,2,Crimes Against Property,6,Theft,7,Pending Trial,1,12.547075,76.872693,0.0,0.0,10,0,0,1,1,1
143,300140150202400001,202400001,2024-04-11,150,Gadag Rural PS,Gadag,3,1,Unknown,1,Crimes Against Body,1,Murder,1,Under Investigation,,15.432679,75.608419,24.0,48.0,4,1,0,1,0,0
144,100050128202400003,202400003,2024-04-06,128,Basavanagudi PS,Bengaluru Urban,1,2,Unknown,1,Crimes Against Body,3,Culpable Homicide,1,Under Investigation,,12.977047,77.643402,0.0,0.0,4,5,0,1,0,0
145,100110141202400001,202400001,2024-10-16,141,Mangalore South PS,Dakshina Kannada,1,2,Unknown,11,Traffic Related Offences,42,Drunken Driving,1,Under Investigation,,12.915351,74.821579,0.0,0.0,10,3,0,1,0,0
146,300260176202400001,202400001,2024-04-14,176,Tumakuru Town PS,Tumakuru,3,3,Unknown,8,Drug/Narcotic Offences,33,NDPS Trafficking,7,Pending Trial,27,13.335552,77.080666,48.0,72.0,4,2,0,1,0,1
147,300050117202400001,202400001,2024-04-11,117,Koramangala PS,Bengaluru Urban,3,2,Unknown,2,Crimes Against Property,55,Chain Snatching,5,Closed (Undetected),,13.073982,77.637154,0.0,96.0,4,5,0,1,0,1
148,100100137202600001,202600001,2026-06-30,137,Chitradurga Town PS,Chitradurga,1,2,Unknown,2,Crimes Against Property,9,Burglary,6,Closed (False Case),,14.28207,76.414249,48.0,120.0,6,3,0,1,0,1
149,200120145202400001,202400001,2024-07-20,145,Davanagere Town PS,Davanagere,2,1,Unknown,6,Economic Offences,25,Forgery,2,Charge Sheeted,13,14.463603,75.944019,48.0,24.0,7,4,0,1,1,0
150,100030108202500001,202500001,2025-02-16,108,Tilakwadi PS,Belagavi (Belgaum),1,2,Unknown,1,Crimes Against Body,2,Attempt to Murder,2,Charge Sheeted,4,15.860405,74.528871,48.0,96.0,2,2,0,1,1,0
151,100050116202600004,202600004,2026-03-22,116,Electronic City PS,Bengaluru Urban,1,2,Unknown,3,Crimes Against Women,12,Domestic Violence,9,Compromised,,13.036523,77.63193,48.0,48.0,3,4,0,1,0,0
152,100220171202600001,202600001,2026-06-08,171,Kuvempunagar PS,Mysuru,1,2,Unknown,11,Traffic Related Offences,41,Hit and Run,6,Closed (False Case),,12.305512,76.622714,24.0,96.0,6,2,0,1,0,1
153,300220165202400002,202400002,2024-01-29,165,Devaraja PS,Mysuru,3,2,Unknown,2,Crimes Against Property,7,Robbery,2,Charge Sheeted,1,12.343657,76.65426,0.0,48.0,1,2,0,1,1,0
154,100050116202500003,202500003,2025-02-04,116,Electronic City PS,Bengaluru Urban,1,1,Unknown,1,Crimes Against Body,1,Murder,1,Under Investigation,,13.071981,77.628015,48.0,48.0,1,1,0,1,0,0
155,100220171202500001,202500001,2025-01-07,171,Kuvempunagar PS,Mysuru,1,2,Unknown,7,Cyber Crimes,31,Phishing,1,Under Investigation,,12.327138,76.692761,0.0,24.0,1,5,0,1,0,0
156,100050116202500004,202500004,2025-11-06,116,Electronic City PS,Bengaluru Urban,1,2,Unknown,3,Crimes Against Women,13,Sexual Harassment,1,Under Investigation,,13.076622,77.698488,0.0,0.0,11,3,0,1,0,0
157,300260176202400002,202400002,2024-11-05,176,Tumakuru Town PS,Tumakuru,3,2,Unknown,3,Crimes Against Women,15,Acid Attack,1,Under Investigation,,13.282106,77.117911,48.0,72.0,10,2,0,1,0,0
158,100260176202400002,202400002,2024-01-16,176,Tumakuru Town PS,Tumakuru,1,2,Unknown,7,Cyber Crimes,28,Identity Theft,1,Under Investigation,,13.352498,77.068054,0.0,96.0,1,2,0,1,0,0
159,100010102202400001,202400001,2024-04-13,102,Bagalkote Town PS,Bagalkote,1,3,Unknown,11,Traffic Related Offences,40,Rash Driving,7,Pending Trial,2,16.152705,75.740602,48.0,24.0,4,4,0,1,1,1
160,100220165202500004,202500004,2025-10-08,165,Devaraja PS,Mysuru,1,2,Unknown,2,Crimes Against Property,10,Vehicle Theft,1,Under Investigation,,12.315159,76.616193,24.0,48.0,10,0,0,1,0,0
161,100210164202500001,202500001,2025-04-12,164,Mandya Rural PS,Mandya,1,2,Unknown,7,Cyber Crimes,30,Data Theft,6,Closed (False Case),,12.520021,76.86795,48.0,144.0,4,5,0,1,0,1
162,300030106202600001,202600001,2026-05-03,106,Camp PS,Belagavi (Belgaum),3,2,Unknown,4,Crimes Against Children,16,Child Abuse,1,Under Investigation,,15.861975,74.515647,48.0,120.0,4,1,0,1,0,0
163,100180157202500002,202500002,2025-01-14,157,Kodagu Town PS,Kodagu,1,1,Unknown,7,Cyber Crimes,28,Identity Theft,1,Under Investigation,,12.392962,75.732576,24.0,96.0,1,3,0,1,0,0
164,100070132202400001,202400001,2024-11-17,132,Chamarajanagara Rural PS,Chamarajanagara,1,1,Unknown,2,Crimes Against Property,8,Dacoity,4,Acquitted,1,11.879227,76.962795,24.0,0.0,11,6,0,1,1,1
165,100050121202600001,202600001,2026-01-23,121,Marathahalli PS,Bengaluru Urban,1,2,Unknown,8,Drug/Narcotic Offences,32,Ganja Possession,6,Closed (False Case),,13.04961,77.671721,24.0,24.0,1,2,0,1,0,1
166,100050114202500001,202500001,2025-02-24,114,Cubbon Park PS,Bengaluru Urban,1,2,Unknown,8,Drug/Narcotic Offences,34,Drug Peddling,1,Under Investigation,,13.034497,77.693911,0.0,48.0,2,5,0,1,0,0
167,100310181202600001,202600001,2026-06-10,181,Yadgir Town PS,Yadgir,1,2,Unknown,2,Crimes Against Property,7,Robbery,5,Closed (Undetected),,16.803982,77.145679,24.0,0.0,6,2,0,1,0,1
168,100020104202500001,202500001,2025-09-14,104,Ballari (Bellary) Town PS,Ballari (Bellary),1,2,Unknown,2,Crimes Against Property,9,Burglary,1,Under Investigation,,15.164668,76.882686,24.0,0.0,9,6,0,1,0,0
169,100050118202600001,202600001,2026-03-23,118,Jayanagar PS,Bengaluru Urban,1,2,Unknown,7,Cyber Crimes,27,Online Fraud,10,Abated,,13.014722,77.609205,48.0,72.0,3,3,0,1,0,0
170,100050117202500003,202500003,2025-02-22,117,Koramangala PS,Bengaluru Urban,1,2,Unknown,8,Drug/Narcotic Offences,32,Ganja Possession,1,Under Investigation,,13.074253,77.58836,24.0,24.0,2,6,0,1,0,0
171,100050116202400005,202400005,2024-09-26,116,Electronic City PS,Bengaluru Urban,1,3,Unknown,11,Traffic Related Offences,40,Rash Driving,6,Closed (False Case),,13.028614,77.563539,48.0,96.0,9,4,0,1,0,1
172,100280178202600002,202600002,2026-04-24,178,Uttara Kannada Town PS,Uttara Kannada,1,2,Unknown,4,Crimes Against Children,17,Child Trafficking,1,Under Investigation,,14.832167,74.747188,0.0,24.0,4,4,0,1,0,0
173,100090136202600002,202600002,2026-02-27,136,Chikkamagaluru Rural PS,Chikkamagaluru,1,1,Unknown,6,Economic Offences,25,Forgery,1,Under Investigation,,13.369513,75.736539,0.0,96.0,2,4,0,1,0,0
174,100120146202500002,202500002,2025-04-11,146,Davanagere Rural PS,Davanagere,1,2,Unknown,2,Crimes Against Property,9,Burglary,2,Charge Sheeted,1,14.448617,75.880129,0.0,96.0,4,0,0,1,0,0
175,100060129202400002,202400002,2024-03-12,129,Bidar Town PS,Bidar,1,1,Unknown,10,Crimes Against Public Order,38,Unlawful Assembly,2,Charge Sheeted,7,17.887663,77.46344,48.0,96.0,3,1,0,1,1,0
176,100230173202500001,202500001,2025-12-30,173,Raichur Town PS,Raichur,1,2,Unknown,2,Crimes Against Property,10,Vehicle Theft,1,Under Investigation,,16.175156,77.30851,24.0,24.0,12,0,0,1,0,0
177,400050115202600001,202600001,2026-01-03,115,Whitefield PS,Bengaluru Urban,4,2,Unknown,3,Crimes Against Women,13,Sexual Harassment,1,Under Investigation,,12.902614,77.540546,24.0,144.0,12,6,0,1,0,0
178,100120145202400001,202400001,2024-08-05,145,Davanagere Town PS,Davanagere,1,2,Unknown,15,Other IPC Crimes,52,Criminal Intimidation,1,Under Investigation,,14.461728,75.911338,48.0,24.0,8,6,0,1,0,0
179,100220171202400001,202400001,2024-02-26,171,Kuvempunagar PS,Mysuru,1,1,Unknown,2,Crimes Against Property,7,Robbery,1,Under Investigation,,12.328355,76.609607,0.0,24.0,2,6,0,1,0,0
180,300160153202500001,202500001,2025-10-29,153,Haveri Town PS,Haveri,3,2,Unknown,11,Traffic Related Offences,40,Rash Driving,3,Convicted,17,14.847064,75.459108,24.0,72.0,10,3,0,1,1,1
181,800220165202400001,202400001,2024-08-16,165,Devaraja PS,Mysuru,8,1,Unknown,6,Economic Offences,26,Bank Fraud,3,Convicted,37,12.346576,76.610616,48.0,48.0,8,1,0,1,0,1
182,400050115202500001,202500001,2025-12-09,115,Whitefield PS,Bengaluru Urban,4,1,Unknown,7,Cyber Crimes,28,Identity Theft,2,Charge Sheeted,1,12.900714,77.544545,24.0,48.0,12,5,0,1,1,0
183,200220165202400002,202400002,2024-01-30,165,Devaraja PS,Mysuru,2,1,Unknown,3,Crimes Against Women,14,Stalking,1,Under Investigation,,12.319122,76.668045,24.0,72.0,1,5,0,1,0,0
184,100110139202500001,202500001,2025-04-05,139,Mangalore City (Bunder) PS,Dakshina Kannada,1,1,Unknown,3,Crimes Against Women,12,Domestic Violence,7,Pending Trial,39,12.866802,74.8221,48.0,0.0,4,5,0,1,0,1
185,100030106202600001,202600001,2026-02-09,106,Camp PS,Belagavi (Belgaum),1,2,Unknown,1,Crimes Against Body,4,Assault,5,Closed (Undetected),,15.880777,74.509196,48.0,48.0,2,3,0,1,0,1
186,100160154202400001,202400001,2024-10-16,154,Haveri Rural PS,Haveri,1,2,Unknown,9,Arms Act Offences,36,Illegal Arms Manufacturing,9,Compromised,,14.787956,75.380487,24.0,72.0,10,6,0,1,0,0
187,300260176202600001,202600001,2026-01-06,176,Tumakuru Town PS,Tumakuru,3,1,Unknown,2,Crimes Against Property,8,Dacoity,7,Pending Trial,1,13.313095,77.132406,24.0,144.0,12,2,0,1,1,1
188,100050116202400006,202400006,2024-08-20,116,Electronic City PS,Bengaluru Urban,1,2,Unknown,6,Economic Offences,26,Bank Fraud,5,Closed (Undetected),,13.065207,77.696665,0.0,48.0,8,3,0,1,0,1
189,200050127202400001,202400001,2024-06-21,127,Peenya PS,Bengaluru Urban,2,2,Unknown,7,Cyber Crimes,29,Cyber Stalking,4,Acquitted,34,12.953972,77.597441,0.0,48.0,6,4,0,1,0,1
190,100050115202400003,202400003,2024-03-29,115,Whitefield PS,Bengaluru Urban,1,2,Unknown,2,Crimes Against Property,55,Chain Snatching,5,Closed (Undetected),,12.93846,77.654547,24.0,0.0,3,4,0,1,0,1
191,200050122202400001,202400001,2024-12-13,122,Yelahanka PS,Bengaluru Urban,2,2,Unknown,8,Drug/Narcotic Offences,32,Ganja Possession,3,Convicted,34,12.958759,77.540038,48.0,0.0,12,4,0,1,0,1
192,100210163202400001,202400001,2024-08-01,163,Mandya Town PS,Mandya,1,2,Unknown,3,Crimes Against Women,12,Domestic Violence,1,Under Investigation,,12.499832,76.887933,0.0,24.0,7,5,0,1,0,0
193,100170155202500001,202500001,2025-11-03,155,Kalaburagi (Gulbarga) Town PS,Kalaburagi (Gulbarga),1,2,Unknown,15,Other IPC Crimes,52,Criminal Intimidation,7,Pending Trial,1,17.289176,76.884741,48.0,48.0,11,5,0,1,1,1
194,100050116202400007,202400007,2024-03-27,116,Electronic City PS,Bengaluru Urban,1,3,Unknown,3,Crimes Against Women,13,Sexual Harassment,2,Charge Sheeted,35,13.072239,77.541903,48.0,24.0,3,1,0,1,0,0
195,100220165202600001,202600001,2026-01-30,165,Devaraja PS,Mysuru,1,2,Unknown,6,Economic Offences,25,Forgery,1,Under Investigation,,12.347845,76.636085,0.0,72.0,1,6,0,1,0,0
196,100130147202500001,202500001,2025-06-14,147,Dharwad Town PS,Dharwad,1,2,Unknown,5,Crimes Against SCs/STs,22,Caste Abuse,1,Under Investigation,,15.465493,75.046103,48.0,48.0,6,6,0,1,0,0
197,100090136202400002,202400002,2024-03-28,136,Chikkamagaluru Rural PS,Chikkamagaluru,1,2,Unknown,2,Crimes Against Property,55,Chain Snatching,2,Charge Sheeted,10,13.276171,75.747041,24.0,120.0,3,5,0,1,1,0
198,300300180202500002,202500002,2025-10-31,180,Vijayapura Town PS,Vijayapura,3,2,Unknown,6,Economic Offences,23,Cheating,1,Under Investigation,,16.878685,75.763944,24.0,24.0,10,2,0,1,0,0
199,100230173202600001,202600001,2026-04-06,173,Raichur Town PS,Raichur,1,1,Unknown,10,Crimes Against Public Order,38,Unlawful Assembly,7,Pending Trial,1,16.23059,77.336085,0.0,0.0,4,6,0,1,1,1
200,100220172202400001,202400001,2024-03-14,172,Bannimantap PS,Mysuru,1,2,Unknown,6,Economic Offences,26,Bank Fraud,7,Pending Trial,37,12.341476,76.69394,48.0,144.0,3,4,0,1,0,1
201,100050117202400003,202400003,2024-01-14,117,Koramangala PS,Bengaluru Urban,1,2,Unknown,11,Traffic Related Offences,41,Hit and Run,2,Charge Sheeted,40,12.931261,77.652875,24.0,48.0,1,1,0,1,1,0
202,100220165202500005,202500005,2025-10-28,165,Devaraja PS,Mysuru,1,2,Unknown,2,Crimes Against Property,10,Vehicle Theft,2,Charge Sheeted,23,12.314603,76.686277,24.0,48.0,10,4,0,1,1,0
203,100260176202500003,202500003,2025-04-04,176,Tumakuru Town PS,Tumakuru,1,1,Unknown,2,Crimes Against Property,9,Burglary,2,Charge Sheeted,1,13.380418,77.042007,0.0,72.0,4,1,0,1,1,0
204,300050117202500002,202500002,2025-11-26,117,Koramangala PS,Bengaluru Urban,3,2,Unknown,6,Economic Offences,25,Forgery,1,Under Investigation,,12.930677,77.610137,48.0,48.0,11,0,0,1,0,0
205,100200161202400001,202400001,2024-07-09,161,Koppal Town PS,Koppal,1,2,Unknown,2,Crimes Against Property,6,Theft,1,Under Investigation,,15.380523,76.193603,48.0,72.0,7,5,0,1,0,0
206,400160153202600001,202600001,2026-06-08,153,Haveri Town PS,Haveri,4,2,Unknown,9,Arms Act Offences,36,Illegal Arms Manufacturing,1,Under Investigation,,14.762941,75.439355,48.0,120.0,6,0,0,1,0,0
207,100100138202400001,202400001,2024-09-17,138,Chitradurga Rural PS,Chitradurga,1,3,Unknown,3,Crimes Against Women,15,Acid Attack,5,Closed (Undetected),,14.28739,76.341594,0.0,24.0,9,0,0,1,0,1
208,100050118202400001,202400001,2024-06-15,118,Jayanagar PS,Bengaluru Urban,1,2,Unknown,6,Economic Offences,25,Forgery,1,Under Investigation,,12.909707,77.515799,24.0,24.0,6,2,0,1,0,0
209,300280178202500002,202500002,2025-11-22,178,Uttara Kannada Town PS,Uttara Kannada,3,2,Unknown,8,Drug/Narcotic Offences,33,NDPS Trafficking,7,Pending Trial,1,14.775971,74.692239,0.0,0.0,11,6,0,1,1,1
210,200060130202600002,202600002,2026-06-06,130,Bidar Rural PS,Bidar,2,2,Unknown,2,Crimes Against Property,7,Robbery,1,Under Investigation,,17.901045,77.572619,24.0,48.0,6,1,0,1,0,0
211,100220167202600001,202600001,2026-04-14,167,Nazarbad PS,Mysuru,1,2,Unknown,8,Drug/Narcotic Offences,32,Ganja Possession,1,Under Investigation,,12.340531,76.63641,48.0,96.0,4,4,0,1,0,0
212,100260176202400003,202400003,2024-06-09,176,Tumakuru Town PS,Tumakuru,1,2,Unknown,11,Traffic Related Offences,41,Hit and Run,2,Charge Sheeted,1,13.316638,77.047008,48.0,0.0,6,6,0,1,1,0
213,100030107202400001,202400001,2024-09-17,107,Market PS,Belagavi (Belgaum),1,2,Unknown,7,Cyber Crimes,29,Cyber Stalking,2,Charge Sheeted,4,15.831661,74.583252,0.0,24.0,9,0,0,1,1,0
214,300230173202400001,202400001,2024-10-12,173,Raichur Town PS,Raichur,3,2,Unknown,1,Crimes Against Body,5,Grievous Hurt,7,Pending Trial,24,16.193244,77.382782,0.0,0.0,10,5,0,1,1,1
215,300090136202500001,202500001,2025-12-17,136,Chikkamagaluru Rural PS,Chikkamagaluru,3,2,Unknown,1,Crimes Against Body,2,Attempt to Murder,8,Referred to Another PS,,13.308282,75.778344,0.0,48.0,12,3,0,1,0,0
216,100050117202400004,202400004,2024-08-23,117,Koramangala PS,Bengaluru Urban,1,2,Unknown,2,Crimes Against Property,8,Dacoity,5,Closed (Undetected),,12.97369,77.659777,24.0,72.0,8,4,0,1,0,1
217,100140149202500001,202500001,2025-02-12,149,Gadag Town PS,Gadag,1,2,Unknown,4,Crimes Against Children,18,Child Labour,9,Compromised,,15.483899,75.596391,0.0,72.0,2,5,0,1,0,0
218,100110142202500001,202500001,2025-05-10,142,Mangalore East PS,Dakshina Kannada,1,2,Unknown,11,Traffic Related Offences,40,Rash Driving,8,Referred to Another PS,,12.899684,74.8582,0.0,0.0,5,2,0,1,0,0
219,100060130202500002,202500002,2025-03-21,130,Bidar Rural PS,Bidar,1,2,Unknown,7,Cyber Crimes,30,Data Theft,2,Charge Sheeted,7,17.934996,77.528774,24.0,72.0,3,4,0,1,0,0
220,400220169202500001,202500001,2025-09-26,169,Krishnaraja PS,Mysuru,4,3,Unknown,9,Arms Act Offences,36,Illegal Arms Manufacturing,7,Pending Trial,37,12.345999,76.668867,24.0,96.0,9,4,0,1,1,1
221,100050121202400001,202400001,2024-12-07,121,Marathahalli PS,Bengaluru Urban,1,2,Unknown,6,Economic Offences,24,Criminal Breach of Trust,1,Under Investigation,,12.996409,77.509306,0.0,48.0,12,0,0,1,0,0
222,100260176202400004,202400004,2024-05-01,176,Tumakuru Town PS,Tumakuru,1,2,Unknown,2,Crimes Against Property,7,Robbery,3,Convicted,27,13.318761,77.112818,24.0,96.0,4,4,0,1,0,1
223,500110141202400001,202400001,2024-01-07,141,Mangalore South PS,Dakshina Kannada,5,2,Unknown,2,Crimes Against Property,6,Theft,2,Charge Sheeted,12,12.884978,74.852699,48.0,96.0,1,0,0,1,1,0
224,200050117202500001,202500001,2025-12-07,117,Koramangala PS,Bengaluru Urban,2,2,Unknown,10,Crimes Against Public Order,38,Unlawful Assembly,1,Under Investigation,,13.079026,77.549502,48.0,48.0,12,2,0,1,0,0
225,300040113202500001,202500001,2025-11-21,113,Bengaluru Rural Rural PS,Bengaluru Rural,3,2,Unknown,7,Cyber Crimes,27,Online Fraud,2,Charge Sheeted,5,13.264594,77.653634,48.0,48.0,11,2,0,1,1,0
226,200050116202400001,202400001,2024-06-15,116,Electronic City PS,Bengaluru Urban,2,3,Unknown,2,Crimes Against Property,55,Chain Snatching,7,Pending Trial,40,13.09035,77.530709,0.0,0.0,6,3,0,1,0,1
227,100050124202500001,202500001,2025-06-17,124,Banashankari PS,Bengaluru Urban,1,2,Unknown,1,Crimes Against Body,5,Grievous Hurt,7,Pending Trial,35,13.008357,77.508085,0.0,24.0,6,3,0,1,1,1
228,800050125202400001,202400001,2024-08-12,125,Rajajinagar PS,Bengaluru Urban,8,1,Unknown,11,Traffic Related Offences,40,Rash Driving,5,Closed (Undetected),,13.041238,77.578516,0.0,24.0,8,2,0,1,0,1
229,100130148202500002,202500002,2025-02-20,148,Dharwad Rural PS,Dharwad,1,2,Unknown,1,Crimes Against Body,3,Culpable Homicide,3,Convicted,14,15.44188,75.055583,48.0,72.0,2,6,0,1,0,1
230,200110139202600001,202600001,2026-03-29,139,Mangalore City (Bunder) PS,Dakshina Kannada,2,1,Unknown,12,Environmental Offences,45,Wildlife Poaching,2,Charge Sheeted,39,12.887221,74.869939,0.0,72.0,3,3,0,1,1,0
231,100030107202600001,202600001,2026-04-24,107,Market PS,Belagavi (Belgaum),1,2,Unknown,2,Crimes Against Property,55,Chain Snatching,1,Under Investigation,,15.837985,74.592161,0.0,72.0,4,0,0,1,0,0
232,100260176202500004,202500004,2025-07-15,176,Tumakuru Town PS,Tumakuru,1,1,Unknown,2,Crimes Against Property,9,Burglary,1,Under Investigation,,13.390787,77.119209,24.0,24.0,7,3,0,1,0,0
233,100250175202400002,202400002,2024-11-23,175,Shivamogga Town PS,Shivamogga,1,3,Unknown,3,Crimes Against Women,15,Acid Attack,1,Under Investigation,,13.902956,75.57435,24.0,0.0,11,5,0,1,0,0
234,100120145202500001,202500001,2025-07-10,145,Davanagere Town PS,Davanagere,1,2,Unknown,6,Economic Offences,24,Criminal Breach of Trust,1,Under Investigation,,14.446698,75.887095,48.0,120.0,7,3,0,1,0,0
235,100280178202400002,202400002,2024-09-09,178,Uttara Kannada Town PS,Uttara Kannada,1,2,Unknown,7,Cyber Crimes,30,Data Theft,1,Under Investigation,,14.809386,74.737585,0.0,168.0,9,0,0,1,0,0
236,100030106202500001,202500001,2025-07-14,106,Camp PS,Belagavi (Belgaum),1,2,Unknown,8,Drug/Narcotic Offences,32,Ganja Possession,7,Pending Trial,4,15.855333,74.565433,48.0,48.0,7,5,0,1,1,1
237,200220172202400001,202400001,2024-08-20,172,Bannimantap PS,Mysuru,2,2,Unknown,2,Crimes Against Property,9,Burglary,1,Under Investigation,,12.338126,76.606514,0.0,96.0,8,3,0,1,0,0
238,100210163202500002,202500002,2025-06-04,163,Mandya Town PS,Mandya,1,2,Unknown,3,Crimes Against Women,14,Stalking,3,Convicted,1,12.527326,76.89732,0.0,72.0,5,2,0,1,1,1
239,100030109202400002,202400002,2024-04-21,109,Shahapur PS,Belagavi (Belgaum),1,1,Unknown,7,Cyber Crimes,28,Identity Theft,2,Charge Sheeted,1,15.876418,74.563645,24.0,24.0,4,1,0,1,1,0
240,400050126202500001,202500001,2025-03-01,126,Hebbal PS,Bengaluru Urban,4,2,Unknown,2,Crimes Against Property,7,Robbery,1,Under Investigation,,12.960679,77.65202,48.0,72.0,2,0,0,1,0,0
241,100220165202600002,202600002,2026-07-06,165,Devaraja PS,Mysuru,1,2,Unknown,2,Crimes Against Property,9,Burglary,1,Under Investigation,,12.306867,76.63653,24.0,24.0,7,3,0,1,0,0
242,100220166202400001,202400001,2024-05-14,166,Jayalakshmipuram PS,Mysuru,1,3,Unknown,11,Traffic Related Offences,40,Rash Driving,1,Under Investigation,,12.34561,76.624424,24.0,48.0,5,6,0,1,0,0
243,100010103202400001,202400001,2024-12-06,103,Bagalkote Rural PS,Bagalkote,1,1,Unknown,2,Crimes Against Property,9,Burglary,2,Charge Sheeted,1,16.124942,75.672898,24.0,72.0,12,1,0,1,1,0
244,100050115202400004,202400004,2024-07-22,115,Whitefield PS,Bengaluru Urban,1,2,Unknown,8,Drug/Narcotic Offences,33,NDPS Trafficking,1,Under Investigation,,13.078203,77.540058,24.0,24.0,7,4,0,1,0,0
245,400140149202400001,202400001,2024-06-01,149,Gadag Town PS,Gadag,4,2,Unknown,6,Economic Offences,26,Bank Fraud,1,Under Investigation,,15.467482,75.606138,24.0,96.0,5,6,0,1,0,0
246,100140149202500002,202500002,2025-09-07,149,Gadag Town PS,Gadag,1,1,Unknown,6,Economic Offences,23,Cheating,7,Pending Trial,15,15.419259,75.637872,48.0,168.0,8,6,0,1,1,1
247,100040112202400001,202400001,2024-09-16,112,Bengaluru Rural Town PS,Bengaluru Rural,1,2,Unknown,3,Crimes Against Women,11,Dowry Death,2,Charge Sheeted,5,13.239157,77.59895,24.0,24.0,9,6,0,1,1,0
248,300270177202500001,202500001,2025-09-23,177,Udupi Town PS,Udupi,3,1,Unknown,1,Crimes Against Body,5,Grievous Hurt,2,Charge Sheeted,1,13.307422,74.695649,0.0,0.0,9,5,0,1,1,0
249,100080133202600001,202600001,2026-03-30,133,Chikkaballapura Town PS,Chikkaballapura,1,1,Unknown,6,Economic Offences,26,Bank Fraud,3,Convicted,9,13.384077,77.759723,24.0,24.0,3,4,0,1,1,1
250,400050116202400002,202400002,2024-09-21,116,Electronic City PS,Bengaluru Urban,4,2,Unknown,3,Crimes Against Women,14,Stalking,1,Under Investigation,,12.974286,77.694378,0.0,72.0,9,6,0,1,0,0
251,100220165202500006,202500006,2025-08-27,165,Devaraja PS,Mysuru,1,2,Unknown,1,Crimes Against Body,1,Murder,6,Closed (False Case),,12.322416,76.682555,0.0,24.0,8,4,0,1,0,1
252,100130148202500003,202500003,2025-08-16,148,Dharwad Rural PS,Dharwad,1,2,Unknown,5,Crimes Against SCs/STs,20,Atrocity - Physical Assault,2,Charge Sheeted,14,15.450513,74.97995,48.0,72.0,8,5,0,1,1,0
253,200260176202500001,202500001,2025-02-26,176,Tumakuru Town PS,Tumakuru,2,2,Unknown,8,Drug/Narcotic Offences,32,Ganja Possession,1,Under Investigation,,13.381161,77.093752,24.0,48.0,2,5,0,1,0,0
254,100170155202500002,202500002,2025-10-28,155,Kalaburagi (Gulbarga) Town PS,Kalaburagi (Gulbarga),1,2,Unknown,2,Crimes Against Property,9,Burglary,1,Under Investigation,,17.357021,76.790811,24.0,24.0,10,5,0,1,0,0
255,100270177202400001,202400001,2024-07-03,177,Udupi Town PS,Udupi,1,1,Unknown,2,Crimes Against Property,8,Dacoity,4,Acquitted,1,13.398173,74.782384,48.0,144.0,6,2,0,1,1,1
256,400200162202600001,202600001,2026-03-30,162,Koppal Rural PS,Koppal,4,2,Unknown,2,Crimes Against Property,7,Robbery,10,Abated,,15.358718,76.092742,48.0,0.0,3,0,0,1,0,0
257,100220165202400003,202400003,2024-07-22,165,Devaraja PS,Mysuru,1,2,Unknown,14,Sexual Offences,50,Outraging Modesty,10,Abated,,12.337322,76.695197,48.0,96.0,7,2,0,1,0,0
258,100220165202600003,202600003,2026-06-11,165,Devaraja PS,Mysuru,1,1,Unknown,3,Crimes Against Women,13,Sexual Harassment,1,Under Investigation,,12.32764,76.603068,0.0,96.0,6,6,0,1,0,0
259,800050116202600001,202600001,2026-03-19,116,Electronic City PS,Bengaluru Urban,8,1,Unknown,1,Crimes Against Body,5,Grievous Hurt,1,Under Investigation,,13.058808,77.581711,48.0,48.0,3,6,0,1,0,0
260,100030109202500001,202500001,2025-09-28,109,Shahapur PS,Belagavi (Belgaum),1,2,Unknown,7,Cyber Crimes,30,Data Theft,2,Charge Sheeted,1,15.855406,74.56277,48.0,120.0,9,1,0,1,0,0
261,300050127202500001,202500001,2025-05-21,127,Peenya PS,Bengaluru Urban,3,1,Unknown,3,Crimes Against Women,13,Sexual Harassment,1,Under Investigation,,12.968661,77.530733,24.0,24.0,5,1,0,1,0,0
262,200220165202500001,202500001,2025-10-11,165,Devaraja PS,Mysuru,2,2,Unknown,8,Drug/Narcotic Offences,34,Drug Peddling,2,Charge Sheeted,37,12.331421,76.669379,24.0,72.0,10,0,0,1,1,0
263,100270177202500002,202500002,2025-12-21,177,Udupi Town PS,Udupi,1,2,Unknown,1,Crimes Against Body,4,Assault,7,Pending Trial,28,13.37049,74.801402,0.0,0.0,12,6,0,1,1,1
264,100170156202500002,202500002,2025-01-18,156,Kalaburagi (Gulbarga) Rural PS,Kalaburagi (Gulbarga),1,3,Unknown,2,Crimes Against Property,55,Chain Snatching,3,Convicted,1,17.385228,76.770866,24.0,48.0,1,0,0,1,1,1
265,100270177202400002,202400002,2024-08-17,177,Udupi Town PS,Udupi,1,2,Unknown,1,Crimes Against Body,4,Assault,1,Under Investigation,,13.349606,74.753637,24.0,24.0,8,4,0,1,0,0
266,100050116202500005,202500005,2025-04-24,116,Electronic City PS,Bengaluru Urban,1,2,Unknown,15,Other IPC Crimes,52,Criminal Intimidation,8,Referred to Another PS,,12.957284,77.503039,0.0,72.0,4,5,0,1,0,0
267,800140149202400001,202400001,2024-11-11,149,Gadag Town PS,Gadag,8,1,Unknown,3,Crimes Against Women,13,Sexual Harassment,2,Charge Sheeted,1,15.474137,75.597718,0.0,120.0,11,2,0,1,0,0
268,100240174202500001,202500001,2025-01-12,174,Ramanagara Town PS,Ramanagara,1,2,Unknown,8,Drug/Narcotic Offences,33,NDPS Trafficking,1,Under Investigation,,12.778062,77.332393,24.0,24.0,1,5,0,1,0,0
269,100010103202400002,202400002,2024-07-14,103,Bagalkote Rural PS,Bagalkote,1,3,Unknown,6,Economic Offences,23,Cheating,2,Charge Sheeted,1,16.150549,75.684066,0.0,48.0,7,2,0,1,1,0
270,100050115202600002,202600002,2026-02-15,115,Whitefield PS,Bengaluru Urban,1,2,Unknown,13,Crimes Related to Documents/Property,47,Land Fraud,2,Charge Sheeted,35,12.981781,77.611783,48.0,72.0,2,2,0,1,1,0
271,100230173202500002,202500002,2025-08-13,173,Raichur Town PS,Raichur,1,2,Unknown,7,Cyber Crimes,31,Phishing,1,Under Investigation,,16.251601,77.335508,0.0,72.0,8,4,0,1,0,0
272,100240174202400002,202400002,2024-01-10,174,Ramanagara Town PS,Ramanagara,1,2,Unknown,1,Crimes Against Body,1,Murder,2,Charge Sheeted,25,12.777678,77.245122,24.0,0.0,1,2,0,1,1,0
273,100310181202600002,202600002,2026-04-25,181,Yadgir Town PS,Yadgir,1,2,Unknown,11,Traffic Related Offences,41,Hit and Run,7,Pending Trial,32,16.764351,77.190177,48.0,48.0,4,3,0,1,1,1
274,100110141202400002,202400002,2024-05-27,141,Mangalore South PS,Dakshina Kannada,1,3,Unknown,6,Economic Offences,26,Bank Fraud,2,Charge Sheeted,12,12.891726,74.881482,48.0,24.0,5,6,0,1,0,0
275,100050115202600003,202600003,2026-05-02,115,Whitefield PS,Bengaluru Urban,1,2,Unknown,4,Crimes Against Children,18,Child Labour,1,Under Investigation,,13.026114,77.685964,48.0,48.0,4,3,0,1,0,0
276,100030109202400003,202400003,2024-11-19,109,Shahapur PS,Belagavi (Belgaum),1,2,Unknown,7,Cyber Crimes,28,Identity Theft,1,Under Investigation,,15.832535,74.520947,0.0,24.0,11,6,0,1,0,0
277,100100137202500001,202500001,2025-09-26,137,Chitradurga Town PS,Chitradurga,1,3,Unknown,8,Drug/Narcotic Offences,32,Ganja Possession,1,Under Investigation,,14.288862,76.450284,48.0,120.0,9,5,0,1,0,0
278,100050125202500002,202500002,2025-01-03,125,Rajajinagar PS,Bengaluru Urban,1,2,Unknown,1,Crimes Against Body,1,Murder,5,Closed (Undetected),,13.061882,77.657874,0.0,144.0,12,5,0,1,0,1
279,200050128202400002,202400002,2024-11-20,128,Basavanagudi PS,Bengaluru Urban,2,3,Unknown,3,Crimes Against Women,15,Acid Attack,2,Charge Sheeted,34,12.934846,77.699564,0.0,0.0,11,2,0,1,1,0
280,100170155202400002,202400002,2024-06-07,155,Kalaburagi (Gulbarga) Town PS,Kalaburagi (Gulbarga),1,2,Unknown,3,Crimes Against Women,14,Stalking,7,Pending Trial,1,17.381852,76.816187,24.0,0.0,6,4,0,1,1,1
281,300070131202400001,202400001,2024-08-03,131,Chamarajanagara Town PS,Chamarajanagara,3,2,Unknown,8,Drug/Narcotic Offences,34,Drug Peddling,2,Charge Sheeted,1,11.935877,76.99192,0.0,48.0,7,6,0,1,1,0
282,400250175202600001,202600001,2026-05-19,175,Shivamogga Town PS,Shivamogga,4,2,Unknown,6,Economic Offences,25,Forgery,7,Pending Trial,26,13.971436,75.529319,0.0,0.0,5,6,0,1,1,1
283,100230173202400002,202400002,2024-06-07,173,Raichur Town PS,Raichur,1,1,Unknown,2,Crimes Against Property,8,Dacoity,1,Under Investigation,,16.159629,77.356612,48.0,48.0,5,4,0,1,0,0
284,300100138202400001,202400001,2024-04-10,138,Chitradurga Rural PS,Chitradurga,3,2,Unknown,6,Economic Offences,26,Bank Fraud,2,Charge Sheeted,11,14.194037,76.443197,0.0,0.0,4,5,0,1,0,0
285,100030109202400004,202400004,2024-03-13,109,Shahapur PS,Belagavi (Belgaum),1,2,Unknown,2,Crimes Against Property,8,Dacoity,1,Under Investigation,,15.820682,74.518486,24.0,72.0,3,6,0,1,0,0
286,100050119202600001,202600001,2026-04-05,119,HSR Layout PS,Bengaluru Urban,1,1,Unknown,7,Cyber Crimes,31,Phishing,3,Convicted,40,13.013049,77.612075,48.0,72.0,4,3,0,1,1,1
287,300030108202500001,202500001,2025-12-28,108,Tilakwadi PS,Belagavi (Belgaum),3,2,Unknown,8,Drug/Narcotic Offences,32,Ganja Possession,2,Charge Sheeted,38,15.871016,74.586371,48.0,72.0,12,2,0,1,0,0
288,100110139202600001,202600001,2026-05-09,139,Mangalore City (Bunder) PS,Dakshina Kannada,1,2,Unknown,10,Crimes Against Public Order,38,Unlawful Assembly,2,Charge Sheeted,39,12.851289,74.855941,48.0,72.0,5,1,0,1,0,0
289,400200161202500001,202500001,2025-03-08,161,Koppal Town PS,Koppal,4,2,Unknown,13,Crimes Related to Documents/Property,47,Land Fraud,1,Under Investigation,,15.367029,76.161362,48.0,144.0,3,5,0,1,0,0
290,100120146202400001,202400001,2024-06-06,146,Davanagere Rural PS,Davanagere,1,3,Unknown,1,Crimes Against Body,5,Grievous Hurt,2,Charge Sheeted,1,14.424232,75.921979,24.0,96.0,6,5,0,1,1,0
291,500260176202500001,202500001,2025-07-02,176,Tumakuru Town PS,Tumakuru,5,2,Unknown,2,Crimes Against Property,6,Theft,1,Under Investigation,,13.386962,77.097355,0.0,168.0,6,2,0,1,0,0
292,100110141202400003,202400003,2024-04-30,141,Mangalore South PS,Dakshina Kannada,1,2,Unknown,1,Crimes Against Body,3,Culpable Homicide,7,Pending Trial,1,12.861528,74.824015,0.0,48.0,4,4,0,1,1,1
293,100200162202400001,202400001,2024-08-18,162,Koppal Rural PS,Koppal,1,2,Unknown,5,Crimes Against SCs/STs,21,Atrocity - Social Boycott,1,Under Investigation,,15.319602,76.206843,24.0,24.0,8,4,0,1,0,0
294,100230173202500003,202500003,2025-04-06,173,Raichur Town PS,Raichur,1,2,Unknown,2,Crimes Against Property,8,Dacoity,2,Charge Sheeted,1,16.161399,77.390065,24.0,48.0,4,4,0,1,1,0
295,100050116202500006,202500006,2025-09-22,116,Electronic City PS,Bengaluru Urban,1,2,Unknown,14,Sexual Offences,50,Outraging Modesty,1,Under Investigation,,12.994755,77.649264,48.0,48.0,9,5,0,1,0,0
296,800060130202500001,202500001,2025-08-31,130,Bidar Rural PS,Bidar,8,1,Unknown,1,Crimes Against Body,3,Culpable Homicide,5,Closed (Undetected),,17.875723,77.543082,48.0,72.0,8,3,0,1,0,1
297,100050126202500001,202500001,2025-11-08,126,Hebbal PS,Bengaluru Urban,1,2,Unknown,1,Crimes Against Body,3,Culpable Homicide,5,Closed (Undetected),,13.022753,77.654203,0.0,0.0,11,5,0,1,0,1
298,100180158202400001,202400001,2024-10-16,158,Kodagu Rural PS,Kodagu,1,2,Unknown,2,Crimes Against Property,6,Theft,2,Charge Sheeted,1,12.478464,75.746626,0.0,120.0,10,2,0,1,0,0
299,100050117202400005,202400005,2024-02-28,117,Koramangala PS,Bengaluru Urban,1,1,Unknown,3,Crimes Against Women,14,Stalking,6,Closed (False Case),,13.006506,77.544667,0.0,96.0,2,5,0,1,0,1
300,100060130202500003,202500003,2025-12-16,130,Bidar Rural PS,Bidar,1,2,Unknown,1,Crimes Against Body,3,Culpable Homicide,1,Under Investigation,,17.877552,77.470702,0.0,72.0,12,4,0,1,0,0
301,300270177202400001,202400001,2024-01-17,177,Udupi Town PS,Udupi,3,2,Unknown,5,Crimes Against SCs/STs,21,Atrocity - Social Boycott,1,Under Investigation,,13.280258,74.732442,0.0,168.0,1,2,0,1,0,0
302,100080134202600001,202600001,2026-01-08,134,Chikkaballapura Rural PS,Chikkaballapura,1,1,Unknown,3,Crimes Against Women,12,Domestic Violence,3,Convicted,9,13.374296,77.724204,48.0,120.0,1,5,0,1,1,1
303,100300180202600001,202600001,2026-05-29,180,Vijayapura Town PS,Vijayapura,1,1,Unknown,13,Crimes Related to Documents/Property,47,Land Fraud,1,Under Investigation,,16.882292,75.751545,0.0,0.0,5,6,0,1,0,0
304,300280178202500003,202500003,2025-12-30,178,Uttara Kannada Town PS,Uttara Kannada,3,2,Unknown,2,Crimes Against Property,8,Dacoity,6,Closed (False Case),,14.838569,74.73217,48.0,0.0,12,1,0,1,0,1
305,100260176202500005,202500005,2025-08-04,176,Tumakuru Town PS,Tumakuru,1,2,Unknown,6,Economic Offences,24,Criminal Breach of Trust,2,Charge Sheeted,1,13.338078,77.11896,48.0,96.0,7,3,0,1,0,0
306,100310181202600003,202600003,2026-02-23,181,Yadgir Town PS,Yadgir,1,2,Unknown,15,Other IPC Crimes,54,Mischief,2,Charge Sheeted,1,16.745126,77.093776,0.0,48.0,2,5,0,1,0,0
307,200050127202500001,202500001,2025-09-18,127,Peenya PS,Bengaluru Urban,2,2,Unknown,6,Economic Offences,25,Forgery,2,Charge Sheeted,34,12.956595,77.660945,48.0,24.0,9,2,0,1,1,0
308,200050125202500001,202500001,2025-08-19,125,Rajajinagar PS,Bengaluru Urban,2,2,Unknown,6,Economic Offences,26,Bank Fraud,2,Charge Sheeted,1,12.99947,77.551745,0.0,24.0,8,0,0,1,1,0
309,100220165202400004,202400004,2024-05-21,165,Devaraja PS,Mysuru,1,2,Unknown,3,Crimes Against Women,14,Stalking,3,Convicted,1,12.332307,76.638894,48.0,0.0,5,1,0,1,1,1
310,400090135202400002,202400002,2024-01-08,135,Chikkamagaluru Town PS,Chikkamagaluru,4,3,Unknown,1,Crimes Against Body,3,Culpable Homicide,2,Charge Sheeted,10,13.27567,75.813929,48.0,48.0,1,4,0,1,1,0
311,300150151202600001,202600001,2026-03-25,151,Hassan Town PS,Hassan,3,1,Unknown,3,Crimes Against Women,15,Acid Attack,1,Under Investigation,,12.993042,76.08659,48.0,24.0,3,1,0,1,0,0
312,400050115202600002,202600002,2026-02-05,115,Whitefield PS,Bengaluru Urban,4,1,Unknown,3,Crimes Against Women,14,Stalking,2,Charge Sheeted,40,12.921708,77.592603,48.0,0.0,2,3,0,1,1,0
313,300020104202500001,202500001,2025-04-03,104,Ballari (Bellary) Town PS,Ballari (Bellary),3,2,Unknown,8,Drug/Narcotic Offences,32,Ganja Possession,1,Under Investigation,,15.144386,76.87445,24.0,48.0,3,6,0,1,0,0
314,300070132202500001,202500001,2025-04-05,132,Chamarajanagara Rural PS,Chamarajanagara,3,1,Unknown,3,Crimes Against Women,13,Sexual Harassment,1,Under Investigation,,11.888059,76.981002,48.0,48.0,4,3,0,1,0,0
315,100230173202500004,202500004,2025-07-11,173,Raichur Town PS,Raichur,1,2,Unknown,7,Cyber Crimes,27,Online Fraud,5,Closed (Undetected),,16.160605,77.39288,48.0,24.0,7,3,0,1,0,1
316,100050116202500007,202500007,2025-01-13,116,Electronic City PS,Bengaluru Urban,1,2,Unknown,13,Crimes Related to Documents/Property,47,Land Fraud,6,Closed (False Case),,13.023159,77.623923,0.0,24.0,1,5,0,1,0,1
317,100030106202400001,202400001,2024-08-07,106,Camp PS,Belagavi (Belgaum),1,2,Unknown,7,Cyber Crimes,29,Cyber Stalking,1,Under Investigation,,15.804168,74.507432,48.0,96.0,8,5,0,1,0,0
318,100190159202600001,202600001,2026-05-19,159,Kolar Town PS,Kolar,1,3,Unknown,6,Economic Offences,23,Cheating,2,Charge Sheeted,1,13.164438,78.07448,24.0,24.0,5,1,0,1,0,0
319,400220167202500001,202500001,2025-03-25,167,Nazarbad PS,Mysuru,4,1,Unknown,7,Cyber Crimes,28,Identity Theft,2,Charge Sheeted,23,12.33268,76.661277,24.0,0.0,3,1,0,1,1,0
320,200030106202400001,202400001,2024-07-18,106,Camp PS,Belagavi (Belgaum),2,2,Unknown,7,Cyber Crimes,28,Identity Theft,1,Under Investigation,,15.895047,74.529536,48.0,48.0,7,3,0,1,0,0
321,800220170202400001,202400001,2024-08-09,170,Vidyaranyapuram PS,Mysuru,8,2,Unknown,6,Economic Offences,26,Bank Fraud,6,Closed (False Case),,12.323236,76.609732,0.0,0.0,8,1,0,1,0,1
322,100180157202500003,202500003,2025-08-25,157,Kodagu Town PS,Kodagu,1,2,Unknown,2,Crimes Against Property,55,Chain Snatching,2,Charge Sheeted,1,12.471432,75.761336,24.0,24.0,8,5,0,1,1,0
323,400110144202500002,202500002,2025-05-04,144,Ullal PS,Dakshina Kannada,4,3,Unknown,2,Crimes Against Property,8,Dacoity,7,Pending Trial,39,12.877942,74.887702,24.0,72.0,4,6,0,1,0,1
324,100050115202500002,202500002,2025-02-16,115,Whitefield PS,Bengaluru Urban,1,1,Unknown,9,Arms Act Offences,35,Illegal Firearm Possession,1,Under Investigation,,13.083549,77.5648,0.0,48.0,2,4,0,1,0,0
325,500050117202500001,202500001,2025-11-07,117,Koramangala PS,Bengaluru Urban,5,1,Unknown,2,Crimes Against Property,55,Chain Snatching,5,Closed (Undetected),,13.040747,77.662072,24.0,24.0,11,2,0,1,0,1
326,200050120202400001,202400001,2024-06-09,120,Indiranagar PS,Bengaluru Urban,2,1,Unknown,2,Crimes Against Property,9,Burglary,5,Closed (Undetected),,12.940196,77.506989,48.0,48.0,6,1,0,1,0,1
327,100110141202400004,202400004,2024-02-07,141,Mangalore South PS,Dakshina Kannada,1,2,Unknown,8,Drug/Narcotic Offences,33,NDPS Trafficking,3,Convicted,1,12.860997,74.821697,24.0,24.0,2,0,0,1,1,1
328,100220165202500007,202500007,2025-12-23,165,Devaraja PS,Mysuru,1,2,Unknown,2,Crimes Against Property,8,Dacoity,7,Pending Trial,37,12.340771,76.682982,48.0,144.0,12,2,0,1,0,1
329,500050117202500002,202500002,2025-11-20,117,Koramangala PS,Bengaluru Urban,5,2,Unknown,2,Crimes Against Property,10,Vehicle Theft,7,Pending Trial,1,13.094145,77.64605,48.0,48.0,11,5,0,1,1,1
330,100220169202500001,202500001,2025-05-08,169,Krishnaraja PS,Mysuru,1,2,Unknown,4,Crimes Against Children,16,Child Abuse,1,Under Investigation,,12.323283,76.69019,48.0,0.0,5,3,0,1,0,0
331,100050124202500002,202500002,2025-10-21,124,Banashankari PS,Bengaluru Urban,1,2,Unknown,4,Crimes Against Children,18,Child Labour,7,Pending Trial,1,12.959209,77.587374,48.0,48.0,10,6,0,1,1,1
332,100050116202400008,202400008,2024-07-29,116,Electronic City PS,Bengaluru Urban,1,2,Unknown,3,Crimes Against Women,12,Domestic Violence,1,Under Investigation,,13.005991,77.633001,24.0,48.0,7,5,0,1,0,0
333,100090136202600003,202600003,2026-01-20,136,Chikkamagaluru Rural PS,Chikkamagaluru,1,2,Unknown,8,Drug/Narcotic Offences,34,Drug Peddling,1,Under Investigation,,13.342877,75.750788,0.0,0.0,1,1,0,1,0,0
334,100020104202400001,202400001,2024-06-10,104,Ballari (Bellary) Town PS,Ballari (Bellary),1,1,Unknown,6,Economic Offences,25,Forgery,5,Closed (Undetected),,15.126457,76.977109,48.0,0.0,6,0,0,1,0,1
335,100290179202400001,202400001,2024-12-10,179,Vijayanagara Town PS,Vijayanagara,1,2,Unknown,2,Crimes Against Property,8,Dacoity,3,Convicted,1,15.209139,76.415762,0.0,24.0,12,0,0,1,1,1
336,100220171202400002,202400002,2024-02-04,171,Kuvempunagar PS,Mysuru,1,2,Unknown,4,Crimes Against Children,18,Child Labour,10,Abated,,12.312681,76.647292,0.0,0.0,2,3,0,1,0,0
337,300050116202500001,202500001,2025-11-01,116,Electronic City PS,Bengaluru Urban,3,2,Unknown,1,Crimes Against Body,1,Murder,7,Pending Trial,35,12.922061,77.580205,48.0,0.0,11,5,0,1,0,1
338,100050118202500001,202500001,2025-07-17,118,Jayanagar PS,Bengaluru Urban,1,3,Unknown,6,Economic Offences,24,Criminal Breach of Trust,2,Charge Sheeted,34,13.018103,77.598455,0.0,24.0,7,1,0,1,1,0
339,200200161202600001,202600001,2026-05-11,161,Koppal Town PS,Koppal,2,1,Unknown,7,Cyber Crimes,31,Phishing,7,Pending Trial,21,15.379308,76.139238,0.0,0.0,5,0,0,1,1,1
340,100260176202400005,202400005,2024-02-26,176,Tumakuru Town PS,Tumakuru,1,2,Unknown,11,Traffic Related Offences,41,Hit and Run,8,Referred to Another PS,,13.376769,77.089863,48.0,72.0,2,2,0,1,0,0
341,300050115202500002,202500002,2025-12-01,115,Whitefield PS,Bengaluru Urban,3,2,Unknown,2,Crimes Against Property,7,Robbery,7,Pending Trial,36,12.955299,77.666328,0.0,24.0,11,1,0,1,0,1
342,100050116202500008,202500008,2025-04-27,116,Electronic City PS,Bengaluru Urban,1,2,Unknown,3,Crimes Against Women,12,Domestic Violence,7,Pending Trial,6,12.942446,77.670402,0.0,0.0,4,4,0,1,1,1
343,200050122202500001,202500001,2025-10-09,122,Yelahanka PS,Bengaluru Urban,2,1,Unknown,7,Cyber Crimes,29,Cyber Stalking,7,Pending Trial,34,13.06053,77.640608,48.0,48.0,10,1,0,1,0,1
344,100140150202500002,202500002,2025-08-20,150,Gadag Rural PS,Gadag,1,2,Unknown,2,Crimes Against Property,6,Theft,2,Charge Sheeted,15,15.448122,75.68109,0.0,0.0,8,2,0,1,1,0
345,100230173202500005,202500005,2025-03-06,173,Raichur Town PS,Raichur,1,2,Unknown,2,Crimes Against Property,55,Chain Snatching,2,Charge Sheeted,1,16.204296,77.410046,48.0,24.0,3,2,0,1,1,0
346,100020105202600001,202600001,2026-02-18,105,Ballari (Bellary) Rural PS,Ballari (Bellary),1,2,Unknown,7,Cyber Crimes,28,Identity Theft,2,Charge Sheeted,1,15.19994,76.896512,24.0,24.0,2,1,0,1,1,0
347,100100138202500001,202500001,2025-11-22,138,Chitradurga Rural PS,Chitradurga,1,3,Unknown,1,Crimes Against Body,5,Grievous Hurt,2,Charge Sheeted,1,14.187142,76.38208,48.0,72.0,11,0,0,1,1,0
348,100280178202400003,202400003,2024-01-16,178,Uttara Kannada Town PS,Uttara Kannada,1,2,Unknown,15,Other IPC Crimes,54,Mischief,2,Charge Sheeted,1,14.815668,74.735653,0.0,0.0,1,0,0,1,1,0
349,100050115202400005,202400005,2024-10-03,115,Whitefield PS,Bengaluru Urban,1,1,Unknown,7,Cyber Crimes,27,Online Fraud,3,Convicted,40,12.959887,77.610477,24.0,24.0,9,5,0,1,1,1
350,100190160202500001,202500001,2025-04-29,160,Kolar Rural PS,Kolar,1,2,Unknown,2,Crimes Against Property,55,Chain Snatching,7,Pending Trial,1,13.117105,78.181493,48.0,0.0,4,1,0,1,1,1
351,100090135202600001,202600001,2026-06-05,135,Chikkamagaluru Town PS,Chikkamagaluru,1,2,Unknown,2,Crimes Against Property,6,Theft,1,Under Investigation,,13.376257,75.740366,0.0,96.0,5,5,0,1,0,0
352,100270177202500003,202500003,2025-12-31,177,Udupi Town PS,Udupi,1,2,Unknown,7,Cyber Crimes,30,Data Theft,2,Charge Sheeted,1,13.304653,74.792748,24.0,48.0,12,2,0,1,1,0
353,100020104202500002,202500002,2025-07-31,104,Ballari (Bellary) Town PS,Ballari (Bellary),1,2,Unknown,11,Traffic Related Offences,41,Hit and Run,1,Under Investigation,,15.105454,76.930563,48.0,48.0,7,5,0,1,0,0
354,200050117202600001,202600001,2026-07-03,117,Koramangala PS,Bengaluru Urban,2,1,Unknown,2,Crimes Against Property,8,Dacoity,6,Closed (False Case),,12.966591,77.639747,24.0,24.0,7,3,0,1,0,1
355,100260176202500006,202500006,2025-03-01,176,Tumakuru Town PS,Tumakuru,1,2,Unknown,1,Crimes Against Body,2,Attempt to Murder,4,Acquitted,27,13.2926,77.130371,48.0,144.0,2,5,0,1,1,1
356,100220167202600002,202600002,2026-03-25,167,Nazarbad PS,Mysuru,1,2,Unknown,2,Crimes Against Property,7,Robbery,1,Under Investigation,,12.338046,76.64213,0.0,0.0,3,1,0,1,0,0
357,100290179202600001,202600001,2026-03-07,179,Vijayanagara Town PS,Vijayanagara,1,2,Unknown,1,Crimes Against Body,2,Attempt to Murder,9,Compromised,,15.241398,76.462201,24.0,72.0,3,2,0,1,0,0
358,100050114202600001,202600001,2026-06-02,114,Cubbon Park PS,Bengaluru Urban,1,2,Unknown,1,Crimes Against Body,3,Culpable Homicide,8,Referred to Another PS,,12.954889,77.568284,24.0,72.0,5,1,0,1,0,0
359,100110139202400001,202400001,2024-07-02,139,Mangalore City (Bunder) PS,Dakshina Kannada,1,2,Unknown,7,Cyber Crimes,29,Cyber Stalking,2,Charge Sheeted,39,12.873524,74.806179,24.0,96.0,6,2,0,1,0,0
360,100220172202500002,202500002,2025-03-13,172,Bannimantap PS,Mysuru,1,2,Unknown,8,Drug/Narcotic Offences,33,NDPS Trafficking,7,Pending Trial,1,12.326428,76.652723,0.0,144.0,3,3,0,1,1,1
361,100050117202400006,202400006,2024-09-06,117,Koramangala PS,Bengaluru Urban,1,2,Unknown,7,Cyber Crimes,28,Identity Theft,9,Compromised,,13.077136,77.513878,24.0,0.0,9,4,0,1,0,0
362,800030111202400001,202400001,2024-11-20,111,Khadebazar PS,Belagavi (Belgaum),8,2,Unknown,6,Economic Offences,26,Bank Fraud,1,Under Investigation,,15.871796,74.534208,24.0,0.0,11,2,0,1,0,0
363,200210163202400001,202400001,2024-06-24,163,Mandya Town PS,Mandya,2,2,Unknown,2,Crimes Against Property,9,Burglary,7,Pending Trial,22,12.492049,76.9164,48.0,48.0,6,4,0,1,0,1
364,100280178202600003,202600003,2026-06-26,178,Uttara Kannada Town PS,Uttara Kannada,1,2,Unknown,2,Crimes Against Property,7,Robbery,1,Under Investigation,,14.80473,74.650035,48.0,72.0,6,6,0,1,0,0
365,100200161202500001,202500001,2025-08-25,161,Koppal Town PS,Koppal,1,1,Unknown,3,Crimes Against Women,14,Stalking,10,Abated,,15.325221,76.136913,48.0,72.0,8,4,0,1,0,0
366,200050115202500001,202500001,2025-02-06,115,Whitefield PS,Bengaluru Urban,2,2,Unknown,3,Crimes Against Women,13,Sexual Harassment,2,Charge Sheeted,1,12.926767,77.586363,0.0,0.0,2,3,0,1,1,0
367,300050114202400001,202400001,2024-01-22,114,Cubbon Park PS,Bengaluru Urban,3,3,Unknown,2,Crimes Against Property,7,Robbery,1,Under Investigation,,12.904575,77.647356,48.0,24.0,1,6,0,1,0,0
368,100190159202400001,202400001,2024-08-14,159,Kolar Town PS,Kolar,1,2,Unknown,11,Traffic Related Offences,40,Rash Driving,10,Abated,,13.1979,78.126305,24.0,168.0,8,2,0,1,0,0
369,100030106202400002,202400002,2024-01-20,106,Camp PS,Belagavi (Belgaum),1,1,Unknown,7,Cyber Crimes,29,Cyber Stalking,3,Convicted,4,15.86731,74.567289,24.0,72.0,1,1,0,1,1,1
370,100040113202600001,202600001,2026-04-07,113,Bengaluru Rural Rural PS,Bengaluru Rural,1,2,Unknown,10,Crimes Against Public Order,38,Unlawful Assembly,1,Under Investigation,,13.273321,77.585743,0.0,120.0,4,2,0,1,0,0
371,800140150202500001,202500001,2025-10-06,150,Gadag Rural PS,Gadag,8,1,Unknown,8,Drug/Narcotic Offences,33,NDPS Trafficking,7,Pending Trial,1,15.43174,75.613684,48.0,48.0,10,5,0,1,1,1
372,100160154202500002,202500002,2025-09-10,154,Haveri Rural PS,Haveri,1,2,Unknown,2,Crimes Against Property,10,Vehicle Theft,7,Pending Trial,17,14.792985,75.417535,24.0,24.0,9,1,0,1,1,1
373,200220165202500002,202500002,2025-10-14,165,Devaraja PS,Mysuru,2,1,Unknown,4,Crimes Against Children,16,Child Abuse,1,Under Investigation,,12.339386,76.676404,0.0,72.0,10,4,0,1,0,0
374,100050117202400007,202400007,2024-04-07,117,Koramangala PS,Bengaluru Urban,1,3,Unknown,2,Crimes Against Property,8,Dacoity,7,Pending Trial,40,13.037094,77.609731,0.0,0.0,4,0,0,1,0,1
375,100200161202600001,202600001,2026-02-19,161,Koppal Town PS,Koppal,1,2,Unknown,15,Other IPC Crimes,52,Criminal Intimidation,2,Charge Sheeted,1,15.353478,76.20278,0.0,0.0,2,6,0,1,1,0
376,200050117202400001,202400001,2024-06-20,117,Koramangala PS,Bengaluru Urban,2,2,Unknown,8,Drug/Narcotic Offences,32,Ganja Possession,5,Closed (Undetected),,13.038124,77.532086,24.0,24.0,6,2,0,1,0,1
377,300280178202400001,202400001,2024-09-30,178,Uttara Kannada Town PS,Uttara Kannada,3,2,Unknown,9,Arms Act Offences,36,Illegal Arms Manufacturing,5,Closed (Undetected),,14.834399,74.748172,24.0,72.0,9,2,0,1,0,1
378,300270177202400002,202400002,2024-05-04,177,Udupi Town PS,Udupi,3,2,Unknown,6,Economic Offences,24,Criminal Breach of Trust,1,Under Investigation,,13.357179,74.718732,48.0,24.0,5,4,0,1,0,0
379,100110144202400001,202400001,2024-12-22,144,Ullal PS,Dakshina Kannada,1,2,Unknown,1,Crimes Against Body,4,Assault,2,Charge Sheeted,1,12.894424,74.839811,48.0,72.0,12,2,0,1,1,0
380,100240174202400003,202400003,2024-02-22,174,Ramanagara Town PS,Ramanagara,1,2,Unknown,7,Cyber Crimes,30,Data Theft,3,Convicted,25,12.758227,77.250347,0.0,96.0,2,5,0,1,1,1
381,100050115202600004,202600004,2026-02-11,115,Whitefield PS,Bengaluru Urban,1,2,Unknown,8,Drug/Narcotic Offences,34,Drug Peddling,1,Under Investigation,,12.920053,77.671261,0.0,144.0,2,3,0,1,0,0
382,100210164202400001,202400001,2024-06-14,164,Mandya Rural PS,Mandya,1,2,Unknown,15,Other IPC Crimes,52,Criminal Intimidation,1,Under Investigation,,12.575208,76.957994,0.0,0.0,6,3,0,1,0,0
383,100050117202600002,202600002,2026-02-28,117,Koramangala PS,Bengaluru Urban,1,2,Unknown,9,Arms Act Offences,35,Illegal Firearm Possession,1,Under Investigation,,12.921087,77.573053,24.0,24.0,2,4,0,1,0,0
384,100050115202600005,202600005,2026-03-14,115,Whitefield PS,Bengaluru Urban,1,2,Unknown,2,Crimes Against Property,9,Burglary,1,Under Investigation,,13.045609,77.631018,24.0,24.0,3,4,0,1,0,0
385,300220165202400003,202400003,2024-08-06,165,Devaraja PS,Mysuru,3,1,Unknown,2,Crimes Against Property,55,Chain Snatching,5,Closed (Undetected),,12.30117,76.66647,48.0,96.0,8,3,0,1,0,1
386,300220171202500001,202500001,2025-09-15,171,Kuvempunagar PS,Mysuru,3,2,Unknown,1,Crimes Against Body,5,Grievous Hurt,1,Under Investigation,,12.323904,76.691001,0.0,96.0,9,0,0,1,0,0
387,100090135202500002,202500002,2025-08-17,135,Chikkamagaluru Town PS,Chikkamagaluru,1,2,Unknown,2,Crimes Against Property,9,Burglary,5,Closed (Undetected),,13.366383,75.777781,48.0,24.0,8,5,0,1,0,1
388,800290179202400001,202400001,2024-08-05,179,Vijayanagara Town PS,Vijayanagara,8,2,Unknown,8,Drug/Narcotic Offences,33,NDPS Trafficking,2,Charge Sheeted,30,15.213907,76.419988,48.0,24.0,8,6,0,1,1,0
389,400140149202500001,202500001,2025-10-09,149,Gadag Town PS,Gadag,4,2,Unknown,7,Cyber Crimes,28,Identity Theft,1,Under Investigation,,15.427217,75.670319,48.0,72.0,10,4,0,1,0,0
390,100280178202500002,202500002,2025-01-27,178,Uttara Kannada Town PS,Uttara Kannada,1,2,Unknown,11,Traffic Related Offences,42,Drunken Driving,1,Under Investigation,,14.821159,74.663643,0.0,144.0,1,1,0,1,0,0
391,100050115202500003,202500003,2025-11-09,115,Whitefield PS,Bengaluru Urban,1,2,Unknown,6,Economic Offences,24,Criminal Breach of Trust,2,Charge Sheeted,35,12.923693,77.567111,24.0,0.0,11,6,0,1,1,0
392,100220168202600001,202600001,2026-02-01,168,Vijayanagar PS,Mysuru,1,2,Unknown,15,Other IPC Crimes,52,Criminal Intimidation,2,Charge Sheeted,1,12.335723,76.641579,48.0,24.0,1,5,0,1,1,0
393,200220172202600001,202600001,2026-03-09,172,Bannimantap PS,Mysuru,2,2,Unknown,7,Cyber Crimes,29,Cyber Stalking,1,Under Investigation,,12.321124,76.685805,0.0,24.0,3,1,0,1,0,0
394,100230173202400003,202400003,2024-02-25,173,Raichur Town PS,Raichur,1,2,Unknown,12,Environmental Offences,43,Illegal Sand Mining,2,Charge Sheeted,24,16.265785,77.4159,24.0,48.0,2,4,0,1,1,0
395,100240174202400004,202400004,2024-08-15,174,Ramanagara Town PS,Ramanagara,1,2,Unknown,7,Cyber Crimes,30,Data Theft,7,Pending Trial,1,12.683204,77.317695,0.0,24.0,8,3,0,1,1,1
396,400040112202400001,202400001,2024-10-28,112,Bengaluru Rural Town PS,Bengaluru Rural,4,1,Unknown,10,Crimes Against Public Order,38,Unlawful Assembly,2,Charge Sheeted,5,13.271246,77.571571,24.0,48.0,10,5,0,1,1,0
397,400220165202400001,202400001,2024-10-10,165,Devaraja PS,Mysuru,4,2,Unknown,10,Crimes Against Public Order,37,Rioting,1,Under Investigation,,12.344169,76.631905,24.0,72.0,10,0,0,1,0,0
398,100040113202400001,202400001,2024-12-01,113,Bengaluru Rural Rural PS,Bengaluru Rural,1,2,Unknown,2,Crimes Against Property,8,Dacoity,7,Pending Trial,1,13.237014,77.548476,48.0,120.0,11,6,0,1,1,1
399,100190159202500001,202500001,2025-04-27,159,Kolar Town PS,Kolar,1,2,Unknown,8,Drug/Narcotic Offences,33,NDPS Trafficking,2,Charge Sheeted,20,13.116768,78.138106,48.0,0.0,4,6,0,1,1,0
400,100110140202600001,202600001,2026-01-04,140,Mangalore North PS,Dakshina Kannada,1,2,Unknown,2,Crimes Against Property,55,Chain Snatching,4,Acquitted,39,12.901974,74.890052,0.0,24.0,12,0,0,1,0,1
401,100170155202400003,202400003,2024-07-19,155,Kalaburagi (Gulbarga) Town PS,Kalaburagi (Gulbarga),1,2,Unknown,1,Crimes Against Body,3,Culpable Homicide,1,Under Investigation,,17.295297,76.850201,0.0,0.0,7,3,0,1,0,0
402,100070132202500001,202500001,2025-07-08,132,Chamarajanagara Rural PS,Chamarajanagara,1,2,Unknown,3,Crimes Against Women,12,Domestic Violence,2,Charge Sheeted,1,11.9524,76.941068,24.0,48.0,7,6,0,1,1,0
403,100050115202400006,202400006,2024-09-26,115,Whitefield PS,Bengaluru Urban,1,2,Unknown,6,Economic Offences,23,Cheating,1,Under Investigation,,13.067971,77.639226,24.0,120.0,9,5,0,1,0,0
404,400060129202500001,202500001,2025-08-10,129,Bidar Town PS,Bidar,4,3,Unknown,11,Traffic Related Offences,40,Rash Driving,2,Charge Sheeted,7,17.86532,77.513414,24.0,120.0,8,1,0,1,1,0
405,300050116202500002,202500002,2025-06-02,116,Electronic City PS,Bengaluru Urban,3,2,Unknown,3,Crimes Against Women,15,Acid Attack,2,Charge Sheeted,40,12.957927,77.542645,24.0,24.0,5,4,0,1,0,0
406,100080134202500001,202500001,2025-09-11,134,Chikkaballapura Rural PS,Chikkaballapura,1,2,Unknown,3,Crimes Against Women,11,Dowry Death,2,Charge Sheeted,9,13.371246,77.718603,48.0,72.0,9,3,0,1,0,0
407,300240174202400001,202400001,2024-06-18,174,Ramanagara Town PS,Ramanagara,3,3,Unknown,2,Crimes Against Property,55,Chain Snatching,1,Under Investigation,,12.680064,77.231296,48.0,48.0,6,6,0,1,0,0
408,800050116202400001,202400001,2024-04-12,116,Electronic City PS,Bengaluru Urban,8,2,Unknown,11,Traffic Related Offences,41,Hit and Run,1,Under Investigation,,12.924428,77.626231,0.0,0.0,4,3,0,1,0,0
409,100050120202500006,202500006,2025-07-12,120,Indiranagar PS,Bengaluru Urban,1,3,Unknown,6,Economic Offences,23,Cheating,2,Charge Sheeted,40,13.003186,77.629483,0.0,0.0,7,5,0,1,1,0
410,100080133202400001,202400001,2024-06-13,133,Chikkaballapura Town PS,Chikkaballapura,1,3,Unknown,9,Arms Act Offences,36,Illegal Arms Manufacturing,2,Charge Sheeted,1,13.432845,77.782971,24.0,48.0,6,5,0,1,0,0
411,100250175202500001,202500001,2025-04-05,175,Shivamogga Town PS,Shivamogga,1,2,Unknown,2,Crimes Against Property,9,Burglary,2,Charge Sheeted,26,13.967436,75.560197,48.0,48.0,3,5,0,1,1,0
412,100220165202500008,202500008,2025-12-23,165,Devaraja PS,Mysuru,1,2,Unknown,8,Drug/Narcotic Offences,33,NDPS Trafficking,7,Pending Trial,37,12.335378,76.645886,0.0,24.0,12,2,0,1,1,1
413,100230173202400004,202400004,2024-08-10,173,Raichur Town PS,Raichur,1,2,Unknown,13,Crimes Related to Documents/Property,46,Forged Documents,2,Charge Sheeted,1,16.239062,77.35928,0.0,72.0,8,0,0,1,1,0
414,100240174202500002,202500002,2025-11-03,174,Ramanagara Town PS,Ramanagara,1,2,Unknown,7,Cyber Crimes,27,Online Fraud,1,Under Investigation,,12.748932,77.241369,24.0,48.0,10,4,0,1,0,0
415,100120145202500002,202500002,2025-12-08,145,Davanagere Town PS,Davanagere,1,2,Unknown,3,Crimes Against Women,12,Domestic Violence,7,Pending Trial,1,14.425751,75.947879,0.0,0.0,12,4,0,1,0,1
416,400220165202500001,202500001,2025-01-15,165,Devaraja PS,Mysuru,4,2,Unknown,2,Crimes Against Property,9,Burglary,2,Charge Sheeted,1,12.320189,76.640032,24.0,0.0,1,2,0,1,0,0
417,100010102202500001,202500001,2025-04-29,102,Bagalkote Town PS,Bagalkote,1,3,Unknown,3,Crimes Against Women,13,Sexual Harassment,4,Acquitted,1,16.147194,75.643253,0.0,24.0,4,5,0,1,0,1
418,100110140202500002,202500002,2025-07-08,140,Mangalore North PS,Dakshina Kannada,1,2,Unknown,1,Crimes Against Body,4,Assault,2,Charge Sheeted,39,12.895209,74.803077,24.0,48.0,7,4,0,1,1,0
419,200200161202600002,202600002,2026-02-25,161,Koppal Town PS,Koppal,2,2,Unknown,3,Crimes Against Women,11,Dowry Death,1,Under Investigation,,15.393819,76.111478,24.0,24.0,2,5,0,1,0,0
420,100050117202600003,202600003,2026-06-27,117,Koramangala PS,Bengaluru Urban,1,2,Unknown,2,Crimes Against Property,7,Robbery,2,Charge Sheeted,40,13.083352,77.570341,0.0,24.0,6,4,0,1,1,0
421,300140149202400001,202400001,2024-07-28,149,Gadag Town PS,Gadag,3,2,Unknown,10,Crimes Against Public Order,38,Unlawful Assembly,5,Closed (Undetected),,15.436001,75.622143,0.0,24.0,7,5,0,1,0,1
422,100070131202600002,202600002,2026-02-18,131,Chamarajanagara Town PS,Chamarajanagara,1,2,Unknown,11,Traffic Related Offences,42,Drunken Driving,1,Under Investigation,,11.876299,76.942512,48.0,48.0,2,0,0,1,0,0
423,100220170202400002,202400002,2024-10-23,170,Vidyaranyapuram PS,Mysuru,1,2,Unknown,6,Economic Offences,26,Bank Fraud,6,Closed (False Case),,12.323514,76.603047,24.0,96.0,10,4,0,1,0,1
424,100050115202400007,202400007,2024-08-06,115,Whitefield PS,Bengaluru Urban,1,2,Unknown,11,Traffic Related Offences,42,Drunken Driving,1,Under Investigation,,12.918171,77.681068,0.0,96.0,7,1,0,1,0,0
425,100170156202400001,202400001,2024-06-24,156,Kalaburagi (Gulbarga) Rural PS,Kalaburagi (Gulbarga),1,2,Unknown,2,Crimes Against Property,9,Burglary,2,Charge Sheeted,1,17.341174,76.803223,24.0,96.0,6,1,0,1,1,0
426,300290179202400002,202400002,2024-05-29,179,Vijayanagara Town PS,Vijayanagara,3,2,Unknown,2,Crimes Against Property,9,Burglary,2,Charge Sheeted,1,15.254535,76.514493,24.0,24.0,5,5,0,1,0,0
427,100050117202500004,202500004,2025-08-30,117,Koramangala PS,Bengaluru Urban,1,1,Unknown,1,Crimes Against Body,4,Assault,1,Under Investigation,,13.062752,77.686397,24.0,48.0,8,2,0,1,0,0
428,100270177202400003,202400003,2024-12-24,177,Udupi Town PS,Udupi,1,2,Unknown,4,Crimes Against Children,18,Child Labour,1,Under Investigation,,13.351954,74.790691,48.0,24.0,12,0,0,1,0,0
429,300050128202500001,202500001,2025-03-11,128,Basavanagudi PS,Bengaluru Urban,3,2,Unknown,2,Crimes Against Property,55,Chain Snatching,2,Charge Sheeted,40,12.970332,77.546515,48.0,120.0,3,3,0,1,0,0
430,100050115202400008,202400008,2024-08-01,115,Whitefield PS,Bengaluru Urban,1,2,Unknown,2,Crimes Against Property,8,Dacoity,1,Under Investigation,,12.902318,77.596256,48.0,144.0,7,3,0,1,0,0
431,200050115202500002,202500002,2025-03-01,115,Whitefield PS,Bengaluru Urban,2,2,Unknown,2,Crimes Against Property,55,Chain Snatching,3,Convicted,35,12.927777,77.577502,24.0,144.0,2,6,0,1,1,1
432,100220168202500001,202500001,2025-07-30,168,Vijayanagar PS,Mysuru,1,2,Unknown,3,Crimes Against Women,13,Sexual Harassment,7,Pending Trial,1,12.315935,76.608449,24.0,72.0,7,5,0,1,1,1
433,100190159202400002,202400002,2024-11-11,159,Kolar Town PS,Kolar,1,2,Unknown,7,Cyber Crimes,28,Identity Theft,1,Under Investigation,,13.114233,78.07296,48.0,0.0,11,0,0,1,0,0
434,300060130202400001,202400001,2024-04-30,130,Bidar Rural PS,Bidar,3,2,Unknown,3,Crimes Against Women,14,Stalking,5,Closed (Undetected),,17.916493,77.496516,24.0,96.0,4,4,0,1,0,1
435,300050118202500001,202500001,2025-03-29,118,Jayanagar PS,Bengaluru Urban,3,1,Unknown,8,Drug/Narcotic Offences,32,Ganja Possession,3,Convicted,1,12.92753,77.66113,0.0,144.0,3,5,0,1,1,1
436,100130148202600001,202600001,2026-02-22,148,Dharwad Rural PS,Dharwad,1,1,Unknown,3,Crimes Against Women,13,Sexual Harassment,2,Charge Sheeted,1,15.506921,74.991204,48.0,72.0,2,0,0,1,1,0
437,100140150202500003,202500003,2025-05-01,150,Gadag Rural PS,Gadag,1,1,Unknown,10,Crimes Against Public Order,39,Promoting Enmity,7,Pending Trial,1,15.450049,75.60586,48.0,72.0,4,4,0,1,0,1
438,100230173202500006,202500006,2025-02-27,173,Raichur Town PS,Raichur,1,2,Unknown,6,Economic Offences,24,Criminal Breach of Trust,7,Pending Trial,1,16.266362,77.419303,24.0,48.0,2,6,0,1,1,1
439,300050115202500003,202500003,2025-11-23,115,Whitefield PS,Bengaluru Urban,3,2,Unknown,10,Crimes Against Public Order,39,Promoting Enmity,4,Acquitted,36,12.926545,77.675578,24.0,120.0,11,6,0,1,1,1
440,100050116202400009,202400009,2024-04-09,116,Electronic City PS,Bengaluru Urban,1,2,Unknown,7,Cyber Crimes,27,Online Fraud,6,Closed (False Case),,12.945638,77.596493,24.0,24.0,4,5,0,1,0,1
441,100050115202500004,202500004,2025-09-01,115,Whitefield PS,Bengaluru Urban,1,2,Unknown,3,Crimes Against Women,13,Sexual Harassment,2,Charge Sheeted,1,12.990454,77.655547,0.0,0.0,8,2,0,1,0,0
442,100120145202500003,202500003,2025-03-01,145,Davanagere Town PS,Davanagere,1,2,Unknown,3,Crimes Against Women,12,Domestic Violence,3,Convicted,1,14.452973,75.978402,48.0,72.0,2,1,0,1,1,1
443,100180158202500001,202500001,2025-05-23,158,Kodagu Rural PS,Kodagu,1,2,Unknown,2,Crimes Against Property,6,Theft,7,Pending Trial,19,12.366341,75.72943,24.0,0.0,5,4,0,1,0,1
444,100010103202400003,202400003,2024-06-23,103,Bagalkote Rural PS,Bagalkote,1,2,Unknown,3,Crimes Against Women,12,Domestic Violence,5,Closed (Undetected),,16.138299,75.662643,48.0,24.0,6,5,0,1,0,1
445,100050115202500005,202500005,2025-12-17,115,Whitefield PS,Bengaluru Urban,1,2,Unknown,6,Economic Offences,25,Forgery,1,Under Investigation,,13.021062,77.631891,24.0,96.0,12,2,0,1,0,0
446,100090135202400001,202400001,2024-05-12,135,Chikkamagaluru Town PS,Chikkamagaluru,1,2,Unknown,3,Crimes Against Women,12,Domestic Violence,2,Charge Sheeted,10,13.313818,75.82125,48.0,24.0,5,5,0,1,1,0
447,300220165202400004,202400004,2024-08-16,165,Devaraja PS,Mysuru,3,2,Unknown,8,Drug/Narcotic Offences,33,NDPS Trafficking,7,Pending Trial,23,12.303942,76.666868,0.0,24.0,8,3,0,1,0,1
448,100010102202500002,202500002,2025-01-21,102,Bagalkote Town PS,Bagalkote,1,2,Unknown,3,Crimes Against Women,12,Domestic Violence,1,Under Investigation,,16.12104,75.704426,24.0,96.0,1,4,0,1,0,0
449,100120145202400002,202400002,2024-06-04,145,Davanagere Town PS,Davanagere,1,1,Unknown,8,Drug/Narcotic Offences,32,Ganja Possession,2,Charge Sheeted,13,14.446259,75.915671,24.0,72.0,6,5,0,1,1,0
450,100050126202500002,202500002,2025-06-18,126,Hebbal PS,Bengaluru Urban,1,2,Unknown,7,Cyber Crimes,31,Phishing,6,Closed (False Case),,12.901305,77.62777,48.0,48.0,6,0,0,1,0,1
451,300310181202400001,202400001,2024-05-05,181,Yadgir Town PS,Yadgir,3,2,Unknown,15,Other IPC Crimes,53,Defamation,3,Convicted,1,16.726597,77.115175,0.0,120.0,4,0,0,1,1,1
452,100220166202400002,202400002,2024-01-22,166,Jayalakshmipuram PS,Mysuru,1,2,Unknown,6,Economic Offences,25,Forgery,7,Pending Trial,23,12.343118,76.656921,24.0,24.0,1,5,0,1,1,1
453,200080133202500001,202500001,2025-09-22,133,Chikkaballapura Town PS,Chikkaballapura,2,2,Unknown,5,Crimes Against SCs/STs,20,Atrocity - Physical Assault,2,Charge Sheeted,9,13.471342,77.786898,0.0,96.0,9,0,0,1,1,0
454,100060129202400003,202400003,2024-11-30,129,Bidar Town PS,Bidar,1,2,Unknown,8,Drug/Narcotic Offences,33,NDPS Trafficking,9,Compromised,,17.958932,77.469886,0.0,0.0,11,5,0,1,0,0
455,300070131202400002,202400002,2024-12-14,131,Chamarajanagara Town PS,Chamarajanagara,3,2,Unknown,3,Crimes Against Women,13,Sexual Harassment,3,Convicted,8,11.86674,76.890323,0.0,24.0,12,3,0,1,1,1
456,800030109202500001,202500001,2025-10-21,109,Shahapur PS,Belagavi (Belgaum),8,1,Unknown,6,Economic Offences,24,Criminal Breach of Trust,7,Pending Trial,4,15.822675,74.58062,24.0,24.0,10,2,0,1,1,1
457,100050123202600001,202600001,2026-03-02,123,KR Puram PS,Bengaluru Urban,1,3,Unknown,7,Cyber Crimes,28,Identity Theft,1,Under Investigation,,12.985406,77.636562,24.0,24.0,2,5,0,1,0,0
458,100310181202600004,202600004,2026-02-04,181,Yadgir Town PS,Yadgir,1,2,Unknown,1,Crimes Against Body,1,Murder,1,Under Investigation,,16.754067,77.187792,48.0,72.0,1,2,0,1,0,0
459,100020105202500002,202500002,2025-11-04,105,Ballari (Bellary) Rural PS,Ballari (Bellary),1,2,Unknown,7,Cyber Crimes,30,Data Theft,1,Under Investigation,,15.135079,76.935578,24.0,24.0,11,0,0,1,0,0
460,100050124202600002,202600002,2026-03-06,124,Banashankari PS,Bengaluru Urban,1,2,Unknown,11,Traffic Related Offences,42,Drunken Driving,5,Closed (Undetected),,12.929834,77.534149,24.0,0.0,3,4,0,1,0,1
461,100260176202500007,202500007,2025-04-22,176,Tumakuru Town PS,Tumakuru,1,2,Unknown,3,Crimes Against Women,11,Dowry Death,1,Under Investigation,,13.350786,77.055504,0.0,24.0,4,0,0,1,0,0
462,200080134202500001,202500001,2025-08-19,134,Chikkaballapura Rural PS,Chikkaballapura,2,2,Unknown,2,Crimes Against Property,7,Robbery,7,Pending Trial,1,13.452277,77.679344,48.0,48.0,8,5,0,1,0,1
463,300270177202400003,202400003,2024-02-27,177,Udupi Town PS,Udupi,3,3,Unknown,7,Cyber Crimes,28,Identity Theft,7,Pending Trial,1,13.391421,74.690067,48.0,72.0,2,1,0,1,1,1
464,100050114202500002,202500002,2025-11-21,114,Cubbon Park PS,Bengaluru Urban,1,1,Unknown,2,Crimes Against Property,55,Chain Snatching,6,Closed (False Case),,13.04337,77.6694,0.0,0.0,11,3,0,1,0,1
465,200110141202400001,202400001,2024-07-31,141,Mangalore South PS,Dakshina Kannada,2,1,Unknown,4,Crimes Against Children,16,Child Abuse,2,Charge Sheeted,12,12.876505,74.803841,0.0,72.0,7,3,0,1,1,0
466,100050125202500003,202500003,2025-05-27,125,Rajajinagar PS,Bengaluru Urban,1,2,Unknown,7,Cyber Crimes,28,Identity Theft,3,Convicted,1,12.948501,77.669483,24.0,120.0,5,1,0,1,1,1
467,100180158202500002,202500002,2025-06-05,158,Kodagu Rural PS,Kodagu,1,1,Unknown,2,Crimes Against Property,8,Dacoity,6,Closed (False Case),,12.417501,75.717948,0.0,0.0,6,3,0,1,0,1
468,300250175202500001,202500001,2025-05-24,175,Shivamogga Town PS,Shivamogga,3,2,Unknown,9,Arms Act Offences,35,Illegal Firearm Possession,1,Under Investigation,,13.915698,75.534086,48.0,0.0,5,5,0,1,0,0
469,400050117202400001,202400001,2024-03-24,117,Koramangala PS,Bengaluru Urban,4,2,Unknown,2,Crimes Against Property,8,Dacoity,1,Under Investigation,,13.07119,77.606529,48.0,96.0,3,6,0,1,0,0
470,100140150202400001,202400001,2024-12-18,150,Gadag Rural PS,Gadag,1,2,Unknown,2,Crimes Against Property,9,Burglary,1,Under Investigation,,15.446902,75.573814,0.0,72.0,12,3,0,1,0,0
471,100050115202500006,202500006,2025-08-20,115,Whitefield PS,Bengaluru Urban,1,2,Unknown,1,Crimes Against Body,5,Grievous Hurt,5,Closed (Undetected),,12.938343,77.572884,48.0,0.0,8,2,0,1,0,1
472,100030110202500001,202500001,2025-10-23,110,Gandhinagar PS,Belagavi (Belgaum),1,3,Unknown,11,Traffic Related Offences,40,Rash Driving,7,Pending Trial,1,15.86009,74.526038,0.0,24.0,10,2,0,1,1,1
473,400050115202400001,202400001,2024-12-06,115,Whitefield PS,Bengaluru Urban,4,2,Unknown,6,Economic Offences,23,Cheating,7,Pending Trial,6,13.011579,77.612261,48.0,96.0,12,0,0,1,1,1
474,300050123202500002,202500002,2025-11-19,123,KR Puram PS,Bengaluru Urban,3,2,Unknown,6,Economic Offences,26,Bank Fraud,1,Under Investigation,,13.071489,77.574932,0.0,0.0,11,1,0,1,0,0
475,100140150202500004,202500004,2025-01-25,150,Gadag Rural PS,Gadag,1,2,Unknown,1,Crimes Against Body,2,Attempt to Murder,7,Pending Trial,15,15.453375,75.591718,24.0,120.0,1,5,0,1,1,1
476,100220167202400001,202400001,2024-03-08,167,Nazarbad PS,Mysuru,1,2,Unknown,4,Crimes Against Children,17,Child Trafficking,5,Closed (Undetected),,12.334972,76.639096,0.0,72.0,3,4,0,1,0,1
477,100300180202400002,202400002,2024-04-13,180,Vijayapura Town PS,Vijayapura,1,2,Unknown,1,Crimes Against Body,4,Assault,2,Charge Sheeted,1,16.793947,75.7214,24.0,24.0,4,1,0,1,1,0
478,100050114202500003,202500003,2025-10-28,114,Cubbon Park PS,Bengaluru Urban,1,3,Unknown,2,Crimes Against Property,10,Vehicle Theft,7,Pending Trial,35,13.073347,77.685969,24.0,0.0,10,1,0,1,1,1
479,100040112202500001,202500001,2025-04-15,112,Bengaluru Rural Town PS,Bengaluru Rural,1,2,Unknown,1,Crimes Against Body,3,Culpable Homicide,1,Under Investigation,,13.244196,77.57411,24.0,48.0,4,4,0,1,0,0
480,100140150202600001,202600001,2026-05-17,150,Gadag Rural PS,Gadag,1,3,Unknown,6,Economic Offences,23,Cheating,1,Under Investigation,,15.415234,75.687708,24.0,72.0,5,6,0,1,0,0
481,300030109202500001,202500001,2025-09-29,109,Shahapur PS,Belagavi (Belgaum),3,2,Unknown,3,Crimes Against Women,12,Domestic Violence,1,Under Investigation,,15.88945,74.563661,48.0,96.0,9,1,0,1,0,0
482,400240174202500001,202500001,2025-05-12,174,Ramanagara Town PS,Ramanagara,4,2,Unknown,3,Crimes Against Women,12,Domestic Violence,1,Under Investigation,,12.757535,77.333624,24.0,96.0,5,3,0,1,0,0
483,300280178202500004,202500004,2025-06-19,178,Uttara Kannada Town PS,Uttara Kannada,3,2,Unknown,7,Cyber Crimes,27,Online Fraud,7,Pending Trial,29,14.802791,74.659527,0.0,72.0,6,6,0,1,1,1
484,100050117202500005,202500005,2025-02-18,117,Koramangala PS,Bengaluru Urban,1,2,Unknown,1,Crimes Against Body,1,Murder,2,Charge Sheeted,1,13.090851,77.638275,0.0,48.0,2,1,0,1,1,0
485,100170155202500003,202500003,2025-12-31,155,Kalaburagi (Gulbarga) Town PS,Kalaburagi (Gulbarga),1,1,Unknown,10,Crimes Against Public Order,37,Rioting,1,Under Investigation,,17.298747,76.878312,0.0,24.0,12,6,0,1,0,0
486,100220165202500009,202500009,2025-09-03,165,Devaraja PS,Mysuru,1,1,Unknown,3,Crimes Against Women,12,Domestic Violence,7,Pending Trial,1,12.316048,76.605372,48.0,72.0,8,6,0,1,0,1
487,100050117202500006,202500006,2025-08-18,117,Koramangala PS,Bengaluru Urban,1,2,Unknown,8,Drug/Narcotic Offences,34,Drug Peddling,7,Pending Trial,36,12.973527,77.558171,0.0,48.0,8,2,0,1,0,1
488,100050125202500004,202500004,2025-10-14,125,Rajajinagar PS,Bengaluru Urban,1,3,Unknown,2,Crimes Against Property,10,Vehicle Theft,3,Convicted,33,13.091526,77.547462,0.0,0.0,10,4,0,1,1,1
489,100190160202600001,202600001,2026-02-15,160,Kolar Rural PS,Kolar,1,2,Unknown,2,Crimes Against Property,7,Robbery,7,Pending Trial,1,13.14849,78.165254,48.0,72.0,2,6,0,1,1,1
490,300240174202500001,202500001,2025-12-20,174,Ramanagara Town PS,Ramanagara,3,3,Unknown,2,Crimes Against Property,55,Chain Snatching,4,Acquitted,1,12.745238,77.220764,24.0,48.0,12,2,0,1,1,1
491,200050117202500002,202500002,2025-07-15,117,Koramangala PS,Bengaluru Urban,2,2,Unknown,10,Crimes Against Public Order,38,Unlawful Assembly,1,Under Investigation,,13.087549,77.559098,48.0,144.0,7,2,0,1,0,0
492,100290179202400002,202400002,2024-03-14,179,Vijayanagara Town PS,Vijayanagara,1,2,Unknown,3,Crimes Against Women,15,Acid Attack,1,Under Investigation,,15.250156,76.480898,0.0,96.0,3,6,0,1,0,0
493,100080133202400002,202400002,2024-11-29,133,Chikkaballapura Town PS,Chikkaballapura,1,2,Unknown,1,Crimes Against Body,1,Murder,1,Under Investigation,,13.426192,77.717557,24.0,96.0,11,0,0,1,0,0
494,300050116202500003,202500003,2025-02-03,116,Electronic City PS,Bengaluru Urban,3,2,Unknown,9,Arms Act Offences,35,Illegal Firearm Possession,3,Convicted,36,12.948243,77.671835,24.0,0.0,2,0,0,1,0,1
495,200230173202500001,202500001,2025-03-31,173,Raichur Town PS,Raichur,2,3,Unknown,7,Cyber Crimes,30,Data Theft,1,Under Investigation,,16.235512,77.418611,0.0,0.0,3,6,0,1,0,0
496,100050118202400002,202400002,2024-03-26,118,Jayanagar PS,Bengaluru Urban,1,2,Unknown,2,Crimes Against Property,9,Burglary,2,Charge Sheeted,1,12.959583,77.675087,24.0,120.0,3,1,0,1,1,0
497,100050124202500003,202500003,2025-11-01,124,Banashankari PS,Bengaluru Urban,1,2,Unknown,2,Crimes Against Property,7,Robbery,1,Under Investigation,,12.921547,77.668543,48.0,48.0,10,3,0,1,0,0
498,100190160202500002,202500002,2025-06-20,160,Kolar Rural PS,Kolar,1,2,Unknown,2,Crimes Against Property,7,Robbery,7,Pending Trial,20,13.093376,78.098896,0.0,24.0,6,1,0,1,1,1
499,200190159202400001,202400001,2024-12-17,159,Kolar Town PS,Kolar,2,2,Unknown,2,Crimes Against Property,55,Chain Snatching,7,Pending Trial,20,13.164978,78.136653,24.0,24.0,12,0,0,1,0,1
500,100310181202500001,202500001,2025-03-11,181,Yadgir Town PS,Yadgir,1,3,Unknown,4,Crimes Against Children,18,Child Labour,1,Under Investigation,,16.774406,77.156058,24.0,120.0,3,1,0,1,0,0
501,100050117202400008,202400008,2024-02-16,117,Koramangala PS,Bengaluru Urban,1,2,Unknown,3,Crimes Against Women,13,Sexual Harassment,1,Under Investigation,,12.925416,77.538859,0.0,24.0,2,6,0,1,0,0
502,100070131202600003,202600003,2026-06-23,131,Chamarajanagara Town PS,Chamarajanagara,1,2,Unknown,2,Crimes Against Property,6,Theft,4,Acquitted,8,11.974724,76.906344,24.0,24.0,6,6,0,1,1,1
503,100060130202500004,202500004,2025-01-10,130,Bidar Rural PS,Bidar,1,2,Unknown,7,Cyber Crimes,31,Phishing,7,Pending Trial,1,17.951695,77.48956,0.0,48.0,1,2,0,1,1,1
504,100110143202400002,202400002,2024-05-07,143,Mangalore West PS,Dakshina Kannada,1,2,Unknown,6,Economic Offences,26,Bank Fraud,2,Charge Sheeted,12,12.919988,74.809972,24.0,0.0,5,1,0,1,0,0
505,100050115202400009,202400009,2024-02-10,115,Whitefield PS,Bengaluru Urban,1,2,Unknown,3,Crimes Against Women,14,Stalking,8,Referred to Another PS,,12.941337,77.525029,48.0,72.0,2,2,0,1,0,0
506,100050128202600001,202600001,2026-06-02,128,Basavanagudi PS,Bengaluru Urban,1,1,Unknown,5,Crimes Against SCs/STs,21,Atrocity - Social Boycott,5,Closed (Undetected),,12.945314,77.544068,48.0,72.0,5,5,0,1,0,1
507,400100137202600001,202600001,2026-07-17,137,Chitradurga Town PS,Chitradurga,4,2,Unknown,15,Other IPC Crimes,53,Defamation,3,Convicted,11,14.224818,76.442353,24.0,24.0,7,3,0,1,1,1
508,100050117202500007,202500007,2025-07-12,117,Koramangala PS,Bengaluru Urban,1,1,Unknown,3,Crimes Against Women,12,Domestic Violence,1,Under Investigation,,13.008577,77.538805,0.0,24.0,7,3,0,1,0,0
509,100050127202500003,202500003,2025-08-17,127,Peenya PS,Bengaluru Urban,1,3,Unknown,14,Sexual Offences,48,Rape,7,Pending Trial,33,13.043545,77.579372,48.0,120.0,8,1,0,1,1,1
510,100280178202500003,202500003,2025-08-18,178,Uttara Kannada Town PS,Uttara Kannada,1,1,Unknown,3,Crimes Against Women,13,Sexual Harassment,1,Under Investigation,,14.815264,74.732317,24.0,24.0,8,2,0,1,0,0
511,800050116202500001,202500001,2025-11-25,116,Electronic City PS,Bengaluru Urban,8,2,Unknown,1,Crimes Against Body,4,Assault,7,Pending Trial,1,12.985087,77.607936,48.0,72.0,11,5,0,1,1,1
512,100050115202500007,202500007,2025-12-11,115,Whitefield PS,Bengaluru Urban,1,2,Unknown,7,Cyber Crimes,28,Identity Theft,2,Charge Sheeted,1,13.006706,77.507861,0.0,96.0,12,3,0,1,1,0
513,200180157202400001,202400001,2024-03-22,157,Kodagu Town PS,Kodagu,2,2,Unknown,10,Crimes Against Public Order,38,Unlawful Assembly,2,Charge Sheeted,19,12.369526,75.706233,24.0,24.0,3,3,0,1,1,0
514,200270177202500001,202500001,2025-11-24,177,Udupi Town PS,Udupi,2,3,Unknown,2,Crimes Against Property,55,Chain Snatching,2,Charge Sheeted,28,13.355973,74.807533,0.0,0.0,11,0,0,1,0,0
515,400050123202500001,202500001,2025-03-07,123,KR Puram PS,Bengaluru Urban,4,2,Unknown,11,Traffic Related Offences,42,Drunken Driving,7,Pending Trial,1,13.040127,77.553395,24.0,48.0,3,0,0,1,0,1
516,200140150202400001,202400001,2024-09-25,150,Gadag Rural PS,Gadag,2,3,Unknown,7,Cyber Crimes,29,Cyber Stalking,6,Closed (False Case),,15.441702,75.581101,0.0,72.0,9,5,0,1,0,1
517,100100137202500002,202500002,2025-12-16,137,Chitradurga Town PS,Chitradurga,1,3,Unknown,2,Crimes Against Property,10,Vehicle Theft,5,Closed (Undetected),,14.260885,76.358481,24.0,0.0,12,1,0,1,0,1
518,300260176202500001,202500001,2025-12-28,176,Tumakuru Town PS,Tumakuru,3,2,Unknown,3,Crimes Against Women,13,Sexual Harassment,1,Under Investigation,,13.333514,77.092914,24.0,48.0,12,0,0,1,0,0
519,100140150202500005,202500005,2025-04-13,150,Gadag Rural PS,Gadag,1,1,Unknown,6,Economic Offences,25,Forgery,7,Pending Trial,15,15.43027,75.600931,48.0,72.0,4,3,0,1,1,1
520,100050128202400004,202400004,2024-07-06,128,Basavanagudi PS,Bengaluru Urban,1,2,Unknown,7,Cyber Crimes,29,Cyber Stalking,2,Charge Sheeted,1,13.04697,77.571925,48.0,48.0,7,1,0,1,1,0
521,100040112202400002,202400002,2024-03-09,112,Bengaluru Rural Town PS,Bengaluru Rural,1,3,Unknown,10,Crimes Against Public Order,37,Rioting,1,Under Investigation,,13.260202,77.621969,24.0,48.0,3,3,0,1,0,0
522,100100137202500003,202500003,2025-03-18,137,Chitradurga Town PS,Chitradurga,1,1,Unknown,1,Crimes Against Body,2,Attempt to Murder,1,Under Investigation,,14.207677,76.456481,48.0,48.0,3,5,0,1,0,0
523,100050115202400010,202400010,2024-08-24,115,Whitefield PS,Bengaluru Urban,1,2,Unknown,8,Drug/Narcotic Offences,34,Drug Peddling,2,Charge Sheeted,35,13.035159,77.502956,48.0,72.0,8,2,0,1,1,0
524,100050123202600002,202600002,2026-03-03,123,KR Puram PS,Bengaluru Urban,1,2,Unknown,2,Crimes Against Property,6,Theft,1,Under Investigation,,13.002603,77.64987,48.0,48.0,2,4,0,1,0,0
525,100220172202500003,202500003,2025-12-14,172,Bannimantap PS,Mysuru,1,2,Unknown,2,Crimes Against Property,10,Vehicle Theft,7,Pending Trial,37,12.311133,76.649987,24.0,168.0,12,6,0,1,1,1
526,100010103202500003,202500003,2025-09-27,103,Bagalkote Rural PS,Bagalkote,1,2,Unknown,8,Drug/Narcotic Offences,34,Drug Peddling,1,Under Investigation,,16.221599,75.75962,0.0,0.0,9,5,0,1,0,0
527,100220165202500010,202500010,2025-05-16,165,Devaraja PS,Mysuru,1,3,Unknown,2,Crimes Against Property,8,Dacoity,1,Under Investigation,,12.338177,76.649547,48.0,120.0,5,4,0,1,0,0
528,300050115202400001,202400001,2024-06-12,115,Whitefield PS,Bengaluru Urban,3,2,Unknown,6,Economic Offences,26,Bank Fraud,1,Under Investigation,,12.928833,77.647779,48.0,120.0,6,4,0,1,0,0
529,100030110202500002,202500002,2025-08-09,110,Gandhinagar PS,Belagavi (Belgaum),1,2,Unknown,3,Crimes Against Women,14,Stalking,1,Under Investigation,,15.893779,74.501934,24.0,48.0,8,3,0,1,0,0
530,100050115202400011,202400011,2024-01-07,115,Whitefield PS,Bengaluru Urban,1,2,Unknown,4,Crimes Against Children,17,Child Trafficking,2,Charge Sheeted,35,13.061791,77.550109,0.0,120.0,12,6,0,1,1,0
531,100240174202500003,202500003,2025-07-03,174,Ramanagara Town PS,Ramanagara,1,1,Unknown,2,Crimes Against Property,6,Theft,2,Charge Sheeted,1,12.689829,77.32959,24.0,72.0,6,0,0,1,1,0
532,100140149202400002,202400002,2024-06-16,149,Gadag Town PS,Gadag,1,3,Unknown,3,Crimes Against Women,15,Acid Attack,1,Under Investigation,,15.431713,75.571873,0.0,24.0,6,5,0,1,0,0
533,100220165202400005,202400005,2024-08-24,165,Devaraja PS,Mysuru,1,2,Unknown,10,Crimes Against Public Order,38,Unlawful Assembly,5,Closed (Undetected),,12.323371,76.682828,0.0,24.0,8,4,0,1,0,1
534,300080133202600001,202600001,2026-05-22,133,Chikkaballapura Town PS,Chikkaballapura,3,2,Unknown,8,Drug/Narcotic Offences,32,Ganja Possession,1,Under Investigation,,13.434211,77.783216,48.0,48.0,5,2,0,1,0,0
535,100050128202500001,202500001,2025-03-22,128,Basavanagudi PS,Bengaluru Urban,1,2,Unknown,2,Crimes Against Property,55,Chain Snatching,7,Pending Trial,36,13.035309,77.580198,48.0,144.0,3,6,0,1,0,1
536,100050118202600002,202600002,2026-06-12,118,Jayanagar PS,Bengaluru Urban,1,2,Unknown,2,Crimes Against Property,8,Dacoity,1,Under Investigation,,12.994342,77.575363,48.0,96.0,6,4,0,1,0,0
537,200050128202600001,202600001,2026-01-05,128,Basavanagudi PS,Bengaluru Urban,2,2,Unknown,11,Traffic Related Offences,41,Hit and Run,2,Charge Sheeted,6,12.972514,77.588917,0.0,0.0,1,6,0,1,1,0
538,100130148202400001,202400001,2024-01-30,148,Dharwad Rural PS,Dharwad,1,2,Unknown,15,Other IPC Crimes,54,Mischief,1,Under Investigation,,15.422718,75.001808,0.0,0.0,1,0,0,1,0,0
539,100140149202500003,202500003,2025-05-07,149,Gadag Town PS,Gadag,1,2,Unknown,8,Drug/Narcotic Offences,32,Ganja Possession,1,Under Investigation,,15.386841,75.651379,0.0,0.0,5,1,0,1,0,0
540,300050115202400002,202400002,2024-03-30,115,Whitefield PS,Bengaluru Urban,3,3,Unknown,1,Crimes Against Body,4,Assault,1,Under Investigation,,13.042029,77.511099,0.0,24.0,3,4,0,1,0,0
541,100060129202500001,202500001,2025-06-21,129,Bidar Town PS,Bidar,1,2,Unknown,11,Traffic Related Offences,40,Rash Driving,1,Under Investigation,,17.895615,77.467532,0.0,72.0,6,2,0,1,0,0
542,300050124202400001,202400001,2024-04-15,124,Banashankari PS,Bengaluru Urban,3,2,Unknown,8,Drug/Narcotic Offences,32,Ganja Possession,7,Pending Trial,35,13.082695,77.547965,0.0,72.0,4,4,0,1,1,1
543,100130148202400002,202400002,2024-02-01,148,Dharwad Rural PS,Dharwad,1,2,Unknown,7,Cyber Crimes,31,Phishing,2,Charge Sheeted,14,15.476516,75.003036,24.0,24.0,1,0,0,1,0,0
544,200090135202400001,202400001,2024-08-01,135,Chikkamagaluru Town PS,Chikkamagaluru,2,2,Unknown,4,Crimes Against Children,19,Missing Child,7,Pending Trial,1,13.300255,75.818694,24.0,0.0,8,3,0,1,1,1
545,100240174202400005,202400005,2024-12-08,174,Ramanagara Town PS,Ramanagara,1,2,Unknown,3,Crimes Against Women,13,Sexual Harassment,5,Closed (Undetected),,12.722955,77.267913,24.0,48.0,12,4,0,1,0,1
546,300120146202400001,202400001,2024-08-07,146,Davanagere Rural PS,Davanagere,3,3,Unknown,2,Crimes Against Property,6,Theft,1,Under Investigation,,14.480259,75.873,48.0,48.0,8,4,0,1,0,0
547,500100138202500001,202500001,2025-08-29,138,Chitradurga Rural PS,Chitradurga,5,2,Unknown,1,Crimes Against Body,2,Attempt to Murder,2,Charge Sheeted,11,14.28949,76.440547,0.0,24.0,8,2,0,1,1,0
548,100050117202600004,202600004,2026-07-04,117,Koramangala PS,Bengaluru Urban,1,2,Unknown,12,Environmental Offences,44,Illegal Tree Felling,1,Under Investigation,,13.003344,77.681205,48.0,0.0,7,5,0,1,0,0
549,100310181202600005,202600005,2026-04-04,181,Yadgir Town PS,Yadgir,1,1,Unknown,7,Cyber Crimes,31,Phishing,8,Referred to Another PS,,16.783803,77.116045,48.0,72.0,4,2,0,1,0,0
550,100050116202500009,202500009,2025-01-18,116,Electronic City PS,Bengaluru Urban,1,2,Unknown,3,Crimes Against Women,12,Domestic Violence,1,Under Investigation,,13.029328,77.523241,24.0,0.0,1,5,0,1,0,0
551,100220172202600001,202600001,2026-01-13,172,Bannimantap PS,Mysuru,1,1,Unknown,4,Crimes Against Children,17,Child Trafficking,7,Pending Trial,23,12.312827,76.671728,24.0,48.0,1,6,0,1,1,1
552,100060130202400001,202400001,2024-01-05,130,Bidar Rural PS,Bidar,1,2,Unknown,8,Drug/Narcotic Offences,32,Ganja Possession,2,Charge Sheeted,7,17.926331,77.477509,48.0,72.0,1,1,0,1,1,0
553,500080133202500001,202500001,2025-08-15,133,Chikkaballapura Town PS,Chikkaballapura,5,2,Unknown,4,Crimes Against Children,16,Child Abuse,1,Under Investigation,,13.376565,77.721356,48.0,72.0,8,6,0,1,0,0
554,100010103202600002,202600002,2026-01-24,103,Bagalkote Rural PS,Bagalkote,1,2,Unknown,3,Crimes Against Women,15,Acid Attack,1,Under Investigation,,16.21008,75.728548,24.0,72.0,1,6,0,1,0,0
555,300050116202600001,202600001,2026-07-16,116,Electronic City PS,Bengaluru Urban,3,1,Unknown,3,Crimes Against Women,14,Stalking,3,Convicted,33,13.079238,77.595137,48.0,96.0,7,5,0,1,0,1
556,100050117202500008,202500008,2025-07-15,117,Koramangala PS,Bengaluru Urban,1,3,Unknown,2,Crimes Against Property,6,Theft,3,Convicted,36,12.906046,77.678128,48.0,48.0,7,5,0,1,0,1
557,400140149202500002,202500002,2025-04-30,149,Gadag Town PS,Gadag,4,1,Unknown,1,Crimes Against Body,5,Grievous Hurt,7,Pending Trial,15,15.484427,75.627095,48.0,48.0,4,3,0,1,1,1
558,400120145202500001,202500001,2025-09-21,145,Davanagere Town PS,Davanagere,4,2,Unknown,2,Crimes Against Property,10,Vehicle Theft,1,Under Investigation,,14.504302,75.869756,48.0,72.0,9,0,0,1,0,0
559,100110141202500001,202500001,2025-07-11,141,Mangalore South PS,Dakshina Kannada,1,2,Unknown,11,Traffic Related Offences,40,Rash Driving,1,Under Investigation,,12.911838,74.876132,48.0,24.0,7,3,0,1,0,0
560,100260176202400006,202400006,2024-08-22,176,Tumakuru Town PS,Tumakuru,1,1,Unknown,6,Economic Offences,26,Bank Fraud,1,Under Investigation,,13.322343,77.101944,48.0,144.0,8,3,0,1,0,0
561,400050115202600003,202600003,2026-04-07,115,Whitefield PS,Bengaluru Urban,4,2,Unknown,4,Crimes Against Children,19,Missing Child,1,Under Investigation,,13.01959,77.555294,24.0,48.0,4,4,0,1,0,0
562,100050116202500010,202500010,2025-09-06,116,Electronic City PS,Bengaluru Urban,1,2,Unknown,2,Crimes Against Property,6,Theft,7,Pending Trial,1,13.026946,77.589084,24.0,24.0,9,3,0,1,1,1
563,100050116202400010,202400010,2024-06-03,116,Electronic City PS,Bengaluru Urban,1,2,Unknown,2,Crimes Against Property,10,Vehicle Theft,8,Referred to Another PS,,13.003079,77.618072,48.0,48.0,5,4,0,1,0,0
564,300050115202600001,202600001,2026-06-19,115,Whitefield PS,Bengaluru Urban,3,1,Unknown,14,Sexual Offences,48,Rape,7,Pending Trial,1,13.049198,77.690649,24.0,24.0,6,6,0,1,1,1
565,100130147202600001,202600001,2026-03-23,147,Dharwad Town PS,Dharwad,1,1,Unknown,11,Traffic Related Offences,41,Hit and Run,1,Under Investigation,,15.443293,74.971962,48.0,0.0,3,0,0,1,0,0
566,100270177202500004,202500004,2025-01-14,177,Udupi Town PS,Udupi,1,2,Unknown,1,Crimes Against Body,3,Culpable Homicide,10,Abated,,13.302708,74.809973,0.0,72.0,1,4,0,1,0,0
567,200050116202500001,202500001,2025-06-08,116,Electronic City PS,Bengaluru Urban,2,2,Unknown,4,Crimes Against Children,16,Child Abuse,1,Under Investigation,,12.951997,77.6768,48.0,96.0,6,0,0,1,0,0
568,100110142202600001,202600001,2026-05-04,142,Mangalore East PS,Dakshina Kannada,1,1,Unknown,1,Crimes Against Body,3,Culpable Homicide,2,Charge Sheeted,12,12.875712,74.820548,0.0,72.0,5,4,0,1,0,0
569,100050117202500009,202500009,2025-03-19,117,Koramangala PS,Bengaluru Urban,1,2,Unknown,11,Traffic Related Offences,40,Rash Driving,1,Under Investigation,,12.934704,77.530451,24.0,72.0,3,6,0,1,0,0
570,300100137202500001,202500001,2025-03-13,137,Chitradurga Town PS,Chitradurga,3,3,Unknown,3,Crimes Against Women,13,Sexual Harassment,1,Under Investigation,,14.266993,76.356774,24.0,48.0,3,1,0,1,0,0
571,100050116202500011,202500011,2025-02-08,116,Electronic City PS,Bengaluru Urban,1,1,Unknown,2,Crimes Against Property,55,Chain Snatching,1,Under Investigation,,13.03497,77.682701,24.0,24.0,2,3,0,1,0,0
572,500220165202600001,202600001,2026-06-20,165,Devaraja PS,Mysuru,5,1,Unknown,7,Cyber Crimes,31,Phishing,1,Under Investigation,,12.347444,76.629053,24.0,48.0,6,6,0,1,0,0
573,100050115202500008,202500008,2025-05-11,115,Whitefield PS,Bengaluru Urban,1,2,Unknown,1,Crimes Against Body,1,Murder,6,Closed (False Case),,12.909299,77.644135,24.0,72.0,5,6,0,1,0,1
574,100030106202600002,202600002,2026-07-16,106,Camp PS,Belagavi (Belgaum),1,2,Unknown,11,Traffic Related Offences,42,Drunken Driving,9,Compromised,,15.86648,74.511312,48.0,120.0,7,3,0,1,0,0
575,100270177202400004,202400004,2024-09-20,177,Udupi Town PS,Udupi,1,3,Unknown,2,Crimes Against Property,8,Dacoity,7,Pending Trial,28,13.385309,74.695153,48.0,24.0,9,3,0,1,1,1
576,100020105202400002,202400002,2024-04-27,105,Ballari (Bellary) Rural PS,Ballari (Bellary),1,2,Unknown,1,Crimes Against Body,2,Attempt to Murder,2,Charge Sheeted,3,15.146883,76.897111,24.0,24.0,4,6,0,1,1,0
577,200010102202500001,202500001,2025-07-27,102,Bagalkote Town PS,Bagalkote,2,3,Unknown,1,Crimes Against Body,3,Culpable Homicide,1,Under Investigation,,16.186401,75.691513,24.0,96.0,7,2,0,1,0,0
578,800050127202500001,202500001,2025-11-09,127,Peenya PS,Bengaluru Urban,8,2,Unknown,1,Crimes Against Body,5,Grievous Hurt,7,Pending Trial,35,12.981206,77.616253,48.0,72.0,11,2,0,1,0,1
579,400050122202500001,202500001,2025-05-13,122,Yelahanka PS,Bengaluru Urban,4,2,Unknown,3,Crimes Against Women,11,Dowry Death,2,Charge Sheeted,40,13.033973,77.560553,0.0,0.0,5,5,0,1,1,0
580,400050116202400003,202400003,2024-09-24,116,Electronic City PS,Bengaluru Urban,4,3,Unknown,1,Crimes Against Body,2,Attempt to Murder,2,Charge Sheeted,6,13.042223,77.506588,0.0,72.0,9,2,0,1,0,0
581,100130147202400001,202400001,2024-03-04,147,Dharwad Town PS,Dharwad,1,2,Unknown,9,Arms Act Offences,36,Illegal Arms Manufacturing,2,Charge Sheeted,1,15.409726,75.04727,48.0,96.0,2,2,0,1,1,0
582,100170155202500004,202500004,2025-06-13,155,Kalaburagi (Gulbarga) Town PS,Kalaburagi (Gulbarga),1,3,Unknown,1,Crimes Against Body,3,Culpable Homicide,1,Under Investigation,,17.371923,76.882917,48.0,72.0,6,1,0,1,0,0
583,100050115202400012,202400012,2024-05-30,115,Whitefield PS,Bengaluru Urban,1,1,Unknown,7,Cyber Crimes,31,Phishing,1,Under Investigation,,12.97848,77.614455,24.0,96.0,5,3,0,1,0,0
584,400270177202400001,202400001,2024-03-03,177,Udupi Town PS,Udupi,4,2,Unknown,7,Cyber Crimes,30,Data Theft,7,Pending Trial,1,13.330618,74.796319,48.0,48.0,3,4,0,1,1,1
585,100130148202600002,202600002,2026-04-25,148,Dharwad Rural PS,Dharwad,1,2,Unknown,3,Crimes Against Women,12,Domestic Violence,4,Acquitted,1,15.411979,75.01173,24.0,24.0,4,2,0,1,0,1
586,100050124202400001,202400001,2024-02-20,124,Banashankari PS,Bengaluru Urban,1,2,Unknown,4,Crimes Against Children,16,Child Abuse,1,Under Investigation,,12.981887,77.686883,0.0,0.0,2,1,0,1,0,0
587,100270177202500005,202500005,2025-05-22,177,Udupi Town PS,Udupi,1,1,Unknown,6,Economic Offences,25,Forgery,8,Referred to Another PS,,13.284282,74.788199,24.0,120.0,5,3,0,1,0,0
588,500280178202500001,202500001,2025-08-17,178,Uttara Kannada Town PS,Uttara Kannada,5,2,Unknown,2,Crimes Against Property,9,Burglary,2,Charge Sheeted,1,14.764023,74.687443,24.0,0.0,8,6,0,1,0,0
589,100050117202400009,202400009,2024-05-18,117,Koramangala PS,Bengaluru Urban,1,3,Unknown,1,Crimes Against Body,4,Assault,7,Pending Trial,33,12.916113,77.556125,24.0,24.0,5,3,0,1,1,1
590,100140150202400002,202400002,2024-07-18,150,Gadag Rural PS,Gadag,1,2,Unknown,4,Crimes Against Children,17,Child Trafficking,2,Charge Sheeted,15,15.400054,75.667153,24.0,24.0,7,2,0,1,1,0
591,100220172202600002,202600002,2026-05-27,172,Bannimantap PS,Mysuru,1,2,Unknown,1,Crimes Against Body,5,Grievous Hurt,6,Closed (False Case),,12.334667,76.656108,0.0,96.0,5,3,0,1,0,1
592,300080133202600002,202600002,2026-01-05,133,Chikkaballapura Town PS,Chikkaballapura,3,2,Unknown,3,Crimes Against Women,12,Domestic Violence,7,Pending Trial,9,13.474329,77.734709,48.0,48.0,1,3,0,1,1,1
593,400030107202500001,202500001,2025-12-30,107,Market PS,Belagavi (Belgaum),4,2,Unknown,8,Drug/Narcotic Offences,34,Drug Peddling,9,Compromised,,15.810216,74.541883,0.0,96.0,12,4,0,1,0,0
594,100210163202500003,202500003,2025-12-05,163,Mandya Town PS,Mandya,1,3,Unknown,1,Crimes Against Body,1,Murder,2,Charge Sheeted,22,12.552176,76.850222,0.0,24.0,11,5,0,1,0,0
595,400140149202600001,202600001,2026-04-27,149,Gadag Town PS,Gadag,4,2,Unknown,2,Crimes Against Property,6,Theft,1,Under Investigation,,15.404895,75.68485,24.0,24.0,4,0,0,1,0,0
596,100050125202400001,202400001,2024-04-15,125,Rajajinagar PS,Bengaluru Urban,1,2,Unknown,14,Sexual Offences,49,Gang Rape,2,Charge Sheeted,33,13.059553,77.605528,48.0,24.0,4,6,0,1,0,0
597,100110142202400001,202400001,2024-11-23,142,Mangalore East PS,Dakshina Kannada,1,2,Unknown,2,Crimes Against Property,9,Burglary,2,Charge Sheeted,1,12.898464,74.844307,48.0,48.0,11,1,0,1,0,0
598,100260176202600002,202600002,2026-06-05,176,Tumakuru Town PS,Tumakuru,1,2,Unknown,6,Economic Offences,23,Cheating,1,Under Investigation,,13.282085,77.073025,24.0,24.0,6,1,0,1,0,0
599,100070132202400002,202400002,2024-01-15,132,Chamarajanagara Rural PS,Chamarajanagara,1,3,Unknown,1,Crimes Against Body,2,Attempt to Murder,4,Acquitted,8,11.889829,76.961027,24.0,24.0,1,6,0,1,0,1
600,300050122202500001,202500001,2025-06-05,122,Yelahanka PS,Bengaluru Urban,3,2,Unknown,3,Crimes Against Women,15,Acid Attack,1,Under Investigation,,13.046523,77.509958,24.0,24.0,6,0,0,1,0,0
601,300060130202500001,202500001,2025-11-09,130,Bidar Rural PS,Bidar,3,2,Unknown,2,Crimes Against Property,8,Dacoity,7,Pending Trial,1,17.896498,77.558482,24.0,24.0,11,5,0,1,1,1
602,300090135202500001,202500001,2025-08-23,135,Chikkamagaluru Town PS,Chikkamagaluru,3,2,Unknown,3,Crimes Against Women,11,Dowry Death,1,Under Investigation,,13.374528,75.749447,0.0,48.0,8,0,0,1,0,0
603,100050116202500012,202500012,2025-08-02,116,Electronic City PS,Bengaluru Urban,1,1,Unknown,1,Crimes Against Body,2,Attempt to Murder,3,Convicted,33,13.022746,77.594138,24.0,120.0,7,0,0,1,1,1
604,100220170202400003,202400003,2024-08-27,170,Vidyaranyapuram PS,Mysuru,1,2,Unknown,1,Crimes Against Body,3,Culpable Homicide,7,Pending Trial,37,12.320693,76.646933,24.0,24.0,8,0,0,1,0,1
605,100220166202400003,202400003,2024-01-07,166,Jayalakshmipuram PS,Mysuru,1,2,Unknown,2,Crimes Against Property,9,Burglary,1,Under Investigation,,12.314996,76.688385,24.0,96.0,12,6,0,1,0,0
606,100280178202500004,202500004,2025-03-19,178,Uttara Kannada Town PS,Uttara Kannada,1,2,Unknown,1,Crimes Against Body,5,Grievous Hurt,6,Closed (False Case),,14.832828,74.717977,24.0,48.0,3,0,0,1,0,1
607,100180158202600001,202600001,2026-05-16,158,Kodagu Rural PS,Kodagu,1,2,Unknown,3,Crimes Against Women,14,Stalking,5,Closed (Undetected),,12.477939,75.750218,0.0,24.0,5,1,0,1,0,1
608,100040112202600002,202600002,2026-02-14,112,Bengaluru Rural Town PS,Bengaluru Rural,1,2,Unknown,11,Traffic Related Offences,42,Drunken Driving,2,Charge Sheeted,1,13.27073,77.622085,48.0,168.0,2,5,0,1,1,0
609,300050116202600002,202600002,2026-01-06,116,Electronic City PS,Bengaluru Urban,3,3,Unknown,1,Crimes Against Body,3,Culpable Homicide,3,Convicted,36,12.961494,77.603756,0.0,0.0,1,1,0,1,1,1
610,100060130202500005,202500005,2025-07-14,130,Bidar Rural PS,Bidar,1,2,Unknown,3,Crimes Against Women,14,Stalking,1,Under Investigation,,17.95372,77.554276,48.0,72.0,7,0,0,1,0,0
611,100260176202400007,202400007,2024-04-11,176,Tumakuru Town PS,Tumakuru,1,2,Unknown,2,Crimes Against Property,8,Dacoity,2,Charge Sheeted,1,13.322249,77.133453,24.0,48.0,4,1,0,1,1,0
612,100050124202500004,202500004,2025-07-20,124,Banashankari PS,Bengaluru Urban,1,1,Unknown,8,Drug/Narcotic Offences,32,Ganja Possession,7,Pending Trial,6,13.081489,77.682368,48.0,120.0,7,1,0,1,1,1
613,100050115202400013,202400013,2024-03-07,115,Whitefield PS,Bengaluru Urban,1,2,Unknown,6,Economic Offences,23,Cheating,7,Pending Trial,40,13.049311,77.507175,48.0,96.0,3,4,0,1,0,1
614,100050116202400011,202400011,2024-11-27,116,Electronic City PS,Bengaluru Urban,1,2,Unknown,15,Other IPC Crimes,53,Defamation,1,Under Investigation,,12.994432,77.659134,48.0,48.0,11,0,0,1,0,0
615,200280178202400001,202400001,2024-06-13,178,Uttara Kannada Town PS,Uttara Kannada,2,2,Unknown,6,Economic Offences,23,Cheating,1,Under Investigation,,14.759695,74.748113,48.0,48.0,6,1,0,1,0,0
616,400170156202400001,202400001,2024-07-06,156,Kalaburagi (Gulbarga) Rural PS,Kalaburagi (Gulbarga),4,2,Unknown,7,Cyber Crimes,28,Identity Theft,1,Under Investigation,,17.343144,76.885431,48.0,24.0,7,4,0,1,0,0
617,100050115202500009,202500009,2025-10-08,115,Whitefield PS,Bengaluru Urban,1,1,Unknown,2,Crimes Against Property,10,Vehicle Theft,3,Convicted,36,12.988579,77.699343,24.0,24.0,10,0,0,1,1,1
618,100140149202600001,202600001,2026-01-13,149,Gadag Town PS,Gadag,1,2,Unknown,7,Cyber Crimes,29,Cyber Stalking,5,Closed (Undetected),,15.426512,75.681419,0.0,0.0,1,1,0,1,0,1
619,100100138202400002,202400002,2024-05-30,138,Chitradurga Rural PS,Chitradurga,1,2,Unknown,3,Crimes Against Women,13,Sexual Harassment,1,Under Investigation,,14.246344,76.438269,48.0,24.0,5,2,0,1,0,0
620,100080133202400003,202400003,2024-09-13,133,Chikkaballapura Town PS,Chikkaballapura,1,2,Unknown,1,Crimes Against Body,2,Attempt to Murder,2,Charge Sheeted,9,13.387398,77.735286,48.0,72.0,9,6,0,1,1,0
621,100160153202600002,202600002,2026-02-27,153,Haveri Town PS,Haveri,1,2,Unknown,11,Traffic Related Offences,40,Rash Driving,10,Abated,,14.78694,75.402023,0.0,72.0,2,4,0,1,0,0
622,100050126202500003,202500003,2025-08-18,126,Hebbal PS,Bengaluru Urban,1,1,Unknown,11,Traffic Related Offences,42,Drunken Driving,1,Under Investigation,,12.982379,77.539942,24.0,48.0,8,2,0,1,0,0
623,100080133202400004,202400004,2024-03-03,133,Chikkaballapura Town PS,Chikkaballapura,1,2,Unknown,2,Crimes Against Property,8,Dacoity,2,Charge Sheeted,9,13.417545,77.764998,24.0,24.0,3,4,0,1,0,0
624,200050114202600001,202600001,2026-07-17,114,Cubbon Park PS,Bengaluru Urban,2,1,Unknown,8,Drug/Narcotic Offences,33,NDPS Trafficking,7,Pending Trial,1,13.05703,77.536431,48.0,48.0,7,0,0,1,1,1
625,100050127202400002,202400002,2024-11-03,127,Peenya PS,Bengaluru Urban,1,1,Unknown,1,Crimes Against Body,1,Murder,2,Charge Sheeted,35,13.077586,77.565831,24.0,24.0,11,5,0,1,0,0
626,300050125202600001,202600001,2026-02-15,125,Rajajinagar PS,Bengaluru Urban,3,1,Unknown,1,Crimes Against Body,1,Murder,2,Charge Sheeted,35,12.998195,77.625285,24.0,120.0,2,0,0,1,1,0
627,100030109202500002,202500002,2025-07-09,109,Shahapur PS,Belagavi (Belgaum),1,1,Unknown,2,Crimes Against Property,7,Robbery,1,Under Investigation,,15.877029,74.585187,24.0,24.0,7,1,0,1,0,0
628,300300180202400001,202400001,2024-04-26,180,Vijayapura Town PS,Vijayapura,3,1,Unknown,6,Economic Offences,23,Cheating,2,Charge Sheeted,31,16.793388,75.675803,48.0,72.0,4,5,0,1,0,0
629,100300180202500001,202500001,2025-06-09,180,Vijayapura Town PS,Vijayapura,1,2,Unknown,3,Crimes Against Women,13,Sexual Harassment,2,Charge Sheeted,1,16.837056,75.674645,0.0,24.0,6,4,0,1,1,0
630,100250175202400003,202400003,2024-01-29,175,Shivamogga Town PS,Shivamogga,1,2,Unknown,3,Crimes Against Women,11,Dowry Death,7,Pending Trial,26,13.901364,75.57586,0.0,0.0,1,2,0,1,1,1
631,800050118202600001,202600001,2026-05-02,118,Jayanagar PS,Bengaluru Urban,8,1,Unknown,6,Economic Offences,24,Criminal Breach of Trust,1,Under Investigation,,13.049914,77.692246,24.0,48.0,4,5,0,1,0,0
632,100050124202400002,202400002,2024-06-30,124,Banashankari PS,Bengaluru Urban,1,2,Unknown,6,Economic Offences,26,Bank Fraud,2,Charge Sheeted,35,12.96409,77.663004,48.0,144.0,6,0,0,1,1,0
633,100130148202600003,202600003,2026-07-14,148,Dharwad Rural PS,Dharwad,1,2,Unknown,3,Crimes Against Women,14,Stalking,2,Charge Sheeted,14,15.401892,75.002161,0.0,0.0,7,6,0,1,1,0
634,100220165202600004,202600004,2026-05-12,165,Devaraja PS,Mysuru,1,1,Unknown,2,Crimes Against Property,8,Dacoity,8,Referred to Another PS,,12.340979,76.643699,0.0,72.0,5,2,0,1,0,0
635,100140150202500006,202500006,2025-09-29,150,Gadag Rural PS,Gadag,1,2,Unknown,7,Cyber Crimes,30,Data Theft,2,Charge Sheeted,15,15.48999,75.582664,24.0,0.0,9,0,0,1,1,0
636,100030110202400002,202400002,2024-05-27,110,Gandhinagar PS,Belagavi (Belgaum),1,3,Unknown,11,Traffic Related Offences,41,Hit and Run,2,Charge Sheeted,4,15.886234,74.589444,0.0,0.0,5,6,0,1,1,0
637,100220165202500011,202500011,2025-08-20,165,Devaraja PS,Mysuru,1,2,Unknown,6,Economic Offences,23,Cheating,2,Charge Sheeted,1,12.346245,76.685695,24.0,24.0,8,6,0,1,1,0
638,300230173202600001,202600001,2026-05-11,173,Raichur Town PS,Raichur,3,2,Unknown,11,Traffic Related Offences,42,Drunken Driving,7,Pending Trial,1,16.189734,77.30794,24.0,24.0,5,3,0,1,1,1
639,100030110202500003,202500003,2025-06-16,110,Gandhinagar PS,Belagavi (Belgaum),1,2,Unknown,7,Cyber Crimes,29,Cyber Stalking,1,Under Investigation,,15.87392,74.57283,24.0,0.0,6,0,0,1,0,0
640,100310181202500002,202500002,2025-04-20,181,Yadgir Town PS,Yadgir,1,2,Unknown,8,Drug/Narcotic Offences,33,NDPS Trafficking,1,Under Investigation,,16.826427,77.143315,48.0,48.0,4,3,0,1,0,0
641,100210164202400002,202400002,2024-09-02,164,Mandya Rural PS,Mandya,1,2,Unknown,7,Cyber Crimes,31,Phishing,1,Under Investigation,,12.465483,76.904338,24.0,96.0,8,0,0,1,0,0
642,400050117202400002,202400002,2024-03-22,117,Koramangala PS,Bengaluru Urban,4,1,Unknown,2,Crimes Against Property,6,Theft,1,Under Investigation,,13.040974,77.666431,24.0,72.0,3,0,0,1,0,0
643,100050119202400002,202400002,2024-11-22,119,HSR Layout PS,Bengaluru Urban,1,2,Unknown,12,Environmental Offences,44,Illegal Tree Felling,1,Under Investigation,,13.055044,77.630885,24.0,72.0,11,0,0,1,0,0
644,100050128202500002,202500002,2025-02-09,128,Basavanagudi PS,Bengaluru Urban,1,2,Unknown,2,Crimes Against Property,55,Chain Snatching,1,Under Investigation,,12.94717,77.655918,0.0,0.0,2,6,0,1,0,0
645,100050115202400014,202400014,2024-10-22,115,Whitefield PS,Bengaluru Urban,1,2,Unknown,11,Traffic Related Offences,40,Rash Driving,4,Acquitted,40,13.052852,77.606314,24.0,48.0,10,4,0,1,0,1
646,100060129202500002,202500002,2025-12-20,129,Bidar Town PS,Bidar,1,2,Unknown,12,Environmental Offences,44,Illegal Tree Felling,1,Under Investigation,,17.922841,77.491811,48.0,24.0,12,4,0,1,0,0
647,100200161202500002,202500002,2025-08-15,161,Koppal Town PS,Koppal,1,2,Unknown,10,Crimes Against Public Order,38,Unlawful Assembly,2,Charge Sheeted,1,15.374186,76.203456,0.0,48.0,8,0,0,1,1,0
648,100180157202400001,202400001,2024-02-18,157,Kodagu Town PS,Kodagu,1,1,Unknown,7,Cyber Crimes,31,Phishing,7,Pending Trial,19,12.389896,75.781574,48.0,0.0,2,6,0,1,1,1
649,200050117202400002,202400002,2024-09-22,117,Koramangala PS,Bengaluru Urban,2,3,Unknown,3,Crimes Against Women,11,Dowry Death,1,Under Investigation,,12.989195,77.661973,24.0,72.0,9,2,0,1,0,0
650,300180157202500001,202500001,2025-01-01,157,Kodagu Town PS,Kodagu,3,2,Unknown,1,Crimes Against Body,5,Grievous Hurt,6,Closed (False Case),,12.451624,75.751835,48.0,0.0,1,2,0,1,0,1
651,100170155202400004,202400004,2024-11-15,155,Kalaburagi (Gulbarga) Town PS,Kalaburagi (Gulbarga),1,2,Unknown,8,Drug/Narcotic Offences,33,NDPS Trafficking,1,Under Investigation,,17.278243,76.792552,24.0,48.0,11,2,0,1,0,0
652,100050126202500004,202500004,2025-01-16,126,Hebbal PS,Bengaluru Urban,1,1,Unknown,2,Crimes Against Property,6,Theft,1,Under Investigation,,12.969036,77.568196,0.0,96.0,1,3,0,1,0,0
653,300050116202600003,202600003,2026-04-12,116,Electronic City PS,Bengaluru Urban,3,2,Unknown,4,Crimes Against Children,18,Child Labour,9,Compromised,,13.022701,77.62044,24.0,24.0,4,4,0,1,0,0
654,400050119202500001,202500001,2025-11-18,119,HSR Layout PS,Bengaluru Urban,4,2,Unknown,2,Crimes Against Property,7,Robbery,3,Convicted,34,13.058454,77.576729,48.0,24.0,11,0,0,1,1,1
655,100030107202600002,202600002,2026-02-02,107,Market PS,Belagavi (Belgaum),1,2,Unknown,3,Crimes Against Women,15,Acid Attack,7,Pending Trial,38,15.818123,74.518283,24.0,0.0,2,0,0,1,0,1
656,300020104202500002,202500002,2025-03-24,104,Ballari (Bellary) Town PS,Ballari (Bellary),3,2,Unknown,14,Sexual Offences,51,Unnatural Offence,6,Closed (False Case),,15.133351,76.896993,24.0,120.0,3,0,0,1,0,1
657,200270177202400001,202400001,2024-02-21,177,Udupi Town PS,Udupi,2,2,Unknown,3,Crimes Against Women,14,Stalking,2,Charge Sheeted,28,13.330331,74.703802,48.0,72.0,2,5,0,1,0,0
658,100110142202600002,202600002,2026-06-24,142,Mangalore East PS,Dakshina Kannada,1,1,Unknown,2,Crimes Against Property,9,Burglary,2,Charge Sheeted,39,12.871858,74.817742,0.0,0.0,6,4,0,1,1,0
659,100220168202400002,202400002,2024-09-13,168,Vijayanagar PS,Mysuru,1,2,Unknown,1,Crimes Against Body,2,Attempt to Murder,5,Closed (Undetected),,12.302336,76.628795,24.0,24.0,9,1,0,1,0,1
660,100010103202500004,202500004,2025-11-20,103,Bagalkote Rural PS,Bagalkote,1,1,Unknown,6,Economic Offences,25,Forgery,2,Charge Sheeted,2,16.127521,75.644441,48.0,72.0,11,0,0,1,1,0
661,100270177202500006,202500006,2025-09-16,177,Udupi Town PS,Udupi,1,2,Unknown,3,Crimes Against Women,13,Sexual Harassment,1,Under Investigation,,13.335473,74.800181,0.0,24.0,9,2,0,1,0,0
662,200050117202600002,202600002,2026-07-09,117,Koramangala PS,Bengaluru Urban,2,1,Unknown,2,Crimes Against Property,9,Burglary,2,Charge Sheeted,36,13.049443,77.658301,48.0,48.0,7,1,0,1,1,0
663,100050116202600005,202600005,2026-02-07,116,Electronic City PS,Bengaluru Urban,1,2,Unknown,10,Crimes Against Public Order,37,Rioting,2,Charge Sheeted,1,12.904203,77.512654,0.0,24.0,1,5,0,1,1,0
664,100180158202500003,202500003,2025-08-10,158,Kodagu Rural PS,Kodagu,1,2,Unknown,13,Crimes Related to Documents/Property,46,Forged Documents,7,Pending Trial,1,12.461464,75.699277,0.0,72.0,8,2,0,1,1,1
665,500260176202400001,202400001,2024-04-07,176,Tumakuru Town PS,Tumakuru,5,2,Unknown,7,Cyber Crimes,30,Data Theft,2,Charge Sheeted,27,13.344135,77.149056,0.0,48.0,4,0,0,1,1,0
666,100280178202600004,202600004,2026-07-16,178,Uttara Kannada Town PS,Uttara Kannada,1,1,Unknown,2,Crimes Against Property,8,Dacoity,2,Charge Sheeted,1,14.73236,74.722444,24.0,48.0,7,1,0,1,1,0
667,200220165202400003,202400003,2024-06-14,165,Devaraja PS,Mysuru,2,1,Unknown,3,Crimes Against Women,12,Domestic Violence,1,Under Investigation,,12.325001,76.650249,0.0,0.0,6,3,0,1,0,0
668,500050116202400001,202400001,2024-09-11,116,Electronic City PS,Bengaluru Urban,5,1,Unknown,1,Crimes Against Body,4,Assault,7,Pending Trial,1,12.92631,77.58561,48.0,120.0,9,4,0,1,0,1
669,100290179202500002,202500002,2025-09-23,179,Vijayanagara Town PS,Vijayanagara,1,2,Unknown,2,Crimes Against Property,8,Dacoity,2,Charge Sheeted,30,15.280758,76.433835,24.0,48.0,9,5,0,1,0,0
670,100050117202400010,202400010,2024-09-04,117,Koramangala PS,Bengaluru Urban,1,2,Unknown,9,Arms Act Offences,36,Illegal Arms Manufacturing,2,Charge Sheeted,6,12.920857,77.567557,48.0,48.0,8,4,0,1,1,0
671,300210163202500001,202500001,2025-07-30,163,Mandya Town PS,Mandya,3,2,Unknown,7,Cyber Crimes,27,Online Fraud,2,Charge Sheeted,1,12.57896,76.870131,0.0,0.0,7,0,0,1,0,0
672,100050117202400011,202400011,2024-10-12,117,Koramangala PS,Bengaluru Urban,1,2,Unknown,2,Crimes Against Property,9,Burglary,1,Under Investigation,,12.914028,77.652504,24.0,24.0,10,4,0,1,0,0
673,100210163202600001,202600001,2026-02-18,163,Mandya Town PS,Mandya,1,2,Unknown,7,Cyber Crimes,30,Data Theft,7,Pending Trial,1,12.541522,76.914442,24.0,0.0,2,2,0,1,1,1
674,100050127202400003,202400003,2024-07-22,127,Peenya PS,Bengaluru Urban,1,2,Unknown,4,Crimes Against Children,17,Child Trafficking,7,Pending Trial,36,13.083519,77.685386,48.0,96.0,7,0,0,1,1,1
675,300060130202500002,202500002,2025-08-03,130,Bidar Rural PS,Bidar,3,2,Unknown,8,Drug/Narcotic Offences,34,Drug Peddling,1,Under Investigation,,17.92964,77.537809,0.0,48.0,7,2,0,1,0,0
676,100160154202500003,202500003,2025-10-07,154,Haveri Rural PS,Haveri,1,1,Unknown,2,Crimes Against Property,55,Chain Snatching,2,Charge Sheeted,17,14.830483,75.399493,0.0,48.0,10,3,0,1,1,0
677,100060129202400004,202400004,2024-09-04,129,Bidar Town PS,Bidar,1,2,Unknown,2,Crimes Against Property,6,Theft,1,Under Investigation,,17.948054,77.480054,24.0,24.0,8,2,0,1,0,0
678,300220166202500001,202500001,2025-05-30,166,Jayalakshmipuram PS,Mysuru,3,2,Unknown,3,Crimes Against Women,14,Stalking,2,Charge Sheeted,1,12.333268,76.653731,48.0,144.0,5,4,0,1,1,0
679,100050128202500003,202500003,2025-04-04,128,Basavanagudi PS,Bengaluru Urban,1,1,Unknown,7,Cyber Crimes,28,Identity Theft,1,Under Investigation,,13.027249,77.669714,24.0,48.0,3,5,0,1,0,0
680,300250175202400001,202400001,2024-04-08,175,Shivamogga Town PS,Shivamogga,3,2,Unknown,7,Cyber Crimes,27,Online Fraud,2,Charge Sheeted,26,13.876323,75.601051,0.0,0.0,4,4,0,1,1,0
681,100110140202600002,202600002,2026-05-30,140,Mangalore North PS,Dakshina Kannada,1,2,Unknown,6,Economic Offences,23,Cheating,5,Closed (Undetected),,12.887784,74.881702,0.0,120.0,5,0,0,1,0,1
682,100030111202600001,202600001,2026-04-22,111,Khadebazar PS,Belagavi (Belgaum),1,2,Unknown,6,Economic Offences,23,Cheating,1,Under Investigation,,15.81561,74.501428,24.0,72.0,4,5,0,1,0,0
683,100140149202500004,202500004,2025-08-24,149,Gadag Town PS,Gadag,1,1,Unknown,6,Economic Offences,24,Criminal Breach of Trust,10,Abated,,15.465066,75.578878,24.0,24.0,8,2,0,1,0,0
684,100220171202500002,202500002,2025-08-20,171,Kuvempunagar PS,Mysuru,1,2,Unknown,2,Crimes Against Property,9,Burglary,7,Pending Trial,37,12.332777,76.681305,0.0,0.0,8,1,0,1,1,1
685,100030107202600003,202600003,2026-06-04,107,Market PS,Belagavi (Belgaum),1,2,Unknown,7,Cyber Crimes,27,Online Fraud,7,Pending Trial,1,15.866595,74.579254,48.0,144.0,5,4,0,1,1,1
686,100250175202600001,202600001,2026-03-23,175,Shivamogga Town PS,Shivamogga,1,3,Unknown,2,Crimes Against Property,10,Vehicle Theft,1,Under Investigation,,13.893427,75.554459,48.0,48.0,3,5,0,1,0,0
687,300220172202500001,202500001,2025-02-05,172,Bannimantap PS,Mysuru,3,3,Unknown,2,Crimes Against Property,6,Theft,7,Pending Trial,23,12.329044,76.67583,48.0,48.0,2,5,0,1,1,1
688,300050115202400003,202400003,2024-07-15,115,Whitefield PS,Bengaluru Urban,3,2,Unknown,3,Crimes Against Women,11,Dowry Death,3,Convicted,35,13.01354,77.511371,0.0,0.0,7,0,0,1,1,1
689,100030108202600001,202600001,2026-03-02,108,Tilakwadi PS,Belagavi (Belgaum),1,2,Unknown,2,Crimes Against Property,9,Burglary,2,Charge Sheeted,38,15.83548,74.559257,48.0,0.0,3,0,0,1,1,0
690,200220165202500003,202500003,2025-07-10,165,Devaraja PS,Mysuru,2,1,Unknown,2,Crimes Against Property,7,Robbery,1,Under Investigation,,12.318647,76.686647,0.0,24.0,7,5,0,1,0,0
691,100050116202600006,202600006,2026-06-14,116,Electronic City PS,Bengaluru Urban,1,2,Unknown,2,Crimes Against Property,7,Robbery,1,Under Investigation,,13.088826,77.530141,48.0,120.0,6,1,0,1,0,0
692,100050118202400003,202400003,2024-06-26,118,Jayanagar PS,Bengaluru Urban,1,2,Unknown,1,Crimes Against Body,4,Assault,1,Under Investigation,,12.933092,77.534637,24.0,0.0,6,2,0,1,0,0
693,100060130202500006,202500006,2025-03-28,130,Bidar Rural PS,Bidar,1,1,Unknown,7,Cyber Crimes,31,Phishing,3,Convicted,7,17.906214,77.542638,48.0,96.0,3,6,0,1,1,1
694,100010103202600003,202600003,2026-01-17,103,Bagalkote Rural PS,Bagalkote,1,2,Unknown,2,Crimes Against Property,7,Robbery,1,Under Investigation,,16.176586,75.674389,24.0,0.0,1,5,0,1,0,0
695,100300180202400003,202400003,2024-10-21,180,Vijayapura Town PS,Vijayapura,1,2,Unknown,2,Crimes Against Property,7,Robbery,3,Convicted,31,16.846146,75.651164,48.0,0.0,10,0,0,1,0,1
696,100280178202500005,202500005,2025-08-15,178,Uttara Kannada Town PS,Uttara Kannada,1,2,Unknown,1,Crimes Against Body,1,Murder,1,Under Investigation,,14.788569,74.662365,48.0,0.0,8,4,0,1,0,0
697,100220171202500003,202500003,2025-05-29,171,Kuvempunagar PS,Mysuru,1,1,Unknown,1,Crimes Against Body,4,Assault,2,Charge Sheeted,1,12.329194,76.658053,48.0,72.0,5,6,0,1,1,0
698,100140150202500007,202500007,2025-03-30,150,Gadag Rural PS,Gadag,1,2,Unknown,2,Crimes Against Property,6,Theft,6,Closed (False Case),,15.464557,75.632452,48.0,24.0,3,5,0,1,0,1
699,100120146202400002,202400002,2024-05-16,146,Davanagere Rural PS,Davanagere,1,2,Unknown,2,Crimes Against Property,55,Chain Snatching,6,Closed (False Case),,14.413637,75.920725,24.0,24.0,5,2,0,1,0,1
700,100180157202400002,202400002,2024-02-05,157,Kodagu Town PS,Kodagu,1,2,Unknown,4,Crimes Against Children,18,Child Labour,1,Under Investigation,,12.410192,75.761366,48.0,48.0,2,5,0,1,0,0
701,100220165202400006,202400006,2024-04-09,165,Devaraja PS,Mysuru,1,2,Unknown,11,Traffic Related Offences,42,Drunken Driving,1,Under Investigation,,12.317458,76.641521,0.0,0.0,4,3,0,1,0,0
702,300050118202400001,202400001,2024-12-16,118,Jayanagar PS,Bengaluru Urban,3,2,Unknown,13,Crimes Related to Documents/Property,47,Land Fraud,9,Compromised,,13.071099,77.673942,48.0,24.0,12,6,0,1,0,0
703,100050116202400012,202400012,2024-11-07,116,Electronic City PS,Bengaluru Urban,1,2,Unknown,6,Economic Offences,24,Criminal Breach of Trust,7,Pending Trial,1,12.960131,77.524216,48.0,96.0,10,3,0,1,1,1
704,300050115202400004,202400004,2024-03-18,115,Whitefield PS,Bengaluru Urban,3,2,Unknown,8,Drug/Narcotic Offences,34,Drug Peddling,2,Charge Sheeted,40,13.066558,77.598473,0.0,0.0,3,6,0,1,1,0
705,100050116202400013,202400013,2024-09-26,116,Electronic City PS,Bengaluru Urban,1,2,Unknown,3,Crimes Against Women,12,Domestic Violence,1,Under Investigation,,12.908989,77.67695,0.0,48.0,9,4,0,1,0,0
706,100010103202400004,202400004,2024-06-06,103,Bagalkote Rural PS,Bagalkote,1,2,Unknown,1,Crimes Against Body,3,Culpable Homicide,1,Under Investigation,,16.229738,75.681737,48.0,144.0,5,4,0,1,0,0
707,300170156202400001,202400001,2024-04-20,156,Kalaburagi (Gulbarga) Rural PS,Kalaburagi (Gulbarga),3,2,Unknown,2,Crimes Against Property,7,Robbery,5,Closed (Undetected),,17.376223,76.880314,24.0,48.0,4,1,0,1,0,1
708,100060130202400002,202400002,2024-07-22,130,Bidar Rural PS,Bidar,1,2,Unknown,3,Crimes Against Women,12,Domestic Violence,1,Under Investigation,,17.927838,77.538044,0.0,0.0,7,5,0,1,0,0
709,100300180202500002,202500002,2025-07-02,180,Vijayapura Town PS,Vijayapura,1,3,Unknown,4,Crimes Against Children,18,Child Labour,2,Charge Sheeted,1,16.876779,75.738453,0.0,96.0,6,4,0,1,1,0
710,100050121202600002,202600002,2026-03-08,121,Marathahalli PS,Bengaluru Urban,1,3,Unknown,1,Crimes Against Body,2,Attempt to Murder,4,Acquitted,35,13.092887,77.577208,24.0,96.0,3,1,0,1,0,1
711,300050115202500004,202500004,2025-04-07,115,Whitefield PS,Bengaluru Urban,3,1,Unknown,2,Crimes Against Property,6,Theft,2,Charge Sheeted,36,12.919402,77.636273,48.0,120.0,4,2,0,1,1,0
712,100150152202400001,202400001,2024-08-07,152,Hassan Rural PS,Hassan,1,2,Unknown,1,Crimes Against Body,3,Culpable Homicide,2,Charge Sheeted,1,12.957802,76.095112,48.0,48.0,8,6,0,1,1,0
713,100270177202600001,202600001,2026-01-06,177,Udupi Town PS,Udupi,1,2,Unknown,9,Arms Act Offences,35,Illegal Firearm Possession,7,Pending Trial,1,13.324235,74.708998,24.0,96.0,1,3,0,1,1,1
714,100050116202500013,202500013,2025-03-02,116,Electronic City PS,Bengaluru Urban,1,2,Unknown,2,Crimes Against Property,55,Chain Snatching,2,Charge Sheeted,33,12.933247,77.612573,24.0,24.0,2,3,0,1,1,0
715,100260176202500008,202500008,2025-06-09,176,Tumakuru Town PS,Tumakuru,1,2,Unknown,1,Crimes Against Body,4,Assault,2,Charge Sheeted,1,13.281136,77.085214,24.0,48.0,6,3,0,1,0,0
716,100050117202500010,202500010,2025-01-21,117,Koramangala PS,Bengaluru Urban,1,2,Unknown,2,Crimes Against Property,55,Chain Snatching,2,Charge Sheeted,1,13.07757,77.63704,48.0,48.0,1,6,0,1,1,0
717,800020104202500001,202500001,2025-01-06,104,Ballari (Bellary) Town PS,Ballari (Bellary),8,2,Unknown,11,Traffic Related Offences,41,Hit and Run,1,Under Investigation,,15.088187,76.892344,0.0,0.0,1,4,0,1,0,0
718,100290179202400003,202400003,2024-02-10,179,Vijayanagara Town PS,Vijayanagara,1,2,Unknown,3,Crimes Against Women,12,Domestic Violence,1,Under Investigation,,15.180658,76.401446,24.0,0.0,2,5,0,1,0,0
719,100090136202600004,202600004,2026-04-18,136,Chikkamagaluru Rural PS,Chikkamagaluru,1,1,Unknown,2,Crimes Against Property,55,Chain Snatching,2,Charge Sheeted,1,13.266476,75.740938,48.0,0.0,4,5,0,1,1,0
720,100230173202500007,202500007,2025-08-29,173,Raichur Town PS,Raichur,1,2,Unknown,2,Crimes Against Property,9,Burglary,1,Under Investigation,,16.153653,77.313664,48.0,24.0,8,3,0,1,0,0
721,100160154202400002,202400002,2024-08-21,154,Haveri Rural PS,Haveri,1,2,Unknown,3,Crimes Against Women,15,Acid Attack,1,Under Investigation,,14.830309,75.44569,0.0,0.0,8,4,0,1,0,0
722,100080134202600002,202600002,2026-02-13,134,Chikkaballapura Rural PS,Chikkaballapura,1,1,Unknown,1,Crimes Against Body,1,Murder,1,Under Investigation,,13.39916,77.758513,0.0,24.0,2,1,0,1,0,0
723,300020104202500003,202500003,2025-11-23,104,Ballari (Bellary) Town PS,Ballari (Bellary),3,1,Unknown,1,Crimes Against Body,3,Culpable Homicide,1,Under Investigation,,15.126465,76.948024,48.0,72.0,11,1,0,1,0,0
724,100050117202500011,202500011,2025-12-06,117,Koramangala PS,Bengaluru Urban,1,2,Unknown,2,Crimes Against Property,10,Vehicle Theft,2,Charge Sheeted,6,12.989689,77.617414,48.0,48.0,12,2,0,1,1,0
725,100050125202400002,202400002,2024-04-21,125,Rajajinagar PS,Bengaluru Urban,1,2,Unknown,10,Crimes Against Public Order,39,Promoting Enmity,1,Under Investigation,,12.948052,77.63006,0.0,96.0,4,1,0,1,0,0
726,100280178202400004,202400004,2024-09-24,178,Uttara Kannada Town PS,Uttara Kannada,1,2,Unknown,3,Crimes Against Women,11,Dowry Death,7,Pending Trial,1,14.750317,74.737511,0.0,24.0,9,1,0,1,1,1
727,300050117202400002,202400002,2024-08-23,117,Koramangala PS,Bengaluru Urban,3,2,Unknown,12,Environmental Offences,44,Illegal Tree Felling,7,Pending Trial,1,12.943724,77.622033,48.0,72.0,8,0,0,1,1,1
728,100110139202400002,202400002,2024-01-14,139,Mangalore City (Bunder) PS,Dakshina Kannada,1,2,Unknown,1,Crimes Against Body,4,Assault,1,Under Investigation,,12.897425,74.874292,24.0,48.0,1,1,0,1,0,0
729,100270177202500007,202500007,2025-10-06,177,Udupi Town PS,Udupi,1,1,Unknown,14,Sexual Offences,51,Unnatural Offence,1,Under Investigation,,13.30789,74.731723,24.0,120.0,9,1,0,1,0,0
730,300090136202600001,202600001,2026-02-18,136,Chikkamagaluru Rural PS,Chikkamagaluru,3,2,Unknown,1,Crimes Against Body,4,Assault,7,Pending Trial,10,13.272853,75.761097,24.0,48.0,2,0,0,1,1,1
731,100260176202600003,202600003,2026-06-15,176,Tumakuru Town PS,Tumakuru,1,2,Unknown,1,Crimes Against Body,4,Assault,1,Under Investigation,,13.299471,77.159089,48.0,0.0,6,0,0,1,0,0
732,400030106202500001,202500001,2025-05-17,106,Camp PS,Belagavi (Belgaum),4,2,Unknown,8,Drug/Narcotic Offences,32,Ganja Possession,1,Under Investigation,,15.873382,74.583321,0.0,24.0,5,3,0,1,0,0
733,100110139202500002,202500002,2025-08-09,139,Mangalore City (Bunder) PS,Dakshina Kannada,1,2,Unknown,2,Crimes Against Property,55,Chain Snatching,5,Closed (Undetected),,12.895949,74.846565,0.0,72.0,8,0,0,1,0,1
734,500260176202600001,202600001,2026-03-10,176,Tumakuru Town PS,Tumakuru,5,2,Unknown,11,Traffic Related Offences,41,Hit and Run,1,Under Investigation,,13.361309,77.158835,48.0,0.0,3,1,0,1,0,0
735,200280178202400002,202400002,2024-10-21,178,Uttara Kannada Town PS,Uttara Kannada,2,2,Unknown,3,Crimes Against Women,13,Sexual Harassment,2,Charge Sheeted,1,14.839743,74.687882,0.0,24.0,10,5,0,1,1,0
736,100050117202400012,202400012,2024-11-23,117,Koramangala PS,Bengaluru Urban,1,2,Unknown,9,Arms Act Offences,35,Illegal Firearm Possession,1,Under Investigation,,12.920014,77.645812,48.0,72.0,11,1,0,1,0,0
737,100050117202400013,202400013,2024-01-21,117,Koramangala PS,Bengaluru Urban,1,2,Unknown,7,Cyber Crimes,28,Identity Theft,2,Charge Sheeted,1,12.943137,77.538835,24.0,72.0,1,1,0,1,0,0
738,300220165202600001,202600001,2026-02-28,165,Devaraja PS,Mysuru,3,3,Unknown,8,Drug/Narcotic Offences,33,NDPS Trafficking,3,Convicted,1,12.34603,76.676675,48.0,48.0,2,3,0,1,0,1
739,100050117202500012,202500012,2025-10-12,117,Koramangala PS,Bengaluru Urban,1,2,Unknown,1,Crimes Against Body,2,Attempt to Murder,1,Under Investigation,,13.071364,77.604291,24.0,48.0,10,4,0,1,0,0
740,100130147202400002,202400002,2024-05-24,147,Dharwad Town PS,Dharwad,1,2,Unknown,9,Arms Act Offences,35,Illegal Firearm Possession,3,Convicted,1,15.474458,75.05773,24.0,48.0,5,0,0,1,1,1
741,400020105202500001,202500001,2025-09-25,105,Ballari (Bellary) Rural PS,Ballari (Bellary),4,2,Unknown,4,Crimes Against Children,18,Child Labour,1,Under Investigation,,15.188012,76.878719,0.0,0.0,9,3,0,1,0,0
742,300050124202600001,202600001,2026-03-15,124,Banashankari PS,Bengaluru Urban,3,2,Unknown,2,Crimes Against Property,55,Chain Snatching,6,Closed (False Case),,12.962767,77.673554,24.0,48.0,3,3,0,1,0,1
743,800070132202500001,202500001,2025-06-02,132,Chamarajanagara Rural PS,Chamarajanagara,8,2,Unknown,14,Sexual Offences,51,Unnatural Offence,1,Under Investigation,,11.896638,76.972878,24.0,72.0,5,0,0,1,0,0
744,100030109202500003,202500003,2025-07-19,109,Shahapur PS,Belagavi (Belgaum),1,2,Unknown,2,Crimes Against Property,6,Theft,1,Under Investigation,,15.891186,74.51877,0.0,0.0,7,3,0,1,0,0
745,100050121202500001,202500001,2025-05-09,121,Marathahalli PS,Bengaluru Urban,1,3,Unknown,7,Cyber Crimes,28,Identity Theft,6,Closed (False Case),,12.956969,77.51118,24.0,0.0,5,4,0,1,0,1
746,100130147202600002,202600002,2026-01-22,147,Dharwad Town PS,Dharwad,1,1,Unknown,1,Crimes Against Body,1,Murder,1,Under Investigation,,15.408952,75.034123,24.0,72.0,1,0,0,1,0,0
747,100180157202600001,202600001,2026-07-20,157,Kodagu Town PS,Kodagu,1,2,Unknown,2,Crimes Against Property,6,Theft,1,Under Investigation,,12.464374,75.717939,24.0,24.0,7,3,0,1,0,0
748,100050116202500014,202500014,2025-08-12,116,Electronic City PS,Bengaluru Urban,1,1,Unknown,7,Cyber Crimes,28,Identity Theft,1,Under Investigation,,13.077617,77.527274,48.0,48.0,8,4,0,1,0,0
749,100050119202400003,202400003,2024-12-17,119,HSR Layout PS,Bengaluru Urban,1,2,Unknown,8,Drug/Narcotic Offences,33,NDPS Trafficking,1,Under Investigation,,12.908517,77.651782,0.0,24.0,12,3,0,1,0,0
750,100120146202400003,202400003,2024-05-25,146,Davanagere Rural PS,Davanagere,1,3,Unknown,1,Crimes Against Body,3,Culpable Homicide,1,Under Investigation,,14.488121,75.95751,24.0,0.0,5,5,0,1,0,0
751,100280178202500006,202500006,2025-07-11,178,Uttara Kannada Town PS,Uttara Kannada,1,3,Unknown,5,Crimes Against SCs/STs,22,Caste Abuse,6,Closed (False Case),,14.821891,74.699029,0.0,0.0,7,3,0,1,0,1
752,200260176202400001,202400001,2024-11-10,176,Tumakuru Town PS,Tumakuru,2,2,Unknown,4,Crimes Against Children,19,Missing Child,6,Closed (False Case),,13.322769,77.057998,48.0,48.0,11,3,0,1,0,1
753,300110141202400001,202400001,2024-06-11,141,Mangalore South PS,Dakshina Kannada,3,2,Unknown,7,Cyber Crimes,28,Identity Theft,1,Under Investigation,,12.861889,74.86973,24.0,48.0,6,4,0,1,0,0
754,100050115202600006,202600006,2026-06-12,115,Whitefield PS,Bengaluru Urban,1,2,Unknown,3,Crimes Against Women,11,Dowry Death,5,Closed (Undetected),,13.07986,77.691107,24.0,72.0,6,0,0,1,0,1
755,200050122202400002,202400002,2024-01-10,122,Yelahanka PS,Bengaluru Urban,2,2,Unknown,3,Crimes Against Women,13,Sexual Harassment,10,Abated,,13.099589,77.641096,48.0,120.0,1,3,0,1,0,0
756,100050114202400001,202400001,2024-03-12,114,Cubbon Park PS,Bengaluru Urban,1,2,Unknown,8,Drug/Narcotic Offences,32,Ganja Possession,6,Closed (False Case),,12.960264,77.534364,24.0,24.0,3,5,0,1,0,1
757,200260176202600001,202600001,2026-05-05,176,Tumakuru Town PS,Tumakuru,2,2,Unknown,11,Traffic Related Offences,42,Drunken Driving,2,Charge Sheeted,1,13.399554,77.056824,24.0,168.0,4,1,0,1,1,0
758,100270177202500008,202500008,2025-03-31,177,Udupi Town PS,Udupi,1,2,Unknown,8,Drug/Narcotic Offences,34,Drug Peddling,6,Closed (False Case),,13.388559,74.741528,24.0,24.0,3,1,0,1,0,1
759,100050125202400003,202400003,2024-01-03,125,Rajajinagar PS,Bengaluru Urban,1,2,Unknown,7,Cyber Crimes,29,Cyber Stalking,1,Under Investigation,,13.071449,77.617169,48.0,72.0,12,5,0,1,0,0
760,300050116202400001,202400001,2024-10-13,116,Electronic City PS,Bengaluru Urban,3,2,Unknown,6,Economic Offences,26,Bank Fraud,5,Closed (Undetected),,13.029541,77.631485,0.0,0.0,10,6,0,1,0,1
761,100040113202600002,202600002,2026-04-10,113,Bengaluru Rural Rural PS,Bengaluru Rural,1,2,Unknown,3,Crimes Against Women,13,Sexual Harassment,1,Under Investigation,,13.294025,77.646768,24.0,0.0,4,4,0,1,0,0
762,100220171202400003,202400003,2024-03-01,171,Kuvempunagar PS,Mysuru,1,2,Unknown,6,Economic Offences,23,Cheating,9,Compromised,,12.314052,76.693611,48.0,24.0,2,3,0,1,0,0
763,100050124202600003,202600003,2026-07-07,124,Banashankari PS,Bengaluru Urban,1,3,Unknown,8,Drug/Narcotic Offences,32,Ganja Possession,1,Under Investigation,,13.090979,77.680664,0.0,24.0,7,0,0,1,0,0
764,100050116202400014,202400014,2024-01-17,116,Electronic City PS,Bengaluru Urban,1,1,Unknown,8,Drug/Narcotic Offences,33,NDPS Trafficking,9,Compromised,,13.031544,77.67359,24.0,120.0,1,3,0,1,0,0
765,100260176202500009,202500009,2025-12-22,176,Tumakuru Town PS,Tumakuru,1,1,Unknown,1,Crimes Against Body,1,Murder,2,Charge Sheeted,27,13.325243,77.062471,0.0,0.0,12,0,0,1,1,0
766,100310181202600006,202600006,2026-02-04,181,Yadgir Town PS,Yadgir,1,2,Unknown,2,Crimes Against Property,8,Dacoity,5,Closed (Undetected),,16.731427,77.15404,48.0,48.0,1,5,0,1,0,1
767,100100138202500002,202500002,2025-07-29,138,Chitradurga Rural PS,Chitradurga,1,2,Unknown,2,Crimes Against Property,9,Burglary,2,Charge Sheeted,11,14.218089,76.422061,24.0,48.0,7,6,0,1,1,0
768,300260176202400003,202400003,2024-10-04,176,Tumakuru Town PS,Tumakuru,3,1,Unknown,1,Crimes Against Body,5,Grievous Hurt,1,Under Investigation,,13.363664,77.092997,48.0,96.0,9,0,0,1,0,0
769,100060129202400005,202400005,2024-11-17,129,Bidar Town PS,Bidar,1,1,Unknown,2,Crimes Against Property,8,Dacoity,2,Charge Sheeted,1,17.918315,77.544195,0.0,48.0,11,1,0,1,1,0
770,100210164202600002,202600002,2026-02-04,164,Mandya Rural PS,Mandya,1,3,Unknown,2,Crimes Against Property,55,Chain Snatching,2,Charge Sheeted,1,12.509014,76.865006,48.0,72.0,1,2,0,1,1,0
771,100220165202500012,202500012,2025-07-27,165,Devaraja PS,Mysuru,1,2,Unknown,9,Arms Act Offences,36,Illegal Arms Manufacturing,1,Under Investigation,,12.349481,76.668109,24.0,96.0,7,0,0,1,0,0
772,100130148202600004,202600004,2026-07-15,148,Dharwad Rural PS,Dharwad,1,2,Unknown,6,Economic Offences,24,Criminal Breach of Trust,1,Under Investigation,,15.4855,74.970063,48.0,0.0,7,2,0,1,0,0
773,100060129202400006,202400006,2024-06-26,129,Bidar Town PS,Bidar,1,2,Unknown,5,Crimes Against SCs/STs,22,Caste Abuse,7,Pending Trial,1,17.938698,77.551928,48.0,24.0,6,1,0,1,0,1
774,200050116202500002,202500002,2025-12-01,116,Electronic City PS,Bengaluru Urban,2,2,Unknown,6,Economic Offences,23,Cheating,7,Pending Trial,36,12.922711,77.630404,48.0,72.0,11,0,0,1,1,1
775,100190160202500003,202500003,2025-08-04,160,Kolar Rural PS,Kolar,1,2,Unknown,7,Cyber Crimes,31,Phishing,1,Under Investigation,,13.110764,78.170155,48.0,24.0,8,6,0,1,0,0
776,100100138202600001,202600001,2026-04-03,138,Chitradurga Rural PS,Chitradurga,1,2,Unknown,12,Environmental Offences,44,Illegal Tree Felling,6,Closed (False Case),,14.240882,76.400967,24.0,24.0,4,3,0,1,0,1
777,100070131202500001,202500001,2025-10-13,131,Chamarajanagara Town PS,Chamarajanagara,1,3,Unknown,1,Crimes Against Body,4,Assault,2,Charge Sheeted,1,11.908025,76.997126,0.0,72.0,10,4,0,1,0,0
778,100030110202400003,202400003,2024-04-29,110,Gandhinagar PS,Belagavi (Belgaum),1,1,Unknown,1,Crimes Against Body,4,Assault,5,Closed (Undetected),,15.83318,74.517714,48.0,120.0,4,0,0,1,0,1
779,100220172202600003,202600003,2026-03-06,172,Bannimantap PS,Mysuru,1,2,Unknown,10,Crimes Against Public Order,38,Unlawful Assembly,2,Charge Sheeted,23,12.326995,76.665602,48.0,120.0,3,6,0,1,1,0
780,100050116202400015,202400015,2024-12-30,116,Electronic City PS,Bengaluru Urban,1,2,Unknown,8,Drug/Narcotic Offences,32,Ganja Possession,2,Charge Sheeted,34,13.09929,77.679393,24.0,72.0,12,3,0,1,1,0
781,800100137202600001,202600001,2026-04-12,137,Chitradurga Town PS,Chitradurga,8,2,Unknown,11,Traffic Related Offences,41,Hit and Run,2,Charge Sheeted,11,14.183593,76.434599,48.0,72.0,4,6,0,1,1,0
782,100250175202600002,202600002,2026-02-21,175,Shivamogga Town PS,Shivamogga,1,2,Unknown,14,Sexual Offences,49,Gang Rape,1,Under Investigation,,13.891702,75.546941,0.0,0.0,2,2,0,1,0,0
783,100260176202500010,202500010,2025-09-05,176,Tumakuru Town PS,Tumakuru,1,2,Unknown,3,Crimes Against Women,12,Domestic Violence,1,Under Investigation,,13.335848,77.061819,48.0,48.0,9,0,0,1,0,0
784,100050121202500002,202500002,2025-08-17,121,Marathahalli PS,Bengaluru Urban,1,2,Unknown,13,Crimes Related to Documents/Property,46,Forged Documents,7,Pending Trial,6,12.99532,77.581917,24.0,48.0,8,2,0,1,1,1
785,100050128202400005,202400005,2024-11-01,128,Basavanagudi PS,Bengaluru Urban,1,2,Unknown,1,Crimes Against Body,3,Culpable Homicide,1,Under Investigation,,13.029675,77.526504,0.0,0.0,11,4,0,1,0,0
786,100110142202400002,202400002,2024-08-20,142,Mangalore East PS,Dakshina Kannada,1,2,Unknown,3,Crimes Against Women,13,Sexual Harassment,7,Pending Trial,39,12.86672,74.848377,24.0,24.0,8,0,0,1,0,1
787,100230173202400005,202400005,2024-05-01,173,Raichur Town PS,Raichur,1,2,Unknown,8,Drug/Narcotic Offences,33,NDPS Trafficking,2,Charge Sheeted,24,16.244617,77.353846,24.0,96.0,4,5,0,1,1,0
788,200170155202500001,202500001,2025-11-02,155,Kalaburagi (Gulbarga) Town PS,Kalaburagi (Gulbarga),2,2,Unknown,2,Crimes Against Property,10,Vehicle Theft,1,Under Investigation,,17.292432,76.877727,48.0,48.0,10,0,0,1,0,0
789,100030107202600004,202600004,2026-03-17,107,Market PS,Belagavi (Belgaum),1,3,Unknown,13,Crimes Related to Documents/Property,46,Forged Documents,9,Compromised,,15.878197,74.56807,24.0,24.0,3,5,0,1,0,0
790,100050115202400015,202400015,2024-07-07,115,Whitefield PS,Bengaluru Urban,1,1,Unknown,2,Crimes Against Property,7,Robbery,1,Under Investigation,,12.958148,77.529501,48.0,48.0,7,2,0,1,0,0
791,400030111202400001,202400001,2024-02-13,111,Khadebazar PS,Belagavi (Belgaum),4,2,Unknown,8,Drug/Narcotic Offences,34,Drug Peddling,3,Convicted,4,15.890491,74.583702,24.0,48.0,2,6,0,1,1,1
792,200030107202500001,202500001,2025-03-17,107,Market PS,Belagavi (Belgaum),2,2,Unknown,11,Traffic Related Offences,42,Drunken Driving,4,Acquitted,4,15.878409,74.529058,24.0,24.0,3,6,0,1,1,1
793,100070131202400001,202400001,2024-06-28,131,Chamarajanagara Town PS,Chamarajanagara,1,2,Unknown,7,Cyber Crimes,30,Data Theft,2,Charge Sheeted,8,11.897353,76.907193,0.0,96.0,6,6,0,1,1,0
794,300260176202400004,202400004,2024-04-02,176,Tumakuru Town PS,Tumakuru,3,1,Unknown,2,Crimes Against Property,55,Chain Snatching,3,Convicted,27,13.359927,77.135575,24.0,24.0,3,3,0,1,1,1
795,100250175202500002,202500002,2025-11-20,175,Shivamogga Town PS,Shivamogga,1,2,Unknown,8,Drug/Narcotic Offences,32,Ganja Possession,1,Under Investigation,,13.961213,75.553359,48.0,72.0,11,4,0,1,0,0
796,100130147202500002,202500002,2025-10-30,147,Dharwad Town PS,Dharwad,1,2,Unknown,2,Crimes Against Property,6,Theft,2,Charge Sheeted,14,15.458797,75.012446,24.0,24.0,10,1,0,1,1,0
797,100030106202500002,202500002,2025-10-07,106,Camp PS,Belagavi (Belgaum),1,2,Unknown,2,Crimes Against Property,9,Burglary,6,Closed (False Case),,15.810926,74.576227,24.0,0.0,10,1,0,1,0,1
798,100050117202600005,202600005,2026-07-16,117,Koramangala PS,Bengaluru Urban,1,2,Unknown,6,Economic Offences,24,Criminal Breach of Trust,5,Closed (Undetected),,13.0056,77.562151,48.0,96.0,7,6,0,1,0,1
799,300280178202500005,202500005,2025-04-25,178,Uttara Kannada Town PS,Uttara Kannada,3,2,Unknown,2,Crimes Against Property,10,Vehicle Theft,1,Under Investigation,,14.847975,74.732949,24.0,72.0,4,5,0,1,0,0
800,100050125202600002,202600002,2026-02-26,125,Rajajinagar PS,Bengaluru Urban,1,1,Unknown,1,Crimes Against Body,1,Murder,1,Under Investigation,,12.914021,77.507543,48.0,0.0,2,3,0,1,0,0
801,100160154202500004,202500004,2025-11-22,154,Haveri Rural PS,Haveri,1,2,Unknown,7,Cyber Crimes,28,Identity Theft,2,Charge Sheeted,17,14.772277,75.3587,0.0,0.0,11,1,0,1,0,0
802,800050117202600001,202600001,2026-07-15,117,Koramangala PS,Bengaluru Urban,8,1,Unknown,2,Crimes Against Property,9,Burglary,7,Pending Trial,1,13.078606,77.57983,0.0,0.0,7,0,0,1,1,1
803,100220171202400004,202400004,2024-11-09,171,Kuvempunagar PS,Mysuru,1,2,Unknown,2,Crimes Against Property,8,Dacoity,7,Pending Trial,1,12.327375,76.669166,0.0,24.0,11,4,0,1,1,1
804,100260176202500011,202500011,2025-01-17,176,Tumakuru Town PS,Tumakuru,1,3,Unknown,7,Cyber Crimes,30,Data Theft,2,Charge Sheeted,27,13.324584,77.146694,48.0,96.0,1,5,0,1,0,0
805,100030111202500001,202500001,2025-12-12,111,Khadebazar PS,Belagavi (Belgaum),1,2,Unknown,1,Crimes Against Body,4,Assault,7,Pending Trial,1,15.889407,74.568421,24.0,0.0,12,4,0,1,1,1
806,800310181202600001,202600001,2026-03-29,181,Yadgir Town PS,Yadgir,8,2,Unknown,7,Cyber Crimes,30,Data Theft,1,Under Investigation,,16.793033,77.151066,48.0,120.0,3,0,0,1,0,0
807,100050117202500013,202500013,2025-01-08,117,Koramangala PS,Bengaluru Urban,1,2,Unknown,1,Crimes Against Body,3,Culpable Homicide,1,Under Investigation,,13.056341,77.628042,48.0,96.0,1,2,0,1,0,0
808,100190160202600002,202600002,2026-04-10,160,Kolar Rural PS,Kolar,1,2,Unknown,2,Crimes Against Property,55,Chain Snatching,7,Pending Trial,1,13.11972,78.171652,24.0,0.0,4,4,0,1,1,1
809,100030109202600001,202600001,2026-01-15,109,Shahapur PS,Belagavi (Belgaum),1,2,Unknown,7,Cyber Crimes,31,Phishing,10,Abated,,15.865264,74.529541,0.0,24.0,1,6,0,1,0,0
810,100110144202600001,202600001,2026-07-05,144,Ullal PS,Dakshina Kannada,1,1,Unknown,5,Crimes Against SCs/STs,22,Caste Abuse,7,Pending Trial,1,12.868244,74.865868,0.0,72.0,7,3,0,1,1,1
811,100310181202600007,202600007,2026-01-22,181,Yadgir Town PS,Yadgir,1,2,Unknown,4,Crimes Against Children,16,Child Abuse,7,Pending Trial,32,16.823437,77.184925,48.0,144.0,1,4,0,1,0,1
812,100010102202400002,202400002,2024-05-13,102,Bagalkote Town PS,Bagalkote,1,3,Unknown,11,Traffic Related Offences,40,Rash Driving,1,Under Investigation,,16.230431,75.699629,48.0,48.0,5,5,0,1,0,0
813,100090135202500003,202500003,2025-11-13,135,Chikkamagaluru Town PS,Chikkamagaluru,1,2,Unknown,3,Crimes Against Women,14,Stalking,1,Under Investigation,,13.314207,75.744429,48.0,24.0,11,2,0,1,0,0
814,100220172202400002,202400002,2024-11-17,172,Bannimantap PS,Mysuru,1,1,Unknown,1,Crimes Against Body,2,Attempt to Murder,1,Under Investigation,,12.343724,76.685353,0.0,0.0,11,6,0,1,0,0
815,100130148202400003,202400003,2024-12-06,148,Dharwad Rural PS,Dharwad,1,2,Unknown,11,Traffic Related Offences,40,Rash Driving,2,Charge Sheeted,1,15.415399,75.068932,48.0,48.0,12,0,0,1,1,0
816,100220165202400007,202400007,2024-11-05,165,Devaraja PS,Mysuru,1,1,Unknown,2,Crimes Against Property,10,Vehicle Theft,1,Under Investigation,,12.346553,76.649167,48.0,48.0,10,3,0,1,0,0
817,100250175202500003,202500003,2025-08-07,175,Shivamogga Town PS,Shivamogga,1,1,Unknown,6,Economic Offences,26,Bank Fraud,7,Pending Trial,26,13.944884,75.582703,0.0,144.0,8,4,0,1,1,1
818,200270177202400002,202400002,2024-01-28,177,Udupi Town PS,Udupi,2,2,Unknown,1,Crimes Against Body,3,Culpable Homicide,5,Closed (Undetected),,13.284803,74.77169,24.0,144.0,1,0,0,1,0,1
819,100110143202500002,202500002,2025-10-13,143,Mangalore West PS,Dakshina Kannada,1,2,Unknown,10,Crimes Against Public Order,39,Promoting Enmity,4,Acquitted,12,12.909492,74.840711,0.0,0.0,10,0,0,1,0,1
820,100160154202500005,202500005,2025-11-01,154,Haveri Rural PS,Haveri,1,2,Unknown,5,Crimes Against SCs/STs,21,Atrocity - Social Boycott,4,Acquitted,17,14.823059,75.4404,48.0,72.0,10,2,0,1,1,1
821,500050115202400001,202400001,2024-01-16,115,Whitefield PS,Bengaluru Urban,5,2,Unknown,1,Crimes Against Body,2,Attempt to Murder,1,Under Investigation,,13.056949,77.576449,24.0,24.0,1,4,0,1,0,0
822,100110140202600003,202600003,2026-06-16,140,Mangalore North PS,Dakshina Kannada,1,2,Unknown,3,Crimes Against Women,12,Domestic Violence,1,Under Investigation,,12.878063,74.864939,0.0,144.0,6,1,0,1,0,0
823,100050116202600007,202600007,2026-01-25,116,Electronic City PS,Bengaluru Urban,1,2,Unknown,2,Crimes Against Property,6,Theft,7,Pending Trial,40,12.948063,77.691111,24.0,72.0,1,2,0,1,1,1
824,100030111202400001,202400001,2024-09-04,111,Khadebazar PS,Belagavi (Belgaum),1,2,Unknown,1,Crimes Against Body,4,Assault,1,Under Investigation,,15.875238,74.533972,0.0,24.0,8,2,0,1,0,0
825,100300180202500003,202500003,2025-10-26,180,Vijayapura Town PS,Vijayapura,1,2,Unknown,2,Crimes Against Property,10,Vehicle Theft,2,Charge Sheeted,1,16.852078,75.758598,48.0,0.0,10,6,0,1,1,0
826,100050116202500015,202500015,2025-04-03,116,Electronic City PS,Bengaluru Urban,1,2,Unknown,13,Crimes Related to Documents/Property,47,Land Fraud,1,Under Investigation,,13.064891,77.618361,48.0,48.0,3,3,0,1,0,0
827,300020104202400001,202400001,2024-10-01,104,Ballari (Bellary) Town PS,Ballari (Bellary),3,2,Unknown,2,Crimes Against Property,8,Dacoity,7,Pending Trial,3,15.15327,76.900811,0.0,96.0,9,4,0,1,1,1
828,100030108202500002,202500002,2025-09-22,108,Tilakwadi PS,Belagavi (Belgaum),1,1,Unknown,9,Arms Act Offences,35,Illegal Firearm Possession,3,Convicted,1,15.894022,74.569258,48.0,24.0,9,6,0,1,1,1
829,100020104202500003,202500003,2025-11-08,104,Ballari (Bellary) Town PS,Ballari (Bellary),1,2,Unknown,3,Crimes Against Women,12,Domestic Violence,1,Under Investigation,,15.081897,76.961035,0.0,120.0,11,0,0,1,0,0
830,100170155202400005,202400005,2024-07-21,155,Kalaburagi (Gulbarga) Town PS,Kalaburagi (Gulbarga),1,1,Unknown,2,Crimes Against Property,8,Dacoity,1,Under Investigation,,17.353708,76.780205,24.0,24.0,7,4,0,1,0,0
831,100100138202600002,202600002,2026-06-19,138,Chitradurga Rural PS,Chitradurga,1,3,Unknown,1,Crimes Against Body,3,Culpable Homicide,1,Under Investigation,,14.28761,76.408651,48.0,24.0,6,3,0,1,0,0
832,100140149202400003,202400003,2024-09-28,149,Gadag Town PS,Gadag,1,2,Unknown,1,Crimes Against Body,5,Grievous Hurt,5,Closed (Undetected),,15.482619,75.617233,24.0,72.0,9,5,0,1,0,1
833,100050117202500014,202500014,2025-02-24,117,Koramangala PS,Bengaluru Urban,1,2,Unknown,6,Economic Offences,23,Cheating,3,Convicted,6,13.043285,77.650579,48.0,96.0,2,3,0,1,1,1
834,100010102202600001,202600001,2026-05-29,102,Bagalkote Town PS,Bagalkote,1,1,Unknown,8,Drug/Narcotic Offences,33,NDPS Trafficking,1,Under Investigation,,16.178899,75.729844,24.0,24.0,5,1,0,1,0,0
835,400150151202500001,202500001,2025-10-31,151,Hassan Town PS,Hassan,4,2,Unknown,2,Crimes Against Property,6,Theft,3,Convicted,1,12.994979,76.040081,48.0,48.0,10,2,0,1,0,1
836,100050128202500004,202500004,2025-05-23,128,Basavanagudi PS,Bengaluru Urban,1,3,Unknown,1,Crimes Against Body,5,Grievous Hurt,9,Compromised,,12.933983,77.671754,48.0,48.0,5,2,0,1,0,0
837,100050117202400014,202400014,2024-05-23,117,Koramangala PS,Bengaluru Urban,1,1,Unknown,7,Cyber Crimes,30,Data Theft,10,Abated,,13.06027,77.614056,48.0,72.0,5,6,0,1,0,0
838,800290179202400002,202400002,2024-11-18,179,Vijayanagara Town PS,Vijayanagara,8,2,Unknown,11,Traffic Related Offences,41,Hit and Run,1,Under Investigation,,15.261821,76.450116,0.0,48.0,11,3,0,1,0,0
839,100050114202600002,202600002,2026-05-08,114,Cubbon Park PS,Bengaluru Urban,1,2,Unknown,2,Crimes Against Property,6,Theft,2,Charge Sheeted,1,12.98938,77.693151,24.0,24.0,5,3,0,1,0,0
840,100030106202400003,202400003,2024-05-20,106,Camp PS,Belagavi (Belgaum),1,1,Unknown,2,Crimes Against Property,6,Theft,1,Under Investigation,,15.868867,74.551597,48.0,48.0,5,4,0,1,0,0
841,100160154202500006,202500006,2025-10-20,154,Haveri Rural PS,Haveri,1,3,Unknown,5,Crimes Against SCs/STs,22,Caste Abuse,7,Pending Trial,17,14.738469,75.413457,0.0,96.0,10,2,0,1,1,1
842,300060129202600001,202600001,2026-07-11,129,Bidar Town PS,Bidar,3,2,Unknown,7,Cyber Crimes,28,Identity Theft,2,Charge Sheeted,7,17.935598,77.543149,48.0,48.0,7,3,0,1,1,0
843,100050116202600008,202600008,2026-06-26,116,Electronic City PS,Bengaluru Urban,1,2,Unknown,3,Crimes Against Women,14,Stalking,3,Convicted,35,12.901259,77.691016,48.0,0.0,6,4,0,1,1,1
844,400030110202500001,202500001,2025-09-27,110,Gandhinagar PS,Belagavi (Belgaum),4,2,Unknown,8,Drug/Narcotic Offences,32,Ganja Possession,7,Pending Trial,38,15.866102,74.574142,24.0,48.0,9,2,0,1,1,1
845,300100137202500002,202500002,2025-03-12,137,Chitradurga Town PS,Chitradurga,3,1,Unknown,8,Drug/Narcotic Offences,32,Ganja Possession,7,Pending Trial,11,14.182039,76.445926,0.0,24.0,3,0,0,1,1,1
846,100050117202400015,202400015,2024-05-16,117,Koramangala PS,Bengaluru Urban,1,2,Unknown,7,Cyber Crimes,30,Data Theft,1,Under Investigation,,12.980997,77.546189,0.0,48.0,5,3,0,1,0,0
847,800050117202400002,202400002,2024-04-06,117,Koramangala PS,Bengaluru Urban,8,1,Unknown,1,Crimes Against Body,5,Grievous Hurt,2,Charge Sheeted,40,13.088573,77.68368,48.0,48.0,4,3,0,1,1,0
848,100090136202400003,202400003,2024-01-10,136,Chikkamagaluru Rural PS,Chikkamagaluru,1,2,Unknown,11,Traffic Related Offences,40,Rash Driving,6,Closed (False Case),,13.264409,75.819506,24.0,48.0,1,6,0,1,0,1
849,100050115202400016,202400016,2024-10-30,115,Whitefield PS,Bengaluru Urban,1,2,Unknown,11,Traffic Related Offences,41,Hit and Run,1,Under Investigation,,12.919295,77.599875,0.0,48.0,10,0,0,1,0,0
850,100050127202500004,202500004,2025-03-07,127,Peenya PS,Bengaluru Urban,1,1,Unknown,1,Crimes Against Body,4,Assault,2,Charge Sheeted,40,13.09873,77.652426,24.0,24.0,3,5,0,1,0,0
851,100210163202500004,202500004,2025-02-07,163,Mandya Town PS,Mandya,1,2,Unknown,2,Crimes Against Property,6,Theft,1,Under Investigation,,12.512382,76.850276,48.0,0.0,2,4,0,1,0,0
852,100050116202600009,202600009,2026-05-02,116,Electronic City PS,Bengaluru Urban,1,2,Unknown,1,Crimes Against Body,2,Attempt to Murder,2,Charge Sheeted,6,13.025344,77.610061,48.0,48.0,4,1,0,1,1,0
853,100140149202400004,202400004,2024-03-14,149,Gadag Town PS,Gadag,1,2,Unknown,6,Economic Offences,26,Bank Fraud,7,Pending Trial,1,15.387367,75.65822,24.0,24.0,3,2,0,1,1,1
854,100050123202400001,202400001,2024-04-30,123,KR Puram PS,Bengaluru Urban,1,3,Unknown,8,Drug/Narcotic Offences,32,Ganja Possession,5,Closed (Undetected),,12.971794,77.5355,48.0,48.0,4,2,0,1,0,1
855,100050114202500004,202500004,2025-05-11,114,Cubbon Park PS,Bengaluru Urban,1,2,Unknown,2,Crimes Against Property,8,Dacoity,2,Charge Sheeted,6,12.961188,77.563112,0.0,168.0,5,6,0,1,1,0
856,200070131202400001,202400001,2024-01-10,131,Chamarajanagara Town PS,Chamarajanagara,2,2,Unknown,2,Crimes Against Property,7,Robbery,1,Under Investigation,,11.896518,76.982869,0.0,24.0,1,4,0,1,0,0
857,100050115202400017,202400017,2024-08-17,115,Whitefield PS,Bengaluru Urban,1,1,Unknown,3,Crimes Against Women,14,Stalking,7,Pending Trial,33,12.993348,77.594898,0.0,72.0,8,2,0,1,1,1
858,300030109202600001,202600001,2026-06-17,109,Shahapur PS,Belagavi (Belgaum),3,2,Unknown,11,Traffic Related Offences,42,Drunken Driving,10,Abated,,15.856179,74.564323,24.0,0.0,6,2,0,1,0,0
859,100260176202400008,202400008,2024-08-11,176,Tumakuru Town PS,Tumakuru,1,2,Unknown,3,Crimes Against Women,12,Domestic Violence,8,Referred to Another PS,,13.337398,77.130536,0.0,48.0,8,4,0,1,0,0
860,100200162202500002,202500002,2025-12-20,162,Koppal Rural PS,Koppal,1,2,Unknown,2,Crimes Against Property,9,Burglary,7,Pending Trial,21,15.293395,76.130401,48.0,0.0,12,5,0,1,1,1
861,200310181202600001,202600001,2026-06-29,181,Yadgir Town PS,Yadgir,2,2,Unknown,1,Crimes Against Body,4,Assault,1,Under Investigation,,16.803028,77.10569,48.0,48.0,6,3,0,1,0,0
862,100110139202500003,202500003,2025-09-01,139,Mangalore City (Bunder) PS,Dakshina Kannada,1,1,Unknown,2,Crimes Against Property,6,Theft,2,Charge Sheeted,12,12.892266,74.858562,0.0,24.0,8,2,0,1,1,0
863,100040113202400002,202400002,2024-02-03,113,Bengaluru Rural Rural PS,Bengaluru Rural,1,2,Unknown,2,Crimes Against Property,55,Chain Snatching,1,Under Investigation,,13.207238,77.552705,24.0,48.0,1,2,0,1,0,0
864,100160153202500001,202500001,2025-11-26,153,Haveri Town PS,Haveri,1,2,Unknown,2,Crimes Against Property,10,Vehicle Theft,1,Under Investigation,,14.746723,75.451437,48.0,24.0,11,1,0,1,0,0
865,100030111202400002,202400002,2024-12-25,111,Khadebazar PS,Belagavi (Belgaum),1,1,Unknown,2,Crimes Against Property,10,Vehicle Theft,8,Referred to Another PS,,15.862563,74.530384,0.0,0.0,12,1,0,1,0,0
866,300050114202600001,202600001,2026-02-10,114,Cubbon Park PS,Bengaluru Urban,3,1,Unknown,11,Traffic Related Offences,40,Rash Driving,2,Charge Sheeted,40,13.054303,77.508345,0.0,0.0,2,0,0,1,0,0
867,300280178202400002,202400002,2024-10-31,178,Uttara Kannada Town PS,Uttara Kannada,3,2,Unknown,11,Traffic Related Offences,42,Drunken Driving,2,Charge Sheeted,1,14.733963,74.735486,24.0,72.0,10,4,0,1,0,0
868,100110142202500002,202500002,2025-12-26,142,Mangalore East PS,Dakshina Kannada,1,2,Unknown,6,Economic Offences,25,Forgery,5,Closed (Undetected),,12.914298,74.801019,48.0,72.0,12,1,0,1,0,1
869,100050117202400016,202400016,2024-09-12,117,Koramangala PS,Bengaluru Urban,1,2,Unknown,2,Crimes Against Property,6,Theft,7,Pending Trial,6,12.95964,77.614352,0.0,48.0,9,0,0,1,1,1
870,100110141202400005,202400005,2024-12-15,141,Mangalore South PS,Dakshina Kannada,1,2,Unknown,11,Traffic Related Offences,41,Hit and Run,2,Charge Sheeted,1,12.85489,74.822746,24.0,24.0,12,5,0,1,1,0
871,300050117202400003,202400003,2024-08-31,117,Koramangala PS,Bengaluru Urban,3,2,Unknown,3,Crimes Against Women,15,Acid Attack,2,Charge Sheeted,1,12.971272,77.672034,0.0,24.0,8,1,0,1,1,0
872,100020104202500004,202500004,2025-06-11,104,Ballari (Bellary) Town PS,Ballari (Bellary),1,2,Unknown,2,Crimes Against Property,55,Chain Snatching,2,Charge Sheeted,1,15.174834,76.97151,0.0,72.0,6,2,0,1,1,0
873,100210164202500002,202500002,2025-04-29,164,Mandya Rural PS,Mandya,1,1,Unknown,2,Crimes Against Property,55,Chain Snatching,1,Under Investigation,,12.557099,76.933033,24.0,72.0,4,2,0,1,0,0
874,100050125202500005,202500005,2025-06-30,125,Rajajinagar PS,Bengaluru Urban,1,2,Unknown,3,Crimes Against Women,11,Dowry Death,7,Pending Trial,1,12.900463,77.559632,24.0,72.0,6,0,0,1,1,1
875,200030106202600001,202600001,2026-02-20,106,Camp PS,Belagavi (Belgaum),2,2,Unknown,2,Crimes Against Property,9,Burglary,10,Abated,,15.825209,74.577524,24.0,72.0,2,1,0,1,0,0
876,100050116202400016,202400016,2024-09-16,116,Electronic City PS,Bengaluru Urban,1,1,Unknown,2,Crimes Against Property,55,Chain Snatching,2,Charge Sheeted,1,12.982217,77.522595,0.0,120.0,9,0,0,1,1,0
877,100070131202500002,202500002,2025-08-13,131,Chamarajanagara Town PS,Chamarajanagara,1,2,Unknown,3,Crimes Against Women,15,Acid Attack,1,Under Investigation,,11.898216,76.971497,0.0,72.0,8,6,0,1,0,0
878,300230173202500001,202500001,2025-02-18,173,Raichur Town PS,Raichur,3,2,Unknown,2,Crimes Against Property,9,Burglary,3,Convicted,1,16.264146,77.337418,0.0,48.0,2,4,0,1,1,1
879,100040112202400003,202400003,2024-03-09,112,Bengaluru Rural Town PS,Bengaluru Rural,1,1,Unknown,8,Drug/Narcotic Offences,34,Drug Peddling,1,Under Investigation,,13.242422,77.553789,0.0,48.0,3,3,0,1,0,0
880,400220169202500002,202500002,2025-11-22,169,Krishnaraja PS,Mysuru,4,2,Unknown,3,Crimes Against Women,13,Sexual Harassment,1,Under Investigation,,12.336425,76.662895,48.0,144.0,11,5,0,1,0,0
881,100160154202500007,202500007,2025-12-30,154,Haveri Rural PS,Haveri,1,2,Unknown,1,Crimes Against Body,3,Culpable Homicide,2,Charge Sheeted,1,14.772222,75.354821,0.0,96.0,12,1,0,1,1,0
882,100050117202400017,202400017,2024-09-13,117,Koramangala PS,Bengaluru Urban,1,3,Unknown,14,Sexual Offences,51,Unnatural Offence,1,Under Investigation,,12.930042,77.514479,48.0,24.0,9,3,0,1,0,0
883,300290179202400003,202400003,2024-10-04,179,Vijayanagara Town PS,Vijayanagara,3,2,Unknown,1,Crimes Against Body,3,Culpable Homicide,2,Charge Sheeted,30,15.234658,76.519543,0.0,0.0,9,4,0,1,1,0
884,100200161202400002,202400002,2024-11-12,161,Koppal Town PS,Koppal,1,2,Unknown,5,Crimes Against SCs/STs,20,Atrocity - Physical Assault,5,Closed (Undetected),,15.326893,76.100562,0.0,96.0,11,2,0,1,0,1
885,400150151202500002,202500002,2025-01-17,151,Hassan Town PS,Hassan,4,2,Unknown,11,Traffic Related Offences,42,Drunken Driving,2,Charge Sheeted,1,12.996234,76.086058,0.0,0.0,1,1,0,1,1,0
886,200050116202500003,202500003,2025-11-27,116,Electronic City PS,Bengaluru Urban,2,1,Unknown,2,Crimes Against Property,55,Chain Snatching,2,Charge Sheeted,40,12.997766,77.54773,0.0,0.0,11,1,0,1,1,0
887,300090135202400001,202400001,2024-08-22,135,Chikkamagaluru Town PS,Chikkamagaluru,3,2,Unknown,13,Crimes Related to Documents/Property,47,Land Fraud,8,Referred to Another PS,,13.299863,75.733009,24.0,0.0,8,3,0,1,0,0
888,100130147202400003,202400003,2024-04-02,147,Dharwad Town PS,Dharwad,1,2,Unknown,7,Cyber Crimes,27,Online Fraud,7,Pending Trial,14,15.446154,75.068617,0.0,120.0,3,1,0,1,0,1
889,100210163202500005,202500005,2025-08-09,163,Mandya Town PS,Mandya,1,1,Unknown,3,Crimes Against Women,14,Stalking,2,Charge Sheeted,1,12.461726,76.907075,24.0,72.0,8,6,0,1,1,0
890,300050120202500001,202500001,2025-05-19,120,Indiranagar PS,Bengaluru Urban,3,1,Unknown,7,Cyber Crimes,28,Identity Theft,3,Convicted,40,13.002174,77.673651,0.0,48.0,5,2,0,1,1,1
891,100200161202400003,202400003,2024-02-19,161,Koppal Town PS,Koppal,1,2,Unknown,11,Traffic Related Offences,41,Hit and Run,3,Convicted,1,15.31079,76.164387,0.0,168.0,2,0,0,1,1,1
892,100200162202400002,202400002,2024-01-10,162,Koppal Rural PS,Koppal,1,2,Unknown,1,Crimes Against Body,5,Grievous Hurt,6,Closed (False Case),,15.353036,76.17625,24.0,24.0,1,0,0,1,0,1
893,100130148202500004,202500004,2025-04-06,148,Dharwad Rural PS,Dharwad,1,2,Unknown,2,Crimes Against Property,9,Burglary,7,Pending Trial,1,15.430805,75.009385,24.0,96.0,4,1,0,1,1,1
894,100270177202600002,202600002,2026-07-14,177,Udupi Town PS,Udupi,1,1,Unknown,10,Crimes Against Public Order,39,Promoting Enmity,2,Charge Sheeted,28,13.327245,74.753555,48.0,96.0,7,2,0,1,1,0
895,100280178202600005,202600005,2026-01-31,178,Uttara Kannada Town PS,Uttara Kannada,1,2,Unknown,8,Drug/Narcotic Offences,34,Drug Peddling,4,Acquitted,1,14.798214,74.750376,0.0,24.0,1,3,0,1,1,1
896,100050123202400002,202400002,2024-06-11,123,KR Puram PS,Bengaluru Urban,1,3,Unknown,1,Crimes Against Body,2,Attempt to Murder,1,Under Investigation,,13.055167,77.649568,48.0,120.0,6,3,0,1,0,0
897,100130148202600005,202600005,2026-02-27,148,Dharwad Rural PS,Dharwad,1,2,Unknown,7,Cyber Crimes,27,Online Fraud,2,Charge Sheeted,1,15.442561,75.001378,48.0,96.0,2,4,0,1,1,0
898,300050117202500003,202500003,2025-12-14,117,Koramangala PS,Bengaluru Urban,3,2,Unknown,1,Crimes Against Body,4,Assault,1,Under Investigation,,12.924305,77.590785,48.0,48.0,12,4,0,1,0,0
899,100050115202400018,202400018,2024-08-24,115,Whitefield PS,Bengaluru Urban,1,2,Unknown,2,Crimes Against Property,55,Chain Snatching,1,Under Investigation,,13.090656,77.526589,48.0,0.0,8,5,0,1,0,0
900,500050115202400002,202400002,2024-05-04,115,Whitefield PS,Bengaluru Urban,5,2,Unknown,1,Crimes Against Body,3,Culpable Homicide,1,Under Investigation,,13.086466,77.527565,48.0,168.0,4,5,0,1,0,0
901,100060130202400003,202400003,2024-09-22,130,Bidar Rural PS,Bidar,1,2,Unknown,2,Crimes Against Property,55,Chain Snatching,1,Under Investigation,,17.907576,77.513364,48.0,48.0,9,4,0,1,0,0
902,800040113202500001,202500001,2025-07-07,113,Bengaluru Rural Rural PS,Bengaluru Rural,8,1,Unknown,3,Crimes Against Women,12,Domestic Violence,1,Under Investigation,,13.271501,77.635928,0.0,24.0,7,3,0,1,0,0
903,500050117202500003,202500003,2025-07-14,117,Koramangala PS,Bengaluru Urban,5,2,Unknown,2,Crimes Against Property,55,Chain Snatching,7,Pending Trial,33,12.983965,77.56821,0.0,0.0,7,5,0,1,1,1
904,100050123202400003,202400003,2024-07-25,123,KR Puram PS,Bengaluru Urban,1,1,Unknown,11,Traffic Related Offences,41,Hit and Run,1,Under Investigation,,12.954885,77.507026,0.0,0.0,7,1,0,1,0,0
905,100060130202600001,202600001,2026-02-08,130,Bidar Rural PS,Bidar,1,2,Unknown,10,Crimes Against Public Order,37,Rioting,2,Charge Sheeted,1,17.922006,77.522972,48.0,48.0,2,0,0,1,1,0
906,100080133202400005,202400005,2024-01-03,133,Chikkaballapura Town PS,Chikkaballapura,1,2,Unknown,6,Economic Offences,24,Criminal Breach of Trust,1,Under Investigation,,13.383449,77.687686,24.0,48.0,1,0,0,1,0,0
907,300080133202400001,202400001,2024-06-09,133,Chikkaballapura Town PS,Chikkaballapura,3,2,Unknown,13,Crimes Related to Documents/Property,47,Land Fraud,1,Under Investigation,,13.403509,77.782241,48.0,24.0,6,5,0,1,0,0
908,100030108202400001,202400001,2024-06-15,108,Tilakwadi PS,Belagavi (Belgaum),1,1,Unknown,2,Crimes Against Property,9,Burglary,2,Charge Sheeted,4,15.88622,74.500231,48.0,120.0,6,5,0,1,1,0
909,200220165202400004,202400004,2024-12-07,165,Devaraja PS,Mysuru,2,1,Unknown,3,Crimes Against Women,14,Stalking,1,Under Investigation,,12.346405,76.638273,48.0,48.0,12,1,0,1,0,0
910,100300180202400004,202400004,2024-07-06,180,Vijayapura Town PS,Vijayapura,1,1,Unknown,8,Drug/Narcotic Offences,32,Ganja Possession,6,Closed (False Case),,16.792771,75.704398,24.0,48.0,7,3,0,1,0,1
911,100220170202600001,202600001,2026-06-16,170,Vidyaranyapuram PS,Mysuru,1,2,Unknown,2,Crimes Against Property,6,Theft,7,Pending Trial,1,12.341131,76.606079,48.0,0.0,6,1,0,1,1,1
912,100010103202400005,202400005,2024-04-04,103,Bagalkote Rural PS,Bagalkote,1,3,Unknown,11,Traffic Related Offences,42,Drunken Driving,1,Under Investigation,,16.201463,75.696788,24.0,24.0,3,3,0,1,0,0
913,100220165202500013,202500013,2025-10-25,165,Devaraja PS,Mysuru,1,3,Unknown,2,Crimes Against Property,10,Vehicle Theft,2,Charge Sheeted,1,12.336937,76.678488,48.0,120.0,10,0,0,1,0,0
914,100090135202400002,202400002,2024-01-02,135,Chikkamagaluru Town PS,Chikkamagaluru,1,1,Unknown,2,Crimes Against Property,9,Burglary,4,Acquitted,1,13.336551,75.736107,0.0,0.0,12,4,0,1,0,1
915,100090135202400003,202400003,2024-07-06,135,Chikkamagaluru Town PS,Chikkamagaluru,1,1,Unknown,11,Traffic Related Offences,42,Drunken Driving,1,Under Investigation,,13.314978,75.75141,0.0,24.0,7,4,0,1,0,0
916,300140149202600001,202600001,2026-01-05,149,Gadag Town PS,Gadag,3,3,Unknown,3,Crimes Against Women,12,Domestic Violence,1,Under Investigation,,15.486755,75.640144,0.0,24.0,1,4,0,1,0,0
917,300310181202400002,202400002,2024-07-29,181,Yadgir Town PS,Yadgir,3,2,Unknown,3,Crimes Against Women,11,Dowry Death,3,Convicted,1,16.826185,77.149888,24.0,0.0,7,0,0,1,0,1
918,100030106202500003,202500003,2025-09-06,106,Camp PS,Belagavi (Belgaum),1,2,Unknown,2,Crimes Against Property,7,Robbery,3,Convicted,38,15.874109,74.580425,0.0,24.0,9,2,0,1,1,1
919,300270177202500002,202500002,2025-01-18,177,Udupi Town PS,Udupi,3,2,Unknown,2,Crimes Against Property,6,Theft,1,Under Investigation,,13.30997,74.770795,24.0,48.0,1,5,0,1,0,0
920,100220167202600003,202600003,2026-07-15,167,Nazarbad PS,Mysuru,1,2,Unknown,13,Crimes Related to Documents/Property,46,Forged Documents,7,Pending Trial,37,12.301028,76.628795,48.0,72.0,7,4,0,1,1,1
921,100050117202400018,202400018,2024-10-23,117,Koramangala PS,Bengaluru Urban,1,2,Unknown,9,Arms Act Offences,36,Illegal Arms Manufacturing,1,Under Investigation,,12.948972,77.682391,48.0,24.0,10,1,0,1,0,0
922,100030106202500004,202500004,2025-07-23,106,Camp PS,Belagavi (Belgaum),1,2,Unknown,8,Drug/Narcotic Offences,34,Drug Peddling,2,Charge Sheeted,4,15.8071,74.573735,24.0,48.0,7,4,0,1,1,0
923,100080134202500002,202500002,2025-11-09,134,Chikkaballapura Rural PS,Chikkaballapura,1,2,Unknown,1,Crimes Against Body,3,Culpable Homicide,1,Under Investigation,,13.417944,77.734426,0.0,24.0,11,1,0,1,0,0
924,800050114202500001,202500001,2025-05-30,114,Cubbon Park PS,Bengaluru Urban,8,2,Unknown,9,Arms Act Offences,35,Illegal Firearm Possession,7,Pending Trial,35,13.032954,77.604921,48.0,72.0,5,0,0,1,1,1
925,100090135202500004,202500004,2025-03-17,135,Chikkamagaluru Town PS,Chikkamagaluru,1,2,Unknown,4,Crimes Against Children,19,Missing Child,2,Charge Sheeted,1,13.263189,75.81093,24.0,24.0,3,4,0,1,0,0
926,100020104202400002,202400002,2024-10-31,104,Ballari (Bellary) Town PS,Ballari (Bellary),1,2,Unknown,1,Crimes Against Body,3,Culpable Homicide,7,Pending Trial,3,15.156696,76.89785,0.0,24.0,10,0,0,1,1,1
927,300220170202400001,202400001,2024-08-21,170,Vidyaranyapuram PS,Mysuru,3,2,Unknown,11,Traffic Related Offences,41,Hit and Run,2,Charge Sheeted,37,12.302637,76.659008,24.0,0.0,8,2,0,1,1,0
928,100060129202400007,202400007,2024-12-17,129,Bidar Town PS,Bidar,1,2,Unknown,11,Traffic Related Offences,42,Drunken Driving,1,Under Investigation,,17.857901,77.470257,48.0,120.0,12,2,0,1,0,0
929,100050115202400019,202400019,2024-07-18,115,Whitefield PS,Bengaluru Urban,1,2,Unknown,6,Economic Offences,24,Criminal Breach of Trust,8,Referred to Another PS,,13.082326,77.648488,24.0,24.0,7,2,0,1,0,0
930,100210164202400003,202400003,2024-12-31,164,Mandya Rural PS,Mandya,1,2,Unknown,3,Crimes Against Women,13,Sexual Harassment,2,Charge Sheeted,22,12.530216,76.939155,0.0,0.0,12,5,0,1,1,0
931,100070131202400002,202400002,2024-12-21,131,Chamarajanagara Town PS,Chamarajanagara,1,1,Unknown,3,Crimes Against Women,13,Sexual Harassment,1,Under Investigation,,11.926899,76.99945,48.0,72.0,12,5,0,1,0,0
932,100140150202500008,202500008,2025-11-22,150,Gadag Rural PS,Gadag,1,2,Unknown,3,Crimes Against Women,13,Sexual Harassment,2,Charge Sheeted,1,15.488214,75.621571,24.0,120.0,11,0,0,1,1,0
933,100030106202400004,202400004,2024-01-12,106,Camp PS,Belagavi (Belgaum),1,2,Unknown,11,Traffic Related Offences,42,Drunken Driving,7,Pending Trial,4,15.808018,74.518588,0.0,96.0,1,4,0,1,1,1
934,100050117202600006,202600006,2026-01-09,117,Koramangala PS,Bengaluru Urban,1,2,Unknown,7,Cyber Crimes,27,Online Fraud,1,Under Investigation,,13.081518,77.518365,0.0,0.0,1,4,0,1,0,0
935,100050118202500002,202500002,2025-11-10,118,Jayanagar PS,Bengaluru Urban,1,2,Unknown,1,Crimes Against Body,4,Assault,1,Under Investigation,,13.034761,77.51731,24.0,48.0,11,5,0,1,0,0
936,100220172202500004,202500004,2025-12-11,172,Bannimantap PS,Mysuru,1,3,Unknown,2,Crimes Against Property,10,Vehicle Theft,7,Pending Trial,37,12.328378,76.609106,0.0,48.0,12,6,0,1,1,1
937,300050115202500005,202500005,2025-01-02,115,Whitefield PS,Bengaluru Urban,3,3,Unknown,10,Crimes Against Public Order,37,Rioting,1,Under Investigation,,13.050397,77.636988,48.0,24.0,1,2,0,1,0,0
938,100050118202500003,202500003,2025-03-14,118,Jayanagar PS,Bengaluru Urban,1,2,Unknown,2,Crimes Against Property,55,Chain Snatching,2,Charge Sheeted,34,13.032441,77.557363,48.0,120.0,3,6,0,1,1,0
939,100040112202400004,202400004,2024-08-20,112,Bengaluru Rural Town PS,Bengaluru Rural,1,2,Unknown,1,Crimes Against Body,4,Assault,2,Charge Sheeted,1,13.190097,77.643848,24.0,24.0,8,0,0,1,1,0
940,100040113202400003,202400003,2024-01-14,113,Bengaluru Rural Rural PS,Bengaluru Rural,1,1,Unknown,1,Crimes Against Body,2,Attempt to Murder,2,Charge Sheeted,5,13.245879,77.61058,0.0,24.0,1,3,0,1,1,0
941,100050117202500015,202500015,2025-06-27,117,Koramangala PS,Bengaluru Urban,1,2,Unknown,7,Cyber Crimes,27,Online Fraud,2,Charge Sheeted,6,13.030052,77.589378,0.0,72.0,6,1,0,1,0,0
942,100050117202400019,202400019,2024-11-23,117,Koramangala PS,Bengaluru Urban,1,1,Unknown,8,Drug/Narcotic Offences,33,NDPS Trafficking,2,Charge Sheeted,6,12.968557,77.646034,0.0,144.0,11,6,0,1,1,0
943,800130148202500001,202500001,2025-08-31,148,Dharwad Rural PS,Dharwad,8,3,Unknown,3,Crimes Against Women,15,Acid Attack,7,Pending Trial,1,15.440868,75.03766,24.0,24.0,8,6,0,1,0,1
944,100170155202400006,202400006,2024-08-17,155,Kalaburagi (Gulbarga) Town PS,Kalaburagi (Gulbarga),1,1,Unknown,1,Crimes Against Body,2,Attempt to Murder,1,Under Investigation,,17.300083,76.889728,0.0,96.0,8,0,0,1,0,0
945,100160153202500002,202500002,2025-10-27,153,Haveri Town PS,Haveri,1,2,Unknown,2,Crimes Against Property,55,Chain Snatching,5,Closed (Undetected),,14.788956,75.377401,0.0,0.0,10,6,0,1,0,1
946,100250175202400004,202400004,2024-10-26,175,Shivamogga Town PS,Shivamogga,1,3,Unknown,7,Cyber Crimes,28,Identity Theft,7,Pending Trial,26,13.88559,75.533208,24.0,24.0,10,4,0,1,1,1
947,100110144202400002,202400002,2024-08-17,144,Ullal PS,Dakshina Kannada,1,2,Unknown,3,Crimes Against Women,14,Stalking,1,Under Investigation,,12.913077,74.81429,48.0,96.0,8,1,0,1,0,0
948,200110144202400001,202400001,2024-06-25,144,Ullal PS,Dakshina Kannada,2,2,Unknown,2,Crimes Against Property,9,Burglary,6,Closed (False Case),,12.886144,74.81537,0.0,0.0,6,2,0,1,0,1
949,100040113202500002,202500002,2025-08-29,113,Bengaluru Rural Rural PS,Bengaluru Rural,1,3,Unknown,10,Crimes Against Public Order,37,Rioting,1,Under Investigation,,13.295679,77.642253,0.0,24.0,8,2,0,1,0,0
950,100110140202600004,202600004,2026-01-03,140,Mangalore North PS,Dakshina Kannada,1,2,Unknown,4,Crimes Against Children,16,Child Abuse,2,Charge Sheeted,39,12.907221,74.834332,24.0,96.0,12,0,0,1,1,0
951,100050127202400004,202400004,2024-06-05,127,Peenya PS,Bengaluru Urban,1,2,Unknown,1,Crimes Against Body,1,Murder,2,Charge Sheeted,34,12.987797,77.66711,0.0,48.0,5,2,0,1,1,0
952,100220171202500004,202500004,2025-07-07,171,Kuvempunagar PS,Mysuru,1,2,Unknown,2,Crimes Against Property,6,Theft,1,Under Investigation,,12.319254,76.649292,48.0,72.0,7,3,0,1,0,0
953,100260176202400009,202400009,2024-08-18,176,Tumakuru Town PS,Tumakuru,1,2,Unknown,1,Crimes Against Body,2,Attempt to Murder,1,Under Investigation,,13.308535,77.159614,48.0,72.0,8,3,0,1,0,0
954,100050117202500016,202500016,2025-02-19,117,Koramangala PS,Bengaluru Urban,1,3,Unknown,4,Crimes Against Children,19,Missing Child,6,Closed (False Case),,13.055309,77.680185,24.0,72.0,2,6,0,1,0,1
955,100100138202600003,202600003,2026-04-21,138,Chitradurga Rural PS,Chitradurga,1,2,Unknown,3,Crimes Against Women,15,Acid Attack,6,Closed (False Case),,14.264279,76.400992,24.0,24.0,4,5,0,1,0,1
956,100290179202500003,202500003,2025-05-09,179,Vijayanagara Town PS,Vijayanagara,1,2,Unknown,6,Economic Offences,23,Cheating,10,Abated,,15.203685,76.430933,24.0,24.0,5,3,0,1,0,0
957,100290179202500004,202500004,2025-08-01,179,Vijayanagara Town PS,Vijayanagara,1,2,Unknown,9,Arms Act Offences,36,Illegal Arms Manufacturing,10,Abated,,15.264041,76.518832,48.0,120.0,7,4,0,1,0,0
958,200260176202400002,202400002,2024-06-01,176,Tumakuru Town PS,Tumakuru,2,2,Unknown,3,Crimes Against Women,15,Acid Attack,7,Pending Trial,27,13.294488,77.099269,48.0,72.0,5,2,0,1,1,1
959,100240174202600001,202600001,2026-03-03,174,Ramanagara Town PS,Ramanagara,1,2,Unknown,8,Drug/Narcotic Offences,33,NDPS Trafficking,6,Closed (False Case),,12.736538,77.244099,0.0,24.0,3,0,0,1,0,1
960,100050114202400002,202400002,2024-10-04,114,Cubbon Park PS,Bengaluru Urban,1,2,Unknown,2,Crimes Against Property,9,Burglary,2,Charge Sheeted,6,12.994585,77.581581,24.0,24.0,9,5,0,1,1,0
961,100300180202500004,202500004,2025-12-03,180,Vijayapura Town PS,Vijayapura,1,2,Unknown,2,Crimes Against Property,8,Dacoity,9,Compromised,,16.839527,75.694621,0.0,48.0,11,6,0,1,0,0
962,100050116202600010,202600010,2026-04-29,116,Electronic City PS,Bengaluru Urban,1,2,Unknown,2,Crimes Against Property,55,Chain Snatching,4,Acquitted,6,13.046597,77.571365,24.0,96.0,4,3,0,1,1,1
963,100060129202500003,202500003,2025-09-10,129,Bidar Town PS,Bidar,1,2,Unknown,4,Crimes Against Children,18,Child Labour,6,Closed (False Case),,17.904975,77.47015,0.0,120.0,9,4,0,1,0,1
964,100020105202400003,202400003,2024-09-27,105,Ballari (Bellary) Rural PS,Ballari (Bellary),1,2,Unknown,2,Crimes Against Property,8,Dacoity,1,Under Investigation,,15.173991,76.94053,0.0,48.0,9,2,0,1,0,0
965,100090136202400004,202400004,2024-03-08,136,Chikkamagaluru Rural PS,Chikkamagaluru,1,2,Unknown,11,Traffic Related Offences,42,Drunken Driving,1,Under Investigation,,13.344298,75.757147,0.0,0.0,3,4,0,1,0,0
966,100050117202600007,202600007,2026-03-21,117,Koramangala PS,Bengaluru Urban,1,2,Unknown,12,Environmental Offences,45,Wildlife Poaching,1,Under Investigation,,13.025057,77.597038,0.0,0.0,3,5,0,1,0,0
967,500050120202500001,202500001,2025-02-23,120,Indiranagar PS,Bengaluru Urban,5,2,Unknown,7,Cyber Crimes,28,Identity Theft,1,Under Investigation,,12.915949,77.538794,24.0,24.0,2,4,0,1,0,0
968,100290179202400004,202400004,2024-02-23,179,Vijayanagara Town PS,Vijayanagara,1,1,Unknown,2,Crimes Against Property,9,Burglary,5,Closed (Undetected),,15.249143,76.505049,24.0,24.0,2,2,0,1,0,1
969,100050117202400020,202400020,2024-10-06,117,Koramangala PS,Bengaluru Urban,1,1,Unknown,11,Traffic Related Offences,42,Drunken Driving,1,Under Investigation,,12.974173,77.653613,24.0,24.0,10,2,0,1,0,0
970,100260176202500012,202500012,2025-04-29,176,Tumakuru Town PS,Tumakuru,1,2,Unknown,2,Crimes Against Property,7,Robbery,7,Pending Trial,1,13.345109,77.129094,24.0,24.0,4,0,0,1,1,1
971,500150152202400001,202400001,2024-05-24,152,Hassan Rural PS,Hassan,5,2,Unknown,8,Drug/Narcotic Offences,34,Drug Peddling,2,Charge Sheeted,1,12.966361,76.055944,24.0,0.0,5,4,0,1,1,0
972,100160154202400003,202400003,2024-04-01,154,Haveri Rural PS,Haveri,1,2,Unknown,10,Crimes Against Public Order,39,Promoting Enmity,1,Under Investigation,,14.842158,75.373587,0.0,0.0,4,0,0,1,0,0
973,100110143202600002,202600002,2026-05-08,143,Mangalore West PS,Dakshina Kannada,1,2,Unknown,2,Crimes Against Property,7,Robbery,7,Pending Trial,12,12.864337,74.887058,24.0,24.0,5,1,0,1,0,1
974,200210164202500001,202500001,2025-04-17,164,Mandya Rural PS,Mandya,2,1,Unknown,1,Crimes Against Body,3,Culpable Homicide,5,Closed (Undetected),,12.536634,76.956604,24.0,72.0,4,4,0,1,0,1
975,100050116202400017,202400017,2024-06-09,116,Electronic City PS,Bengaluru Urban,1,2,Unknown,7,Cyber Crimes,27,Online Fraud,3,Convicted,6,13.055732,77.640855,48.0,0.0,6,6,0,1,1,1
976,100100137202500004,202500004,2025-11-23,137,Chitradurga Town PS,Chitradurga,1,2,Unknown,2,Crimes Against Property,10,Vehicle Theft,8,Referred to Another PS,,14.258735,76.408839,0.0,48.0,11,4,0,1,0,0
977,100050117202500017,202500017,2025-10-31,117,Koramangala PS,Bengaluru Urban,1,1,Unknown,2,Crimes Against Property,10,Vehicle Theft,2,Charge Sheeted,35,13.002095,77.547221,24.0,96.0,10,6,0,1,1,0
978,100130147202400004,202400004,2024-05-09,147,Dharwad Town PS,Dharwad,1,2,Unknown,6,Economic Offences,26,Bank Fraud,1,Under Investigation,,15.454486,75.015544,24.0,96.0,5,3,0,1,0,0
979,100300180202400005,202400005,2024-12-16,180,Vijayapura Town PS,Vijayapura,1,2,Unknown,11,Traffic Related Offences,40,Rash Driving,10,Abated,,16.803247,75.761517,0.0,24.0,12,5,0,1,0,0
980,100020105202500003,202500003,2025-03-12,105,Ballari (Bellary) Rural PS,Ballari (Bellary),1,2,Unknown,8,Drug/Narcotic Offences,32,Ganja Possession,3,Convicted,3,15.101664,76.937362,0.0,0.0,3,2,0,1,1,1
981,100080134202600003,202600003,2026-03-08,134,Chikkaballapura Rural PS,Chikkaballapura,1,1,Unknown,2,Crimes Against Property,10,Vehicle Theft,1,Under Investigation,,13.388132,77.711919,48.0,72.0,3,3,0,1,0,0
982,100030108202500003,202500003,2025-09-19,108,Tilakwadi PS,Belagavi (Belgaum),1,2,Unknown,2,Crimes Against Property,6,Theft,6,Closed (False Case),,15.858634,74.515763,24.0,120.0,9,5,0,1,0,1
983,100050117202400021,202400021,2024-09-12,117,Koramangala PS,Bengaluru Urban,1,1,Unknown,8,Drug/Narcotic Offences,34,Drug Peddling,1,Under Investigation,,12.921348,77.582615,24.0,96.0,9,6,0,1,0,0
984,100010103202600004,202600004,2026-01-04,103,Bagalkote Rural PS,Bagalkote,1,1,Unknown,3,Crimes Against Women,11,Dowry Death,1,Under Investigation,,16.163117,75.647499,24.0,72.0,12,1,0,1,0,0
985,100140150202400003,202400003,2024-03-20,150,Gadag Rural PS,Gadag,1,2,Unknown,3,Crimes Against Women,11,Dowry Death,2,Charge Sheeted,1,15.460441,75.585731,48.0,0.0,3,2,0,1,1,0
986,100050114202400003,202400003,2024-12-17,114,Cubbon Park PS,Bengaluru Urban,1,2,Unknown,11,Traffic Related Offences,40,Rash Driving,5,Closed (Undetected),,12.984371,77.617416,24.0,48.0,12,6,0,1,0,1
987,400270177202500001,202500001,2025-05-20,177,Udupi Town PS,Udupi,4,1,Unknown,7,Cyber Crimes,30,Data Theft,7,Pending Trial,1,13.37895,74.765687,24.0,72.0,5,4,0,1,1,1
988,100070132202500002,202500002,2025-05-04,132,Chamarajanagara Rural PS,Chamarajanagara,1,2,Unknown,3,Crimes Against Women,12,Domestic Violence,3,Convicted,1,11.876734,76.945429,48.0,48.0,5,4,0,1,0,1
989,100050116202400018,202400018,2024-05-10,116,Electronic City PS,Bengaluru Urban,1,2,Unknown,8,Drug/Narcotic Offences,32,Ganja Possession,7,Pending Trial,36,13.093044,77.533824,0.0,0.0,5,4,0,1,1,1
990,100050115202500010,202500010,2025-07-02,115,Whitefield PS,Bengaluru Urban,1,2,Unknown,2,Crimes Against Property,7,Robbery,6,Closed (False Case),,12.961234,77.592411,48.0,96.0,6,4,0,1,0,1
991,100050118202500004,202500004,2025-06-08,118,Jayanagar PS,Bengaluru Urban,1,3,Unknown,7,Cyber Crimes,27,Online Fraud,1,Under Investigation,,12.91713,77.510088,0.0,24.0,6,3,0,1,0,0
992,100120145202400003,202400003,2024-12-25,145,Davanagere Town PS,Davanagere,1,2,Unknown,2,Crimes Against Property,9,Burglary,8,Referred to Another PS,,14.445052,75.958091,24.0,72.0,12,6,0,1,0,0
993,200050116202500004,202500004,2025-02-25,116,Electronic City PS,Bengaluru Urban,2,2,Unknown,4,Crimes Against Children,18,Child Labour,9,Compromised,,13.093561,77.542324,0.0,96.0,2,2,0,1,0,0
994,100260176202400010,202400010,2024-03-25,176,Tumakuru Town PS,Tumakuru,1,1,Unknown,2,Crimes Against Property,8,Dacoity,1,Under Investigation,,13.347731,77.124526,0.0,96.0,3,0,0,1,0,0
995,100130147202500003,202500003,2025-03-27,147,Dharwad Town PS,Dharwad,1,2,Unknown,5,Crimes Against SCs/STs,22,Caste Abuse,2,Charge Sheeted,14,15.428617,75.027783,0.0,24.0,3,6,0,1,1,0
996,100080133202400006,202400006,2024-10-28,133,Chikkaballapura Town PS,Chikkaballapura,1,2,Unknown,2,Crimes Against Property,9,Burglary,5,Closed (Undetected),,13.449196,77.788823,48.0,24.0,10,6,0,1,0,1
997,100110144202400003,202400003,2024-06-11,144,Ullal PS,Dakshina Kannada,1,2,Unknown,13,Crimes Related to Documents/Property,46,Forged Documents,5,Closed (Undetected),,12.880502,74.872341,48.0,72.0,6,1,0,1,0,1
998,100290179202600002,202600002,2026-03-13,179,Vijayanagara Town PS,Vijayanagara,1,2,Unknown,1,Crimes Against Body,2,Attempt to Murder,10,Abated,,15.225993,76.411781,24.0,24.0,3,3,0,1,0,0
999,800050116202500002,202500002,2025-01-01,116,Electronic City PS,Bengaluru Urban,8,3,Unknown,3,Crimes Against Women,14,Stalking,1,Under Investigation,,13.023698,77.552436,0.0,24.0,12,5,0,1,0,0
1000,100220169202500002,202500002,2025-06-13,169,Krishnaraja PS,Mysuru,1,2,Unknown,3,Crimes Against Women,11,Dowry Death,2,Charge Sheeted,23,12.315048,76.657441,48.0,96.0,6,6,0,1,1,0
