id,case_no,status,firs,summary_en,primary_crime_type,latest_date
CASE_1,202400001,Pending Trial,"[""FIR_1""]","The complainant reported that Anitha died following an altercation with his neighbour near College Road, suspected to involve an extramarital affair suspicion.",Culpable Homicide,2024-09-26
CASE_2,202500001,Pending Trial,"[""FIR_2""]",The complainant reported an incident related to crimes against children occurring near Old Town. Investigation is underway to ascertain further facts.,Child Labour,2025-08-07
CASE_3,202400001,Under Investigation,"[""FIR_3""]","Unknown persons broke into the complainant's premises at Old Town at night and decamped with valuables worth Rs 311,000.",Burglary,2024-06-15
CASE_4,202500001,Convicted,"[""FIR_4""]","Unknown persons broke into the complainant's premises at Ring Road at night and decamped with valuables worth Rs 438,000.",Burglary,2025-12-19
CASE_5,202600001,Under Investigation,"[""FIR_5""]","The complainant stated that a known acquaintance assaulted them near Industrial Layout following an argument over past enmity, causing hurt.",Assault,2026-06-03
CASE_6,202400001,Acquitted,"[""FIR_6""]","A police patrol near Station Road intercepted a vehicle and recovered narcotic substances weighing 3.4 kg, suspected to be in transit for sale.",NDPS Trafficking,2024-09-04
CASE_7,202400001,Charge Sheeted,"[""FIR_7""]","Unknown persons broke into the complainant's premises at Industrial Layout at night and decamped with valuables worth Rs 219,000.",Burglary,2024-05-19
CASE_8,202600001,Convicted,"[""FIR_8""]","The complainant received a call from an unknown person claiming to be a bank official, who obtained OTP details and transferred Rs 436,000 from the complainant's account.",Online Fraud,2026-06-06
CASE_9,202500001,Under Investigation,"[""FIR_9""]",The complainant reported that her in-laws made unwelcome advances and passed lewd remarks towards her near Ring Road.,Sexual Harassment,2025-10-24
CASE_10,202400001,Charge Sheeted,"[""FIR_10""]","The complainant's laptop was stolen from outside their residence at College Road, valued at approximately Rs 165,000.",Theft,2024-12-08
CASE_11,202500001,Pending Trial,"[""FIR_11""]","The complainant's two-wheeler was stolen from outside their residence at College Road, valued at approximately Rs 361,000.",Theft,2025-01-08
CASE_12,202500001,Charge Sheeted,"[""FIR_12""]","Unknown persons broke into the complainant's premises at Gandhi Nagar at night and decamped with valuables worth Rs 207,000.",Burglary,2025-08-20
CASE_13,202400001,Under Investigation,"[""FIR_13""]",The victim Manoj died under suspicious circumstances at her matrimonial home. The complainant alleges harassment for dowry by an unidentified assailant.,Dowry Death,2024-03-21
CASE_14,202500001,Under Investigation,"[""FIR_14""]",Police intercepted the accused near Ring Road and recovered 6.5 kg of ganja from their possession.,Ganja Possession,2025-07-22
CASE_15,202500001,Charge Sheeted,"[""FIR_15""]",The complainant reported that their scooter parked near College Road was stolen overnight. The vehicle was not recovered at the time of registration.,Vehicle Theft,2025-10-26
CASE_16,202400001,Abated,"[""FIR_16""]",The accused attacked Manoj with a sharp weapon near College Road following a quarrel over a financial transaction. The victim was rushed to hospital with grievous injuries.,Attempt to Murder,2024-09-05
CASE_17,202400001,Closed (Undetected),"[""FIR_17""]",The victim Lakshmi died under suspicious circumstances at her matrimonial home. The complainant alleges harassment for dowry by her in-laws.,Dowry Death,2024-03-02
CASE_18,202400001,Closed (Undetected),"[""FIR_18""]","A group of persons allegedly assembled unlawfully near New Extension and engaged in rioting, causing damage to property.",Rioting,2024-09-19
CASE_19,202400001,Closed (False Case),"[""FIR_19""]",The complainant alleged repeated physical and mental harassment by her in-laws over dowry-related demands at their residence in Ring Road.,Domestic Violence,2024-08-27
CASE_20,202400002,Under Investigation,"[""FIR_20""]","The complainant reported that Manoj died following an altercation with her in-laws near Industrial Layout, suspected to involve a financial transaction.",Culpable Homicide,2024-01-30
CASE_21,202500001,Under Investigation,"[""FIR_21""]","Unknown persons broke into the complainant's premises at Bus Stand Road at night and decamped with valuables worth Rs 214,000.",Burglary,2025-01-30
CASE_22,202500001,Under Investigation,"[""FIR_22""]","The complainant, a woman walking near Temple Street, reported that two men on a motorcycle snatched her gold chain and sped away towards New Extension.",Chain Snatching,2025-06-24
CASE_23,202400001,Closed (Undetected),"[""FIR_23""]","The complainant reported that Manoj was found dead with injuries near MG Road, allegedly assaulted by his neighbour following a dispute over an extramarital affair suspicion.",Murder,2024-05-20
CASE_24,202400001,Closed (False Case),"[""FIR_24""]","The complainant stated that an unidentified assailant assaulted them near APMC Yard following an argument over past enmity, causing hurt.",Assault,2024-12-06
CASE_25,202400001,Charge Sheeted,"[""FIR_25""]","A police patrol near Bus Stand Road intercepted a vehicle and recovered narcotic substances weighing 6.9 kg, suspected to be in transit for sale.",NDPS Trafficking,2024-05-29
CASE_26,202400001,Under Investigation,"[""FIR_26""]",Police recovered an unlicensed firearm from the accused during a routine check near Ring Road.,Illegal Firearm Possession,2024-11-22
CASE_27,202600001,Pending Trial,"[""FIR_27""]",Information was received regarding a minor being transported from Bus Stand Road allegedly for trafficking purposes; the child was rescued.,Child Trafficking,2026-04-12
CASE_28,202500001,Under Investigation,"[""FIR_28""]",The complainant reported that an unidentified assailant made unwelcome advances and passed lewd remarks towards her near Old Town.,Sexual Harassment,2025-11-20
CASE_29,202400001,Closed (Undetected),"[""FIR_29""]","A group of persons allegedly assembled unlawfully near MG Road and engaged in rioting, causing damage to property.",Rioting,2024-12-13
CASE_30,202500001,Under Investigation,"[""FIR_30""]",The complainant reported that a former business partner made unwelcome advances and passed lewd remarks towards her near Ring Road.,Sexual Harassment,2025-03-17
CASE_31,202400001,Under Investigation,"[""FIR_31""]",The complainant reported that their car parked near Market area was stolen overnight. The vehicle was not recovered at the time of registration.,Vehicle Theft,2024-01-16
CASE_32,202400001,Under Investigation,"[""FIR_32""]","The complainant reported that Anitha was found dead with injuries near Church Street, allegedly assaulted by a former business partner following a dispute over a financial transaction.",Murder,2024-06-27
CASE_33,202500001,Under Investigation,"[""FIR_33""]",The complainant reported that their scooter parked near Industrial Layout was stolen overnight. The vehicle was not recovered at the time of registration.,Vehicle Theft,2025-09-01
CASE_34,202500001,Under Investigation,"[""FIR_34""]",The complainant reported that her in-laws made unwelcome advances and passed lewd remarks towards her near Temple Street.,Sexual Harassment,2025-10-12
CASE_35,202500001,Closed (Undetected),"[""FIR_35""]",The complainant reported that their motorcycle parked near Gandhi Nagar was stolen overnight. The vehicle was not recovered at the time of registration.,Vehicle Theft,2025-11-01
CASE_36,202500001,Under Investigation,"[""FIR_36""]","The complainant alleged that the accused, entrusted with funds of Rs 437,000 for a business partnership, misappropriated the amount.",Criminal Breach of Trust,2025-07-25
CASE_37,202500001,Closed (Undetected),"[""FIR_37""]",The complainant reported that their car parked near Old Town was stolen overnight. The vehicle was not recovered at the time of registration.,Vehicle Theft,2025-11-27
CASE_38,202400001,Charge Sheeted,"[""FIR_38""]","The complainant reported that unknown persons broke into their house at Ring Road and stole gold jewellery worth Rs 328,000 and cash. The incident occurred while the family was away.",Theft,2024-04-10
CASE_39,202500001,Charge Sheeted,"[""FIR_39""]",The accused attacked Nagaraj with a knife near Station Road following a quarrel over unpaid loan. The victim was rushed to hospital with grievous injuries.,Attempt to Murder,2025-05-17
CASE_40,202500002,Closed (Undetected),"[""FIR_40""]","The complainant's two-wheeler was stolen from outside their residence at Temple Street, valued at approximately Rs 420,000.",Theft,2025-06-05
CASE_41,202500002,Charge Sheeted,"[""FIR_41""]",The complainant reported that the accused outraged her modesty near Railway Station Road.,Outraging Modesty,2025-06-21
CASE_42,202400001,Under Investigation,"[""FIR_42""]",Police intercepted the accused near New Extension and recovered 10.4 kg of ganja from their possession.,Ganja Possession,2024-03-06
CASE_43,202400002,Closed (Undetected),"[""FIR_43""]",The complainant reported an incident related to other ipc crimes occurring near Old Town. Investigation is underway to ascertain further facts.,Mischief,2024-07-07
CASE_44,202400001,Under Investigation,"[""FIR_44""]","Unknown persons broke into the complainant's premises at Old Town at night and decamped with valuables worth Rs 302,000.",Burglary,2024-03-15
CASE_45,202500002,Under Investigation,"[""FIR_45""]","The complainant reported that Manoj died following an altercation with his neighbour near MG Road, suspected to involve a business partnership.",Culpable Homicide,2025-05-25
CASE_46,202600001,Under Investigation,"[""FIR_46""]","The complainant, a woman walking near Industrial Layout, reported that two men on a motorcycle snatched her gold chain and sped away towards Church Street.",Chain Snatching,2026-03-11
CASE_47,202400001,Pending Trial,"[""FIR_47""]",The complainant's confidential business data was allegedly copied and misused by a former employee.,Data Theft,2024-01-01
CASE_48,202400001,Acquitted,"[""FIR_48""]",The complainant reported an incident related to other ipc crimes occurring near Main Bazaar. Investigation is underway to ascertain further facts.,Mischief,2024-02-16
CASE_49,202400001,Closed (Undetected),"[""FIR_49""]","The victim was attacked with a corrosive substance by the accused near MG Road, sustaining burn injuries.",Acid Attack,2024-09-07
CASE_50,202400002,Under Investigation,"[""FIR_50""]",The complainant stated that the accused has been following and contacting her repeatedly near Gandhi Nagar despite objection.,Stalking,2024-09-20
CASE_51,202400001,Pending Trial,"[""FIR_51""]",The complainant reported that the minor victim was subjected to abuse by a known acquaintance at Railway Station Road.,Child Abuse,2024-09-06
CASE_52,202500001,Compromised,"[""FIR_52""]",The complainant reported that a former business partner made unwelcome advances and passed lewd remarks towards her near Temple Street.,Sexual Harassment,2025-02-25
CASE_53,202500001,Referred to Another PS,"[""FIR_53""]",The complainant was robbed of cash and a mobile phone by unidentified persons near Bus Stand Road at knife-point.,Robbery,2025-12-16
CASE_54,202500001,Charge Sheeted,"[""FIR_54""]",The complainant reported an incident related to crimes against scs/sts occurring near Church Street. Investigation is underway to ascertain further facts.,Caste Abuse,2025-04-21
CASE_55,202600001,Under Investigation,"[""FIR_55""]","The complainant's bank account was debited for Rs 188,000 through fraudulent means allegedly involving the accused.",Bank Fraud,2026-04-23
CASE_56,202500001,Under Investigation,"[""FIR_56""]","A police patrol near APMC Yard intercepted a vehicle and recovered narcotic substances weighing 9.8 kg, suspected to be in transit for sale.",NDPS Trafficking,2025-10-16
CASE_57,202400001,Charge Sheeted,"[""FIR_57""]",The complainant reported repeated harassing messages and unwanted contact from an unknown social media account.,Cyber Stalking,2024-07-07
CASE_58,202400001,Charge Sheeted,"[""FIR_58""]","Unknown persons broke into the complainant's premises at Main Bazaar at night and decamped with valuables worth Rs 391,000.",Burglary,2024-04-02
CASE_59,202500001,Closed (Undetected),"[""FIR_59""]","The complainant reported that the accused was driving a vehicle rashly near Market area, endangering pedestrians.",Rash Driving,2025-02-28
CASE_60,202500001,Pending Trial,"[""FIR_60""]",The victim Manoj died under suspicious circumstances at her matrimonial home. The complainant alleges harassment for dowry by her husband.,Dowry Death,2025-02-14
CASE_61,202500001,Under Investigation,"[""FIR_61""]",The accused attacked Suresh with a sharp weapon near Market area following a quarrel over land boundary issues. The victim was rushed to hospital with grievous injuries.,Attempt to Murder,2025-08-17
CASE_62,202500001,Under Investigation,"[""FIR_62""]",The victim was hit by an unidentified vehicle near Market area and sustained injuries; the driver fled the scene.,Hit and Run,2025-03-19
CASE_63,202500001,Pending Trial,"[""FIR_63""]",The complainant reported an incident related to crimes against public order occurring near College Road. Investigation is underway to ascertain further facts.,Promoting Enmity,2025-07-04
CASE_64,202400002,Under Investigation,"[""FIR_64""]",The complainant reported an incident related to crimes against public order occurring near New Extension. Investigation is underway to ascertain further facts.,Promoting Enmity,2024-12-09
CASE_65,202500001,Closed (False Case),"[""FIR_65""]",The victim Anitha was fatally attacked with a wooden stick by the accused near Old Town. The motive is suspected to be land boundary issues.,Murder,2025-02-18
CASE_66,202500001,Under Investigation,"[""FIR_66""]","A police patrol near MG Road intercepted a vehicle and recovered narcotic substances weighing 9.4 kg, suspected to be in transit for sale.",NDPS Trafficking,2025-06-15
CASE_67,202500001,Under Investigation,"[""FIR_67""]","The complainant reported that Kavya died following an altercation with a known acquaintance near Station Road, suspected to involve an extramarital affair suspicion.",Culpable Homicide,2025-12-04
CASE_68,202600001,Pending Trial,"[""FIR_68""]",The accused attacked Anitha with a knife near MG Road following a quarrel over a property dispute. The victim was rushed to hospital with grievous injuries.,Attempt to Murder,2026-01-06
CASE_69,202500002,Pending Trial,"[""FIR_69""]","The complainant paid an advance of Rs 146,000 to the accused for unpaid loan which was never delivered as promised.",Cheating,2025-04-19
CASE_70,202600001,Pending Trial,"[""FIR_70""]","Unknown persons broke into the complainant's premises at Main Bazaar at night and decamped with valuables worth Rs 132,000.",Burglary,2026-03-26
CASE_71,202500001,Pending Trial,"[""FIR_71""]",The victim was hit by an unidentified vehicle near Station Road and sustained injuries; the driver fled the scene.,Hit and Run,2025-12-28
CASE_72,202400001,Charge Sheeted,"[""FIR_72""]","The complainant reported that Ramesh was found dead with injuries near Station Road, allegedly assaulted by a known acquaintance following a dispute over a family dispute.",Murder,2024-04-03
CASE_73,202400001,Under Investigation,"[""FIR_73""]","The complainant's two-wheeler was stolen from outside their residence at Temple Street, valued at approximately Rs 138,000.",Theft,2024-02-03
CASE_74,202500001,Under Investigation,"[""FIR_74""]","Unknown persons broke into the complainant's premises at Gandhi Nagar at night and decamped with valuables worth Rs 178,000.",Burglary,2025-03-22
CASE_75,202600001,Closed (Undetected),"[""FIR_75""]","A group of persons allegedly assembled unlawfully near APMC Yard and engaged in rioting, causing damage to property.",Rioting,2026-01-12
CASE_76,202400001,Under Investigation,"[""FIR_76""]","Unknown persons broke into the complainant's premises at Main Bazaar at night and decamped with valuables worth Rs 372,000.",Burglary,2024-07-22
CASE_77,202500001,Under Investigation,"[""FIR_77""]","The complainant, a woman walking near Whitefield Main Road, reported that two men on a motorcycle snatched her gold chain and sped away towards ITPL Road. CCTV footage is being reviewed; the MO matches similar chain-snatching incidents reported recently in the city.",Chain Snatching,2025-01-17
CASE_78,202500002,Referred to Another PS,"[""FIR_78""]",The complainant's confidential business data was allegedly copied and misused by a former employee.,Data Theft,2025-04-21
CASE_79,202500001,Charge Sheeted,"[""FIR_79""]",The complainant reported that a former business partner made unwelcome advances and passed lewd remarks towards her near MG Road.,Sexual Harassment,2025-05-18
CASE_80,202600001,Charge Sheeted,"[""FIR_80""]","A group of persons allegedly assembled unlawfully near Main Bazaar and engaged in rioting, causing damage to property.",Rioting,2026-06-25
CASE_81,202500001,Under Investigation,"[""FIR_81""]",The complainant reported that the accused forged signatures on documents related to past enmity to gain wrongful benefit.,Forgery,2025-12-07
CASE_82,202400001,Charge Sheeted,"[""FIR_82""]","The complainant, a woman walking near College Road, reported that two men on a motorcycle snatched her gold chain and sped away towards College Road.",Chain Snatching,2024-11-29
CASE_83,202400001,Pending Trial,"[""FIR_83""]",The complainant stated that the accused has been following and contacting her repeatedly near Main Bazaar despite objection.,Stalking,2024-09-21
CASE_84,202600001,Closed (Undetected),"[""FIR_84""]","A group of armed persons robbed the complainant's shop at Railway Station Road, decamping with cash and goods worth Rs 379,000.",Dacoity,2026-06-12
CASE_85,202600001,Under Investigation,"[""FIR_85""]",The complainant reported that their scooter parked near Main Bazaar was stolen overnight. The vehicle was not recovered at the time of registration.,Vehicle Theft,2026-07-02
CASE_86,202500001,Under Investigation,"[""FIR_86""]",The complainant stated that the accused has been following and contacting her repeatedly near College Road despite objection.,Stalking,2025-07-23
CASE_87,202600001,Charge Sheeted,"[""FIR_87""]",The complainant alleged repeated physical and mental harassment by a former business partner over dowry-related demands at their residence in Market area.,Domestic Violence,2026-06-24
CASE_88,202600002,Pending Trial,"[""FIR_88""]","A group of armed persons robbed the complainant's shop at Market area, decamping with cash and goods worth Rs 252,000.",Dacoity,2026-04-12
CASE_89,202600001,Closed (False Case),"[""FIR_89""]","Unknown persons broke into the complainant's premises at Bus Stand Road at night and decamped with valuables worth Rs 117,000.",Burglary,2026-01-14
CASE_90,202400001,Under Investigation,"[""FIR_90""]",The complainant reported an incident related to arms act offences occurring near Market area. Investigation is underway to ascertain further facts.,Illegal Arms Manufacturing,2024-04-02
CASE_91,202500003,Charge Sheeted,"[""FIR_91""]",Police intercepted the accused near Industrial Layout and recovered 10.5 kg of ganja from their possession.,Ganja Possession,2025-12-12
CASE_92,202500001,Under Investigation,"[""FIR_92""]","Unknown persons broke into the complainant's premises at Bus Stand Road at night and decamped with valuables worth Rs 209,000.",Burglary,2025-10-26
CASE_93,202600001,Pending Trial,"[""FIR_93""]",The complainant was robbed of cash and a mobile phone by unidentified persons near College Road at knife-point.,Robbery,2026-06-23
CASE_94,202500001,Charge Sheeted,"[""FIR_94""]",The accused attacked Ramesh with a sharp weapon near College Road following a quarrel over unpaid loan. The victim was rushed to hospital with grievous injuries.,Attempt to Murder,2025-04-27
CASE_95,202500001,Charge Sheeted,"[""FIR_95""]",The accused was found driving under the influence of alcohol near Gandhi Nagar and was apprehended by a police patrol.,Drunken Driving,2025-10-10
CASE_96,202400001,Closed (Undetected),"[""FIR_96""]","The complainant, a woman walking near Bus Stand Road, reported that two men on a motorcycle snatched her gold chain and sped away towards Market area.",Chain Snatching,2024-03-17
CASE_97,202500001,Charge Sheeted,"[""FIR_97""]",The complainant reported that their scooter parked near Main Bazaar was stolen overnight. The vehicle was not recovered at the time of registration.,Vehicle Theft,2025-10-16
CASE_98,202500001,Acquitted,"[""FIR_98""]",The victim Ramesh died under suspicious circumstances at her matrimonial home. The complainant alleges harassment for dowry by a known acquaintance.,Dowry Death,2025-06-22
CASE_99,202600001,Under Investigation,"[""FIR_99""]",The complainant was robbed of cash and a mobile phone by unidentified persons near Station Road at knife-point.,Robbery,2026-06-25
CASE_100,202500004,Acquitted,"[""FIR_100""]",The complainant was robbed of cash and a mobile phone by unidentified persons near Station Road at knife-point.,Robbery,2025-09-12
CASE_101,202400002,Closed (Undetected),"[""FIR_101""]",The complainant reported an incident related to crimes against public order occurring near Old Town. Investigation is underway to ascertain further facts.,Promoting Enmity,2024-12-05
CASE_102,202600001,Under Investigation,"[""FIR_102""]","The complainant reported that the accused was driving a vehicle rashly near Industrial Layout, endangering pedestrians.",Rash Driving,2026-01-29
CASE_103,202600001,Acquitted,"[""FIR_103""]","The victim was attacked with a corrosive substance by the accused near APMC Yard, sustaining burn injuries.",Acid Attack,2026-06-24
CASE_104,202600001,Charge Sheeted,"[""FIR_104""]",The complainant reported an incident related to crimes related to documents/property occurring near Market area. Investigation is underway to ascertain further facts.,Land Fraud,2026-02-14
CASE_105,202400001,Charge Sheeted,"[""FIR_105""]","The complainant paid an advance of Rs 300,000 to the accused for a property dispute which was never delivered as promised.",Cheating,2024-05-16
CASE_106,202500002,Under Investigation,"[""FIR_106""]",The complainant's confidential business data was allegedly copied and misused by a former employee.,Data Theft,2025-03-12
CASE_107,202500001,Pending Trial,"[""FIR_107""]",The accused was found driving under the influence of alcohol near Main Bazaar and was apprehended by a police patrol.,Drunken Driving,2025-12-30
CASE_108,202400001,Convicted,"[""FIR_108""]","Unknown persons broke into the complainant's premises at College Road at night and decamped with valuables worth Rs 72,000.",Burglary,2024-12-21
CASE_109,202500001,Under Investigation,"[""FIR_109""]",The victim was hit by an unidentified vehicle near Station Road and sustained injuries; the driver fled the scene.,Hit and Run,2025-10-02
CASE_110,202500001,Under Investigation,"[""FIR_110""]",The complainant reported repeated harassing messages and unwanted contact from an unknown social media account.,Cyber Stalking,2025-02-05
CASE_111,202600001,Charge Sheeted,"[""FIR_111""]",Information was received regarding a minor being transported from Bus Stand Road allegedly for trafficking purposes; the child was rescued.,Child Trafficking,2026-06-21
CASE_112,202400001,Pending Trial,"[""FIR_112""]","The complainant's two-wheeler was stolen from outside their residence at Temple Street, valued at approximately Rs 199,000.",Theft,2024-11-28
CASE_113,202500002,Pending Trial,"[""FIR_113""]","Unknown persons broke into the complainant's premises at New Extension at night and decamped with valuables worth Rs 159,000.",Burglary,2025-05-21
CASE_114,202400001,Charge Sheeted,"[""FIR_114""]",The victim was hit by an unidentified vehicle near College Road and sustained injuries; the driver fled the scene.,Hit and Run,2024-11-18
CASE_115,202600001,Under Investigation,"[""FIR_115""]","A police patrol near Station Road intercepted a vehicle and recovered narcotic substances weighing 10.1 kg, suspected to be in transit for sale.",NDPS Trafficking,2026-01-29
CASE_116,202500002,Pending Trial,"[""FIR_116""]",The victim sustained grievous injuries after being attacked with a wooden stick by her husband near MG Road over a financial transaction.,Grievous Hurt,2025-04-16
CASE_117,202500001,Charge Sheeted,"[""FIR_117""]","Unknown persons broke into the complainant's premises at Church Street at night and decamped with valuables worth Rs 97,000.",Burglary,2025-06-22
CASE_118,202500005,Under Investigation,"[""FIR_118""]","The complainant received a call from an unknown person claiming to be a bank official, who obtained OTP details and transferred Rs 408,000 from the complainant's account.",Online Fraud,2025-02-14
CASE_119,202400003,Charge Sheeted,"[""FIR_119""]","A group of persons allegedly assembled unlawfully near APMC Yard and engaged in rioting, causing damage to property.",Rioting,2024-04-12
CASE_120,202400001,Charge Sheeted,"[""FIR_120""]","Unknown persons broke into the complainant's premises at Bus Stand Road at night and decamped with valuables worth Rs 299,000.",Burglary,2024-04-24
CASE_121,202400002,Convicted,"[""FIR_121""]",The victim Ramesh was fatally attacked with a knife by the accused near Gandhi Nagar. The motive is suspected to be past enmity.,Murder,2024-02-19
CASE_122,202600003,Under Investigation,"[""FIR_122""]",The accused attacked Deepa with a knife near Ring Road following a quarrel over a family dispute. The victim was rushed to hospital with grievous injuries.,Attempt to Murder,2026-04-28
CASE_123,202600001,Convicted,"[""FIR_123""]",The complainant reported repeated harassing messages and unwanted contact from an unknown social media account.,Cyber Stalking,2026-01-20
CASE_124,202600001,Convicted,"[""FIR_124""]","A police patrol near MG Road intercepted a vehicle and recovered narcotic substances weighing 11.1 kg, suspected to be in transit for sale.",NDPS Trafficking,2026-01-08
CASE_125,202400001,Convicted,"[""FIR_125""]",The victim was hit by an unidentified vehicle near Main Bazaar and sustained injuries; the driver fled the scene.,Hit and Run,2024-02-23
CASE_126,202400004,Pending Trial,"[""FIR_126""]","A group of persons allegedly assembled unlawfully near Temple Street and engaged in rioting, causing damage to property.",Rioting,2024-03-01
CASE_127,202500001,Pending Trial,"[""FIR_127""]","The complainant paid an advance of Rs 170,000 to the accused for past enmity which was never delivered as promised.",Cheating,2025-02-02
CASE_128,202400001,Under Investigation,"[""FIR_128""]","A group gathered near Ring Road in violation of prohibitory orders, leading to a law and order situation.",Unlawful Assembly,2024-01-16
CASE_129,202400001,Closed (Undetected),"[""FIR_129""]","The complainant reported that Manoj was found dead with injuries near APMC Yard, allegedly assaulted by his neighbour following a dispute over a business partnership.",Murder,2024-05-10
CASE_130,202400001,Closed (Undetected),"[""FIR_130""]",The accused attacked Anitha with a knife near APMC Yard following a quarrel over land boundary issues. The victim was rushed to hospital with grievous injuries.,Attempt to Murder,2024-07-13
CASE_131,202500003,Under Investigation,"[""FIR_131""]",The complainant stated that the accused has been following and contacting her repeatedly near MG Road despite objection.,Stalking,2025-12-31
CASE_132,202500001,Charge Sheeted,"[""FIR_132""]",The accused attacked Anitha with a sharp weapon near Ring Road following a quarrel over land boundary issues. The victim was rushed to hospital with grievous injuries.,Attempt to Murder,2025-11-09
CASE_133,202500001,Convicted,"[""FIR_133""]","The complainant, a woman walking near Church Street, reported that two men on a motorcycle snatched her gold chain and sped away towards MG Road.",Chain Snatching,2025-12-27
CASE_134,202500002,Under Investigation,"[""FIR_134""]",The complainant reported an incident related to environmental offences occurring near Railway Station Road. Investigation is underway to ascertain further facts.,Wildlife Poaching,2025-12-03
CASE_135,202400002,Closed (Undetected),"[""FIR_135""]",The complainant alleged repeated physical and mental harassment by her husband over dowry-related demands at their residence in Railway Station Road.,Domestic Violence,2024-06-09
CASE_136,202400002,Compromised,"[""FIR_136""]",The complainant alleged repeated physical and mental harassment by his neighbour over dowry-related demands at their residence in Gandhi Nagar.,Domestic Violence,2024-01-17
CASE_137,202400001,Charge Sheeted,"[""FIR_137""]",The accused attacked Kavya with a iron rod near Temple Street following a quarrel over a family dispute. The victim was rushed to hospital with grievous injuries.,Attempt to Murder,2024-08-01
CASE_138,202600002,Closed (Undetected),"[""FIR_138""]","The complainant reported that Kavya was found dead with injuries near Railway Station Road, allegedly assaulted by his neighbour following a dispute over a business partnership.",Murder,2026-07-12
CASE_139,202400001,Pending Trial,"[""FIR_139""]",The complainant reported that the accused forged signatures on documents related to a financial transaction to gain wrongful benefit.,Forgery,2024-09-25
CASE_140,202400001,Closed (Undetected),"[""FIR_140""]",The complainant alleged repeated physical and mental harassment by her husband over dowry-related demands at their residence in MG Road.,Domestic Violence,2024-12-28
CASE_141,202500001,Under Investigation,"[""FIR_141""]",The complainant reported repeated harassing messages and unwanted contact from an unknown social media account.,Cyber Stalking,2025-06-11
CASE_142,202400001,Pending Trial,"[""FIR_142""]","The complainant reported that unknown persons broke into their house at Ring Road and stole gold jewellery worth Rs 103,000 and cash. The incident occurred while the family was away.",Theft,2024-10-28
CASE_143,202400001,Under Investigation,"[""FIR_143""]",The victim Kavya was fatally attacked with a wooden stick by the accused near College Road. The motive is suspected to be past enmity.,Murder,2024-04-11
CASE_144,202400003,Under Investigation,"[""FIR_144""]","The complainant reported that Manoj died following an altercation with her husband near Station Road, suspected to involve past enmity.",Culpable Homicide,2024-04-06
CASE_145,202400001,Under Investigation,"[""FIR_145""]",The accused was found driving under the influence of alcohol near Main Bazaar and was apprehended by a police patrol.,Drunken Driving,2024-10-16
CASE_146,202400001,Pending Trial,"[""FIR_146""]","A police patrol near Main Bazaar intercepted a vehicle and recovered narcotic substances weighing 1.5 kg, suspected to be in transit for sale.",NDPS Trafficking,2024-04-14
CASE_147,202400001,Closed (Undetected),"[""FIR_147""]","The complainant, a woman walking near Ring Road, reported that two men on a motorcycle snatched her gold chain and sped away towards Old Town.",Chain Snatching,2024-04-11
CASE_148,202600001,Closed (False Case),"[""FIR_148""]","Unknown persons broke into the complainant's premises at Old Town at night and decamped with valuables worth Rs 34,000.",Burglary,2026-06-30
CASE_149,202400001,Charge Sheeted,"[""FIR_149""]",The complainant reported that the accused forged signatures on documents related to an extramarital affair suspicion to gain wrongful benefit.,Forgery,2024-07-20
CASE_150,202500001,Charge Sheeted,"[""FIR_150""]",The accused attacked Nagaraj with a iron rod near Bus Stand Road following a quarrel over a financial transaction. The victim was rushed to hospital with grievous injuries.,Attempt to Murder,2025-02-16
CASE_151,202600004,Compromised,"[""FIR_151""]",The complainant alleged repeated physical and mental harassment by his neighbour over dowry-related demands at their residence in New Extension.,Domestic Violence,2026-03-22
CASE_152,202600001,Closed (False Case),"[""FIR_152""]",The victim was hit by an unidentified vehicle near Station Road and sustained injuries; the driver fled the scene.,Hit and Run,2026-06-08
CASE_153,202400002,Charge Sheeted,"[""FIR_153""]",The complainant was robbed of cash and a mobile phone by unidentified persons near Railway Station Road at knife-point.,Robbery,2024-01-29
CASE_154,202500003,Under Investigation,"[""FIR_154""]",The victim Kavya was fatally attacked with a wooden stick by the accused near Temple Street. The motive is suspected to be unpaid loan.,Murder,2025-02-04
CASE_155,202500001,Under Investigation,"[""FIR_155""]","The complainant clicked a fraudulent link received via SMS and lost Rs 382,000 from their bank account.",Phishing,2025-01-07
CASE_156,202500004,Under Investigation,"[""FIR_156""]",The complainant reported that her in-laws made unwelcome advances and passed lewd remarks towards her near Old Town.,Sexual Harassment,2025-11-06
CASE_157,202400002,Under Investigation,"[""FIR_157""]","The victim was attacked with a corrosive substance by the accused near APMC Yard, sustaining burn injuries.",Acid Attack,2024-11-05
CASE_158,202400002,Under Investigation,"[""FIR_158""]","The complainant discovered that a fraudulent account was created in their name and used to obtain a loan of Rs 382,000.",Identity Theft,2024-01-16
CASE_159,202400001,Pending Trial,"[""FIR_159""]","The complainant reported that the accused was driving a vehicle rashly near Railway Station Road, endangering pedestrians.",Rash Driving,2024-04-13
CASE_160,202500004,Under Investigation,"[""FIR_160""]",The complainant reported that their motorcycle parked near Market area was stolen overnight. The vehicle was not recovered at the time of registration.,Vehicle Theft,2025-10-08
CASE_161,202500001,Closed (False Case),"[""FIR_161""]",The complainant's confidential business data was allegedly copied and misused by a former employee.,Data Theft,2025-04-12
CASE_162,202600001,Under Investigation,"[""FIR_162""]",The complainant reported that the minor victim was subjected to abuse by a former business partner at College Road.,Child Abuse,2026-05-03
CASE_163,202500002,Under Investigation,"[""FIR_163""]","The complainant discovered that a fraudulent account was created in their name and used to obtain a loan of Rs 74,000.",Identity Theft,2025-01-14
CASE_164,202400001,Acquitted,"[""FIR_164""]","A group of armed persons robbed the complainant's shop at Bus Stand Road, decamping with cash and goods worth Rs 174,000.",Dacoity,2024-11-17
CASE_165,202600001,Closed (False Case),"[""FIR_165""]",Police intercepted the accused near Old Town and recovered 1.1 kg of ganja from their possession.,Ganja Possession,2026-01-23
CASE_166,202500001,Under Investigation,"[""FIR_166""]",The accused was apprehended near College Road while allegedly peddling narcotic substances to local youth.,Drug Peddling,2025-02-24
CASE_167,202600001,Closed (Undetected),"[""FIR_167""]",The complainant was robbed of cash and a mobile phone by unidentified persons near APMC Yard at knife-point.,Robbery,2026-06-10
CASE_168,202500001,Under Investigation,"[""FIR_168""]","Unknown persons broke into the complainant's premises at Railway Station Road at night and decamped with valuables worth Rs 207,000.",Burglary,2025-09-14
CASE_169,202600001,Abated,"[""FIR_169""]","The complainant received a call from an unknown person claiming to be a bank official, who obtained OTP details and transferred Rs 234,000 from the complainant's account.",Online Fraud,2026-03-23
CASE_170,202500003,Under Investigation,"[""FIR_170""]",Police intercepted the accused near Railway Station Road and recovered 3.9 kg of ganja from their possession.,Ganja Possession,2025-02-22
CASE_171,202400005,Closed (False Case),"[""FIR_171""]","The complainant reported that the accused was driving a vehicle rashly near Church Street, endangering pedestrians.",Rash Driving,2024-09-26
CASE_172,202600002,Under Investigation,"[""FIR_172""]",Information was received regarding a minor being transported from New Extension allegedly for trafficking purposes; the child was rescued.,Child Trafficking,2026-04-24
CASE_173,202600002,Under Investigation,"[""FIR_173""]",The complainant reported that the accused forged signatures on documents related to unpaid loan to gain wrongful benefit.,Forgery,2026-02-27
CASE_174,202500002,Charge Sheeted,"[""FIR_174""]","Unknown persons broke into the complainant's premises at Railway Station Road at night and decamped with valuables worth Rs 65,000.",Burglary,2025-04-11
CASE_175,202400002,Charge Sheeted,"[""FIR_175""]","A group gathered near Temple Street in violation of prohibitory orders, leading to a law and order situation.",Unlawful Assembly,2024-03-12
CASE_176,202500001,Under Investigation,"[""FIR_176""]",The complainant reported that their scooter parked near Ring Road was stolen overnight. The vehicle was not recovered at the time of registration.,Vehicle Theft,2025-12-30
CASE_177,202600001,Under Investigation,"[""FIR_177""]",The complainant reported that her husband made unwelcome advances and passed lewd remarks towards her near Bus Stand Road.,Sexual Harassment,2026-01-03
CASE_178,202400001,Under Investigation,"[""FIR_178""]",The complainant alleged being threatened with dire consequences by her husband over a dispute regarding an extramarital affair suspicion.,Criminal Intimidation,2024-08-05
CASE_179,202400001,Under Investigation,"[""FIR_179""]",The complainant was robbed of cash and a mobile phone by unidentified persons near Main Bazaar at knife-point.,Robbery,2024-02-26
CASE_180,202500001,Convicted,"[""FIR_180""]","The complainant reported that the accused was driving a vehicle rashly near Bus Stand Road, endangering pedestrians.",Rash Driving,2025-10-29
CASE_181,202400001,Convicted,"[""FIR_181""]","The complainant's bank account was debited for Rs 434,000 through fraudulent means allegedly involving the accused.",Bank Fraud,2024-08-16
CASE_182,202500001,Charge Sheeted,"[""FIR_182""]","The complainant discovered that a fraudulent account was created in their name and used to obtain a loan of Rs 186,000.",Identity Theft,2025-12-09
CASE_183,202400002,Under Investigation,"[""FIR_183""]",The complainant stated that the accused has been following and contacting her repeatedly near Old Town despite objection.,Stalking,2024-01-30
CASE_184,202500001,Pending Trial,"[""FIR_184""]",The complainant alleged repeated physical and mental harassment by his neighbour over dowry-related demands at their residence in Church Street.,Domestic Violence,2025-04-05
CASE_185,202600001,Closed (Undetected),"[""FIR_185""]","The complainant stated that his neighbour assaulted them near MG Road following an argument over a business partnership, causing hurt.",Assault,2026-02-09
CASE_186,202400001,Compromised,"[""FIR_186""]",The complainant reported an incident related to arms act offences occurring near College Road. Investigation is underway to ascertain further facts.,Illegal Arms Manufacturing,2024-10-16
CASE_187,202600001,Pending Trial,"[""FIR_187""]","A group of armed persons robbed the complainant's shop at Railway Station Road, decamping with cash and goods worth Rs 165,000.",Dacoity,2026-01-06
CASE_188,202400006,Closed (Undetected),"[""FIR_188""]","The complainant's bank account was debited for Rs 295,000 through fraudulent means allegedly involving the accused.",Bank Fraud,2024-08-20
CASE_189,202400001,Acquitted,"[""FIR_189""]",The complainant reported repeated harassing messages and unwanted contact from an unknown social media account.,Cyber Stalking,2024-06-21
CASE_190,202400003,Closed (Undetected),"[""FIR_190""]","The complainant, a woman walking near APMC Yard, reported that two men on a motorcycle snatched her gold chain and sped away towards Temple Street.",Chain Snatching,2024-03-29
CASE_191,202400001,Convicted,"[""FIR_191""]",Police intercepted the accused near New Extension and recovered 6.4 kg of ganja from their possession.,Ganja Possession,2024-12-13
CASE_192,202400001,Under Investigation,"[""FIR_192""]",The complainant alleged repeated physical and mental harassment by a known acquaintance over dowry-related demands at their residence in New Extension.,Domestic Violence,2024-08-01
CASE_193,202500001,Pending Trial,"[""FIR_193""]",The complainant alleged being threatened with dire consequences by her husband over a dispute regarding a family dispute.,Criminal Intimidation,2025-11-03
CASE_194,202400007,Charge Sheeted,"[""FIR_194""]",The complainant reported that a known acquaintance made unwelcome advances and passed lewd remarks towards her near New Extension.,Sexual Harassment,2024-03-27
CASE_195,202600001,Under Investigation,"[""FIR_195""]",The complainant reported that the accused forged signatures on documents related to unpaid loan to gain wrongful benefit.,Forgery,2026-01-30
CASE_196,202500001,Under Investigation,"[""FIR_196""]",The complainant reported an incident related to crimes against scs/sts occurring near Ring Road. Investigation is underway to ascertain further facts.,Caste Abuse,2025-06-14
CASE_197,202400002,Charge Sheeted,"[""FIR_197""]","The complainant, a woman walking near Railway Station Road, reported that two men on a motorcycle snatched her gold chain and sped away towards Church Street.",Chain Snatching,2024-03-28
CASE_198,202500002,Under Investigation,"[""FIR_198""]","The complainant paid an advance of Rs 440,000 to the accused for unpaid loan which was never delivered as promised.",Cheating,2025-10-31
CASE_199,202600001,Pending Trial,"[""FIR_199""]","A group gathered near New Extension in violation of prohibitory orders, leading to a law and order situation.",Unlawful Assembly,2026-04-06
CASE_200,202400001,Pending Trial,"[""FIR_200""]","The complainant's bank account was debited for Rs 370,000 through fraudulent means allegedly involving the accused.",Bank Fraud,2024-03-14
CASE_201,202400003,Charge Sheeted,"[""FIR_201""]",The victim was hit by an unidentified vehicle near Main Bazaar and sustained injuries; the driver fled the scene.,Hit and Run,2024-01-14
CASE_202,202500005,Charge Sheeted,"[""FIR_202""]",The complainant reported that their motorcycle parked near Gandhi Nagar was stolen overnight. The vehicle was not recovered at the time of registration.,Vehicle Theft,2025-10-28
CASE_203,202500003,Charge Sheeted,"[""FIR_203""]","Unknown persons broke into the complainant's premises at APMC Yard at night and decamped with valuables worth Rs 126,000.",Burglary,2025-04-04
CASE_204,202500002,Under Investigation,"[""FIR_204""]",The complainant reported that the accused forged signatures on documents related to a property dispute to gain wrongful benefit.,Forgery,2025-11-26
CASE_205,202400001,Under Investigation,"[""FIR_205""]","The complainant reported that unknown persons broke into their house at Ring Road and stole gold jewellery worth Rs 130,000 and cash. The incident occurred while the family was away.",Theft,2024-07-09
CASE_206,202600001,Under Investigation,"[""FIR_206""]",The complainant reported an incident related to arms act offences occurring near Bus Stand Road. Investigation is underway to ascertain further facts.,Illegal Arms Manufacturing,2026-06-08
CASE_207,202400001,Closed (Undetected),"[""FIR_207""]","The victim was attacked with a corrosive substance by the accused near Railway Station Road, sustaining burn injuries.",Acid Attack,2024-09-17
CASE_208,202400001,Under Investigation,"[""FIR_208""]",The complainant reported that the accused forged signatures on documents related to a financial transaction to gain wrongful benefit.,Forgery,2024-06-15
CASE_209,202500002,Pending Trial,"[""FIR_209""]","A police patrol near College Road intercepted a vehicle and recovered narcotic substances weighing 10.1 kg, suspected to be in transit for sale.",NDPS Trafficking,2025-11-22
CASE_210,202600002,Under Investigation,"[""FIR_210""]",The complainant was robbed of cash and a mobile phone by unidentified persons near MG Road at knife-point.,Robbery,2026-06-06
CASE_211,202600001,Under Investigation,"[""FIR_211""]",Police intercepted the accused near MG Road and recovered 2.7 kg of ganja from their possession.,Ganja Possession,2026-04-14
CASE_212,202400003,Charge Sheeted,"[""FIR_212""]",The victim was hit by an unidentified vehicle near Ring Road and sustained injuries; the driver fled the scene.,Hit and Run,2024-06-09
CASE_213,202400001,Charge Sheeted,"[""FIR_213""]",The complainant reported repeated harassing messages and unwanted contact from an unknown social media account.,Cyber Stalking,2024-09-17
CASE_214,202400001,Pending Trial,"[""FIR_214""]",The victim sustained grievous injuries after being attacked with a wooden stick by her in-laws near Market area over past enmity.,Grievous Hurt,2024-10-12
CASE_215,202500001,Referred to Another PS,"[""FIR_215""]",The accused attacked Anitha with a sharp weapon near Market area following a quarrel over a business partnership. The victim was rushed to hospital with grievous injuries.,Attempt to Murder,2025-12-17
CASE_216,202400004,Closed (Undetected),"[""FIR_216""]","A group of armed persons robbed the complainant's shop at Ring Road, decamping with cash and goods worth Rs 187,000.",Dacoity,2024-08-23
CASE_217,202500001,Compromised,"[""FIR_217""]",The complainant reported an incident related to crimes against children occurring near MG Road. Investigation is underway to ascertain further facts.,Child Labour,2025-02-12
CASE_218,202500001,Referred to Another PS,"[""FIR_218""]","The complainant reported that the accused was driving a vehicle rashly near Temple Street, endangering pedestrians.",Rash Driving,2025-05-10
CASE_219,202500002,Charge Sheeted,"[""FIR_219""]",The complainant's confidential business data was allegedly copied and misused by a former employee.,Data Theft,2025-03-21
CASE_220,202500001,Pending Trial,"[""FIR_220""]",The complainant reported an incident related to arms act offences occurring near Station Road. Investigation is underway to ascertain further facts.,Illegal Arms Manufacturing,2025-09-26
CASE_221,202400001,Under Investigation,"[""FIR_221""]","The complainant alleged that the accused, entrusted with funds of Rs 30,000 for past enmity, misappropriated the amount.",Criminal Breach of Trust,2024-12-07
CASE_222,202400004,Convicted,"[""FIR_222""]",The complainant was robbed of cash and a mobile phone by unidentified persons near College Road at knife-point.,Robbery,2024-05-01
CASE_223,202400001,Charge Sheeted,"[""FIR_223""]","The complainant reported that unknown persons broke into their house at Industrial Layout and stole gold jewellery worth Rs 389,000 and cash. The incident occurred while the family was away.",Theft,2024-01-07
CASE_224,202500001,Under Investigation,"[""FIR_224""]","A group gathered near Temple Street in violation of prohibitory orders, leading to a law and order situation.",Unlawful Assembly,2025-12-07
CASE_225,202500001,Charge Sheeted,"[""FIR_225""]","The complainant received a call from an unknown person claiming to be a bank official, who obtained OTP details and transferred Rs 30,000 from the complainant's account.",Online Fraud,2025-11-21
CASE_226,202400001,Pending Trial,"[""FIR_226""]","The complainant, a woman walking near Station Road, reported that two men on a motorcycle snatched her gold chain and sped away towards Temple Street.",Chain Snatching,2024-06-15
CASE_227,202500001,Pending Trial,"[""FIR_227""]",The victim sustained grievous injuries after being attacked with a knife by an unidentified assailant near Station Road over unpaid loan.,Grievous Hurt,2025-06-17
CASE_228,202400001,Closed (Undetected),"[""FIR_228""]","The complainant reported that the accused was driving a vehicle rashly near Station Road, endangering pedestrians.",Rash Driving,2024-08-12
CASE_229,202500002,Convicted,"[""FIR_229""]","The complainant reported that Anitha died following an altercation with her husband near APMC Yard, suspected to involve a property dispute.",Culpable Homicide,2025-02-20
CASE_230,202600001,Charge Sheeted,"[""FIR_230""]",The complainant reported an incident related to environmental offences occurring near APMC Yard. Investigation is underway to ascertain further facts.,Wildlife Poaching,2026-03-29
CASE_231,202600001,Under Investigation,"[""FIR_231""]","The complainant, a woman walking near New Extension, reported that two men on a motorcycle snatched her gold chain and sped away towards Railway Station Road.",Chain Snatching,2026-04-24
CASE_232,202500004,Under Investigation,"[""FIR_232""]","Unknown persons broke into the complainant's premises at Market area at night and decamped with valuables worth Rs 440,000.",Burglary,2025-07-15
CASE_233,202400002,Under Investigation,"[""FIR_233""]","The victim was attacked with a corrosive substance by the accused near Industrial Layout, sustaining burn injuries.",Acid Attack,2024-11-23
CASE_234,202500001,Under Investigation,"[""FIR_234""]","The complainant alleged that the accused, entrusted with funds of Rs 307,000 for an extramarital affair suspicion, misappropriated the amount.",Criminal Breach of Trust,2025-07-10
CASE_235,202400002,Under Investigation,"[""FIR_235""]",The complainant's confidential business data was allegedly copied and misused by a former employee.,Data Theft,2024-09-09
CASE_236,202500001,Pending Trial,"[""FIR_236""]",Police intercepted the accused near Ring Road and recovered 8.9 kg of ganja from their possession.,Ganja Possession,2025-07-14
CASE_237,202400001,Under Investigation,"[""FIR_237""]","Unknown persons broke into the complainant's premises at Temple Street at night and decamped with valuables worth Rs 299,000.",Burglary,2024-08-20
CASE_238,202500002,Convicted,"[""FIR_238""]",The complainant stated that the accused has been following and contacting her repeatedly near Gandhi Nagar despite objection.,Stalking,2025-06-04
CASE_239,202400002,Charge Sheeted,"[""FIR_239""]","The complainant discovered that a fraudulent account was created in their name and used to obtain a loan of Rs 174,000.",Identity Theft,2024-04-21
CASE_240,202500001,Under Investigation,"[""FIR_240""]",The complainant was robbed of cash and a mobile phone by unidentified persons near APMC Yard at knife-point.,Robbery,2025-03-01
CASE_241,202600002,Under Investigation,"[""FIR_241""]","Unknown persons broke into the complainant's premises at Main Bazaar at night and decamped with valuables worth Rs 59,000.",Burglary,2026-07-06
CASE_242,202400001,Under Investigation,"[""FIR_242""]","The complainant reported that the accused was driving a vehicle rashly near APMC Yard, endangering pedestrians.",Rash Driving,2024-05-14
CASE_243,202400001,Charge Sheeted,"[""FIR_243""]","Unknown persons broke into the complainant's premises at Main Bazaar at night and decamped with valuables worth Rs 279,000.",Burglary,2024-12-06
CASE_244,202400004,Under Investigation,"[""FIR_244""]","A police patrol near Bus Stand Road intercepted a vehicle and recovered narcotic substances weighing 9.5 kg, suspected to be in transit for sale.",NDPS Trafficking,2024-07-22
CASE_245,202400001,Under Investigation,"[""FIR_245""]","The complainant's bank account was debited for Rs 361,000 through fraudulent means allegedly involving the accused.",Bank Fraud,2024-06-01
CASE_246,202500002,Pending Trial,"[""FIR_246""]","The complainant paid an advance of Rs 90,000 to the accused for a family dispute which was never delivered as promised.",Cheating,2025-09-07
CASE_247,202400001,Charge Sheeted,"[""FIR_247""]",The victim Nagaraj died under suspicious circumstances at her matrimonial home. The complainant alleges harassment for dowry by his neighbour.,Dowry Death,2024-09-16
CASE_248,202500001,Charge Sheeted,"[""FIR_248""]",The victim sustained grievous injuries after being attacked with a iron rod by her husband near APMC Yard over unpaid loan.,Grievous Hurt,2025-09-23
CASE_249,202600001,Convicted,"[""FIR_249""]","The complainant's bank account was debited for Rs 267,000 through fraudulent means allegedly involving the accused.",Bank Fraud,2026-03-30
CASE_250,202400002,Under Investigation,"[""FIR_250""]",The complainant stated that the accused has been following and contacting her repeatedly near College Road despite objection.,Stalking,2024-09-21
CASE_251,202500006,Closed (False Case),"[""FIR_251""]",The victim Kavya was fatally attacked with a wooden stick by the accused near Ring Road. The motive is suspected to be a financial transaction.,Murder,2025-08-27
CASE_252,202500003,Charge Sheeted,"[""FIR_252""]","The complainant, belonging to a Scheduled Caste, alleged physical assault and caste-based abuse by her in-laws near College Road.",Atrocity - Physical Assault,2025-08-16
CASE_253,202500001,Under Investigation,"[""FIR_253""]",Police intercepted the accused near Gandhi Nagar and recovered 3.7 kg of ganja from their possession.,Ganja Possession,2025-02-26
CASE_254,202500002,Under Investigation,"[""FIR_254""]","Unknown persons broke into the complainant's premises at Industrial Layout at night and decamped with valuables worth Rs 232,000.",Burglary,2025-10-28
CASE_255,202400001,Acquitted,"[""FIR_255""]","A group of armed persons robbed the complainant's shop at Church Street, decamping with cash and goods worth Rs 50,000.",Dacoity,2024-07-03
CASE_256,202600001,Abated,"[""FIR_256""]",The complainant was robbed of cash and a mobile phone by unidentified persons near New Extension at knife-point.,Robbery,2026-03-30
CASE_257,202400003,Abated,"[""FIR_257""]",The complainant reported that the accused outraged her modesty near Temple Street.,Outraging Modesty,2024-07-22
CASE_258,202600003,Under Investigation,"[""FIR_258""]",The complainant reported that his neighbour made unwelcome advances and passed lewd remarks towards her near Main Bazaar.,Sexual Harassment,2026-06-11
CASE_259,202600001,Under Investigation,"[""FIR_259""]",The victim sustained grievous injuries after being attacked with a iron rod by a known acquaintance near Market area over unpaid loan.,Grievous Hurt,2026-03-19
CASE_260,202500001,Charge Sheeted,"[""FIR_260""]",The complainant's confidential business data was allegedly copied and misused by a former employee.,Data Theft,2025-09-28
CASE_261,202500001,Under Investigation,"[""FIR_261""]",The complainant reported that a former business partner made unwelcome advances and passed lewd remarks towards her near Station Road.,Sexual Harassment,2025-05-21
CASE_262,202500001,Charge Sheeted,"[""FIR_262""]",The accused was apprehended near Station Road while allegedly peddling narcotic substances to local youth.,Drug Peddling,2025-10-11
CASE_263,202500002,Pending Trial,"[""FIR_263""]","The complainant stated that his neighbour assaulted them near Gandhi Nagar following an argument over an extramarital affair suspicion, causing hurt.",Assault,2025-12-21
CASE_264,202500002,Convicted,"[""FIR_264""]","The complainant, a woman walking near College Road, reported that two men on a motorcycle snatched her gold chain and sped away towards Railway Station Road.",Chain Snatching,2025-01-18
CASE_265,202400002,Under Investigation,"[""FIR_265""]","The complainant stated that a former business partner assaulted them near Bus Stand Road following an argument over an extramarital affair suspicion, causing hurt.",Assault,2024-08-17
CASE_266,202500005,Referred to Another PS,"[""FIR_266""]",The complainant alleged being threatened with dire consequences by a former business partner over a dispute regarding an extramarital affair suspicion.,Criminal Intimidation,2025-04-24
CASE_267,202400001,Charge Sheeted,"[""FIR_267""]",The complainant reported that a known acquaintance made unwelcome advances and passed lewd remarks towards her near MG Road.,Sexual Harassment,2024-11-11
CASE_268,202500001,Under Investigation,"[""FIR_268""]","A police patrol near Bus Stand Road intercepted a vehicle and recovered narcotic substances weighing 1.4 kg, suspected to be in transit for sale.",NDPS Trafficking,2025-01-12
CASE_269,202400002,Charge Sheeted,"[""FIR_269""]","The complainant paid an advance of Rs 319,000 to the accused for unpaid loan which was never delivered as promised.",Cheating,2024-07-14
CASE_270,202600002,Charge Sheeted,"[""FIR_270""]",The complainant reported an incident related to crimes related to documents/property occurring near Ring Road. Investigation is underway to ascertain further facts.,Land Fraud,2026-02-15
CASE_271,202500002,Under Investigation,"[""FIR_271""]","The complainant clicked a fraudulent link received via SMS and lost Rs 145,000 from their bank account.",Phishing,2025-08-13
CASE_272,202400002,Charge Sheeted,"[""FIR_272""]","The complainant reported that Anitha was found dead with injuries near Bus Stand Road, allegedly assaulted by her husband following a dispute over past enmity.",Murder,2024-01-10
CASE_273,202600002,Pending Trial,"[""FIR_273""]",The victim was hit by an unidentified vehicle near Bus Stand Road and sustained injuries; the driver fled the scene.,Hit and Run,2026-04-25
CASE_274,202400002,Charge Sheeted,"[""FIR_274""]","The complainant's bank account was debited for Rs 238,000 through fraudulent means allegedly involving the accused.",Bank Fraud,2024-05-27
CASE_275,202600003,Under Investigation,"[""FIR_275""]",The complainant reported an incident related to crimes against children occurring near MG Road. Investigation is underway to ascertain further facts.,Child Labour,2026-05-02
CASE_276,202400003,Under Investigation,"[""FIR_276""]","The complainant discovered that a fraudulent account was created in their name and used to obtain a loan of Rs 179,000.",Identity Theft,2024-11-19
CASE_277,202500001,Under Investigation,"[""FIR_277""]",Police intercepted the accused near MG Road and recovered 5.9 kg of ganja from their possession.,Ganja Possession,2025-09-26
CASE_278,202500002,Closed (Undetected),"[""FIR_278""]","The complainant reported that Manoj was found dead with injuries near Industrial Layout, allegedly assaulted by her husband following a dispute over a family dispute.",Murder,2025-01-03
CASE_279,202400002,Charge Sheeted,"[""FIR_279""]","The victim was attacked with a corrosive substance by the accused near Industrial Layout, sustaining burn injuries.",Acid Attack,2024-11-20
CASE_280,202400002,Pending Trial,"[""FIR_280""]",The complainant stated that the accused has been following and contacting her repeatedly near Temple Street despite objection.,Stalking,2024-06-07
CASE_281,202400001,Charge Sheeted,"[""FIR_281""]",The accused was apprehended near Main Bazaar while allegedly peddling narcotic substances to local youth.,Drug Peddling,2024-08-03
CASE_282,202600001,Pending Trial,"[""FIR_282""]",The complainant reported that the accused forged signatures on documents related to an extramarital affair suspicion to gain wrongful benefit.,Forgery,2026-05-19
CASE_283,202400002,Under Investigation,"[""FIR_283""]","A group of armed persons robbed the complainant's shop at Ring Road, decamping with cash and goods worth Rs 17,000.",Dacoity,2024-06-07
CASE_284,202400001,Charge Sheeted,"[""FIR_284""]","The complainant's bank account was debited for Rs 134,000 through fraudulent means allegedly involving the accused.",Bank Fraud,2024-04-10
CASE_285,202400004,Under Investigation,"[""FIR_285""]","A group of armed persons robbed the complainant's shop at College Road, decamping with cash and goods worth Rs 127,000.",Dacoity,2024-03-13
CASE_286,202600001,Convicted,"[""FIR_286""]","The complainant clicked a fraudulent link received via SMS and lost Rs 306,000 from their bank account.",Phishing,2026-04-05
CASE_287,202500001,Charge Sheeted,"[""FIR_287""]",Police intercepted the accused near College Road and recovered 3.9 kg of ganja from their possession.,Ganja Possession,2025-12-28
CASE_288,202600001,Charge Sheeted,"[""FIR_288""]","A group gathered near College Road in violation of prohibitory orders, leading to a law and order situation.",Unlawful Assembly,2026-05-09
CASE_289,202500001,Under Investigation,"[""FIR_289""]",The complainant reported an incident related to crimes related to documents/property occurring near College Road. Investigation is underway to ascertain further facts.,Land Fraud,2025-03-08
CASE_290,202400001,Charge Sheeted,"[""FIR_290""]",The victim sustained grievous injuries after being attacked with a knife by her in-laws near Temple Street over unpaid loan.,Grievous Hurt,2024-06-06
CASE_291,202500001,Under Investigation,"[""FIR_291""]","The complainant's mobile phone was stolen from outside their residence at Market area, valued at approximately Rs 308,000.",Theft,2025-07-02
CASE_292,202400003,Pending Trial,"[""FIR_292""]","The complainant reported that Kavya died following an altercation with his neighbour near Railway Station Road, suspected to involve a financial transaction.",Culpable Homicide,2024-04-30
CASE_293,202400001,Under Investigation,"[""FIR_293""]",The complainant reported an incident related to crimes against scs/sts occurring near APMC Yard. Investigation is underway to ascertain further facts.,Atrocity - Social Boycott,2024-08-18
CASE_294,202500003,Charge Sheeted,"[""FIR_294""]","A group of armed persons robbed the complainant's shop at Church Street, decamping with cash and goods worth Rs 135,000.",Dacoity,2025-04-06
CASE_295,202500006,Under Investigation,"[""FIR_295""]",The complainant reported that the accused outraged her modesty near Church Street.,Outraging Modesty,2025-09-22
CASE_296,202500001,Closed (Undetected),"[""FIR_296""]","The complainant reported that Lakshmi died following an altercation with an unidentified assailant near Station Road, suspected to involve a property dispute.",Culpable Homicide,2025-08-31
CASE_297,202500001,Closed (Undetected),"[""FIR_297""]","The complainant reported that Suresh died following an altercation with her husband near Bus Stand Road, suspected to involve a property dispute.",Culpable Homicide,2025-11-08
CASE_298,202400001,Charge Sheeted,"[""FIR_298""]","The complainant reported that unknown persons broke into their house at Gandhi Nagar and stole gold jewellery worth Rs 380,000 and cash. The incident occurred while the family was away.",Theft,2024-10-16
CASE_299,202400005,Closed (False Case),"[""FIR_299""]",The complainant stated that the accused has been following and contacting her repeatedly near College Road despite objection.,Stalking,2024-02-28
CASE_300,202500003,Under Investigation,"[""FIR_300""]","The complainant reported that Suresh died following an altercation with her husband near Bus Stand Road, suspected to involve land boundary issues.",Culpable Homicide,2025-12-16
CASE_301,202400001,Under Investigation,"[""FIR_301""]",The complainant reported an incident related to crimes against scs/sts occurring near Ring Road. Investigation is underway to ascertain further facts.,Atrocity - Social Boycott,2024-01-17
CASE_302,202600001,Convicted,"[""FIR_302""]",The complainant alleged repeated physical and mental harassment by her husband over dowry-related demands at their residence in College Road.,Domestic Violence,2026-01-08
CASE_303,202600001,Under Investigation,"[""FIR_303""]",The complainant reported an incident related to crimes related to documents/property occurring near APMC Yard. Investigation is underway to ascertain further facts.,Land Fraud,2026-05-29
CASE_304,202500003,Closed (False Case),"[""FIR_304""]","A group of armed persons robbed the complainant's shop at Railway Station Road, decamping with cash and goods worth Rs 418,000.",Dacoity,2025-12-30
CASE_305,202500005,Charge Sheeted,"[""FIR_305""]","The complainant alleged that the accused, entrusted with funds of Rs 58,000 for land boundary issues, misappropriated the amount.",Criminal Breach of Trust,2025-08-04
CASE_306,202600003,Charge Sheeted,"[""FIR_306""]",The complainant reported an incident related to other ipc crimes occurring near Railway Station Road. Investigation is underway to ascertain further facts.,Mischief,2026-02-23
CASE_307,202500001,Charge Sheeted,"[""FIR_307""]",The complainant reported that the accused forged signatures on documents related to a family dispute to gain wrongful benefit.,Forgery,2025-09-18
CASE_308,202500001,Charge Sheeted,"[""FIR_308""]","The complainant's bank account was debited for Rs 324,000 through fraudulent means allegedly involving the accused.",Bank Fraud,2025-08-19
CASE_309,202400004,Convicted,"[""FIR_309""]",The complainant stated that the accused has been following and contacting her repeatedly near College Road despite objection.,Stalking,2024-05-21
CASE_310,202400002,Charge Sheeted,"[""FIR_310""]","The complainant reported that Lakshmi died following an altercation with a known acquaintance near Church Street, suspected to involve unpaid loan.",Culpable Homicide,2024-01-08
CASE_311,202600001,Under Investigation,"[""FIR_311""]","The victim was attacked with a corrosive substance by the accused near APMC Yard, sustaining burn injuries.",Acid Attack,2026-03-25
CASE_312,202600002,Charge Sheeted,"[""FIR_312""]",The complainant stated that the accused has been following and contacting her repeatedly near Station Road despite objection.,Stalking,2026-02-05
CASE_313,202500001,Under Investigation,"[""FIR_313""]",Police intercepted the accused near Church Street and recovered 4.6 kg of ganja from their possession.,Ganja Possession,2025-04-03
CASE_314,202500001,Under Investigation,"[""FIR_314""]",The complainant reported that her in-laws made unwelcome advances and passed lewd remarks towards her near Market area.,Sexual Harassment,2025-04-05
CASE_315,202500004,Closed (Undetected),"[""FIR_315""]","The complainant received a call from an unknown person claiming to be a bank official, who obtained OTP details and transferred Rs 80,000 from the complainant's account.",Online Fraud,2025-07-11
CASE_316,202500007,Closed (False Case),"[""FIR_316""]",The complainant reported an incident related to crimes related to documents/property occurring near Market area. Investigation is underway to ascertain further facts.,Land Fraud,2025-01-13
CASE_317,202400001,Under Investigation,"[""FIR_317""]",The complainant reported repeated harassing messages and unwanted contact from an unknown social media account.,Cyber Stalking,2024-08-07
CASE_318,202600001,Charge Sheeted,"[""FIR_318""]","The complainant paid an advance of Rs 160,000 to the accused for a business partnership which was never delivered as promised.",Cheating,2026-05-19
CASE_319,202500001,Charge Sheeted,"[""FIR_319""]","The complainant discovered that a fraudulent account was created in their name and used to obtain a loan of Rs 124,000.",Identity Theft,2025-03-25
CASE_320,202400001,Under Investigation,"[""FIR_320""]","The complainant discovered that a fraudulent account was created in their name and used to obtain a loan of Rs 267,000.",Identity Theft,2024-07-18
CASE_321,202400001,Closed (False Case),"[""FIR_321""]","The complainant's bank account was debited for Rs 83,000 through fraudulent means allegedly involving the accused.",Bank Fraud,2024-08-09
CASE_322,202500003,Charge Sheeted,"[""FIR_322""]","The complainant, a woman walking near Ring Road, reported that two men on a motorcycle snatched her gold chain and sped away towards New Extension.",Chain Snatching,2025-08-25
CASE_323,202500002,Pending Trial,"[""FIR_323""]","A group of armed persons robbed the complainant's shop at Gandhi Nagar, decamping with cash and goods worth Rs 124,000.",Dacoity,2025-05-04
CASE_324,202500002,Under Investigation,"[""FIR_324""]",Police recovered an unlicensed firearm from the accused during a routine check near Main Bazaar.,Illegal Firearm Possession,2025-02-16
CASE_325,202500001,Closed (Undetected),"[""FIR_325""]","The complainant, a woman walking near Temple Street, reported that two men on a motorcycle snatched her gold chain and sped away towards Railway Station Road.",Chain Snatching,2025-11-07
CASE_326,202400001,Closed (Undetected),"[""FIR_326""]","Unknown persons broke into the complainant's premises at Station Road at night and decamped with valuables worth Rs 123,000.",Burglary,2024-06-09
CASE_327,202400004,Convicted,"[""FIR_327""]","A police patrol near Bus Stand Road intercepted a vehicle and recovered narcotic substances weighing 11.3 kg, suspected to be in transit for sale.",NDPS Trafficking,2024-02-07
CASE_328,202500007,Pending Trial,"[""FIR_328""]","A group of armed persons robbed the complainant's shop at Ring Road, decamping with cash and goods worth Rs 278,000.",Dacoity,2025-12-23
CASE_329,202500002,Pending Trial,"[""FIR_329""]",The complainant reported that their car parked near Old Town was stolen overnight. The vehicle was not recovered at the time of registration.,Vehicle Theft,2025-11-20
CASE_330,202500001,Under Investigation,"[""FIR_330""]",The complainant reported that the minor victim was subjected to abuse by a former business partner at Main Bazaar.,Child Abuse,2025-05-08
CASE_331,202500002,Pending Trial,"[""FIR_331""]",The complainant reported an incident related to crimes against children occurring near Railway Station Road. Investigation is underway to ascertain further facts.,Child Labour,2025-10-21
CASE_332,202400008,Under Investigation,"[""FIR_332""]",The complainant alleged repeated physical and mental harassment by her husband over dowry-related demands at their residence in Ring Road.,Domestic Violence,2024-07-29
CASE_333,202600003,Under Investigation,"[""FIR_333""]",The accused was apprehended near Railway Station Road while allegedly peddling narcotic substances to local youth.,Drug Peddling,2026-01-20
CASE_334,202400001,Closed (Undetected),"[""FIR_334""]",The complainant reported that the accused forged signatures on documents related to a business partnership to gain wrongful benefit.,Forgery,2024-06-10
CASE_335,202400001,Convicted,"[""FIR_335""]","A group of armed persons robbed the complainant's shop at Temple Street, decamping with cash and goods worth Rs 291,000.",Dacoity,2024-12-10
CASE_336,202400002,Abated,"[""FIR_336""]",The complainant reported an incident related to crimes against children occurring near Gandhi Nagar. Investigation is underway to ascertain further facts.,Child Labour,2024-02-04
CASE_337,202500001,Pending Trial,"[""FIR_337""]",The victim Ramesh was fatally attacked with a knife by the accused near College Road. The motive is suspected to be a financial transaction.,Murder,2025-11-01
CASE_338,202500001,Charge Sheeted,"[""FIR_338""]","The complainant alleged that the accused, entrusted with funds of Rs 17,000 for a family dispute, misappropriated the amount.",Criminal Breach of Trust,2025-07-17
CASE_339,202600001,Pending Trial,"[""FIR_339""]","The complainant clicked a fraudulent link received via SMS and lost Rs 390,000 from their bank account.",Phishing,2026-05-11
CASE_340,202400005,Referred to Another PS,"[""FIR_340""]",The victim was hit by an unidentified vehicle near Station Road and sustained injuries; the driver fled the scene.,Hit and Run,2024-02-26
CASE_341,202500002,Pending Trial,"[""FIR_341""]",The complainant was robbed of cash and a mobile phone by unidentified persons near Bus Stand Road at knife-point.,Robbery,2025-12-01
CASE_342,202500008,Pending Trial,"[""FIR_342""]",The complainant alleged repeated physical and mental harassment by a known acquaintance over dowry-related demands at their residence in Market area.,Domestic Violence,2025-04-27
CASE_343,202500001,Pending Trial,"[""FIR_343""]",The complainant reported repeated harassing messages and unwanted contact from an unknown social media account.,Cyber Stalking,2025-10-09
CASE_344,202500002,Charge Sheeted,"[""FIR_344""]","The complainant's mobile phone was stolen from outside their residence at Bus Stand Road, valued at approximately Rs 121,000.",Theft,2025-08-20
CASE_345,202500005,Charge Sheeted,"[""FIR_345""]","The complainant, a woman walking near Gandhi Nagar, reported that two men on a motorcycle snatched her gold chain and sped away towards Ring Road.",Chain Snatching,2025-03-06
CASE_346,202600001,Charge Sheeted,"[""FIR_346""]","The complainant discovered that a fraudulent account was created in their name and used to obtain a loan of Rs 288,000.",Identity Theft,2026-02-18
CASE_347,202500001,Charge Sheeted,"[""FIR_347""]",The victim sustained grievous injuries after being attacked with a knife by her in-laws near Church Street over a property dispute.,Grievous Hurt,2025-11-22
CASE_348,202400003,Charge Sheeted,"[""FIR_348""]",The complainant reported an incident related to other ipc crimes occurring near New Extension. Investigation is underway to ascertain further facts.,Mischief,2024-01-16
CASE_349,202400005,Convicted,"[""FIR_349""]","The complainant received a call from an unknown person claiming to be a bank official, who obtained OTP details and transferred Rs 219,000 from the complainant's account.",Online Fraud,2024-10-03
CASE_350,202500001,Pending Trial,"[""FIR_350""]","The complainant, a woman walking near Ring Road, reported that two men on a motorcycle snatched her gold chain and sped away towards College Road.",Chain Snatching,2025-04-29
CASE_351,202600001,Under Investigation,"[""FIR_351""]","The complainant's laptop was stolen from outside their residence at Railway Station Road, valued at approximately Rs 53,000.",Theft,2026-06-05
CASE_352,202500003,Charge Sheeted,"[""FIR_352""]",The complainant's confidential business data was allegedly copied and misused by a former employee.,Data Theft,2025-12-31
CASE_353,202500002,Under Investigation,"[""FIR_353""]",The victim was hit by an unidentified vehicle near APMC Yard and sustained injuries; the driver fled the scene.,Hit and Run,2025-07-31
CASE_354,202600001,Closed (False Case),"[""FIR_354""]","A group of armed persons robbed the complainant's shop at Bus Stand Road, decamping with cash and goods worth Rs 430,000.",Dacoity,2026-07-03
CASE_355,202500006,Acquitted,"[""FIR_355""]",The accused attacked Ramesh with a wooden stick near Bus Stand Road following a quarrel over unpaid loan. The victim was rushed to hospital with grievous injuries.,Attempt to Murder,2025-03-01
CASE_356,202600002,Under Investigation,"[""FIR_356""]",The complainant was robbed of cash and a mobile phone by unidentified persons near Bus Stand Road at knife-point.,Robbery,2026-03-25
CASE_357,202600001,Compromised,"[""FIR_357""]",The accused attacked Ramesh with a knife near APMC Yard following a quarrel over a property dispute. The victim was rushed to hospital with grievous injuries.,Attempt to Murder,2026-03-07
CASE_358,202600001,Referred to Another PS,"[""FIR_358""]","The complainant reported that Anitha died following an altercation with a former business partner near MG Road, suspected to involve a business partnership.",Culpable Homicide,2026-06-02
CASE_359,202400001,Charge Sheeted,"[""FIR_359""]",The complainant reported repeated harassing messages and unwanted contact from an unknown social media account.,Cyber Stalking,2024-07-02
CASE_360,202500002,Pending Trial,"[""FIR_360""]","A police patrol near Station Road intercepted a vehicle and recovered narcotic substances weighing 2.0 kg, suspected to be in transit for sale.",NDPS Trafficking,2025-03-13
CASE_361,202400006,Compromised,"[""FIR_361""]","The complainant discovered that a fraudulent account was created in their name and used to obtain a loan of Rs 93,000.",Identity Theft,2024-09-06
CASE_362,202400001,Under Investigation,"[""FIR_362""]","The complainant's bank account was debited for Rs 98,000 through fraudulent means allegedly involving the accused.",Bank Fraud,2024-11-20
CASE_363,202400001,Pending Trial,"[""FIR_363""]","Unknown persons broke into the complainant's premises at New Extension at night and decamped with valuables worth Rs 29,000.",Burglary,2024-06-24
CASE_364,202600003,Under Investigation,"[""FIR_364""]",The complainant was robbed of cash and a mobile phone by unidentified persons near College Road at knife-point.,Robbery,2026-06-26
CASE_365,202500001,Abated,"[""FIR_365""]",The complainant stated that the accused has been following and contacting her repeatedly near Ring Road despite objection.,Stalking,2025-08-25
CASE_366,202500001,Charge Sheeted,"[""FIR_366""]",The complainant reported that a former business partner made unwelcome advances and passed lewd remarks towards her near Church Street.,Sexual Harassment,2025-02-06
CASE_367,202400001,Under Investigation,"[""FIR_367""]",The complainant was robbed of cash and a mobile phone by unidentified persons near Temple Street at knife-point.,Robbery,2024-01-22
CASE_368,202400001,Abated,"[""FIR_368""]","The complainant reported that the accused was driving a vehicle rashly near Industrial Layout, endangering pedestrians.",Rash Driving,2024-08-14
CASE_369,202400002,Convicted,"[""FIR_369""]",The complainant reported repeated harassing messages and unwanted contact from an unknown social media account.,Cyber Stalking,2024-01-20
CASE_370,202600001,Under Investigation,"[""FIR_370""]","A group gathered near New Extension in violation of prohibitory orders, leading to a law and order situation.",Unlawful Assembly,2026-04-07
CASE_371,202500001,Pending Trial,"[""FIR_371""]","A police patrol near Railway Station Road intercepted a vehicle and recovered narcotic substances weighing 7.6 kg, suspected to be in transit for sale.",NDPS Trafficking,2025-10-06
CASE_372,202500002,Pending Trial,"[""FIR_372""]",The complainant reported that their car parked near Industrial Layout was stolen overnight. The vehicle was not recovered at the time of registration.,Vehicle Theft,2025-09-10
CASE_373,202500002,Under Investigation,"[""FIR_373""]",The complainant reported that the minor victim was subjected to abuse by a former business partner at Old Town.,Child Abuse,2025-10-14
CASE_374,202400007,Pending Trial,"[""FIR_374""]","A group of armed persons robbed the complainant's shop at Industrial Layout, decamping with cash and goods worth Rs 136,000.",Dacoity,2024-04-07
CASE_375,202600001,Charge Sheeted,"[""FIR_375""]",The complainant alleged being threatened with dire consequences by a known acquaintance over a dispute regarding past enmity.,Criminal Intimidation,2026-02-19
CASE_376,202400001,Closed (Undetected),"[""FIR_376""]",Police intercepted the accused near Gandhi Nagar and recovered 6.3 kg of ganja from their possession.,Ganja Possession,2024-06-20
CASE_377,202400001,Closed (Undetected),"[""FIR_377""]",The complainant reported an incident related to arms act offences occurring near College Road. Investigation is underway to ascertain further facts.,Illegal Arms Manufacturing,2024-09-30
CASE_378,202400002,Under Investigation,"[""FIR_378""]","The complainant alleged that the accused, entrusted with funds of Rs 216,000 for a business partnership, misappropriated the amount.",Criminal Breach of Trust,2024-05-04
CASE_379,202400001,Charge Sheeted,"[""FIR_379""]","The complainant stated that her in-laws assaulted them near Temple Street following an argument over a property dispute, causing hurt.",Assault,2024-12-22
CASE_380,202400003,Convicted,"[""FIR_380""]",The complainant's confidential business data was allegedly copied and misused by a former employee.,Data Theft,2024-02-22
CASE_381,202600004,Under Investigation,"[""FIR_381""]",The accused was apprehended near Railway Station Road while allegedly peddling narcotic substances to local youth.,Drug Peddling,2026-02-11
CASE_382,202400001,Under Investigation,"[""FIR_382""]",The complainant alleged being threatened with dire consequences by her in-laws over a dispute regarding unpaid loan.,Criminal Intimidation,2024-06-14
CASE_383,202600002,Under Investigation,"[""FIR_383""]",Police recovered an unlicensed firearm from the accused during a routine check near APMC Yard.,Illegal Firearm Possession,2026-02-28
CASE_384,202600005,Under Investigation,"[""FIR_384""]","Unknown persons broke into the complainant's premises at Bus Stand Road at night and decamped with valuables worth Rs 49,000.",Burglary,2026-03-14
CASE_385,202400003,Closed (Undetected),"[""FIR_385""]","The complainant, a woman walking near APMC Yard, reported that two men on a motorcycle snatched her gold chain and sped away towards Gandhi Nagar.",Chain Snatching,2024-08-06
CASE_386,202500001,Under Investigation,"[""FIR_386""]",The victim sustained grievous injuries after being attacked with a iron rod by a former business partner near Main Bazaar over a property dispute.,Grievous Hurt,2025-09-15
CASE_387,202500002,Closed (Undetected),"[""FIR_387""]","Unknown persons broke into the complainant's premises at Old Town at night and decamped with valuables worth Rs 366,000.",Burglary,2025-08-17
CASE_388,202400001,Charge Sheeted,"[""FIR_388""]","A police patrol near Railway Station Road intercepted a vehicle and recovered narcotic substances weighing 5.5 kg, suspected to be in transit for sale.",NDPS Trafficking,2024-08-05
CASE_389,202500001,Under Investigation,"[""FIR_389""]","The complainant discovered that a fraudulent account was created in their name and used to obtain a loan of Rs 283,000.",Identity Theft,2025-10-09
CASE_390,202500002,Under Investigation,"[""FIR_390""]",The accused was found driving under the influence of alcohol near Temple Street and was apprehended by a police patrol.,Drunken Driving,2025-01-27
CASE_391,202500003,Charge Sheeted,"[""FIR_391""]","The complainant alleged that the accused, entrusted with funds of Rs 107,000 for a business partnership, misappropriated the amount.",Criminal Breach of Trust,2025-11-09
CASE_392,202600001,Charge Sheeted,"[""FIR_392""]",The complainant alleged being threatened with dire consequences by a former business partner over a dispute regarding a family dispute.,Criminal Intimidation,2026-02-01
CASE_393,202600001,Under Investigation,"[""FIR_393""]",The complainant reported repeated harassing messages and unwanted contact from an unknown social media account.,Cyber Stalking,2026-03-09
CASE_394,202400003,Charge Sheeted,"[""FIR_394""]",A raid near Station Road revealed illegal sand mining activity being carried out by the accused without valid permits.,Illegal Sand Mining,2024-02-25
CASE_395,202400004,Pending Trial,"[""FIR_395""]",The complainant's confidential business data was allegedly copied and misused by a former employee.,Data Theft,2024-08-15
CASE_396,202400001,Charge Sheeted,"[""FIR_396""]","A group gathered near College Road in violation of prohibitory orders, leading to a law and order situation.",Unlawful Assembly,2024-10-28
CASE_397,202400001,Under Investigation,"[""FIR_397""]","A group of persons allegedly assembled unlawfully near Ring Road and engaged in rioting, causing damage to property.",Rioting,2024-10-10
CASE_398,202400001,Pending Trial,"[""FIR_398""]","A group of armed persons robbed the complainant's shop at Temple Street, decamping with cash and goods worth Rs 233,000.",Dacoity,2024-12-01
CASE_399,202500001,Charge Sheeted,"[""FIR_399""]","A police patrol near Gandhi Nagar intercepted a vehicle and recovered narcotic substances weighing 4.9 kg, suspected to be in transit for sale.",NDPS Trafficking,2025-04-27
CASE_400,202600001,Acquitted,"[""FIR_400""]","The complainant, a woman walking near New Extension, reported that two men on a motorcycle snatched her gold chain and sped away towards Ring Road.",Chain Snatching,2026-01-04
CASE_401,202400003,Under Investigation,"[""FIR_401""]","The complainant reported that Manoj died following an altercation with her husband near Main Bazaar, suspected to involve a business partnership.",Culpable Homicide,2024-07-19
CASE_402,202500001,Charge Sheeted,"[""FIR_402""]",The complainant alleged repeated physical and mental harassment by a known acquaintance over dowry-related demands at their residence in Bus Stand Road.,Domestic Violence,2025-07-08
CASE_403,202400006,Under Investigation,"[""FIR_403""]","The complainant paid an advance of Rs 38,000 to the accused for an extramarital affair suspicion which was never delivered as promised.",Cheating,2024-09-26
CASE_404,202500001,Charge Sheeted,"[""FIR_404""]","The complainant reported that the accused was driving a vehicle rashly near Railway Station Road, endangering pedestrians.",Rash Driving,2025-08-10
CASE_405,202500002,Charge Sheeted,"[""FIR_405""]","The victim was attacked with a corrosive substance by the accused near Church Street, sustaining burn injuries.",Acid Attack,2025-06-02
CASE_406,202500001,Charge Sheeted,"[""FIR_406""]",The victim Lakshmi died under suspicious circumstances at her matrimonial home. The complainant alleges harassment for dowry by an unidentified assailant.,Dowry Death,2025-09-11
CASE_407,202400001,Under Investigation,"[""FIR_407""]","The complainant, a woman walking near Ring Road, reported that two men on a motorcycle snatched her gold chain and sped away towards Railway Station Road.",Chain Snatching,2024-06-18
CASE_408,202400001,Under Investigation,"[""FIR_408""]",The victim was hit by an unidentified vehicle near Industrial Layout and sustained injuries; the driver fled the scene.,Hit and Run,2024-04-12
CASE_409,202500006,Charge Sheeted,"[""FIR_409""]","The complainant paid an advance of Rs 123,000 to the accused for land boundary issues which was never delivered as promised.",Cheating,2025-07-12
CASE_410,202400001,Charge Sheeted,"[""FIR_410""]",The complainant reported an incident related to arms act offences occurring near Old Town. Investigation is underway to ascertain further facts.,Illegal Arms Manufacturing,2024-06-13
CASE_411,202500001,Charge Sheeted,"[""FIR_411""]","Unknown persons broke into the complainant's premises at Railway Station Road at night and decamped with valuables worth Rs 346,000.",Burglary,2025-04-05
CASE_412,202500008,Pending Trial,"[""FIR_412""]","A police patrol near Church Street intercepted a vehicle and recovered narcotic substances weighing 1.0 kg, suspected to be in transit for sale.",NDPS Trafficking,2025-12-23
CASE_413,202400004,Charge Sheeted,"[""FIR_413""]",The complainant reported that property documents related to land at APMC Yard were forged by the accused.,Forged Documents,2024-08-10
CASE_414,202500002,Under Investigation,"[""FIR_414""]","The complainant received a call from an unknown person claiming to be a bank official, who obtained OTP details and transferred Rs 60,000 from the complainant's account.",Online Fraud,2025-11-03
CASE_415,202500002,Pending Trial,"[""FIR_415""]",The complainant alleged repeated physical and mental harassment by a former business partner over dowry-related demands at their residence in Gandhi Nagar.,Domestic Violence,2025-12-08
CASE_416,202500001,Charge Sheeted,"[""FIR_416""]","Unknown persons broke into the complainant's premises at MG Road at night and decamped with valuables worth Rs 406,000.",Burglary,2025-01-15
CASE_417,202500001,Acquitted,"[""FIR_417""]",The complainant reported that her husband made unwelcome advances and passed lewd remarks towards her near Market area.,Sexual Harassment,2025-04-29
CASE_418,202500002,Charge Sheeted,"[""FIR_418""]","The complainant stated that his neighbour assaulted them near Bus Stand Road following an argument over unpaid loan, causing hurt.",Assault,2025-07-08
CASE_419,202600002,Under Investigation,"[""FIR_419""]",The victim Manoj died under suspicious circumstances at her matrimonial home. The complainant alleges harassment for dowry by his neighbour.,Dowry Death,2026-02-25
CASE_420,202600003,Charge Sheeted,"[""FIR_420""]",The complainant was robbed of cash and a mobile phone by unidentified persons near MG Road at knife-point.,Robbery,2026-06-27
CASE_421,202400001,Closed (Undetected),"[""FIR_421""]","A group gathered near Church Street in violation of prohibitory orders, leading to a law and order situation.",Unlawful Assembly,2024-07-28
CASE_422,202600002,Under Investigation,"[""FIR_422""]",The accused was found driving under the influence of alcohol near Industrial Layout and was apprehended by a police patrol.,Drunken Driving,2026-02-18
CASE_423,202400002,Closed (False Case),"[""FIR_423""]","The complainant's bank account was debited for Rs 390,000 through fraudulent means allegedly involving the accused.",Bank Fraud,2024-10-23
CASE_424,202400007,Under Investigation,"[""FIR_424""]",The accused was found driving under the influence of alcohol near Main Bazaar and was apprehended by a police patrol.,Drunken Driving,2024-08-06
CASE_425,202400001,Charge Sheeted,"[""FIR_425""]","Unknown persons broke into the complainant's premises at Industrial Layout at night and decamped with valuables worth Rs 290,000.",Burglary,2024-06-24
CASE_426,202400002,Charge Sheeted,"[""FIR_426""]","Unknown persons broke into the complainant's premises at APMC Yard at night and decamped with valuables worth Rs 426,000.",Burglary,2024-05-29
CASE_427,202500004,Under Investigation,"[""FIR_427""]","The complainant stated that her husband assaulted them near Main Bazaar following an argument over an extramarital affair suspicion, causing hurt.",Assault,2025-08-30
CASE_428,202400003,Under Investigation,"[""FIR_428""]",The complainant reported an incident related to crimes against children occurring near Main Bazaar. Investigation is underway to ascertain further facts.,Child Labour,2024-12-24
CASE_429,202500001,Charge Sheeted,"[""FIR_429""]","The complainant, a woman walking near MG Road, reported that two men on a motorcycle snatched her gold chain and sped away towards Brigade Road. CCTV footage is being reviewed; the MO matches similar chain-snatching incidents reported recently in the city.",Chain Snatching,2025-03-11
CASE_430,202400008,Under Investigation,"[""FIR_430""]","A group of armed persons robbed the complainant's shop at Church Street, decamping with cash and goods worth Rs 50,000.",Dacoity,2024-08-01
CASE_431,202500002,Convicted,"[""FIR_431""]","The complainant, a woman walking near Indiranagar 100ft Road, reported that two men on a motorcycle snatched her gold chain and sped away towards CMH Road. CCTV footage is being reviewed; the MO matches similar chain-snatching incidents reported recently in the city.",Chain Snatching,2025-03-01
CASE_432,202500001,Pending Trial,"[""FIR_432""]",The complainant reported that her husband made unwelcome advances and passed lewd remarks towards her near Main Bazaar.,Sexual Harassment,2025-07-30
CASE_433,202400002,Under Investigation,"[""FIR_433""]","The complainant discovered that a fraudulent account was created in their name and used to obtain a loan of Rs 250,000.",Identity Theft,2024-11-11
CASE_434,202400001,Closed (Undetected),"[""FIR_434""]",The complainant stated that the accused has been following and contacting her repeatedly near Market area despite objection.,Stalking,2024-04-30
CASE_435,202500001,Convicted,"[""FIR_435""]",Police intercepted the accused near Temple Street and recovered 3.7 kg of ganja from their possession.,Ganja Possession,2025-03-29
CASE_436,202600001,Charge Sheeted,"[""FIR_436""]",The complainant reported that an unidentified assailant made unwelcome advances and passed lewd remarks towards her near Industrial Layout.,Sexual Harassment,2026-02-22
CASE_437,202500003,Pending Trial,"[""FIR_437""]",The complainant reported an incident related to crimes against public order occurring near Church Street. Investigation is underway to ascertain further facts.,Promoting Enmity,2025-05-01
CASE_438,202500006,Pending Trial,"[""FIR_438""]","The complainant alleged that the accused, entrusted with funds of Rs 368,000 for land boundary issues, misappropriated the amount.",Criminal Breach of Trust,2025-02-27
CASE_439,202500003,Acquitted,"[""FIR_439""]",The complainant reported an incident related to crimes against public order occurring near Bus Stand Road. Investigation is underway to ascertain further facts.,Promoting Enmity,2025-11-23
CASE_440,202400009,Closed (False Case),"[""FIR_440""]","The complainant received a call from an unknown person claiming to be a bank official, who obtained OTP details and transferred Rs 307,000 from the complainant's account.",Online Fraud,2024-04-09
CASE_441,202500004,Charge Sheeted,"[""FIR_441""]",The complainant reported that a former business partner made unwelcome advances and passed lewd remarks towards her near Church Street.,Sexual Harassment,2025-09-01
CASE_442,202500003,Convicted,"[""FIR_442""]",The complainant alleged repeated physical and mental harassment by a known acquaintance over dowry-related demands at their residence in Church Street.,Domestic Violence,2025-03-01
CASE_443,202500001,Pending Trial,"[""FIR_443""]","The complainant reported that unknown persons broke into their house at Church Street and stole gold jewellery worth Rs 142,000 and cash. The incident occurred while the family was away.",Theft,2025-05-23
CASE_444,202400003,Closed (Undetected),"[""FIR_444""]",The complainant alleged repeated physical and mental harassment by a former business partner over dowry-related demands at their residence in Railway Station Road.,Domestic Violence,2024-06-23
CASE_445,202500005,Under Investigation,"[""FIR_445""]",The complainant reported that the accused forged signatures on documents related to a family dispute to gain wrongful benefit.,Forgery,2025-12-17
CASE_446,202400001,Charge Sheeted,"[""FIR_446""]",The complainant alleged repeated physical and mental harassment by an unidentified assailant over dowry-related demands at their residence in Industrial Layout.,Domestic Violence,2024-05-12
CASE_447,202400004,Pending Trial,"[""FIR_447""]","A police patrol near New Extension intercepted a vehicle and recovered narcotic substances weighing 11.6 kg, suspected to be in transit for sale.",NDPS Trafficking,2024-08-16
CASE_448,202500002,Under Investigation,"[""FIR_448""]",The complainant alleged repeated physical and mental harassment by her in-laws over dowry-related demands at their residence in APMC Yard.,Domestic Violence,2025-01-21
CASE_449,202400002,Charge Sheeted,"[""FIR_449""]",Police intercepted the accused near Temple Street and recovered 7.8 kg of ganja from their possession.,Ganja Possession,2024-06-04
CASE_450,202500002,Closed (False Case),"[""FIR_450""]","The complainant clicked a fraudulent link received via SMS and lost Rs 423,000 from their bank account.",Phishing,2025-06-18
CASE_451,202400001,Convicted,"[""FIR_451""]",The complainant reported an incident related to other ipc crimes occurring near Industrial Layout. Investigation is underway to ascertain further facts.,Defamation,2024-05-05
CASE_452,202400002,Pending Trial,"[""FIR_452""]",The complainant reported that the accused forged signatures on documents related to a business partnership to gain wrongful benefit.,Forgery,2024-01-22
CASE_453,202500001,Charge Sheeted,"[""FIR_453""]","The complainant, belonging to a Scheduled Caste, alleged physical assault and caste-based abuse by a known acquaintance near Main Bazaar.",Atrocity - Physical Assault,2025-09-22
CASE_454,202400003,Compromised,"[""FIR_454""]","A police patrol near New Extension intercepted a vehicle and recovered narcotic substances weighing 7.2 kg, suspected to be in transit for sale.",NDPS Trafficking,2024-11-30
CASE_455,202400002,Convicted,"[""FIR_455""]",The complainant reported that a known acquaintance made unwelcome advances and passed lewd remarks towards her near Market area.,Sexual Harassment,2024-12-14
CASE_456,202500001,Pending Trial,"[""FIR_456""]","The complainant alleged that the accused, entrusted with funds of Rs 96,000 for a property dispute, misappropriated the amount.",Criminal Breach of Trust,2025-10-21
CASE_457,202600001,Under Investigation,"[""FIR_457""]","The complainant discovered that a fraudulent account was created in their name and used to obtain a loan of Rs 319,000.",Identity Theft,2026-03-02
CASE_458,202600004,Under Investigation,"[""FIR_458""]","The complainant reported that Suresh was found dead with injuries near Station Road, allegedly assaulted by a known acquaintance following a dispute over a financial transaction.",Murder,2026-02-04
CASE_459,202500002,Under Investigation,"[""FIR_459""]",The complainant's confidential business data was allegedly copied and misused by a former employee.,Data Theft,2025-11-04
CASE_460,202600002,Closed (Undetected),"[""FIR_460""]",The accused was found driving under the influence of alcohol near College Road and was apprehended by a police patrol.,Drunken Driving,2026-03-06
CASE_461,202500007,Under Investigation,"[""FIR_461""]",The victim Suresh died under suspicious circumstances at her matrimonial home. The complainant alleges harassment for dowry by her husband.,Dowry Death,2025-04-22
CASE_462,202500001,Pending Trial,"[""FIR_462""]",The complainant was robbed of cash and a mobile phone by unidentified persons near Market area at knife-point.,Robbery,2025-08-19
CASE_463,202400003,Pending Trial,"[""FIR_463""]","The complainant discovered that a fraudulent account was created in their name and used to obtain a loan of Rs 331,000.",Identity Theft,2024-02-27
CASE_464,202500002,Closed (False Case),"[""FIR_464""]","The complainant, a woman walking near Railway Station Road, reported that two men on a motorcycle snatched her gold chain and sped away towards Bus Stand Road.",Chain Snatching,2025-11-21
CASE_465,202400001,Charge Sheeted,"[""FIR_465""]",The complainant reported that the minor victim was subjected to abuse by her in-laws at MG Road.,Child Abuse,2024-07-31
CASE_466,202500003,Convicted,"[""FIR_466""]","The complainant discovered that a fraudulent account was created in their name and used to obtain a loan of Rs 372,000.",Identity Theft,2025-05-27
CASE_467,202500002,Closed (False Case),"[""FIR_467""]","A group of armed persons robbed the complainant's shop at Church Street, decamping with cash and goods worth Rs 402,000.",Dacoity,2025-06-05
CASE_468,202500001,Under Investigation,"[""FIR_468""]",Police recovered an unlicensed firearm from the accused during a routine check near Ring Road.,Illegal Firearm Possession,2025-05-24
CASE_469,202400001,Under Investigation,"[""FIR_469""]","A group of armed persons robbed the complainant's shop at Bus Stand Road, decamping with cash and goods worth Rs 301,000.",Dacoity,2024-03-24
CASE_470,202400001,Under Investigation,"[""FIR_470""]","Unknown persons broke into the complainant's premises at APMC Yard at night and decamped with valuables worth Rs 380,000.",Burglary,2024-12-18
CASE_471,202500006,Closed (Undetected),"[""FIR_471""]",The victim sustained grievous injuries after being attacked with a wooden stick by her husband near College Road over a financial transaction.,Grievous Hurt,2025-08-20
CASE_472,202500001,Pending Trial,"[""FIR_472""]","The complainant reported that the accused was driving a vehicle rashly near Railway Station Road, endangering pedestrians.",Rash Driving,2025-10-23
CASE_473,202400001,Pending Trial,"[""FIR_473""]","The complainant paid an advance of Rs 316,000 to the accused for land boundary issues which was never delivered as promised.",Cheating,2024-12-06
CASE_474,202500002,Under Investigation,"[""FIR_474""]","The complainant's bank account was debited for Rs 34,000 through fraudulent means allegedly involving the accused.",Bank Fraud,2025-11-19
CASE_475,202500004,Pending Trial,"[""FIR_475""]",The accused attacked Deepa with a wooden stick near APMC Yard following a quarrel over land boundary issues. The victim was rushed to hospital with grievous injuries.,Attempt to Murder,2025-01-25
CASE_476,202400001,Closed (Undetected),"[""FIR_476""]",Information was received regarding a minor being transported from Main Bazaar allegedly for trafficking purposes; the child was rescued.,Child Trafficking,2024-03-08
CASE_477,202400002,Charge Sheeted,"[""FIR_477""]","The complainant stated that her husband assaulted them near Ring Road following an argument over a financial transaction, causing hurt.",Assault,2024-04-13
CASE_478,202500003,Pending Trial,"[""FIR_478""]",The complainant reported that their motorcycle parked near New Extension was stolen overnight. The vehicle was not recovered at the time of registration.,Vehicle Theft,2025-10-28
CASE_479,202500001,Under Investigation,"[""FIR_479""]","The complainant reported that Anitha died following an altercation with her in-laws near Market area, suspected to involve an extramarital affair suspicion.",Culpable Homicide,2025-04-15
CASE_480,202600001,Under Investigation,"[""FIR_480""]","The complainant paid an advance of Rs 19,000 to the accused for a property dispute which was never delivered as promised.",Cheating,2026-05-17
CASE_481,202500001,Under Investigation,"[""FIR_481""]",The complainant alleged repeated physical and mental harassment by his neighbour over dowry-related demands at their residence in Church Street.,Domestic Violence,2025-09-29
CASE_482,202500001,Under Investigation,"[""FIR_482""]",The complainant alleged repeated physical and mental harassment by an unidentified assailant over dowry-related demands at their residence in Ring Road.,Domestic Violence,2025-05-12
CASE_483,202500004,Pending Trial,"[""FIR_483""]","The complainant received a call from an unknown person claiming to be a bank official, who obtained OTP details and transferred Rs 421,000 from the complainant's account.",Online Fraud,2025-06-19
CASE_484,202500005,Charge Sheeted,"[""FIR_484""]",The victim Ramesh was fatally attacked with a iron rod by the accused near Market area. The motive is suspected to be land boundary issues.,Murder,2025-02-18
CASE_485,202500003,Under Investigation,"[""FIR_485""]","A group of persons allegedly assembled unlawfully near Old Town and engaged in rioting, causing damage to property.",Rioting,2025-12-31
CASE_486,202500009,Pending Trial,"[""FIR_486""]",The complainant alleged repeated physical and mental harassment by his neighbour over dowry-related demands at their residence in Main Bazaar.,Domestic Violence,2025-09-03
CASE_487,202500006,Pending Trial,"[""FIR_487""]",The accused was apprehended near New Extension while allegedly peddling narcotic substances to local youth.,Drug Peddling,2025-08-18
CASE_488,202500004,Convicted,"[""FIR_488""]",The complainant reported that their car parked near New Extension was stolen overnight. The vehicle was not recovered at the time of registration.,Vehicle Theft,2025-10-14
CASE_489,202600001,Pending Trial,"[""FIR_489""]",The complainant was robbed of cash and a mobile phone by unidentified persons near Church Street at knife-point.,Robbery,2026-02-15
CASE_490,202500001,Acquitted,"[""FIR_490""]","The complainant, a woman walking near Temple Street, reported that two men on a motorcycle snatched her gold chain and sped away towards Station Road.",Chain Snatching,2025-12-20
CASE_491,202500002,Under Investigation,"[""FIR_491""]","A group gathered near Market area in violation of prohibitory orders, leading to a law and order situation.",Unlawful Assembly,2025-07-15
CASE_492,202400002,Under Investigation,"[""FIR_492""]","The victim was attacked with a corrosive substance by the accused near Ring Road, sustaining burn injuries.",Acid Attack,2024-03-14
CASE_493,202400002,Under Investigation,"[""FIR_493""]","The complainant reported that Manoj was found dead with injuries near Old Town, allegedly assaulted by his neighbour following a dispute over a family dispute.",Murder,2024-11-29
CASE_494,202500003,Convicted,"[""FIR_494""]",Police recovered an unlicensed firearm from the accused during a routine check near College Road.,Illegal Firearm Possession,2025-02-03
CASE_495,202500001,Under Investigation,"[""FIR_495""]",The complainant's confidential business data was allegedly copied and misused by a former employee.,Data Theft,2025-03-31
CASE_496,202400002,Charge Sheeted,"[""FIR_496""]","Unknown persons broke into the complainant's premises at Old Town at night and decamped with valuables worth Rs 404,000.",Burglary,2024-03-26
CASE_497,202500003,Under Investigation,"[""FIR_497""]",The complainant was robbed of cash and a mobile phone by unidentified persons near MG Road at knife-point.,Robbery,2025-11-01
CASE_498,202500002,Pending Trial,"[""FIR_498""]",The complainant was robbed of cash and a mobile phone by unidentified persons near Old Town at knife-point.,Robbery,2025-06-20
CASE_499,202400001,Pending Trial,"[""FIR_499""]","The complainant, a woman walking near Market area, reported that two men on a motorcycle snatched her gold chain and sped away towards Railway Station Road.",Chain Snatching,2024-12-17
CASE_500,202500001,Under Investigation,"[""FIR_500""]",The complainant reported an incident related to crimes against children occurring near Bus Stand Road. Investigation is underway to ascertain further facts.,Child Labour,2025-03-11
CASE_501,202400008,Under Investigation,"[""FIR_501""]",The complainant reported that her husband made unwelcome advances and passed lewd remarks towards her near Gandhi Nagar.,Sexual Harassment,2024-02-16
CASE_502,202600003,Acquitted,"[""FIR_502""]","The complainant's mobile phone was stolen from outside their residence at Station Road, valued at approximately Rs 270,000.",Theft,2026-06-23
CASE_503,202500004,Pending Trial,"[""FIR_503""]","The complainant clicked a fraudulent link received via SMS and lost Rs 419,000 from their bank account.",Phishing,2025-01-10
CASE_504,202400002,Charge Sheeted,"[""FIR_504""]","The complainant's bank account was debited for Rs 271,000 through fraudulent means allegedly involving the accused.",Bank Fraud,2024-05-07
CASE_505,202400009,Referred to Another PS,"[""FIR_505""]",The complainant stated that the accused has been following and contacting her repeatedly near Station Road despite objection.,Stalking,2024-02-10
CASE_506,202600001,Closed (Undetected),"[""FIR_506""]",The complainant reported an incident related to crimes against scs/sts occurring near New Extension. Investigation is underway to ascertain further facts.,Atrocity - Social Boycott,2026-06-02
CASE_507,202600001,Convicted,"[""FIR_507""]",The complainant reported an incident related to other ipc crimes occurring near Market area. Investigation is underway to ascertain further facts.,Defamation,2026-07-17
CASE_508,202500007,Under Investigation,"[""FIR_508""]",The complainant alleged repeated physical and mental harassment by his neighbour over dowry-related demands at their residence in Railway Station Road.,Domestic Violence,2025-07-12
CASE_509,202500003,Pending Trial,"[""FIR_509""]",The victim reported being sexually assaulted by the accused known to her near Old Town.,Rape,2025-08-17
CASE_510,202500003,Under Investigation,"[""FIR_510""]",The complainant reported that his neighbour made unwelcome advances and passed lewd remarks towards her near Main Bazaar.,Sexual Harassment,2025-08-18
CASE_511,202500001,Pending Trial,"[""FIR_511""]","The complainant stated that a known acquaintance assaulted them near Temple Street following an argument over a business partnership, causing hurt.",Assault,2025-11-25
CASE_512,202500007,Charge Sheeted,"[""FIR_512""]","The complainant discovered that a fraudulent account was created in their name and used to obtain a loan of Rs 236,000.",Identity Theft,2025-12-11
CASE_513,202400001,Charge Sheeted,"[""FIR_513""]","A group gathered near Main Bazaar in violation of prohibitory orders, leading to a law and order situation.",Unlawful Assembly,2024-03-22
CASE_514,202500001,Charge Sheeted,"[""FIR_514""]","The complainant, a woman walking near MG Road, reported that two men on a motorcycle snatched her gold chain and sped away towards Station Road.",Chain Snatching,2025-11-24
CASE_515,202500001,Pending Trial,"[""FIR_515""]",The accused was found driving under the influence of alcohol near Station Road and was apprehended by a police patrol.,Drunken Driving,2025-03-07
CASE_516,202400001,Closed (False Case),"[""FIR_516""]",The complainant reported repeated harassing messages and unwanted contact from an unknown social media account.,Cyber Stalking,2024-09-25
CASE_517,202500002,Closed (Undetected),"[""FIR_517""]",The complainant reported that their motorcycle parked near Industrial Layout was stolen overnight. The vehicle was not recovered at the time of registration.,Vehicle Theft,2025-12-16
CASE_518,202500001,Under Investigation,"[""FIR_518""]",The complainant reported that a known acquaintance made unwelcome advances and passed lewd remarks towards her near Old Town.,Sexual Harassment,2025-12-28
CASE_519,202500005,Pending Trial,"[""FIR_519""]",The complainant reported that the accused forged signatures on documents related to past enmity to gain wrongful benefit.,Forgery,2025-04-13
CASE_520,202400004,Charge Sheeted,"[""FIR_520""]",The complainant reported repeated harassing messages and unwanted contact from an unknown social media account.,Cyber Stalking,2024-07-06
CASE_521,202400002,Under Investigation,"[""FIR_521""]","A group of persons allegedly assembled unlawfully near College Road and engaged in rioting, causing damage to property.",Rioting,2024-03-09
CASE_522,202500003,Under Investigation,"[""FIR_522""]",The accused attacked Nagaraj with a sharp weapon near Station Road following a quarrel over past enmity. The victim was rushed to hospital with grievous injuries.,Attempt to Murder,2025-03-18
CASE_523,202400010,Charge Sheeted,"[""FIR_523""]",The accused was apprehended near Church Street while allegedly peddling narcotic substances to local youth.,Drug Peddling,2024-08-24
CASE_524,202600002,Under Investigation,"[""FIR_524""]","The complainant reported that unknown persons broke into their house at Industrial Layout and stole gold jewellery worth Rs 134,000 and cash. The incident occurred while the family was away.",Theft,2026-03-03
CASE_525,202500003,Pending Trial,"[""FIR_525""]",The complainant reported that their car parked near Main Bazaar was stolen overnight. The vehicle was not recovered at the time of registration.,Vehicle Theft,2025-12-14
CASE_526,202500003,Under Investigation,"[""FIR_526""]",The accused was apprehended near Church Street while allegedly peddling narcotic substances to local youth.,Drug Peddling,2025-09-27
CASE_527,202500010,Under Investigation,"[""FIR_527""]","A group of armed persons robbed the complainant's shop at MG Road, decamping with cash and goods worth Rs 370,000.",Dacoity,2025-05-16
CASE_528,202400001,Under Investigation,"[""FIR_528""]","The complainant's bank account was debited for Rs 173,000 through fraudulent means allegedly involving the accused.",Bank Fraud,2024-06-12
CASE_529,202500002,Under Investigation,"[""FIR_529""]",The complainant stated that the accused has been following and contacting her repeatedly near Railway Station Road despite objection.,Stalking,2025-08-09
CASE_530,202400011,Charge Sheeted,"[""FIR_530""]",Information was received regarding a minor being transported from Bus Stand Road allegedly for trafficking purposes; the child was rescued.,Child Trafficking,2024-01-07
CASE_531,202500003,Charge Sheeted,"[""FIR_531""]","The complainant's laptop was stolen from outside their residence at Railway Station Road, valued at approximately Rs 442,000.",Theft,2025-07-03
CASE_532,202400002,Under Investigation,"[""FIR_532""]","The victim was attacked with a corrosive substance by the accused near Market area, sustaining burn injuries.",Acid Attack,2024-06-16
CASE_533,202400005,Closed (Undetected),"[""FIR_533""]","A group gathered near Industrial Layout in violation of prohibitory orders, leading to a law and order situation.",Unlawful Assembly,2024-08-24
CASE_534,202600001,Under Investigation,"[""FIR_534""]",Police intercepted the accused near Bus Stand Road and recovered 2.6 kg of ganja from their possession.,Ganja Possession,2026-05-22
CASE_535,202500001,Pending Trial,"[""FIR_535""]","The complainant, a woman walking near Temple Street, reported that two men on a motorcycle snatched her gold chain and sped away towards Church Street.",Chain Snatching,2025-03-22
CASE_536,202600002,Under Investigation,"[""FIR_536""]","A group of armed persons robbed the complainant's shop at Old Town, decamping with cash and goods worth Rs 436,000.",Dacoity,2026-06-12
CASE_537,202600001,Charge Sheeted,"[""FIR_537""]",The victim was hit by an unidentified vehicle near New Extension and sustained injuries; the driver fled the scene.,Hit and Run,2026-01-05
CASE_538,202400001,Under Investigation,"[""FIR_538""]",The complainant reported an incident related to other ipc crimes occurring near Market area. Investigation is underway to ascertain further facts.,Mischief,2024-01-30
CASE_539,202500003,Under Investigation,"[""FIR_539""]",Police intercepted the accused near Old Town and recovered 10.9 kg of ganja from their possession.,Ganja Possession,2025-05-07
CASE_540,202400002,Under Investigation,"[""FIR_540""]","The complainant stated that her in-laws assaulted them near Market area following an argument over a property dispute, causing hurt.",Assault,2024-03-30
CASE_541,202500001,Under Investigation,"[""FIR_541""]","The complainant reported that the accused was driving a vehicle rashly near Market area, endangering pedestrians.",Rash Driving,2025-06-21
CASE_542,202400001,Pending Trial,"[""FIR_542""]",Police intercepted the accused near Ring Road and recovered 0.8 kg of ganja from their possession.,Ganja Possession,2024-04-15
CASE_543,202400002,Charge Sheeted,"[""FIR_543""]","The complainant clicked a fraudulent link received via SMS and lost Rs 294,000 from their bank account.",Phishing,2024-02-01
CASE_544,202400001,Pending Trial,"[""FIR_544""]",The complainant reported that their minor child has been missing since leaving for Church Street and has not returned home.,Missing Child,2024-08-01
CASE_545,202400005,Closed (Undetected),"[""FIR_545""]",The complainant reported that his neighbour made unwelcome advances and passed lewd remarks towards her near Industrial Layout.,Sexual Harassment,2024-12-08
CASE_546,202400001,Under Investigation,"[""FIR_546""]","The complainant reported that unknown persons broke into their house at Industrial Layout and stole gold jewellery worth Rs 363,000 and cash. The incident occurred while the family was away.",Theft,2024-08-07
CASE_547,202500001,Charge Sheeted,"[""FIR_547""]",The accused attacked Manoj with a sharp weapon near Main Bazaar following a quarrel over a business partnership. The victim was rushed to hospital with grievous injuries.,Attempt to Murder,2025-08-29
CASE_548,202600004,Under Investigation,"[""FIR_548""]",The complainant reported an incident related to environmental offences occurring near MG Road. Investigation is underway to ascertain further facts.,Illegal Tree Felling,2026-07-04
CASE_549,202600005,Referred to Another PS,"[""FIR_549""]","The complainant clicked a fraudulent link received via SMS and lost Rs 100,000 from their bank account.",Phishing,2026-04-04
CASE_550,202500009,Under Investigation,"[""FIR_550""]",The complainant alleged repeated physical and mental harassment by her husband over dowry-related demands at their residence in Station Road.,Domestic Violence,2025-01-18
CASE_551,202600001,Pending Trial,"[""FIR_551""]",Information was received regarding a minor being transported from Industrial Layout allegedly for trafficking purposes; the child was rescued.,Child Trafficking,2026-01-13
CASE_552,202400001,Charge Sheeted,"[""FIR_552""]",Police intercepted the accused near Bus Stand Road and recovered 7.9 kg of ganja from their possession.,Ganja Possession,2024-01-05
CASE_553,202500001,Under Investigation,"[""FIR_553""]",The complainant reported that the minor victim was subjected to abuse by her in-laws at Old Town.,Child Abuse,2025-08-15
CASE_554,202600002,Under Investigation,"[""FIR_554""]","The victim was attacked with a corrosive substance by the accused near Market area, sustaining burn injuries.",Acid Attack,2026-01-24
CASE_555,202600001,Convicted,"[""FIR_555""]",The complainant stated that the accused has been following and contacting her repeatedly near APMC Yard despite objection.,Stalking,2026-07-16
CASE_556,202500008,Convicted,"[""FIR_556""]","The complainant reported that unknown persons broke into their house at Old Town and stole gold jewellery worth Rs 164,000 and cash. The incident occurred while the family was away.",Theft,2025-07-15
CASE_557,202500002,Pending Trial,"[""FIR_557""]",The victim sustained grievous injuries after being attacked with a sharp weapon by a known acquaintance near Temple Street over land boundary issues.,Grievous Hurt,2025-04-30
CASE_558,202500001,Under Investigation,"[""FIR_558""]",The complainant reported that their scooter parked near Main Bazaar was stolen overnight. The vehicle was not recovered at the time of registration.,Vehicle Theft,2025-09-21
CASE_559,202500001,Under Investigation,"[""FIR_559""]","The complainant reported that the accused was driving a vehicle rashly near Railway Station Road, endangering pedestrians.",Rash Driving,2025-07-11
CASE_560,202400006,Under Investigation,"[""FIR_560""]","The complainant's bank account was debited for Rs 285,000 through fraudulent means allegedly involving the accused.",Bank Fraud,2024-08-22
CASE_561,202600003,Under Investigation,"[""FIR_561""]",The complainant reported that their minor child has been missing since leaving for Bus Stand Road and has not returned home.,Missing Child,2026-04-07
CASE_562,202500010,Pending Trial,"[""FIR_562""]","The complainant reported that unknown persons broke into their house at Bus Stand Road and stole gold jewellery worth Rs 324,000 and cash. The incident occurred while the family was away.",Theft,2025-09-06
CASE_563,202400010,Referred to Another PS,"[""FIR_563""]",The complainant reported that their car parked near Industrial Layout was stolen overnight. The vehicle was not recovered at the time of registration.,Vehicle Theft,2024-06-03
CASE_564,202600001,Pending Trial,"[""FIR_564""]",The victim reported being sexually assaulted by the accused known to her near New Extension.,Rape,2026-06-19
CASE_565,202600001,Under Investigation,"[""FIR_565""]",The victim was hit by an unidentified vehicle near Gandhi Nagar and sustained injuries; the driver fled the scene.,Hit and Run,2026-03-23
CASE_566,202500004,Abated,"[""FIR_566""]","The complainant reported that Nagaraj died following an altercation with a known acquaintance near Gandhi Nagar, suspected to involve a property dispute.",Culpable Homicide,2025-01-14
CASE_567,202500001,Under Investigation,"[""FIR_567""]",The complainant reported that the minor victim was subjected to abuse by an unidentified assailant at Railway Station Road.,Child Abuse,2025-06-08
CASE_568,202600001,Charge Sheeted,"[""FIR_568""]","The complainant reported that Manoj died following an altercation with a former business partner near Station Road, suspected to involve a property dispute.",Culpable Homicide,2026-05-04
CASE_569,202500009,Under Investigation,"[""FIR_569""]","The complainant reported that the accused was driving a vehicle rashly near Ring Road, endangering pedestrians.",Rash Driving,2025-03-19
CASE_570,202500001,Under Investigation,"[""FIR_570""]",The complainant reported that her husband made unwelcome advances and passed lewd remarks towards her near Market area.,Sexual Harassment,2025-03-13
CASE_571,202500011,Under Investigation,"[""FIR_571""]","The complainant, a woman walking near Railway Station Road, reported that two men on a motorcycle snatched her gold chain and sped away towards MG Road.",Chain Snatching,2025-02-08
CASE_572,202600001,Under Investigation,"[""FIR_572""]","The complainant clicked a fraudulent link received via SMS and lost Rs 215,000 from their bank account.",Phishing,2026-06-20
CASE_573,202500008,Closed (False Case),"[""FIR_573""]",The victim Manoj was fatally attacked with a iron rod by the accused near Industrial Layout. The motive is suspected to be land boundary issues.,Murder,2025-05-11
CASE_574,202600002,Compromised,"[""FIR_574""]",The accused was found driving under the influence of alcohol near Market area and was apprehended by a police patrol.,Drunken Driving,2026-07-16
CASE_575,202400004,Pending Trial,"[""FIR_575""]","A group of armed persons robbed the complainant's shop at College Road, decamping with cash and goods worth Rs 182,000.",Dacoity,2024-09-20
CASE_576,202400002,Charge Sheeted,"[""FIR_576""]",The accused attacked Nagaraj with a iron rod near Church Street following a quarrel over an extramarital affair suspicion. The victim was rushed to hospital with grievous injuries.,Attempt to Murder,2024-04-27
CASE_577,202500001,Under Investigation,"[""FIR_577""]","The complainant reported that Manoj died following an altercation with her husband near MG Road, suspected to involve a property dispute.",Culpable Homicide,2025-07-27
CASE_578,202500001,Pending Trial,"[""FIR_578""]",The victim sustained grievous injuries after being attacked with a wooden stick by an unidentified assailant near Temple Street over a family dispute.,Grievous Hurt,2025-11-09
CASE_579,202500001,Charge Sheeted,"[""FIR_579""]",The victim Kavya died under suspicious circumstances at her matrimonial home. The complainant alleges harassment for dowry by an unidentified assailant.,Dowry Death,2025-05-13
CASE_580,202400003,Charge Sheeted,"[""FIR_580""]",The accused attacked Nagaraj with a iron rod near Church Street following a quarrel over a financial transaction. The victim was rushed to hospital with grievous injuries.,Attempt to Murder,2024-09-24
CASE_581,202400001,Charge Sheeted,"[""FIR_581""]",The complainant reported an incident related to arms act offences occurring near MG Road. Investigation is underway to ascertain further facts.,Illegal Arms Manufacturing,2024-03-04
CASE_582,202500004,Under Investigation,"[""FIR_582""]","The complainant reported that Anitha died following an altercation with a former business partner near Temple Street, suspected to involve a property dispute.",Culpable Homicide,2025-06-13
CASE_583,202400012,Under Investigation,"[""FIR_583""]","The complainant clicked a fraudulent link received via SMS and lost Rs 226,000 from their bank account.",Phishing,2024-05-30
CASE_584,202400001,Pending Trial,"[""FIR_584""]",The complainant's confidential business data was allegedly copied and misused by a former employee.,Data Theft,2024-03-03
CASE_585,202600002,Acquitted,"[""FIR_585""]",The complainant alleged repeated physical and mental harassment by her husband over dowry-related demands at their residence in Market area.,Domestic Violence,2026-04-25
CASE_586,202400001,Under Investigation,"[""FIR_586""]",The complainant reported that the minor victim was subjected to abuse by a known acquaintance at College Road.,Child Abuse,2024-02-20
CASE_587,202500005,Referred to Another PS,"[""FIR_587""]",The complainant reported that the accused forged signatures on documents related to a business partnership to gain wrongful benefit.,Forgery,2025-05-22
CASE_588,202500001,Charge Sheeted,"[""FIR_588""]","Unknown persons broke into the complainant's premises at College Road at night and decamped with valuables worth Rs 249,000.",Burglary,2025-08-17
CASE_589,202400009,Pending Trial,"[""FIR_589""]","The complainant stated that his neighbour assaulted them near New Extension following an argument over unpaid loan, causing hurt.",Assault,2024-05-18
CASE_590,202400002,Charge Sheeted,"[""FIR_590""]",Information was received regarding a minor being transported from Main Bazaar allegedly for trafficking purposes; the child was rescued.,Child Trafficking,2024-07-18
CASE_591,202600002,Closed (False Case),"[""FIR_591""]",The victim sustained grievous injuries after being attacked with a sharp weapon by a known acquaintance near New Extension over land boundary issues.,Grievous Hurt,2026-05-27
CASE_592,202600002,Pending Trial,"[""FIR_592""]",The complainant alleged repeated physical and mental harassment by his neighbour over dowry-related demands at their residence in Gandhi Nagar.,Domestic Violence,2026-01-05
CASE_593,202500001,Compromised,"[""FIR_593""]",The accused was apprehended near Railway Station Road while allegedly peddling narcotic substances to local youth.,Drug Peddling,2025-12-30
CASE_594,202500003,Charge Sheeted,"[""FIR_594""]",The victim Deepa was fatally attacked with a iron rod by the accused near Market area. The motive is suspected to be unpaid loan.,Murder,2025-12-05
CASE_595,202600001,Under Investigation,"[""FIR_595""]","The complainant's mobile phone was stolen from outside their residence at College Road, valued at approximately Rs 179,000.",Theft,2026-04-27
CASE_596,202400001,Charge Sheeted,"[""FIR_596""]",The complainant reported an incident related to sexual offences occurring near Old Town. Investigation is underway to ascertain further facts.,Gang Rape,2024-04-15
CASE_597,202400001,Charge Sheeted,"[""FIR_597""]","Unknown persons broke into the complainant's premises at Railway Station Road at night and decamped with valuables worth Rs 226,000.",Burglary,2024-11-23
CASE_598,202600002,Under Investigation,"[""FIR_598""]","The complainant paid an advance of Rs 435,000 to the accused for land boundary issues which was never delivered as promised.",Cheating,2026-06-05
CASE_599,202400002,Acquitted,"[""FIR_599""]",The accused attacked Anitha with a sharp weapon near Station Road following a quarrel over unpaid loan. The victim was rushed to hospital with grievous injuries.,Attempt to Murder,2024-01-15
CASE_600,202500001,Under Investigation,"[""FIR_600""]","The victim was attacked with a corrosive substance by the accused near College Road, sustaining burn injuries.",Acid Attack,2025-06-05
CASE_601,202500001,Pending Trial,"[""FIR_601""]","A group of armed persons robbed the complainant's shop at New Extension, decamping with cash and goods worth Rs 18,000.",Dacoity,2025-11-09
CASE_602,202500001,Under Investigation,"[""FIR_602""]",The victim Deepa died under suspicious circumstances at her matrimonial home. The complainant alleges harassment for dowry by a former business partner.,Dowry Death,2025-08-23
CASE_603,202500012,Convicted,"[""FIR_603""]",The accused attacked Lakshmi with a sharp weapon near Temple Street following a quarrel over a property dispute. The victim was rushed to hospital with grievous injuries.,Attempt to Murder,2025-08-02
CASE_604,202400003,Pending Trial,"[""FIR_604""]","The complainant reported that Kavya died following an altercation with a known acquaintance near Church Street, suspected to involve a property dispute.",Culpable Homicide,2024-08-27
CASE_605,202400003,Under Investigation,"[""FIR_605""]","Unknown persons broke into the complainant's premises at Church Street at night and decamped with valuables worth Rs 406,000.",Burglary,2024-01-07
CASE_606,202500004,Closed (False Case),"[""FIR_606""]",The victim sustained grievous injuries after being attacked with a knife by her in-laws near Ring Road over a business partnership.,Grievous Hurt,2025-03-19
CASE_607,202600001,Closed (Undetected),"[""FIR_607""]",The complainant stated that the accused has been following and contacting her repeatedly near Temple Street despite objection.,Stalking,2026-05-16
CASE_608,202600002,Charge Sheeted,"[""FIR_608""]",The accused was found driving under the influence of alcohol near Gandhi Nagar and was apprehended by a police patrol.,Drunken Driving,2026-02-14
CASE_609,202600002,Convicted,"[""FIR_609""]","The complainant reported that Deepa died following an altercation with her in-laws near New Extension, suspected to involve unpaid loan.",Culpable Homicide,2026-01-06
CASE_610,202500005,Under Investigation,"[""FIR_610""]",The complainant stated that the accused has been following and contacting her repeatedly near Main Bazaar despite objection.,Stalking,2025-07-14
CASE_611,202400007,Charge Sheeted,"[""FIR_611""]","A group of armed persons robbed the complainant's shop at Old Town, decamping with cash and goods worth Rs 188,000.",Dacoity,2024-04-11
CASE_612,202500004,Pending Trial,"[""FIR_612""]",Police intercepted the accused near Market area and recovered 2.9 kg of ganja from their possession.,Ganja Possession,2025-07-20
CASE_613,202400013,Pending Trial,"[""FIR_613""]","The complainant paid an advance of Rs 64,000 to the accused for an extramarital affair suspicion which was never delivered as promised.",Cheating,2024-03-07
CASE_614,202400011,Under Investigation,"[""FIR_614""]",The complainant reported an incident related to other ipc crimes occurring near MG Road. Investigation is underway to ascertain further facts.,Defamation,2024-11-27
CASE_615,202400001,Under Investigation,"[""FIR_615""]","The complainant paid an advance of Rs 187,000 to the accused for a family dispute which was never delivered as promised.",Cheating,2024-06-13
CASE_616,202400001,Under Investigation,"[""FIR_616""]","The complainant discovered that a fraudulent account was created in their name and used to obtain a loan of Rs 298,000.",Identity Theft,2024-07-06
CASE_617,202500009,Convicted,"[""FIR_617""]",The complainant reported that their scooter parked near MG Road was stolen overnight. The vehicle was not recovered at the time of registration.,Vehicle Theft,2025-10-08
CASE_618,202600001,Closed (Undetected),"[""FIR_618""]",The complainant reported repeated harassing messages and unwanted contact from an unknown social media account.,Cyber Stalking,2026-01-13
CASE_619,202400002,Under Investigation,"[""FIR_619""]",The complainant reported that her in-laws made unwelcome advances and passed lewd remarks towards her near APMC Yard.,Sexual Harassment,2024-05-30
CASE_620,202400003,Charge Sheeted,"[""FIR_620""]",The accused attacked Nagaraj with a iron rod near Temple Street following a quarrel over a family dispute. The victim was rushed to hospital with grievous injuries.,Attempt to Murder,2024-09-13
CASE_621,202600002,Abated,"[""FIR_621""]","The complainant reported that the accused was driving a vehicle rashly near Temple Street, endangering pedestrians.",Rash Driving,2026-02-27
CASE_622,202500003,Under Investigation,"[""FIR_622""]",The accused was found driving under the influence of alcohol near Temple Street and was apprehended by a police patrol.,Drunken Driving,2025-08-18
CASE_623,202400004,Charge Sheeted,"[""FIR_623""]","A group of armed persons robbed the complainant's shop at Old Town, decamping with cash and goods worth Rs 346,000.",Dacoity,2024-03-03
CASE_624,202600001,Pending Trial,"[""FIR_624""]","A police patrol near College Road intercepted a vehicle and recovered narcotic substances weighing 7.1 kg, suspected to be in transit for sale.",NDPS Trafficking,2026-07-17
CASE_625,202400002,Charge Sheeted,"[""FIR_625""]",The victim Kavya was fatally attacked with a knife by the accused near Railway Station Road. The motive is suspected to be a financial transaction.,Murder,2024-11-03
CASE_626,202600001,Charge Sheeted,"[""FIR_626""]","The complainant reported that Deepa was found dead with injuries near Railway Station Road, allegedly assaulted by his neighbour following a dispute over past enmity.",Murder,2026-02-15
CASE_627,202500002,Under Investigation,"[""FIR_627""]",The complainant was robbed of cash and a mobile phone by unidentified persons near Temple Street at knife-point.,Robbery,2025-07-09
CASE_628,202400001,Charge Sheeted,"[""FIR_628""]","The complainant paid an advance of Rs 392,000 to the accused for an extramarital affair suspicion which was never delivered as promised.",Cheating,2024-04-26
CASE_629,202500001,Charge Sheeted,"[""FIR_629""]",The complainant reported that her in-laws made unwelcome advances and passed lewd remarks towards her near Old Town.,Sexual Harassment,2025-06-09
CASE_630,202400003,Pending Trial,"[""FIR_630""]",The victim Lakshmi died under suspicious circumstances at her matrimonial home. The complainant alleges harassment for dowry by a former business partner.,Dowry Death,2024-01-29
CASE_631,202600001,Under Investigation,"[""FIR_631""]","The complainant alleged that the accused, entrusted with funds of Rs 191,000 for past enmity, misappropriated the amount.",Criminal Breach of Trust,2026-05-02
CASE_632,202400002,Charge Sheeted,"[""FIR_632""]","The complainant's bank account was debited for Rs 141,000 through fraudulent means allegedly involving the accused.",Bank Fraud,2024-06-30
CASE_633,202600003,Charge Sheeted,"[""FIR_633""]",The complainant stated that the accused has been following and contacting her repeatedly near College Road despite objection.,Stalking,2026-07-14
CASE_634,202600004,Referred to Another PS,"[""FIR_634""]","A group of armed persons robbed the complainant's shop at Railway Station Road, decamping with cash and goods worth Rs 28,000.",Dacoity,2026-05-12
CASE_635,202500006,Charge Sheeted,"[""FIR_635""]",The complainant's confidential business data was allegedly copied and misused by a former employee.,Data Theft,2025-09-29
CASE_636,202400002,Charge Sheeted,"[""FIR_636""]",The victim was hit by an unidentified vehicle near MG Road and sustained injuries; the driver fled the scene.,Hit and Run,2024-05-27
CASE_637,202500011,Charge Sheeted,"[""FIR_637""]","The complainant paid an advance of Rs 330,000 to the accused for a business partnership which was never delivered as promised.",Cheating,2025-08-20
CASE_638,202600001,Pending Trial,"[""FIR_638""]",The accused was found driving under the influence of alcohol near Station Road and was apprehended by a police patrol.,Drunken Driving,2026-05-11
CASE_639,202500003,Under Investigation,"[""FIR_639""]",The complainant reported repeated harassing messages and unwanted contact from an unknown social media account.,Cyber Stalking,2025-06-16
CASE_640,202500002,Under Investigation,"[""FIR_640""]","A police patrol near Old Town intercepted a vehicle and recovered narcotic substances weighing 1.3 kg, suspected to be in transit for sale.",NDPS Trafficking,2025-04-20
CASE_641,202400002,Under Investigation,"[""FIR_641""]","The complainant clicked a fraudulent link received via SMS and lost Rs 415,000 from their bank account.",Phishing,2024-09-02
CASE_642,202400002,Under Investigation,"[""FIR_642""]","The complainant reported that unknown persons broke into their house at Church Street and stole gold jewellery worth Rs 325,000 and cash. The incident occurred while the family was away.",Theft,2024-03-22
CASE_643,202400002,Under Investigation,"[""FIR_643""]",The complainant reported an incident related to environmental offences occurring near Gandhi Nagar. Investigation is underway to ascertain further facts.,Illegal Tree Felling,2024-11-22
CASE_644,202500002,Under Investigation,"[""FIR_644""]","The complainant, a woman walking near Whitefield Main Road, reported that two men on a motorcycle snatched her gold chain and sped away towards ITPL Road. CCTV footage is being reviewed; the MO matches similar chain-snatching incidents reported recently in the city.",Chain Snatching,2025-02-09
CASE_645,202400014,Acquitted,"[""FIR_645""]","The complainant reported that the accused was driving a vehicle rashly near New Extension, endangering pedestrians.",Rash Driving,2024-10-22
CASE_646,202500002,Under Investigation,"[""FIR_646""]",The complainant reported an incident related to environmental offences occurring near Ring Road. Investigation is underway to ascertain further facts.,Illegal Tree Felling,2025-12-20
CASE_647,202500002,Charge Sheeted,"[""FIR_647""]","A group gathered near College Road in violation of prohibitory orders, leading to a law and order situation.",Unlawful Assembly,2025-08-15
CASE_648,202400001,Pending Trial,"[""FIR_648""]","The complainant clicked a fraudulent link received via SMS and lost Rs 215,000 from their bank account.",Phishing,2024-02-18
CASE_649,202400002,Under Investigation,"[""FIR_649""]",The victim Suresh died under suspicious circumstances at her matrimonial home. The complainant alleges harassment for dowry by a former business partner.,Dowry Death,2024-09-22
CASE_650,202500001,Closed (False Case),"[""FIR_650""]",The victim sustained grievous injuries after being attacked with a wooden stick by her husband near Temple Street over a business partnership.,Grievous Hurt,2025-01-01
CASE_651,202400004,Under Investigation,"[""FIR_651""]","A police patrol near Old Town intercepted a vehicle and recovered narcotic substances weighing 1.7 kg, suspected to be in transit for sale.",NDPS Trafficking,2024-11-15
CASE_652,202500004,Under Investigation,"[""FIR_652""]","The complainant reported that unknown persons broke into their house at Railway Station Road and stole gold jewellery worth Rs 201,000 and cash. The incident occurred while the family was away.",Theft,2025-01-16
CASE_653,202600003,Compromised,"[""FIR_653""]",The complainant reported an incident related to crimes against children occurring near Main Bazaar. Investigation is underway to ascertain further facts.,Child Labour,2026-04-12
CASE_654,202500001,Convicted,"[""FIR_654""]",The complainant was robbed of cash and a mobile phone by unidentified persons near Church Street at knife-point.,Robbery,2025-11-18
CASE_655,202600002,Pending Trial,"[""FIR_655""]","The victim was attacked with a corrosive substance by the accused near Gandhi Nagar, sustaining burn injuries.",Acid Attack,2026-02-02
CASE_656,202500002,Closed (False Case),"[""FIR_656""]",The complainant reported an incident related to sexual offences occurring near Temple Street. Investigation is underway to ascertain further facts.,Unnatural Offence,2025-03-24
CASE_657,202400001,Charge Sheeted,"[""FIR_657""]",The complainant stated that the accused has been following and contacting her repeatedly near College Road despite objection.,Stalking,2024-02-21
CASE_658,202600002,Charge Sheeted,"[""FIR_658""]","Unknown persons broke into the complainant's premises at Old Town at night and decamped with valuables worth Rs 44,000.",Burglary,2026-06-24
CASE_659,202400002,Closed (Undetected),"[""FIR_659""]",The accused attacked Nagaraj with a wooden stick near Church Street following a quarrel over a family dispute. The victim was rushed to hospital with grievous injuries.,Attempt to Murder,2024-09-13
CASE_660,202500004,Charge Sheeted,"[""FIR_660""]",The complainant reported that the accused forged signatures on documents related to a family dispute to gain wrongful benefit.,Forgery,2025-11-20
CASE_661,202500006,Under Investigation,"[""FIR_661""]",The complainant reported that a former business partner made unwelcome advances and passed lewd remarks towards her near Gandhi Nagar.,Sexual Harassment,2025-09-16
CASE_662,202600002,Charge Sheeted,"[""FIR_662""]","Unknown persons broke into the complainant's premises at Gandhi Nagar at night and decamped with valuables worth Rs 39,000.",Burglary,2026-07-09
CASE_663,202600005,Charge Sheeted,"[""FIR_663""]","A group of persons allegedly assembled unlawfully near Gandhi Nagar and engaged in rioting, causing damage to property.",Rioting,2026-02-07
CASE_664,202500003,Pending Trial,"[""FIR_664""]",The complainant reported that property documents related to land at College Road were forged by the accused.,Forged Documents,2025-08-10
CASE_665,202400001,Charge Sheeted,"[""FIR_665""]",The complainant's confidential business data was allegedly copied and misused by a former employee.,Data Theft,2024-04-07
CASE_666,202600004,Charge Sheeted,"[""FIR_666""]","A group of armed persons robbed the complainant's shop at Industrial Layout, decamping with cash and goods worth Rs 385,000.",Dacoity,2026-07-16
CASE_667,202400003,Under Investigation,"[""FIR_667""]",The complainant alleged repeated physical and mental harassment by his neighbour over dowry-related demands at their residence in Bus Stand Road.,Domestic Violence,2024-06-14
CASE_668,202400001,Pending Trial,"[""FIR_668""]","The complainant stated that his neighbour assaulted them near MG Road following an argument over a financial transaction, causing hurt.",Assault,2024-09-11
CASE_669,202500002,Charge Sheeted,"[""FIR_669""]","A group of armed persons robbed the complainant's shop at Ring Road, decamping with cash and goods worth Rs 434,000.",Dacoity,2025-09-23
CASE_670,202400010,Charge Sheeted,"[""FIR_670""]",The complainant reported an incident related to arms act offences occurring near Industrial Layout. Investigation is underway to ascertain further facts.,Illegal Arms Manufacturing,2024-09-04
CASE_671,202500001,Charge Sheeted,"[""FIR_671""]","The complainant received a call from an unknown person claiming to be a bank official, who obtained OTP details and transferred Rs 83,000 from the complainant's account.",Online Fraud,2025-07-30
CASE_672,202400011,Under Investigation,"[""FIR_672""]","Unknown persons broke into the complainant's premises at Station Road at night and decamped with valuables worth Rs 234,000.",Burglary,2024-10-12
CASE_673,202600001,Pending Trial,"[""FIR_673""]",The complainant's confidential business data was allegedly copied and misused by a former employee.,Data Theft,2026-02-18
CASE_674,202400003,Pending Trial,"[""FIR_674""]",Information was received regarding a minor being transported from Railway Station Road allegedly for trafficking purposes; the child was rescued.,Child Trafficking,2024-07-22
CASE_675,202500002,Under Investigation,"[""FIR_675""]",The accused was apprehended near Station Road while allegedly peddling narcotic substances to local youth.,Drug Peddling,2025-08-03
CASE_676,202500003,Charge Sheeted,"[""FIR_676""]","The complainant, a woman walking near Ring Road, reported that two men on a motorcycle snatched her gold chain and sped away towards New Extension.",Chain Snatching,2025-10-07
CASE_677,202400004,Under Investigation,"[""FIR_677""]","The complainant reported that unknown persons broke into their house at Gandhi Nagar and stole gold jewellery worth Rs 411,000 and cash. The incident occurred while the family was away.",Theft,2024-09-04
CASE_678,202500001,Charge Sheeted,"[""FIR_678""]",The complainant stated that the accused has been following and contacting her repeatedly near Church Street despite objection.,Stalking,2025-05-30
CASE_679,202500003,Under Investigation,"[""FIR_679""]","The complainant discovered that a fraudulent account was created in their name and used to obtain a loan of Rs 288,000.",Identity Theft,2025-04-04
CASE_680,202400001,Charge Sheeted,"[""FIR_680""]","The complainant received a call from an unknown person claiming to be a bank official, who obtained OTP details and transferred Rs 100,000 from the complainant's account.",Online Fraud,2024-04-08
CASE_681,202600002,Closed (Undetected),"[""FIR_681""]","The complainant paid an advance of Rs 20,000 to the accused for past enmity which was never delivered as promised.",Cheating,2026-05-30
CASE_682,202600001,Under Investigation,"[""FIR_682""]","The complainant paid an advance of Rs 172,000 to the accused for a financial transaction which was never delivered as promised.",Cheating,2026-04-22
CASE_683,202500004,Abated,"[""FIR_683""]","The complainant alleged that the accused, entrusted with funds of Rs 257,000 for an extramarital affair suspicion, misappropriated the amount.",Criminal Breach of Trust,2025-08-24
CASE_684,202500002,Pending Trial,"[""FIR_684""]","Unknown persons broke into the complainant's premises at Gandhi Nagar at night and decamped with valuables worth Rs 108,000.",Burglary,2025-08-20
CASE_685,202600003,Pending Trial,"[""FIR_685""]","The complainant received a call from an unknown person claiming to be a bank official, who obtained OTP details and transferred Rs 96,000 from the complainant's account.",Online Fraud,2026-06-04
CASE_686,202600001,Under Investigation,"[""FIR_686""]",The complainant reported that their motorcycle parked near Gandhi Nagar was stolen overnight. The vehicle was not recovered at the time of registration.,Vehicle Theft,2026-03-23
CASE_687,202500001,Pending Trial,"[""FIR_687""]","The complainant reported that unknown persons broke into their house at College Road and stole gold jewellery worth Rs 51,000 and cash. The incident occurred while the family was away.",Theft,2025-02-05
CASE_688,202400003,Convicted,"[""FIR_688""]",The victim Suresh died under suspicious circumstances at her matrimonial home. The complainant alleges harassment for dowry by a former business partner.,Dowry Death,2024-07-15
CASE_689,202600001,Charge Sheeted,"[""FIR_689""]","Unknown persons broke into the complainant's premises at Ring Road at night and decamped with valuables worth Rs 101,000.",Burglary,2026-03-02
CASE_690,202500003,Under Investigation,"[""FIR_690""]",The complainant was robbed of cash and a mobile phone by unidentified persons near College Road at knife-point.,Robbery,2025-07-10
CASE_691,202600006,Under Investigation,"[""FIR_691""]",The complainant was robbed of cash and a mobile phone by unidentified persons near Old Town at knife-point.,Robbery,2026-06-14
CASE_692,202400003,Under Investigation,"[""FIR_692""]","The complainant stated that a known acquaintance assaulted them near APMC Yard following an argument over past enmity, causing hurt.",Assault,2024-06-26
CASE_693,202500006,Convicted,"[""FIR_693""]","The complainant clicked a fraudulent link received via SMS and lost Rs 160,000 from their bank account.",Phishing,2025-03-28
CASE_694,202600003,Under Investigation,"[""FIR_694""]",The complainant was robbed of cash and a mobile phone by unidentified persons near Main Bazaar at knife-point.,Robbery,2026-01-17
CASE_695,202400003,Convicted,"[""FIR_695""]",The complainant was robbed of cash and a mobile phone by unidentified persons near Main Bazaar at knife-point.,Robbery,2024-10-21
CASE_696,202500005,Under Investigation,"[""FIR_696""]","The complainant reported that Kavya was found dead with injuries near Station Road, allegedly assaulted by her in-laws following a dispute over a financial transaction.",Murder,2025-08-15
CASE_697,202500003,Charge Sheeted,"[""FIR_697""]","The complainant stated that a former business partner assaulted them near Station Road following an argument over past enmity, causing hurt.",Assault,2025-05-29
CASE_698,202500007,Closed (False Case),"[""FIR_698""]","The complainant reported that unknown persons broke into their house at Market area and stole gold jewellery worth Rs 171,000 and cash. The incident occurred while the family was away.",Theft,2025-03-30
CASE_699,202400002,Closed (False Case),"[""FIR_699""]","The complainant, a woman walking near Railway Station Road, reported that two men on a motorcycle snatched her gold chain and sped away towards APMC Yard.",Chain Snatching,2024-05-16
CASE_700,202400002,Under Investigation,"[""FIR_700""]",The complainant reported an incident related to crimes against children occurring near College Road. Investigation is underway to ascertain further facts.,Child Labour,2024-02-05
CASE_701,202400006,Under Investigation,"[""FIR_701""]",The accused was found driving under the influence of alcohol near APMC Yard and was apprehended by a police patrol.,Drunken Driving,2024-04-09
CASE_702,202400001,Compromised,"[""FIR_702""]",The complainant reported an incident related to crimes related to documents/property occurring near Gandhi Nagar. Investigation is underway to ascertain further facts.,Land Fraud,2024-12-16
CASE_703,202400012,Pending Trial,"[""FIR_703""]","The complainant alleged that the accused, entrusted with funds of Rs 288,000 for land boundary issues, misappropriated the amount.",Criminal Breach of Trust,2024-11-07
CASE_704,202400004,Charge Sheeted,"[""FIR_704""]",The accused was apprehended near Ring Road while allegedly peddling narcotic substances to local youth.,Drug Peddling,2024-03-18
CASE_705,202400013,Under Investigation,"[""FIR_705""]",The complainant alleged repeated physical and mental harassment by a former business partner over dowry-related demands at their residence in Bus Stand Road.,Domestic Violence,2024-09-26
CASE_706,202400004,Under Investigation,"[""FIR_706""]","The complainant reported that Deepa died following an altercation with an unidentified assailant near Market area, suspected to involve a family dispute.",Culpable Homicide,2024-06-06
CASE_707,202400001,Closed (Undetected),"[""FIR_707""]",The complainant was robbed of cash and a mobile phone by unidentified persons near APMC Yard at knife-point.,Robbery,2024-04-20
CASE_708,202400002,Under Investigation,"[""FIR_708""]",The complainant alleged repeated physical and mental harassment by an unidentified assailant over dowry-related demands at their residence in Station Road.,Domestic Violence,2024-07-22
CASE_709,202500002,Charge Sheeted,"[""FIR_709""]",The complainant reported an incident related to crimes against children occurring near Ring Road. Investigation is underway to ascertain further facts.,Child Labour,2025-07-02
CASE_710,202600002,Acquitted,"[""FIR_710""]",The accused attacked Manoj with a wooden stick near Old Town following a quarrel over past enmity. The victim was rushed to hospital with grievous injuries.,Attempt to Murder,2026-03-08
CASE_711,202500004,Charge Sheeted,"[""FIR_711""]","The complainant reported that unknown persons broke into their house at Main Bazaar and stole gold jewellery worth Rs 135,000 and cash. The incident occurred while the family was away.",Theft,2025-04-07
CASE_712,202400001,Charge Sheeted,"[""FIR_712""]","The complainant reported that Lakshmi died following an altercation with an unidentified assailant near Ring Road, suspected to involve past enmity.",Culpable Homicide,2024-08-07
CASE_713,202600001,Pending Trial,"[""FIR_713""]",Police recovered an unlicensed firearm from the accused during a routine check near Market area.,Illegal Firearm Possession,2026-01-06
CASE_714,202500013,Charge Sheeted,"[""FIR_714""]","The complainant, a woman walking near Railway Station Road, reported that two men on a motorcycle snatched her gold chain and sped away towards Temple Street.",Chain Snatching,2025-03-02
CASE_715,202500008,Charge Sheeted,"[""FIR_715""]","The complainant stated that her in-laws assaulted them near Main Bazaar following an argument over a property dispute, causing hurt.",Assault,2025-06-09
CASE_716,202500010,Charge Sheeted,"[""FIR_716""]","The complainant, a woman walking near Whitefield Main Road, reported that two men on a motorcycle snatched her gold chain and sped away towards ITPL Road. CCTV footage is being reviewed; the MO matches similar chain-snatching incidents reported recently in the city.",Chain Snatching,2025-01-21
CASE_717,202500001,Under Investigation,"[""FIR_717""]",The victim was hit by an unidentified vehicle near APMC Yard and sustained injuries; the driver fled the scene.,Hit and Run,2025-01-06
CASE_718,202400003,Under Investigation,"[""FIR_718""]",The complainant alleged repeated physical and mental harassment by a known acquaintance over dowry-related demands at their residence in New Extension.,Domestic Violence,2024-02-10
CASE_719,202600004,Charge Sheeted,"[""FIR_719""]","The complainant, a woman walking near Temple Street, reported that two men on a motorcycle snatched her gold chain and sped away towards New Extension.",Chain Snatching,2026-04-18
CASE_720,202500007,Under Investigation,"[""FIR_720""]","Unknown persons broke into the complainant's premises at Station Road at night and decamped with valuables worth Rs 222,000.",Burglary,2025-08-29
CASE_721,202400002,Under Investigation,"[""FIR_721""]","The victim was attacked with a corrosive substance by the accused near New Extension, sustaining burn injuries.",Acid Attack,2024-08-21
CASE_722,202600002,Under Investigation,"[""FIR_722""]",The victim Anitha was fatally attacked with a iron rod by the accused near Industrial Layout. The motive is suspected to be a financial transaction.,Murder,2026-02-13
CASE_723,202500003,Under Investigation,"[""FIR_723""]","The complainant reported that Anitha died following an altercation with a former business partner near APMC Yard, suspected to involve a family dispute.",Culpable Homicide,2025-11-23
CASE_724,202500011,Charge Sheeted,"[""FIR_724""]",The complainant reported that their motorcycle parked near APMC Yard was stolen overnight. The vehicle was not recovered at the time of registration.,Vehicle Theft,2025-12-06
CASE_725,202400002,Under Investigation,"[""FIR_725""]",The complainant reported an incident related to crimes against public order occurring near Industrial Layout. Investigation is underway to ascertain further facts.,Promoting Enmity,2024-04-21
CASE_726,202400004,Pending Trial,"[""FIR_726""]",The victim Nagaraj died under suspicious circumstances at her matrimonial home. The complainant alleges harassment for dowry by a former business partner.,Dowry Death,2024-09-24
CASE_727,202400002,Pending Trial,"[""FIR_727""]",The complainant reported an incident related to environmental offences occurring near Industrial Layout. Investigation is underway to ascertain further facts.,Illegal Tree Felling,2024-08-23
CASE_728,202400002,Under Investigation,"[""FIR_728""]","The complainant stated that his neighbour assaulted them near Bus Stand Road following an argument over a business partnership, causing hurt.",Assault,2024-01-14
CASE_729,202500007,Under Investigation,"[""FIR_729""]",The complainant reported an incident related to sexual offences occurring near Ring Road. Investigation is underway to ascertain further facts.,Unnatural Offence,2025-10-06
CASE_730,202600001,Pending Trial,"[""FIR_730""]","The complainant stated that an unidentified assailant assaulted them near College Road following an argument over a business partnership, causing hurt.",Assault,2026-02-18
CASE_731,202600003,Under Investigation,"[""FIR_731""]","The complainant stated that his neighbour assaulted them near Bus Stand Road following an argument over an extramarital affair suspicion, causing hurt.",Assault,2026-06-15
CASE_732,202500001,Under Investigation,"[""FIR_732""]",Police intercepted the accused near Railway Station Road and recovered 7.9 kg of ganja from their possession.,Ganja Possession,2025-05-17
CASE_733,202500002,Closed (Undetected),"[""FIR_733""]","The complainant, a woman walking near Station Road, reported that two men on a motorcycle snatched her gold chain and sped away towards Old Town.",Chain Snatching,2025-08-09
CASE_734,202600001,Under Investigation,"[""FIR_734""]",The victim was hit by an unidentified vehicle near Railway Station Road and sustained injuries; the driver fled the scene.,Hit and Run,2026-03-10
CASE_735,202400002,Charge Sheeted,"[""FIR_735""]",The complainant reported that her in-laws made unwelcome advances and passed lewd remarks towards her near Church Street.,Sexual Harassment,2024-10-21
CASE_736,202400012,Under Investigation,"[""FIR_736""]",Police recovered an unlicensed firearm from the accused during a routine check near Railway Station Road.,Illegal Firearm Possession,2024-11-23
CASE_737,202400013,Charge Sheeted,"[""FIR_737""]","The complainant discovered that a fraudulent account was created in their name and used to obtain a loan of Rs 178,000.",Identity Theft,2024-01-21
CASE_738,202600001,Convicted,"[""FIR_738""]","A police patrol near College Road intercepted a vehicle and recovered narcotic substances weighing 3.4 kg, suspected to be in transit for sale.",NDPS Trafficking,2026-02-28
CASE_739,202500012,Under Investigation,"[""FIR_739""]",The accused attacked Anitha with a wooden stick near New Extension following a quarrel over a business partnership. The victim was rushed to hospital with grievous injuries.,Attempt to Murder,2025-10-12
CASE_740,202400002,Convicted,"[""FIR_740""]",Police recovered an unlicensed firearm from the accused during a routine check near MG Road.,Illegal Firearm Possession,2024-05-24
CASE_741,202500001,Under Investigation,"[""FIR_741""]",The complainant reported an incident related to crimes against children occurring near Bus Stand Road. Investigation is underway to ascertain further facts.,Child Labour,2025-09-25
CASE_742,202600001,Closed (False Case),"[""FIR_742""]","The complainant, a woman walking near Gandhi Nagar, reported that two men on a motorcycle snatched her gold chain and sped away towards Industrial Layout.",Chain Snatching,2026-03-15
CASE_743,202500001,Under Investigation,"[""FIR_743""]",The complainant reported an incident related to sexual offences occurring near New Extension. Investigation is underway to ascertain further facts.,Unnatural Offence,2025-06-02
CASE_744,202500003,Under Investigation,"[""FIR_744""]","The complainant's laptop was stolen from outside their residence at Railway Station Road, valued at approximately Rs 365,000.",Theft,2025-07-19
CASE_745,202500001,Closed (False Case),"[""FIR_745""]","The complainant discovered that a fraudulent account was created in their name and used to obtain a loan of Rs 20,000.",Identity Theft,2025-05-09
CASE_746,202600002,Under Investigation,"[""FIR_746""]",The victim Manoj was fatally attacked with a sharp weapon by the accused near Gandhi Nagar. The motive is suspected to be unpaid loan.,Murder,2026-01-22
CASE_747,202600001,Under Investigation,"[""FIR_747""]","The complainant's two-wheeler was stolen from outside their residence at Market area, valued at approximately Rs 407,000.",Theft,2026-07-20
CASE_748,202500014,Under Investigation,"[""FIR_748""]","The complainant discovered that a fraudulent account was created in their name and used to obtain a loan of Rs 380,000.",Identity Theft,2025-08-12
CASE_749,202400003,Under Investigation,"[""FIR_749""]","A police patrol near New Extension intercepted a vehicle and recovered narcotic substances weighing 1.3 kg, suspected to be in transit for sale.",NDPS Trafficking,2024-12-17
CASE_750,202400003,Under Investigation,"[""FIR_750""]","The complainant reported that Manoj died following an altercation with her husband near Main Bazaar, suspected to involve unpaid loan.",Culpable Homicide,2024-05-25
CASE_751,202500006,Closed (False Case),"[""FIR_751""]",The complainant reported an incident related to crimes against scs/sts occurring near Market area. Investigation is underway to ascertain further facts.,Caste Abuse,2025-07-11
CASE_752,202400001,Closed (False Case),"[""FIR_752""]",The complainant reported that their minor child has been missing since leaving for MG Road and has not returned home.,Missing Child,2024-11-10
CASE_753,202400001,Under Investigation,"[""FIR_753""]","The complainant discovered that a fraudulent account was created in their name and used to obtain a loan of Rs 330,000.",Identity Theft,2024-06-11
CASE_754,202600006,Closed (Undetected),"[""FIR_754""]",The victim Nagaraj died under suspicious circumstances at her matrimonial home. The complainant alleges harassment for dowry by her in-laws.,Dowry Death,2026-06-12
CASE_755,202400002,Abated,"[""FIR_755""]",The complainant reported that a former business partner made unwelcome advances and passed lewd remarks towards her near Railway Station Road.,Sexual Harassment,2024-01-10
CASE_756,202400001,Closed (False Case),"[""FIR_756""]",Police intercepted the accused near Industrial Layout and recovered 3.1 kg of ganja from their possession.,Ganja Possession,2024-03-12
CASE_757,202600001,Charge Sheeted,"[""FIR_757""]",The accused was found driving under the influence of alcohol near APMC Yard and was apprehended by a police patrol.,Drunken Driving,2026-05-05
CASE_758,202500008,Closed (False Case),"[""FIR_758""]",The accused was apprehended near Ring Road while allegedly peddling narcotic substances to local youth.,Drug Peddling,2025-03-31
CASE_759,202400003,Under Investigation,"[""FIR_759""]",The complainant reported repeated harassing messages and unwanted contact from an unknown social media account.,Cyber Stalking,2024-01-03
CASE_760,202400001,Closed (Undetected),"[""FIR_760""]","The complainant's bank account was debited for Rs 313,000 through fraudulent means allegedly involving the accused.",Bank Fraud,2024-10-13
CASE_761,202600002,Under Investigation,"[""FIR_761""]",The complainant reported that a former business partner made unwelcome advances and passed lewd remarks towards her near APMC Yard.,Sexual Harassment,2026-04-10
CASE_762,202400003,Compromised,"[""FIR_762""]","The complainant paid an advance of Rs 214,000 to the accused for a property dispute which was never delivered as promised.",Cheating,2024-03-01
CASE_763,202600003,Under Investigation,"[""FIR_763""]",Police intercepted the accused near Railway Station Road and recovered 7.9 kg of ganja from their possession.,Ganja Possession,2026-07-07
CASE_764,202400014,Compromised,"[""FIR_764""]","A police patrol near Bus Stand Road intercepted a vehicle and recovered narcotic substances weighing 5.3 kg, suspected to be in transit for sale.",NDPS Trafficking,2024-01-17
CASE_765,202500009,Charge Sheeted,"[""FIR_765""]","The complainant reported that Manoj was found dead with injuries near Main Bazaar, allegedly assaulted by her in-laws following a dispute over a family dispute.",Murder,2025-12-22
CASE_766,202600006,Closed (Undetected),"[""FIR_766""]","A group of armed persons robbed the complainant's shop at Market area, decamping with cash and goods worth Rs 154,000.",Dacoity,2026-02-04
CASE_767,202500002,Charge Sheeted,"[""FIR_767""]","Unknown persons broke into the complainant's premises at Church Street at night and decamped with valuables worth Rs 179,000.",Burglary,2025-07-29
CASE_768,202400003,Under Investigation,"[""FIR_768""]",The victim sustained grievous injuries after being attacked with a iron rod by her in-laws near Gandhi Nagar over a financial transaction.,Grievous Hurt,2024-10-04
CASE_769,202400005,Charge Sheeted,"[""FIR_769""]","A group of armed persons robbed the complainant's shop at Station Road, decamping with cash and goods worth Rs 351,000.",Dacoity,2024-11-17
CASE_770,202600002,Charge Sheeted,"[""FIR_770""]","The complainant, a woman walking near Market area, reported that two men on a motorcycle snatched her gold chain and sped away towards Old Town.",Chain Snatching,2026-02-04
CASE_771,202500012,Under Investigation,"[""FIR_771""]",The complainant reported an incident related to arms act offences occurring near College Road. Investigation is underway to ascertain further facts.,Illegal Arms Manufacturing,2025-07-27
CASE_772,202600004,Under Investigation,"[""FIR_772""]","The complainant alleged that the accused, entrusted with funds of Rs 154,000 for an extramarital affair suspicion, misappropriated the amount.",Criminal Breach of Trust,2026-07-15
CASE_773,202400006,Pending Trial,"[""FIR_773""]",The complainant reported an incident related to crimes against scs/sts occurring near Main Bazaar. Investigation is underway to ascertain further facts.,Caste Abuse,2024-06-26
CASE_774,202500002,Pending Trial,"[""FIR_774""]","The complainant paid an advance of Rs 393,000 to the accused for an extramarital affair suspicion which was never delivered as promised.",Cheating,2025-12-01
CASE_775,202500003,Under Investigation,"[""FIR_775""]","The complainant clicked a fraudulent link received via SMS and lost Rs 26,000 from their bank account.",Phishing,2025-08-04
CASE_776,202600001,Closed (False Case),"[""FIR_776""]",The complainant reported an incident related to environmental offences occurring near Station Road. Investigation is underway to ascertain further facts.,Illegal Tree Felling,2026-04-03
CASE_777,202500001,Charge Sheeted,"[""FIR_777""]","The complainant stated that her in-laws assaulted them near Temple Street following an argument over an extramarital affair suspicion, causing hurt.",Assault,2025-10-13
CASE_778,202400003,Closed (Undetected),"[""FIR_778""]","The complainant stated that his neighbour assaulted them near Market area following an argument over a family dispute, causing hurt.",Assault,2024-04-29
CASE_779,202600003,Charge Sheeted,"[""FIR_779""]","A group gathered near Gandhi Nagar in violation of prohibitory orders, leading to a law and order situation.",Unlawful Assembly,2026-03-06
CASE_780,202400015,Charge Sheeted,"[""FIR_780""]",Police intercepted the accused near MG Road and recovered 10.6 kg of ganja from their possession.,Ganja Possession,2024-12-30
CASE_781,202600001,Charge Sheeted,"[""FIR_781""]",The victim was hit by an unidentified vehicle near Station Road and sustained injuries; the driver fled the scene.,Hit and Run,2026-04-12
CASE_782,202600002,Under Investigation,"[""FIR_782""]",The complainant reported an incident related to sexual offences occurring near Industrial Layout. Investigation is underway to ascertain further facts.,Gang Rape,2026-02-21
CASE_783,202500010,Under Investigation,"[""FIR_783""]",The complainant alleged repeated physical and mental harassment by his neighbour over dowry-related demands at their residence in Market area.,Domestic Violence,2025-09-05
CASE_784,202500002,Pending Trial,"[""FIR_784""]",The complainant reported that property documents related to land at Bus Stand Road were forged by the accused.,Forged Documents,2025-08-17
CASE_785,202400005,Under Investigation,"[""FIR_785""]","The complainant reported that Lakshmi died following an altercation with her husband near New Extension, suspected to involve a business partnership.",Culpable Homicide,2024-11-01
CASE_786,202400002,Pending Trial,"[""FIR_786""]",The complainant reported that her husband made unwelcome advances and passed lewd remarks towards her near Ring Road.,Sexual Harassment,2024-08-20
CASE_787,202400005,Charge Sheeted,"[""FIR_787""]","A police patrol near Temple Street intercepted a vehicle and recovered narcotic substances weighing 1.5 kg, suspected to be in transit for sale.",NDPS Trafficking,2024-05-01
CASE_788,202500001,Under Investigation,"[""FIR_788""]",The complainant reported that their motorcycle parked near Industrial Layout was stolen overnight. The vehicle was not recovered at the time of registration.,Vehicle Theft,2025-11-02
CASE_789,202600004,Compromised,"[""FIR_789""]",The complainant reported that property documents related to land at Ring Road were forged by the accused.,Forged Documents,2026-03-17
CASE_790,202400015,Under Investigation,"[""FIR_790""]",The complainant was robbed of cash and a mobile phone by unidentified persons near College Road at knife-point.,Robbery,2024-07-07
CASE_791,202400001,Convicted,"[""FIR_791""]",The accused was apprehended near Gandhi Nagar while allegedly peddling narcotic substances to local youth.,Drug Peddling,2024-02-13
CASE_792,202500001,Acquitted,"[""FIR_792""]",The accused was found driving under the influence of alcohol near Main Bazaar and was apprehended by a police patrol.,Drunken Driving,2025-03-17
CASE_793,202400001,Charge Sheeted,"[""FIR_793""]",The complainant's confidential business data was allegedly copied and misused by a former employee.,Data Theft,2024-06-28
CASE_794,202400004,Convicted,"[""FIR_794""]","The complainant, a woman walking near Ring Road, reported that two men on a motorcycle snatched her gold chain and sped away towards Railway Station Road.",Chain Snatching,2024-04-02
CASE_795,202500002,Under Investigation,"[""FIR_795""]",Police intercepted the accused near Ring Road and recovered 6.9 kg of ganja from their possession.,Ganja Possession,2025-11-20
CASE_796,202500002,Charge Sheeted,"[""FIR_796""]","The complainant's laptop was stolen from outside their residence at Temple Street, valued at approximately Rs 414,000.",Theft,2025-10-30
CASE_797,202500002,Closed (False Case),"[""FIR_797""]","Unknown persons broke into the complainant's premises at Old Town at night and decamped with valuables worth Rs 385,000.",Burglary,2025-10-07
CASE_798,202600005,Closed (Undetected),"[""FIR_798""]","The complainant alleged that the accused, entrusted with funds of Rs 380,000 for land boundary issues, misappropriated the amount.",Criminal Breach of Trust,2026-07-16
CASE_799,202500005,Under Investigation,"[""FIR_799""]",The complainant reported that their scooter parked near Old Town was stolen overnight. The vehicle was not recovered at the time of registration.,Vehicle Theft,2025-04-25
CASE_800,202600002,Under Investigation,"[""FIR_800""]",The victim Ramesh was fatally attacked with a iron rod by the accused near Industrial Layout. The motive is suspected to be unpaid loan.,Murder,2026-02-26
CASE_801,202500004,Charge Sheeted,"[""FIR_801""]","The complainant discovered that a fraudulent account was created in their name and used to obtain a loan of Rs 381,000.",Identity Theft,2025-11-22
CASE_802,202600001,Pending Trial,"[""FIR_802""]","Unknown persons broke into the complainant's premises at Ring Road at night and decamped with valuables worth Rs 379,000.",Burglary,2026-07-15
CASE_803,202400004,Pending Trial,"[""FIR_803""]","A group of armed persons robbed the complainant's shop at Temple Street, decamping with cash and goods worth Rs 66,000.",Dacoity,2024-11-09
CASE_804,202500011,Charge Sheeted,"[""FIR_804""]",The complainant's confidential business data was allegedly copied and misused by a former employee.,Data Theft,2025-01-17
CASE_805,202500001,Pending Trial,"[""FIR_805""]","The complainant stated that her in-laws assaulted them near MG Road following an argument over a property dispute, causing hurt.",Assault,2025-12-12
CASE_806,202600001,Under Investigation,"[""FIR_806""]",The complainant's confidential business data was allegedly copied and misused by a former employee.,Data Theft,2026-03-29
CASE_807,202500013,Under Investigation,"[""FIR_807""]","The complainant reported that Kavya died following an altercation with his neighbour near Ring Road, suspected to involve a financial transaction.",Culpable Homicide,2025-01-08
CASE_808,202600002,Pending Trial,"[""FIR_808""]","The complainant, a woman walking near Bus Stand Road, reported that two men on a motorcycle snatched her gold chain and sped away towards Station Road.",Chain Snatching,2026-04-10
CASE_809,202600001,Abated,"[""FIR_809""]","The complainant clicked a fraudulent link received via SMS and lost Rs 87,000 from their bank account.",Phishing,2026-01-15
CASE_810,202600001,Pending Trial,"[""FIR_810""]",The complainant reported an incident related to crimes against scs/sts occurring near MG Road. Investigation is underway to ascertain further facts.,Caste Abuse,2026-07-05
CASE_811,202600007,Pending Trial,"[""FIR_811""]",The complainant reported that the minor victim was subjected to abuse by her husband at New Extension.,Child Abuse,2026-01-22
CASE_812,202400002,Under Investigation,"[""FIR_812""]","The complainant reported that the accused was driving a vehicle rashly near College Road, endangering pedestrians.",Rash Driving,2024-05-13
CASE_813,202500003,Under Investigation,"[""FIR_813""]",The complainant stated that the accused has been following and contacting her repeatedly near MG Road despite objection.,Stalking,2025-11-13
CASE_814,202400002,Under Investigation,"[""FIR_814""]",The accused attacked Manoj with a iron rod near College Road following a quarrel over past enmity. The victim was rushed to hospital with grievous injuries.,Attempt to Murder,2024-11-17
CASE_815,202400003,Charge Sheeted,"[""FIR_815""]","The complainant reported that the accused was driving a vehicle rashly near Ring Road, endangering pedestrians.",Rash Driving,2024-12-06
CASE_816,202400007,Under Investigation,"[""FIR_816""]",The complainant reported that their car parked near Industrial Layout was stolen overnight. The vehicle was not recovered at the time of registration.,Vehicle Theft,2024-11-05
CASE_817,202500003,Pending Trial,"[""FIR_817""]","The complainant's bank account was debited for Rs 311,000 through fraudulent means allegedly involving the accused.",Bank Fraud,2025-08-07
CASE_818,202400002,Closed (Undetected),"[""FIR_818""]","The complainant reported that Deepa died following an altercation with his neighbour near Railway Station Road, suspected to involve a family dispute.",Culpable Homicide,2024-01-28
CASE_819,202500002,Acquitted,"[""FIR_819""]",The complainant reported an incident related to crimes against public order occurring near New Extension. Investigation is underway to ascertain further facts.,Promoting Enmity,2025-10-13
CASE_820,202500005,Acquitted,"[""FIR_820""]",The complainant reported an incident related to crimes against scs/sts occurring near Industrial Layout. Investigation is underway to ascertain further facts.,Atrocity - Social Boycott,2025-11-01
CASE_821,202400001,Under Investigation,"[""FIR_821""]",The accused attacked Deepa with a iron rod near Bus Stand Road following a quarrel over a business partnership. The victim was rushed to hospital with grievous injuries.,Attempt to Murder,2024-01-16
CASE_822,202600003,Under Investigation,"[""FIR_822""]",The complainant alleged repeated physical and mental harassment by his neighbour over dowry-related demands at their residence in Industrial Layout.,Domestic Violence,2026-06-16
CASE_823,202600007,Pending Trial,"[""FIR_823""]","The complainant reported that unknown persons broke into their house at APMC Yard and stole gold jewellery worth Rs 198,000 and cash. The incident occurred while the family was away.",Theft,2026-01-25
CASE_824,202400001,Under Investigation,"[""FIR_824""]","The complainant stated that a former business partner assaulted them near Railway Station Road following an argument over an extramarital affair suspicion, causing hurt.",Assault,2024-09-04
CASE_825,202500003,Charge Sheeted,"[""FIR_825""]",The complainant reported that their scooter parked near Gandhi Nagar was stolen overnight. The vehicle was not recovered at the time of registration.,Vehicle Theft,2025-10-26
CASE_826,202500015,Under Investigation,"[""FIR_826""]",The complainant reported an incident related to crimes related to documents/property occurring near Bus Stand Road. Investigation is underway to ascertain further facts.,Land Fraud,2025-04-03
CASE_827,202400001,Pending Trial,"[""FIR_827""]","A group of armed persons robbed the complainant's shop at Bus Stand Road, decamping with cash and goods worth Rs 319,000.",Dacoity,2024-10-01
CASE_828,202500002,Convicted,"[""FIR_828""]",Police recovered an unlicensed firearm from the accused during a routine check near Ring Road.,Illegal Firearm Possession,2025-09-22
CASE_829,202500003,Under Investigation,"[""FIR_829""]",The complainant alleged repeated physical and mental harassment by his neighbour over dowry-related demands at their residence in Ring Road.,Domestic Violence,2025-11-08
CASE_830,202400005,Under Investigation,"[""FIR_830""]","A group of armed persons robbed the complainant's shop at Old Town, decamping with cash and goods worth Rs 365,000.",Dacoity,2024-07-21
CASE_831,202600002,Under Investigation,"[""FIR_831""]","The complainant reported that Deepa died following an altercation with a known acquaintance near Main Bazaar, suspected to involve a financial transaction.",Culpable Homicide,2026-06-19
CASE_832,202400003,Closed (Undetected),"[""FIR_832""]",The victim sustained grievous injuries after being attacked with a wooden stick by an unidentified assailant near Old Town over unpaid loan.,Grievous Hurt,2024-09-28
CASE_833,202500014,Convicted,"[""FIR_833""]","The complainant paid an advance of Rs 29,000 to the accused for land boundary issues which was never delivered as promised.",Cheating,2025-02-24
CASE_834,202600001,Under Investigation,"[""FIR_834""]","A police patrol near Main Bazaar intercepted a vehicle and recovered narcotic substances weighing 6.4 kg, suspected to be in transit for sale.",NDPS Trafficking,2026-05-29
CASE_835,202500001,Convicted,"[""FIR_835""]","The complainant reported that unknown persons broke into their house at College Road and stole gold jewellery worth Rs 207,000 and cash. The incident occurred while the family was away.",Theft,2025-10-31
CASE_836,202500004,Compromised,"[""FIR_836""]",The victim sustained grievous injuries after being attacked with a sharp weapon by a known acquaintance near Church Street over a family dispute.,Grievous Hurt,2025-05-23
CASE_837,202400014,Abated,"[""FIR_837""]",The complainant's confidential business data was allegedly copied and misused by a former employee.,Data Theft,2024-05-23
CASE_838,202400002,Under Investigation,"[""FIR_838""]",The victim was hit by an unidentified vehicle near New Extension and sustained injuries; the driver fled the scene.,Hit and Run,2024-11-18
CASE_839,202600002,Charge Sheeted,"[""FIR_839""]","The complainant's mobile phone was stolen from outside their residence at Railway Station Road, valued at approximately Rs 344,000.",Theft,2026-05-08
CASE_840,202400003,Under Investigation,"[""FIR_840""]","The complainant's laptop was stolen from outside their residence at Church Street, valued at approximately Rs 294,000.",Theft,2024-05-20
CASE_841,202500006,Pending Trial,"[""FIR_841""]",The complainant reported an incident related to crimes against scs/sts occurring near Temple Street. Investigation is underway to ascertain further facts.,Caste Abuse,2025-10-20
CASE_842,202600001,Charge Sheeted,"[""FIR_842""]","The complainant discovered that a fraudulent account was created in their name and used to obtain a loan of Rs 34,000.",Identity Theft,2026-07-11
CASE_843,202600008,Convicted,"[""FIR_843""]",The complainant stated that the accused has been following and contacting her repeatedly near Station Road despite objection.,Stalking,2026-06-26
CASE_844,202500001,Pending Trial,"[""FIR_844""]",Police intercepted the accused near MG Road and recovered 6.5 kg of ganja from their possession.,Ganja Possession,2025-09-27
CASE_845,202500002,Pending Trial,"[""FIR_845""]",Police intercepted the accused near Railway Station Road and recovered 4.2 kg of ganja from their possession.,Ganja Possession,2025-03-12
CASE_846,202400015,Under Investigation,"[""FIR_846""]",The complainant's confidential business data was allegedly copied and misused by a former employee.,Data Theft,2024-05-16
CASE_847,202400002,Charge Sheeted,"[""FIR_847""]",The victim sustained grievous injuries after being attacked with a knife by his neighbour near Church Street over a property dispute.,Grievous Hurt,2024-04-06
CASE_848,202400003,Closed (False Case),"[""FIR_848""]","The complainant reported that the accused was driving a vehicle rashly near Market area, endangering pedestrians.",Rash Driving,2024-01-10
CASE_849,202400016,Under Investigation,"[""FIR_849""]",The victim was hit by an unidentified vehicle near New Extension and sustained injuries; the driver fled the scene.,Hit and Run,2024-10-30
CASE_850,202500004,Charge Sheeted,"[""FIR_850""]","The complainant stated that a former business partner assaulted them near MG Road following an argument over an extramarital affair suspicion, causing hurt.",Assault,2025-03-07
CASE_851,202500004,Under Investigation,"[""FIR_851""]","The complainant's laptop was stolen from outside their residence at Gandhi Nagar, valued at approximately Rs 414,000.",Theft,2025-02-07
CASE_852,202600009,Charge Sheeted,"[""FIR_852""]",The accused attacked Manoj with a sharp weapon near Industrial Layout following a quarrel over a family dispute. The victim was rushed to hospital with grievous injuries.,Attempt to Murder,2026-05-02
CASE_853,202400004,Pending Trial,"[""FIR_853""]","The complainant's bank account was debited for Rs 440,000 through fraudulent means allegedly involving the accused.",Bank Fraud,2024-03-14
CASE_854,202400001,Closed (Undetected),"[""FIR_854""]",Police intercepted the accused near Gandhi Nagar and recovered 5.7 kg of ganja from their possession.,Ganja Possession,2024-04-30
CASE_855,202500004,Charge Sheeted,"[""FIR_855""]","A group of armed persons robbed the complainant's shop at MG Road, decamping with cash and goods worth Rs 140,000.",Dacoity,2025-05-11
CASE_856,202400001,Under Investigation,"[""FIR_856""]",The complainant was robbed of cash and a mobile phone by unidentified persons near Ring Road at knife-point.,Robbery,2024-01-10
CASE_857,202400017,Pending Trial,"[""FIR_857""]",The complainant stated that the accused has been following and contacting her repeatedly near Station Road despite objection.,Stalking,2024-08-17
CASE_858,202600001,Abated,"[""FIR_858""]",The accused was found driving under the influence of alcohol near Temple Street and was apprehended by a police patrol.,Drunken Driving,2026-06-17
CASE_859,202400008,Referred to Another PS,"[""FIR_859""]",The complainant alleged repeated physical and mental harassment by his neighbour over dowry-related demands at their residence in Bus Stand Road.,Domestic Violence,2024-08-11
CASE_860,202500002,Pending Trial,"[""FIR_860""]","Unknown persons broke into the complainant's premises at College Road at night and decamped with valuables worth Rs 317,000.",Burglary,2025-12-20
CASE_861,202600001,Under Investigation,"[""FIR_861""]","The complainant stated that a known acquaintance assaulted them near College Road following an argument over a business partnership, causing hurt.",Assault,2026-06-29
CASE_862,202500003,Charge Sheeted,"[""FIR_862""]","The complainant reported that unknown persons broke into their house at Temple Street and stole gold jewellery worth Rs 290,000 and cash. The incident occurred while the family was away.",Theft,2025-09-01
CASE_863,202400002,Under Investigation,"[""FIR_863""]","The complainant, a woman walking near Ring Road, reported that two men on a motorcycle snatched her gold chain and sped away towards MG Road.",Chain Snatching,2024-02-03
CASE_864,202500001,Under Investigation,"[""FIR_864""]",The complainant reported that their motorcycle parked near Main Bazaar was stolen overnight. The vehicle was not recovered at the time of registration.,Vehicle Theft,2025-11-26
CASE_865,202400002,Referred to Another PS,"[""FIR_865""]",The complainant reported that their motorcycle parked near Railway Station Road was stolen overnight. The vehicle was not recovered at the time of registration.,Vehicle Theft,2024-12-25
CASE_866,202600001,Charge Sheeted,"[""FIR_866""]","The complainant reported that the accused was driving a vehicle rashly near Railway Station Road, endangering pedestrians.",Rash Driving,2026-02-10
CASE_867,202400002,Charge Sheeted,"[""FIR_867""]",The accused was found driving under the influence of alcohol near Main Bazaar and was apprehended by a police patrol.,Drunken Driving,2024-10-31
CASE_868,202500002,Closed (Undetected),"[""FIR_868""]",The complainant reported that the accused forged signatures on documents related to a business partnership to gain wrongful benefit.,Forgery,2025-12-26
CASE_869,202400016,Pending Trial,"[""FIR_869""]","The complainant's laptop was stolen from outside their residence at Old Town, valued at approximately Rs 280,000.",Theft,2024-09-12
CASE_870,202400005,Charge Sheeted,"[""FIR_870""]",The victim was hit by an unidentified vehicle near Ring Road and sustained injuries; the driver fled the scene.,Hit and Run,2024-12-15
CASE_871,202400003,Charge Sheeted,"[""FIR_871""]","The victim was attacked with a corrosive substance by the accused near Bus Stand Road, sustaining burn injuries.",Acid Attack,2024-08-31
CASE_872,202500004,Charge Sheeted,"[""FIR_872""]","The complainant, a woman walking near Industrial Layout, reported that two men on a motorcycle snatched her gold chain and sped away towards Industrial Layout.",Chain Snatching,2025-06-11
CASE_873,202500002,Under Investigation,"[""FIR_873""]","The complainant, a woman walking near APMC Yard, reported that two men on a motorcycle snatched her gold chain and sped away towards MG Road.",Chain Snatching,2025-04-29
CASE_874,202500005,Pending Trial,"[""FIR_874""]",The victim Deepa died under suspicious circumstances at her matrimonial home. The complainant alleges harassment for dowry by a known acquaintance.,Dowry Death,2025-06-30
CASE_875,202600001,Abated,"[""FIR_875""]","Unknown persons broke into the complainant's premises at Gandhi Nagar at night and decamped with valuables worth Rs 284,000.",Burglary,2026-02-20
CASE_876,202400016,Charge Sheeted,"[""FIR_876""]","The complainant, a woman walking near MG Road, reported that two men on a motorcycle snatched her gold chain and sped away towards New Extension.",Chain Snatching,2024-09-16
CASE_877,202500002,Under Investigation,"[""FIR_877""]","The victim was attacked with a corrosive substance by the accused near Station Road, sustaining burn injuries.",Acid Attack,2025-08-13
CASE_878,202500001,Convicted,"[""FIR_878""]","Unknown persons broke into the complainant's premises at Ring Road at night and decamped with valuables worth Rs 286,000.",Burglary,2025-02-18
CASE_879,202400003,Under Investigation,"[""FIR_879""]",The accused was apprehended near MG Road while allegedly peddling narcotic substances to local youth.,Drug Peddling,2024-03-09
CASE_880,202500002,Under Investigation,"[""FIR_880""]",The complainant reported that his neighbour made unwelcome advances and passed lewd remarks towards her near Ring Road.,Sexual Harassment,2025-11-22
CASE_881,202500007,Charge Sheeted,"[""FIR_881""]","The complainant reported that Manoj died following an altercation with a known acquaintance near Gandhi Nagar, suspected to involve a property dispute.",Culpable Homicide,2025-12-30
CASE_882,202400017,Under Investigation,"[""FIR_882""]",The complainant reported an incident related to sexual offences occurring near Station Road. Investigation is underway to ascertain further facts.,Unnatural Offence,2024-09-13
CASE_883,202400003,Charge Sheeted,"[""FIR_883""]","The complainant reported that Anitha died following an altercation with an unidentified assailant near Bus Stand Road, suspected to involve a property dispute.",Culpable Homicide,2024-10-04
CASE_884,202400002,Closed (Undetected),"[""FIR_884""]","The complainant, belonging to a Scheduled Caste, alleged physical assault and caste-based abuse by a former business partner near Industrial Layout.",Atrocity - Physical Assault,2024-11-12
CASE_885,202500002,Charge Sheeted,"[""FIR_885""]",The accused was found driving under the influence of alcohol near Old Town and was apprehended by a police patrol.,Drunken Driving,2025-01-17
CASE_886,202500003,Charge Sheeted,"[""FIR_886""]","The complainant, a woman walking near Ring Road, reported that two men on a motorcycle snatched her gold chain and sped away towards Temple Street.",Chain Snatching,2025-11-27
CASE_887,202400001,Referred to Another PS,"[""FIR_887""]",The complainant reported an incident related to crimes related to documents/property occurring near Main Bazaar. Investigation is underway to ascertain further facts.,Land Fraud,2024-08-22
CASE_888,202400003,Pending Trial,"[""FIR_888""]","The complainant received a call from an unknown person claiming to be a bank official, who obtained OTP details and transferred Rs 340,000 from the complainant's account.",Online Fraud,2024-04-02
CASE_889,202500005,Charge Sheeted,"[""FIR_889""]",The complainant stated that the accused has been following and contacting her repeatedly near New Extension despite objection.,Stalking,2025-08-09
CASE_890,202500001,Convicted,"[""FIR_890""]","The complainant discovered that a fraudulent account was created in their name and used to obtain a loan of Rs 28,000.",Identity Theft,2025-05-19
CASE_891,202400003,Convicted,"[""FIR_891""]",The victim was hit by an unidentified vehicle near Temple Street and sustained injuries; the driver fled the scene.,Hit and Run,2024-02-19
CASE_892,202400002,Closed (False Case),"[""FIR_892""]",The victim sustained grievous injuries after being attacked with a knife by a known acquaintance near Temple Street over past enmity.,Grievous Hurt,2024-01-10
CASE_893,202500004,Pending Trial,"[""FIR_893""]","Unknown persons broke into the complainant's premises at Bus Stand Road at night and decamped with valuables worth Rs 343,000.",Burglary,2025-04-06
CASE_894,202600002,Charge Sheeted,"[""FIR_894""]",The complainant reported an incident related to crimes against public order occurring near Gandhi Nagar. Investigation is underway to ascertain further facts.,Promoting Enmity,2026-07-14
CASE_895,202600005,Acquitted,"[""FIR_895""]",The accused was apprehended near MG Road while allegedly peddling narcotic substances to local youth.,Drug Peddling,2026-01-31
CASE_896,202400002,Under Investigation,"[""FIR_896""]",The accused attacked Suresh with a wooden stick near Old Town following a quarrel over a family dispute. The victim was rushed to hospital with grievous injuries.,Attempt to Murder,2024-06-11
CASE_897,202600005,Charge Sheeted,"[""FIR_897""]","The complainant received a call from an unknown person claiming to be a bank official, who obtained OTP details and transferred Rs 45,000 from the complainant's account.",Online Fraud,2026-02-27
CASE_898,202500003,Under Investigation,"[""FIR_898""]","The complainant stated that a known acquaintance assaulted them near Old Town following an argument over unpaid loan, causing hurt.",Assault,2025-12-14
CASE_899,202400018,Under Investigation,"[""FIR_899""]","The complainant, a woman walking near Temple Street, reported that two men on a motorcycle snatched her gold chain and sped away towards Gandhi Nagar.",Chain Snatching,2024-08-24
CASE_900,202400002,Under Investigation,"[""FIR_900""]","The complainant reported that Ramesh died following an altercation with his neighbour near Bus Stand Road, suspected to involve an extramarital affair suspicion.",Culpable Homicide,2024-05-04
CASE_901,202400003,Under Investigation,"[""FIR_901""]","The complainant, a woman walking near Railway Station Road, reported that two men on a motorcycle snatched her gold chain and sped away towards Church Street.",Chain Snatching,2024-09-22
CASE_902,202500001,Under Investigation,"[""FIR_902""]",The complainant alleged repeated physical and mental harassment by an unidentified assailant over dowry-related demands at their residence in Church Street.,Domestic Violence,2025-07-07
CASE_903,202500003,Pending Trial,"[""FIR_903""]","The complainant, a woman walking near Market area, reported that two men on a motorcycle snatched her gold chain and sped away towards Market area.",Chain Snatching,2025-07-14
CASE_904,202400003,Under Investigation,"[""FIR_904""]",The victim was hit by an unidentified vehicle near Old Town and sustained injuries; the driver fled the scene.,Hit and Run,2024-07-25
CASE_905,202600001,Charge Sheeted,"[""FIR_905""]","A group of persons allegedly assembled unlawfully near Station Road and engaged in rioting, causing damage to property.",Rioting,2026-02-08
CASE_906,202400005,Under Investigation,"[""FIR_906""]","The complainant alleged that the accused, entrusted with funds of Rs 268,000 for a family dispute, misappropriated the amount.",Criminal Breach of Trust,2024-01-03
CASE_907,202400001,Under Investigation,"[""FIR_907""]",The complainant reported an incident related to crimes related to documents/property occurring near Church Street. Investigation is underway to ascertain further facts.,Land Fraud,2024-06-09
CASE_908,202400001,Charge Sheeted,"[""FIR_908""]","Unknown persons broke into the complainant's premises at Gandhi Nagar at night and decamped with valuables worth Rs 73,000.",Burglary,2024-06-15
CASE_909,202400004,Under Investigation,"[""FIR_909""]",The complainant stated that the accused has been following and contacting her repeatedly near Railway Station Road despite objection.,Stalking,2024-12-07
CASE_910,202400004,Closed (False Case),"[""FIR_910""]",Police intercepted the accused near Market area and recovered 8.5 kg of ganja from their possession.,Ganja Possession,2024-07-06
CASE_911,202600001,Pending Trial,"[""FIR_911""]","The complainant reported that unknown persons broke into their house at Temple Street and stole gold jewellery worth Rs 31,000 and cash. The incident occurred while the family was away.",Theft,2026-06-16
CASE_912,202400005,Under Investigation,"[""FIR_912""]",The accused was found driving under the influence of alcohol near New Extension and was apprehended by a police patrol.,Drunken Driving,2024-04-04
CASE_913,202500013,Charge Sheeted,"[""FIR_913""]",The complainant reported that their scooter parked near Gandhi Nagar was stolen overnight. The vehicle was not recovered at the time of registration.,Vehicle Theft,2025-10-25
CASE_914,202400002,Acquitted,"[""FIR_914""]","Unknown persons broke into the complainant's premises at Railway Station Road at night and decamped with valuables worth Rs 133,000.",Burglary,2024-01-02
CASE_915,202400003,Under Investigation,"[""FIR_915""]",The accused was found driving under the influence of alcohol near MG Road and was apprehended by a police patrol.,Drunken Driving,2024-07-06
CASE_916,202600001,Under Investigation,"[""FIR_916""]",The complainant alleged repeated physical and mental harassment by an unidentified assailant over dowry-related demands at their residence in Station Road.,Domestic Violence,2026-01-05
CASE_917,202400002,Convicted,"[""FIR_917""]",The victim Manoj died under suspicious circumstances at her matrimonial home. The complainant alleges harassment for dowry by his neighbour.,Dowry Death,2024-07-29
CASE_918,202500003,Convicted,"[""FIR_918""]",The complainant was robbed of cash and a mobile phone by unidentified persons near Bus Stand Road at knife-point.,Robbery,2025-09-06
CASE_919,202500002,Under Investigation,"[""FIR_919""]","The complainant reported that unknown persons broke into their house at APMC Yard and stole gold jewellery worth Rs 95,000 and cash. The incident occurred while the family was away.",Theft,2025-01-18
CASE_920,202600003,Pending Trial,"[""FIR_920""]",The complainant reported that property documents related to land at Old Town were forged by the accused.,Forged Documents,2026-07-15
CASE_921,202400018,Under Investigation,"[""FIR_921""]",The complainant reported an incident related to arms act offences occurring near Gandhi Nagar. Investigation is underway to ascertain further facts.,Illegal Arms Manufacturing,2024-10-23
CASE_922,202500004,Charge Sheeted,"[""FIR_922""]",The accused was apprehended near Industrial Layout while allegedly peddling narcotic substances to local youth.,Drug Peddling,2025-07-23
CASE_923,202500002,Under Investigation,"[""FIR_923""]","The complainant reported that Manoj died following an altercation with an unidentified assailant near MG Road, suspected to involve unpaid loan.",Culpable Homicide,2025-11-09
CASE_924,202500001,Pending Trial,"[""FIR_924""]",Police recovered an unlicensed firearm from the accused during a routine check near APMC Yard.,Illegal Firearm Possession,2025-05-30
CASE_925,202500004,Charge Sheeted,"[""FIR_925""]",The complainant reported that their minor child has been missing since leaving for Railway Station Road and has not returned home.,Missing Child,2025-03-17
CASE_926,202400002,Pending Trial,"[""FIR_926""]","The complainant reported that Nagaraj died following an altercation with a former business partner near APMC Yard, suspected to involve a property dispute.",Culpable Homicide,2024-10-31
CASE_927,202400001,Charge Sheeted,"[""FIR_927""]",The victim was hit by an unidentified vehicle near Temple Street and sustained injuries; the driver fled the scene.,Hit and Run,2024-08-21
CASE_928,202400007,Under Investigation,"[""FIR_928""]",The accused was found driving under the influence of alcohol near College Road and was apprehended by a police patrol.,Drunken Driving,2024-12-17
CASE_929,202400019,Referred to Another PS,"[""FIR_929""]","The complainant alleged that the accused, entrusted with funds of Rs 385,000 for a business partnership, misappropriated the amount.",Criminal Breach of Trust,2024-07-18
CASE_930,202400003,Charge Sheeted,"[""FIR_930""]",The complainant reported that her husband made unwelcome advances and passed lewd remarks towards her near Market area.,Sexual Harassment,2024-12-31
CASE_931,202400002,Under Investigation,"[""FIR_931""]",The complainant reported that a known acquaintance made unwelcome advances and passed lewd remarks towards her near Station Road.,Sexual Harassment,2024-12-21
CASE_932,202500008,Charge Sheeted,"[""FIR_932""]",The complainant reported that her in-laws made unwelcome advances and passed lewd remarks towards her near Temple Street.,Sexual Harassment,2025-11-22
CASE_933,202400004,Pending Trial,"[""FIR_933""]",The accused was found driving under the influence of alcohol near Temple Street and was apprehended by a police patrol.,Drunken Driving,2024-01-12
CASE_934,202600006,Under Investigation,"[""FIR_934""]","The complainant received a call from an unknown person claiming to be a bank official, who obtained OTP details and transferred Rs 232,000 from the complainant's account.",Online Fraud,2026-01-09
CASE_935,202500002,Under Investigation,"[""FIR_935""]","The complainant stated that his neighbour assaulted them near Industrial Layout following an argument over a business partnership, causing hurt.",Assault,2025-11-10
CASE_936,202500004,Pending Trial,"[""FIR_936""]",The complainant reported that their scooter parked near Market area was stolen overnight. The vehicle was not recovered at the time of registration.,Vehicle Theft,2025-12-11
CASE_937,202500005,Under Investigation,"[""FIR_937""]","A group of persons allegedly assembled unlawfully near College Road and engaged in rioting, causing damage to property.",Rioting,2025-01-02
CASE_938,202500003,Charge Sheeted,"[""FIR_938""]","The complainant, a woman walking near Whitefield Main Road, reported that two men on a motorcycle snatched her gold chain and sped away towards ITPL Road. CCTV footage is being reviewed; the MO matches similar chain-snatching incidents reported recently in the city.",Chain Snatching,2025-03-14
CASE_939,202400004,Charge Sheeted,"[""FIR_939""]","The complainant stated that a known acquaintance assaulted them near Ring Road following an argument over a family dispute, causing hurt.",Assault,2024-08-20
CASE_940,202400003,Charge Sheeted,"[""FIR_940""]",The accused attacked Suresh with a sharp weapon near Church Street following a quarrel over unpaid loan. The victim was rushed to hospital with grievous injuries.,Attempt to Murder,2024-01-14
CASE_941,202500015,Charge Sheeted,"[""FIR_941""]","The complainant received a call from an unknown person claiming to be a bank official, who obtained OTP details and transferred Rs 33,000 from the complainant's account.",Online Fraud,2025-06-27
CASE_942,202400019,Charge Sheeted,"[""FIR_942""]","A police patrol near Main Bazaar intercepted a vehicle and recovered narcotic substances weighing 11.6 kg, suspected to be in transit for sale.",NDPS Trafficking,2024-11-23
CASE_943,202500001,Pending Trial,"[""FIR_943""]","The victim was attacked with a corrosive substance by the accused near Temple Street, sustaining burn injuries.",Acid Attack,2025-08-31
CASE_944,202400006,Under Investigation,"[""FIR_944""]",The accused attacked Ramesh with a knife near New Extension following a quarrel over land boundary issues. The victim was rushed to hospital with grievous injuries.,Attempt to Murder,2024-08-17
CASE_945,202500002,Closed (Undetected),"[""FIR_945""]","The complainant, a woman walking near Main Bazaar, reported that two men on a motorcycle snatched her gold chain and sped away towards Church Street.",Chain Snatching,2025-10-27
CASE_946,202400004,Pending Trial,"[""FIR_946""]","The complainant discovered that a fraudulent account was created in their name and used to obtain a loan of Rs 302,000.",Identity Theft,2024-10-26
CASE_947,202400002,Under Investigation,"[""FIR_947""]",The complainant stated that the accused has been following and contacting her repeatedly near College Road despite objection.,Stalking,2024-08-17
CASE_948,202400001,Closed (False Case),"[""FIR_948""]","Unknown persons broke into the complainant's premises at Bus Stand Road at night and decamped with valuables worth Rs 382,000.",Burglary,2024-06-25
CASE_949,202500002,Under Investigation,"[""FIR_949""]","A group of persons allegedly assembled unlawfully near Temple Street and engaged in rioting, causing damage to property.",Rioting,2025-08-29
CASE_950,202600004,Charge Sheeted,"[""FIR_950""]",The complainant reported that the minor victim was subjected to abuse by his neighbour at Industrial Layout.,Child Abuse,2026-01-03
CASE_951,202400004,Charge Sheeted,"[""FIR_951""]","The complainant reported that Deepa was found dead with injuries near Ring Road, allegedly assaulted by an unidentified assailant following a dispute over a business partnership.",Murder,2024-06-05
CASE_952,202500004,Under Investigation,"[""FIR_952""]","The complainant reported that unknown persons broke into their house at New Extension and stole gold jewellery worth Rs 343,000 and cash. The incident occurred while the family was away.",Theft,2025-07-07
CASE_953,202400009,Under Investigation,"[""FIR_953""]",The accused attacked Ramesh with a knife near Church Street following a quarrel over a family dispute. The victim was rushed to hospital with grievous injuries.,Attempt to Murder,2024-08-18
CASE_954,202500016,Closed (False Case),"[""FIR_954""]",The complainant reported that their minor child has been missing since leaving for Gandhi Nagar and has not returned home.,Missing Child,2025-02-19
CASE_955,202600003,Closed (False Case),"[""FIR_955""]","The victim was attacked with a corrosive substance by the accused near Gandhi Nagar, sustaining burn injuries.",Acid Attack,2026-04-21
CASE_956,202500003,Abated,"[""FIR_956""]","The complainant paid an advance of Rs 185,000 to the accused for an extramarital affair suspicion which was never delivered as promised.",Cheating,2025-05-09
CASE_957,202500004,Abated,"[""FIR_957""]",The complainant reported an incident related to arms act offences occurring near New Extension. Investigation is underway to ascertain further facts.,Illegal Arms Manufacturing,2025-08-01
CASE_958,202400002,Pending Trial,"[""FIR_958""]","The victim was attacked with a corrosive substance by the accused near College Road, sustaining burn injuries.",Acid Attack,2024-06-01
CASE_959,202600001,Closed (False Case),"[""FIR_959""]","A police patrol near Temple Street intercepted a vehicle and recovered narcotic substances weighing 11.5 kg, suspected to be in transit for sale.",NDPS Trafficking,2026-03-03
CASE_960,202400002,Charge Sheeted,"[""FIR_960""]","Unknown persons broke into the complainant's premises at Main Bazaar at night and decamped with valuables worth Rs 346,000.",Burglary,2024-10-04
CASE_961,202500004,Compromised,"[""FIR_961""]","A group of armed persons robbed the complainant's shop at Bus Stand Road, decamping with cash and goods worth Rs 295,000.",Dacoity,2025-12-03
CASE_962,202600010,Acquitted,"[""FIR_962""]","The complainant, a woman walking near Market area, reported that two men on a motorcycle snatched her gold chain and sped away towards Bus Stand Road.",Chain Snatching,2026-04-29
CASE_963,202500003,Closed (False Case),"[""FIR_963""]",The complainant reported an incident related to crimes against children occurring near Station Road. Investigation is underway to ascertain further facts.,Child Labour,2025-09-10
CASE_964,202400003,Under Investigation,"[""FIR_964""]","A group of armed persons robbed the complainant's shop at Bus Stand Road, decamping with cash and goods worth Rs 223,000.",Dacoity,2024-09-27
CASE_965,202400004,Under Investigation,"[""FIR_965""]",The accused was found driving under the influence of alcohol near Church Street and was apprehended by a police patrol.,Drunken Driving,2024-03-08
CASE_966,202600007,Under Investigation,"[""FIR_966""]",The complainant reported an incident related to environmental offences occurring near Railway Station Road. Investigation is underway to ascertain further facts.,Wildlife Poaching,2026-03-21
CASE_967,202500001,Under Investigation,"[""FIR_967""]","The complainant discovered that a fraudulent account was created in their name and used to obtain a loan of Rs 176,000.",Identity Theft,2025-02-23
CASE_968,202400004,Closed (Undetected),"[""FIR_968""]","Unknown persons broke into the complainant's premises at Industrial Layout at night and decamped with valuables worth Rs 143,000.",Burglary,2024-02-23
CASE_969,202400020,Under Investigation,"[""FIR_969""]",The accused was found driving under the influence of alcohol near College Road and was apprehended by a police patrol.,Drunken Driving,2024-10-06
CASE_970,202500012,Pending Trial,"[""FIR_970""]",The complainant was robbed of cash and a mobile phone by unidentified persons near Temple Street at knife-point.,Robbery,2025-04-29
CASE_971,202400001,Charge Sheeted,"[""FIR_971""]",The accused was apprehended near Old Town while allegedly peddling narcotic substances to local youth.,Drug Peddling,2024-05-24
CASE_972,202400003,Under Investigation,"[""FIR_972""]",The complainant reported an incident related to crimes against public order occurring near Gandhi Nagar. Investigation is underway to ascertain further facts.,Promoting Enmity,2024-04-01
CASE_973,202600002,Pending Trial,"[""FIR_973""]",The complainant was robbed of cash and a mobile phone by unidentified persons near Church Street at knife-point.,Robbery,2026-05-08
CASE_974,202500001,Closed (Undetected),"[""FIR_974""]","The complainant reported that Ramesh died following an altercation with an unidentified assailant near Bus Stand Road, suspected to involve a property dispute.",Culpable Homicide,2025-04-17
CASE_975,202400017,Convicted,"[""FIR_975""]","The complainant received a call from an unknown person claiming to be a bank official, who obtained OTP details and transferred Rs 444,000 from the complainant's account.",Online Fraud,2024-06-09
CASE_976,202500004,Referred to Another PS,"[""FIR_976""]",The complainant reported that their scooter parked near Main Bazaar was stolen overnight. The vehicle was not recovered at the time of registration.,Vehicle Theft,2025-11-23
CASE_977,202500017,Charge Sheeted,"[""FIR_977""]",The complainant reported that their car parked near Station Road was stolen overnight. The vehicle was not recovered at the time of registration.,Vehicle Theft,2025-10-31
CASE_978,202400004,Under Investigation,"[""FIR_978""]","The complainant's bank account was debited for Rs 248,000 through fraudulent means allegedly involving the accused.",Bank Fraud,2024-05-09
CASE_979,202400005,Abated,"[""FIR_979""]","The complainant reported that the accused was driving a vehicle rashly near Temple Street, endangering pedestrians.",Rash Driving,2024-12-16
CASE_980,202500003,Convicted,"[""FIR_980""]",Police intercepted the accused near Industrial Layout and recovered 7.0 kg of ganja from their possession.,Ganja Possession,2025-03-12
CASE_981,202600003,Under Investigation,"[""FIR_981""]",The complainant reported that their scooter parked near Ring Road was stolen overnight. The vehicle was not recovered at the time of registration.,Vehicle Theft,2026-03-08
CASE_982,202500003,Closed (False Case),"[""FIR_982""]","The complainant's mobile phone was stolen from outside their residence at Station Road, valued at approximately Rs 49,000.",Theft,2025-09-19
CASE_983,202400021,Under Investigation,"[""FIR_983""]",The accused was apprehended near Railway Station Road while allegedly peddling narcotic substances to local youth.,Drug Peddling,2024-09-12
CASE_984,202600004,Under Investigation,"[""FIR_984""]",The victim Deepa died under suspicious circumstances at her matrimonial home. The complainant alleges harassment for dowry by his neighbour.,Dowry Death,2026-01-04
CASE_985,202400003,Charge Sheeted,"[""FIR_985""]",The victim Deepa died under suspicious circumstances at her matrimonial home. The complainant alleges harassment for dowry by her in-laws.,Dowry Death,2024-03-20
CASE_986,202400003,Closed (Undetected),"[""FIR_986""]","The complainant reported that the accused was driving a vehicle rashly near Market area, endangering pedestrians.",Rash Driving,2024-12-17
CASE_987,202500001,Pending Trial,"[""FIR_987""]",The complainant's confidential business data was allegedly copied and misused by a former employee.,Data Theft,2025-05-20
CASE_988,202500002,Convicted,"[""FIR_988""]",The complainant alleged repeated physical and mental harassment by an unidentified assailant over dowry-related demands at their residence in College Road.,Domestic Violence,2025-05-04
CASE_989,202400018,Pending Trial,"[""FIR_989""]",Police intercepted the accused near APMC Yard and recovered 7.5 kg of ganja from their possession.,Ganja Possession,2024-05-10
CASE_990,202500010,Closed (False Case),"[""FIR_990""]",The complainant was robbed of cash and a mobile phone by unidentified persons near APMC Yard at knife-point.,Robbery,2025-07-02
CASE_991,202500004,Under Investigation,"[""FIR_991""]","The complainant received a call from an unknown person claiming to be a bank official, who obtained OTP details and transferred Rs 183,000 from the complainant's account.",Online Fraud,2025-06-08
CASE_992,202400003,Referred to Another PS,"[""FIR_992""]","Unknown persons broke into the complainant's premises at Ring Road at night and decamped with valuables worth Rs 257,000.",Burglary,2024-12-25
CASE_993,202500004,Compromised,"[""FIR_993""]",The complainant reported an incident related to crimes against children occurring near Old Town. Investigation is underway to ascertain further facts.,Child Labour,2025-02-25
CASE_994,202400010,Under Investigation,"[""FIR_994""]","A group of armed persons robbed the complainant's shop at New Extension, decamping with cash and goods worth Rs 316,000.",Dacoity,2024-03-25
CASE_995,202500003,Charge Sheeted,"[""FIR_995""]",The complainant reported an incident related to crimes against scs/sts occurring near College Road. Investigation is underway to ascertain further facts.,Caste Abuse,2025-03-27
CASE_996,202400006,Closed (Undetected),"[""FIR_996""]","Unknown persons broke into the complainant's premises at Railway Station Road at night and decamped with valuables worth Rs 17,000.",Burglary,2024-10-28
CASE_997,202400003,Closed (Undetected),"[""FIR_997""]",The complainant reported that property documents related to land at Old Town were forged by the accused.,Forged Documents,2024-06-11
CASE_998,202600002,Abated,"[""FIR_998""]",The accused attacked Ramesh with a knife near Bus Stand Road following a quarrel over land boundary issues. The victim was rushed to hospital with grievous injuries.,Attempt to Murder,2026-03-13
CASE_999,202500002,Under Investigation,"[""FIR_999""]",The complainant stated that the accused has been following and contacting her repeatedly near College Road despite objection.,Stalking,2025-01-01
CASE_1000,202500002,Charge Sheeted,"[""FIR_1000""]",The victim Deepa died under suspicious circumstances at her matrimonial home. The complainant alleges harassment for dowry by a known acquaintance.,Dowry Death,2025-06-13
