id,source,target,type,description
REL_ACC_1,PERSON_ACCUSED_1,FIR_1,ACCUSED_IN,Accused in FIR 1
REL_ACC_2,PERSON_ACCUSED_2,FIR_2,ACCUSED_IN,Accused in FIR 2
REL_ACC_3,PERSON_ACCUSED_3,FIR_3,ACCUSED_IN,Accused in FIR 3
REL_ACC_4,PERSON_ACCUSED_4,FIR_3,ACCUSED_IN,Accused in FIR 3
REL_ACC_5,PERSON_ACCUSED_5,FIR_3,ACCUSED_IN,Accused in FIR 3
REL_ACC_6,PERSON_ACCUSED_6,FIR_4,ACCUSED_IN,Accused in FIR 4
REL_ACC_7,PERSON_ACCUSED_7,FIR_5,ACCUSED_IN,Accused in FIR 5
REL_ACC_8,PERSON_ACCUSED_8,FIR_5,ACCUSED_IN,Accused in FIR 5
REL_ACC_9,PERSON_ACCUSED_9,FIR_6,ACCUSED_IN,Accused in FIR 6
REL_ACC_10,PERSON_ACCUSED_10,FIR_6,ACCUSED_IN,Accused in FIR 6
REL_ACC_11,PERSON_ACCUSED_11,FIR_7,ACCUSED_IN,Accused in FIR 7
REL_ACC_12,PERSON_ACCUSED_12,FIR_8,ACCUSED_IN,Accused in FIR 8
REL_ACC_13,PERSON_ACCUSED_13,FIR_8,ACCUSED_IN,Accused in FIR 8
REL_ACC_14,PERSON_ACCUSED_14,FIR_9,ACCUSED_IN,Accused in FIR 9
REL_ACC_15,PERSON_ACCUSED_15,FIR_10,ACCUSED_IN,Accused in FIR 10
REL_ACC_16,PERSON_ACCUSED_16,FIR_11,ACCUSED_IN,Accused in FIR 11
REL_ACC_17,PERSON_ACCUSED_17,FIR_11,ACCUSED_IN,Accused in FIR 11
REL_ACC_18,PERSON_ACCUSED_18,FIR_12,ACCUSED_IN,Accused in FIR 12
REL_ACC_19,PERSON_ACCUSED_19,FIR_12,ACCUSED_IN,Accused in FIR 12
REL_ACC_20,PERSON_ACCUSED_20,FIR_13,ACCUSED_IN,Accused in FIR 13
REL_ACC_21,PERSON_ACCUSED_21,FIR_14,ACCUSED_IN,Accused in FIR 14
REL_ACC_22,PERSON_ACCUSED_22,FIR_15,ACCUSED_IN,Accused in FIR 15
REL_ACC_23,PERSON_ACCUSED_23,FIR_15,ACCUSED_IN,Accused in FIR 15
REL_ACC_24,PERSON_ACCUSED_24,FIR_16,ACCUSED_IN,Accused in FIR 16
REL_ACC_25,PERSON_ACCUSED_25,FIR_16,ACCUSED_IN,Accused in FIR 16
REL_ACC_26,PERSON_ACCUSED_26,FIR_16,ACCUSED_IN,Accused in FIR 16
REL_ACC_27,PERSON_ACCUSED_27,FIR_17,ACCUSED_IN,Accused in FIR 17
REL_ACC_28,PERSON_ACCUSED_28,FIR_17,ACCUSED_IN,Accused in FIR 17
REL_ACC_29,PERSON_ACCUSED_29,FIR_18,ACCUSED_IN,Accused in FIR 18
REL_ACC_30,PERSON_ACCUSED_30,FIR_18,ACCUSED_IN,Accused in FIR 18
REL_ACC_31,PERSON_ACCUSED_31,FIR_19,ACCUSED_IN,Accused in FIR 19
REL_ACC_32,PERSON_ACCUSED_32,FIR_20,ACCUSED_IN,Accused in FIR 20
REL_ACC_33,PERSON_ACCUSED_33,FIR_21,ACCUSED_IN,Accused in FIR 21
REL_ACC_34,PERSON_ACCUSED_34,FIR_22,ACCUSED_IN,Accused in FIR 22
REL_ACC_35,PERSON_ACCUSED_35,FIR_23,ACCUSED_IN,Accused in FIR 23
REL_ACC_36,PERSON_ACCUSED_36,FIR_24,ACCUSED_IN,Accused in FIR 24
REL_ACC_37,PERSON_ACCUSED_37,FIR_25,ACCUSED_IN,Accused in FIR 25
REL_ACC_38,PERSON_ACCUSED_38,FIR_25,ACCUSED_IN,Accused in FIR 25
REL_ACC_39,PERSON_ACCUSED_39,FIR_26,ACCUSED_IN,Accused in FIR 26
REL_ACC_40,PERSON_ACCUSED_40,FIR_27,ACCUSED_IN,Accused in FIR 27
REL_ACC_41,PERSON_ACCUSED_41,FIR_28,ACCUSED_IN,Accused in FIR 28
REL_ACC_42,PERSON_ACCUSED_42,FIR_29,ACCUSED_IN,Accused in FIR 29
REL_ACC_43,PERSON_ACCUSED_43,FIR_30,ACCUSED_IN,Accused in FIR 30
REL_ACC_44,PERSON_ACCUSED_44,FIR_31,ACCUSED_IN,Accused in FIR 31
REL_ACC_45,PERSON_ACCUSED_45,FIR_32,ACCUSED_IN,Accused in FIR 32
REL_ACC_46,PERSON_ACCUSED_46,FIR_33,ACCUSED_IN,Accused in FIR 33
REL_ACC_47,PERSON_ACCUSED_47,FIR_33,ACCUSED_IN,Accused in FIR 33
REL_ACC_48,PERSON_ACCUSED_48,FIR_33,ACCUSED_IN,Accused in FIR 33
REL_ACC_49,PERSON_ACCUSED_49,FIR_34,ACCUSED_IN,Accused in FIR 34
REL_ACC_50,PERSON_ACCUSED_50,FIR_34,ACCUSED_IN,Accused in FIR 34
REL_ACC_51,PERSON_ACCUSED_51,FIR_34,ACCUSED_IN,Accused in FIR 34
REL_ACC_52,PERSON_ACCUSED_52,FIR_34,ACCUSED_IN,Accused in FIR 34
REL_ACC_53,PERSON_ACCUSED_53,FIR_34,ACCUSED_IN,Accused in FIR 34
REL_ACC_54,PERSON_ACCUSED_54,FIR_34,ACCUSED_IN,Accused in FIR 34
REL_ACC_55,PERSON_ACCUSED_55,FIR_34,ACCUSED_IN,Accused in FIR 34
REL_ACC_56,PERSON_ACCUSED_56,FIR_34,ACCUSED_IN,Accused in FIR 34
REL_ACC_57,PERSON_ACCUSED_57,FIR_35,ACCUSED_IN,Accused in FIR 35
REL_ACC_58,PERSON_ACCUSED_58,FIR_36,ACCUSED_IN,Accused in FIR 36
REL_ACC_59,PERSON_ACCUSED_59,FIR_37,ACCUSED_IN,Accused in FIR 37
REL_ACC_60,PERSON_ACCUSED_60,FIR_37,ACCUSED_IN,Accused in FIR 37
REL_ACC_61,PERSON_ACCUSED_61,FIR_38,ACCUSED_IN,Accused in FIR 38
REL_ACC_62,PERSON_ACCUSED_62,FIR_38,ACCUSED_IN,Accused in FIR 38
REL_ACC_63,PERSON_ACCUSED_63,FIR_39,ACCUSED_IN,Accused in FIR 39
REL_ACC_64,PERSON_ACCUSED_64,FIR_39,ACCUSED_IN,Accused in FIR 39
REL_ACC_65,PERSON_ACCUSED_65,FIR_40,ACCUSED_IN,Accused in FIR 40
REL_ACC_66,PERSON_ACCUSED_66,FIR_40,ACCUSED_IN,Accused in FIR 40
REL_ACC_67,PERSON_ACCUSED_67,FIR_41,ACCUSED_IN,Accused in FIR 41
REL_ACC_68,PERSON_ACCUSED_68,FIR_41,ACCUSED_IN,Accused in FIR 41
REL_ACC_69,PERSON_ACCUSED_69,FIR_42,ACCUSED_IN,Accused in FIR 42
REL_ACC_70,PERSON_ACCUSED_70,FIR_42,ACCUSED_IN,Accused in FIR 42
REL_ACC_71,PERSON_ACCUSED_71,FIR_42,ACCUSED_IN,Accused in FIR 42
REL_ACC_72,PERSON_ACCUSED_72,FIR_43,ACCUSED_IN,Accused in FIR 43
REL_ACC_73,PERSON_ACCUSED_73,FIR_44,ACCUSED_IN,Accused in FIR 44
REL_ACC_74,PERSON_ACCUSED_74,FIR_45,ACCUSED_IN,Accused in FIR 45
REL_ACC_75,PERSON_ACCUSED_75,FIR_45,ACCUSED_IN,Accused in FIR 45
REL_ACC_76,PERSON_ACCUSED_76,FIR_46,ACCUSED_IN,Accused in FIR 46
REL_ACC_77,PERSON_ACCUSED_77,FIR_46,ACCUSED_IN,Accused in FIR 46
REL_ACC_78,PERSON_ACCUSED_78,FIR_46,ACCUSED_IN,Accused in FIR 46
REL_ACC_79,PERSON_ACCUSED_79,FIR_47,ACCUSED_IN,Accused in FIR 47
REL_ACC_80,PERSON_ACCUSED_80,FIR_48,ACCUSED_IN,Accused in FIR 48
REL_ACC_81,PERSON_ACCUSED_81,FIR_48,ACCUSED_IN,Accused in FIR 48
REL_ACC_82,PERSON_ACCUSED_82,FIR_49,ACCUSED_IN,Accused in FIR 49
REL_ACC_83,PERSON_ACCUSED_83,FIR_50,ACCUSED_IN,Accused in FIR 50
REL_ACC_84,PERSON_ACCUSED_84,FIR_50,ACCUSED_IN,Accused in FIR 50
REL_ACC_85,PERSON_ACCUSED_85,FIR_51,ACCUSED_IN,Accused in FIR 51
REL_ACC_86,PERSON_ACCUSED_86,FIR_51,ACCUSED_IN,Accused in FIR 51
REL_ACC_87,PERSON_ACCUSED_87,FIR_52,ACCUSED_IN,Accused in FIR 52
REL_ACC_88,PERSON_ACCUSED_88,FIR_52,ACCUSED_IN,Accused in FIR 52
REL_ACC_89,PERSON_ACCUSED_89,FIR_53,ACCUSED_IN,Accused in FIR 53
REL_ACC_90,PERSON_ACCUSED_90,FIR_54,ACCUSED_IN,Accused in FIR 54
REL_ACC_91,PERSON_ACCUSED_91,FIR_55,ACCUSED_IN,Accused in FIR 55
REL_ACC_92,PERSON_ACCUSED_92,FIR_56,ACCUSED_IN,Accused in FIR 56
REL_ACC_93,PERSON_ACCUSED_93,FIR_56,ACCUSED_IN,Accused in FIR 56
REL_ACC_94,PERSON_ACCUSED_94,FIR_57,ACCUSED_IN,Accused in FIR 57
REL_ACC_95,PERSON_ACCUSED_95,FIR_58,ACCUSED_IN,Accused in FIR 58
REL_ACC_96,PERSON_ACCUSED_96,FIR_59,ACCUSED_IN,Accused in FIR 59
REL_ACC_97,PERSON_ACCUSED_97,FIR_60,ACCUSED_IN,Accused in FIR 60
REL_ACC_98,PERSON_ACCUSED_98,FIR_61,ACCUSED_IN,Accused in FIR 61
REL_ACC_99,PERSON_ACCUSED_99,FIR_62,ACCUSED_IN,Accused in FIR 62
REL_ACC_100,PERSON_ACCUSED_100,FIR_63,ACCUSED_IN,Accused in FIR 63
REL_ACC_101,PERSON_ACCUSED_101,FIR_64,ACCUSED_IN,Accused in FIR 64
REL_ACC_102,PERSON_ACCUSED_102,FIR_65,ACCUSED_IN,Accused in FIR 65
REL_ACC_103,PERSON_ACCUSED_103,FIR_66,ACCUSED_IN,Accused in FIR 66
REL_ACC_104,PERSON_ACCUSED_104,FIR_67,ACCUSED_IN,Accused in FIR 67
REL_ACC_105,PERSON_ACCUSED_105,FIR_67,ACCUSED_IN,Accused in FIR 67
REL_ACC_106,PERSON_ACCUSED_106,FIR_67,ACCUSED_IN,Accused in FIR 67
REL_ACC_107,PERSON_ACCUSED_107,FIR_68,ACCUSED_IN,Accused in FIR 68
REL_ACC_108,PERSON_ACCUSED_108,FIR_68,ACCUSED_IN,Accused in FIR 68
REL_ACC_109,PERSON_ACCUSED_109,FIR_68,ACCUSED_IN,Accused in FIR 68
REL_ACC_110,PERSON_ACCUSED_110,FIR_69,ACCUSED_IN,Accused in FIR 69
REL_ACC_111,PERSON_ACCUSED_111,FIR_69,ACCUSED_IN,Accused in FIR 69
REL_ACC_112,PERSON_ACCUSED_112,FIR_70,ACCUSED_IN,Accused in FIR 70
REL_ACC_113,PERSON_ACCUSED_113,FIR_71,ACCUSED_IN,Accused in FIR 71
REL_ACC_114,PERSON_ACCUSED_114,FIR_71,ACCUSED_IN,Accused in FIR 71
REL_ACC_115,PERSON_ACCUSED_115,FIR_71,ACCUSED_IN,Accused in FIR 71
REL_ACC_116,PERSON_ACCUSED_116,FIR_72,ACCUSED_IN,Accused in FIR 72
REL_ACC_117,PERSON_ACCUSED_65,FIR_73,ACCUSED_IN,Accused in FIR 73
REL_ACC_118,PERSON_ACCUSED_118,FIR_73,ACCUSED_IN,Accused in FIR 73
REL_ACC_119,PERSON_ACCUSED_119,FIR_74,ACCUSED_IN,Accused in FIR 74
REL_ACC_120,PERSON_ACCUSED_120,FIR_75,ACCUSED_IN,Accused in FIR 75
REL_ACC_121,PERSON_ACCUSED_121,FIR_76,ACCUSED_IN,Accused in FIR 76
REL_ACC_122,PERSON_ACCUSED_122,FIR_76,ACCUSED_IN,Accused in FIR 76
REL_ACC_123,PERSON_ACCUSED_123,FIR_76,ACCUSED_IN,Accused in FIR 76
REL_ACC_124,PERSON_ACCUSED_124,FIR_76,ACCUSED_IN,Accused in FIR 76
REL_ACC_125,PERSON_ACCUSED_125,FIR_77,ACCUSED_IN,Accused in FIR 77
REL_ACC_126,PERSON_ACCUSED_126,FIR_77,ACCUSED_IN,Accused in FIR 77
REL_ACC_127,PERSON_ACCUSED_127,FIR_77,ACCUSED_IN,Accused in FIR 77
REL_ACC_128,PERSON_ACCUSED_128,FIR_77,ACCUSED_IN,Accused in FIR 77
REL_ACC_129,PERSON_ACCUSED_129,FIR_78,ACCUSED_IN,Accused in FIR 78
REL_ACC_130,PERSON_ACCUSED_130,FIR_78,ACCUSED_IN,Accused in FIR 78
REL_ACC_131,PERSON_ACCUSED_131,FIR_79,ACCUSED_IN,Accused in FIR 79
REL_ACC_132,PERSON_ACCUSED_132,FIR_80,ACCUSED_IN,Accused in FIR 80
REL_ACC_133,PERSON_ACCUSED_133,FIR_80,ACCUSED_IN,Accused in FIR 80
REL_ACC_134,PERSON_ACCUSED_134,FIR_81,ACCUSED_IN,Accused in FIR 81
REL_ACC_135,PERSON_ACCUSED_135,FIR_82,ACCUSED_IN,Accused in FIR 82
REL_ACC_136,PERSON_ACCUSED_136,FIR_82,ACCUSED_IN,Accused in FIR 82
REL_ACC_137,PERSON_ACCUSED_137,FIR_83,ACCUSED_IN,Accused in FIR 83
REL_ACC_138,PERSON_ACCUSED_138,FIR_84,ACCUSED_IN,Accused in FIR 84
REL_ACC_139,PERSON_ACCUSED_139,FIR_84,ACCUSED_IN,Accused in FIR 84
REL_ACC_140,PERSON_ACCUSED_140,FIR_84,ACCUSED_IN,Accused in FIR 84
REL_ACC_141,PERSON_ACCUSED_141,FIR_85,ACCUSED_IN,Accused in FIR 85
REL_ACC_142,PERSON_ACCUSED_142,FIR_85,ACCUSED_IN,Accused in FIR 85
REL_ACC_143,PERSON_ACCUSED_143,FIR_86,ACCUSED_IN,Accused in FIR 86
REL_ACC_144,PERSON_ACCUSED_144,FIR_86,ACCUSED_IN,Accused in FIR 86
REL_ACC_145,PERSON_ACCUSED_145,FIR_86,ACCUSED_IN,Accused in FIR 86
REL_ACC_146,PERSON_ACCUSED_146,FIR_87,ACCUSED_IN,Accused in FIR 87
REL_ACC_147,PERSON_ACCUSED_147,FIR_88,ACCUSED_IN,Accused in FIR 88
REL_ACC_148,PERSON_ACCUSED_148,FIR_89,ACCUSED_IN,Accused in FIR 89
REL_ACC_149,PERSON_ACCUSED_149,FIR_90,ACCUSED_IN,Accused in FIR 90
REL_ACC_150,PERSON_ACCUSED_150,FIR_91,ACCUSED_IN,Accused in FIR 91
REL_ACC_151,PERSON_ACCUSED_151,FIR_91,ACCUSED_IN,Accused in FIR 91
REL_ACC_152,PERSON_ACCUSED_152,FIR_91,ACCUSED_IN,Accused in FIR 91
REL_ACC_153,PERSON_ACCUSED_153,FIR_91,ACCUSED_IN,Accused in FIR 91
REL_ACC_154,PERSON_ACCUSED_154,FIR_91,ACCUSED_IN,Accused in FIR 91
REL_ACC_155,PERSON_ACCUSED_155,FIR_91,ACCUSED_IN,Accused in FIR 91
REL_ACC_156,PERSON_ACCUSED_156,FIR_91,ACCUSED_IN,Accused in FIR 91
REL_ACC_157,PERSON_ACCUSED_157,FIR_91,ACCUSED_IN,Accused in FIR 91
REL_ACC_158,PERSON_ACCUSED_158,FIR_92,ACCUSED_IN,Accused in FIR 92
REL_ACC_159,PERSON_ACCUSED_159,FIR_92,ACCUSED_IN,Accused in FIR 92
REL_ACC_160,PERSON_ACCUSED_160,FIR_92,ACCUSED_IN,Accused in FIR 92
REL_ACC_161,PERSON_ACCUSED_161,FIR_93,ACCUSED_IN,Accused in FIR 93
REL_ACC_162,PERSON_ACCUSED_162,FIR_94,ACCUSED_IN,Accused in FIR 94
REL_ACC_163,PERSON_ACCUSED_163,FIR_94,ACCUSED_IN,Accused in FIR 94
REL_ACC_164,PERSON_ACCUSED_164,FIR_95,ACCUSED_IN,Accused in FIR 95
REL_ACC_165,PERSON_ACCUSED_165,FIR_96,ACCUSED_IN,Accused in FIR 96
REL_ACC_166,PERSON_ACCUSED_166,FIR_96,ACCUSED_IN,Accused in FIR 96
REL_ACC_167,PERSON_ACCUSED_167,FIR_96,ACCUSED_IN,Accused in FIR 96
REL_ACC_168,PERSON_ACCUSED_168,FIR_96,ACCUSED_IN,Accused in FIR 96
REL_ACC_169,PERSON_ACCUSED_169,FIR_97,ACCUSED_IN,Accused in FIR 97
REL_ACC_170,PERSON_ACCUSED_170,FIR_97,ACCUSED_IN,Accused in FIR 97
REL_ACC_171,PERSON_ACCUSED_171,FIR_98,ACCUSED_IN,Accused in FIR 98
REL_ACC_172,PERSON_ACCUSED_172,FIR_99,ACCUSED_IN,Accused in FIR 99
REL_ACC_173,PERSON_ACCUSED_173,FIR_100,ACCUSED_IN,Accused in FIR 100
REL_ACC_174,PERSON_ACCUSED_174,FIR_100,ACCUSED_IN,Accused in FIR 100
REL_ACC_175,PERSON_ACCUSED_175,FIR_101,ACCUSED_IN,Accused in FIR 101
REL_ACC_176,PERSON_ACCUSED_176,FIR_102,ACCUSED_IN,Accused in FIR 102
REL_ACC_177,PERSON_ACCUSED_177,FIR_103,ACCUSED_IN,Accused in FIR 103
REL_ACC_178,PERSON_ACCUSED_178,FIR_104,ACCUSED_IN,Accused in FIR 104
REL_ACC_179,PERSON_ACCUSED_179,FIR_104,ACCUSED_IN,Accused in FIR 104
REL_ACC_180,PERSON_ACCUSED_180,FIR_104,ACCUSED_IN,Accused in FIR 104
REL_ACC_181,PERSON_ACCUSED_181,FIR_104,ACCUSED_IN,Accused in FIR 104
REL_ACC_182,PERSON_ACCUSED_182,FIR_105,ACCUSED_IN,Accused in FIR 105
REL_ACC_183,PERSON_ACCUSED_183,FIR_105,ACCUSED_IN,Accused in FIR 105
REL_ACC_184,PERSON_ACCUSED_184,FIR_105,ACCUSED_IN,Accused in FIR 105
REL_ACC_185,PERSON_ACCUSED_185,FIR_105,ACCUSED_IN,Accused in FIR 105
REL_ACC_186,PERSON_ACCUSED_186,FIR_106,ACCUSED_IN,Accused in FIR 106
REL_ACC_187,PERSON_ACCUSED_187,FIR_107,ACCUSED_IN,Accused in FIR 107
REL_ACC_188,PERSON_ACCUSED_188,FIR_108,ACCUSED_IN,Accused in FIR 108
REL_ACC_189,PERSON_ACCUSED_189,FIR_109,ACCUSED_IN,Accused in FIR 109
REL_ACC_190,PERSON_ACCUSED_190,FIR_109,ACCUSED_IN,Accused in FIR 109
REL_ACC_191,PERSON_ACCUSED_191,FIR_109,ACCUSED_IN,Accused in FIR 109
REL_ACC_192,PERSON_ACCUSED_192,FIR_109,ACCUSED_IN,Accused in FIR 109
REL_ACC_193,PERSON_ACCUSED_193,FIR_109,ACCUSED_IN,Accused in FIR 109
REL_ACC_194,PERSON_ACCUSED_194,FIR_109,ACCUSED_IN,Accused in FIR 109
REL_ACC_195,PERSON_ACCUSED_195,FIR_110,ACCUSED_IN,Accused in FIR 110
REL_ACC_196,PERSON_ACCUSED_196,FIR_111,ACCUSED_IN,Accused in FIR 111
REL_ACC_197,PERSON_ACCUSED_197,FIR_111,ACCUSED_IN,Accused in FIR 111
REL_ACC_198,PERSON_ACCUSED_198,FIR_112,ACCUSED_IN,Accused in FIR 112
REL_ACC_199,PERSON_ACCUSED_199,FIR_113,ACCUSED_IN,Accused in FIR 113
REL_ACC_200,PERSON_ACCUSED_200,FIR_114,ACCUSED_IN,Accused in FIR 114
REL_ACC_201,PERSON_ACCUSED_201,FIR_114,ACCUSED_IN,Accused in FIR 114
REL_ACC_202,PERSON_ACCUSED_202,FIR_114,ACCUSED_IN,Accused in FIR 114
REL_ACC_203,PERSON_ACCUSED_203,FIR_115,ACCUSED_IN,Accused in FIR 115
REL_ACC_204,PERSON_ACCUSED_204,FIR_115,ACCUSED_IN,Accused in FIR 115
REL_ACC_205,PERSON_ACCUSED_205,FIR_115,ACCUSED_IN,Accused in FIR 115
REL_ACC_206,PERSON_ACCUSED_206,FIR_115,ACCUSED_IN,Accused in FIR 115
REL_ACC_207,PERSON_ACCUSED_207,FIR_115,ACCUSED_IN,Accused in FIR 115
REL_ACC_208,PERSON_ACCUSED_208,FIR_115,ACCUSED_IN,Accused in FIR 115
REL_ACC_209,PERSON_ACCUSED_209,FIR_116,ACCUSED_IN,Accused in FIR 116
REL_ACC_210,PERSON_ACCUSED_210,FIR_116,ACCUSED_IN,Accused in FIR 116
REL_ACC_211,PERSON_ACCUSED_211,FIR_116,ACCUSED_IN,Accused in FIR 116
REL_ACC_212,PERSON_ACCUSED_212,FIR_117,ACCUSED_IN,Accused in FIR 117
REL_ACC_213,PERSON_ACCUSED_213,FIR_117,ACCUSED_IN,Accused in FIR 117
REL_ACC_214,PERSON_ACCUSED_214,FIR_117,ACCUSED_IN,Accused in FIR 117
REL_ACC_215,PERSON_ACCUSED_215,FIR_118,ACCUSED_IN,Accused in FIR 118
REL_ACC_216,PERSON_ACCUSED_216,FIR_119,ACCUSED_IN,Accused in FIR 119
REL_ACC_217,PERSON_ACCUSED_217,FIR_120,ACCUSED_IN,Accused in FIR 120
REL_ACC_218,PERSON_ACCUSED_218,FIR_120,ACCUSED_IN,Accused in FIR 120
REL_ACC_219,PERSON_ACCUSED_219,FIR_120,ACCUSED_IN,Accused in FIR 120
REL_ACC_220,PERSON_ACCUSED_220,FIR_120,ACCUSED_IN,Accused in FIR 120
REL_ACC_221,PERSON_ACCUSED_221,FIR_120,ACCUSED_IN,Accused in FIR 120
REL_ACC_222,PERSON_ACCUSED_222,FIR_121,ACCUSED_IN,Accused in FIR 121
REL_ACC_223,PERSON_ACCUSED_223,FIR_121,ACCUSED_IN,Accused in FIR 121
REL_ACC_224,PERSON_ACCUSED_224,FIR_121,ACCUSED_IN,Accused in FIR 121
REL_ACC_225,PERSON_ACCUSED_225,FIR_122,ACCUSED_IN,Accused in FIR 122
REL_ACC_226,PERSON_ACCUSED_226,FIR_122,ACCUSED_IN,Accused in FIR 122
REL_ACC_227,PERSON_ACCUSED_227,FIR_123,ACCUSED_IN,Accused in FIR 123
REL_ACC_228,PERSON_ACCUSED_228,FIR_124,ACCUSED_IN,Accused in FIR 124
REL_ACC_229,PERSON_ACCUSED_229,FIR_124,ACCUSED_IN,Accused in FIR 124
REL_ACC_230,PERSON_ACCUSED_230,FIR_124,ACCUSED_IN,Accused in FIR 124
REL_ACC_231,PERSON_ACCUSED_231,FIR_125,ACCUSED_IN,Accused in FIR 125
REL_ACC_232,PERSON_ACCUSED_232,FIR_126,ACCUSED_IN,Accused in FIR 126
REL_ACC_233,PERSON_ACCUSED_233,FIR_127,ACCUSED_IN,Accused in FIR 127
REL_ACC_234,PERSON_ACCUSED_234,FIR_128,ACCUSED_IN,Accused in FIR 128
REL_ACC_235,PERSON_ACCUSED_235,FIR_129,ACCUSED_IN,Accused in FIR 129
REL_ACC_236,PERSON_ACCUSED_236,FIR_130,ACCUSED_IN,Accused in FIR 130
REL_ACC_237,PERSON_ACCUSED_237,FIR_130,ACCUSED_IN,Accused in FIR 130
REL_ACC_238,PERSON_ACCUSED_238,FIR_130,ACCUSED_IN,Accused in FIR 130
REL_ACC_239,PERSON_ACCUSED_239,FIR_130,ACCUSED_IN,Accused in FIR 130
REL_ACC_240,PERSON_ACCUSED_240,FIR_130,ACCUSED_IN,Accused in FIR 130
REL_ACC_241,PERSON_ACCUSED_241,FIR_131,ACCUSED_IN,Accused in FIR 131
REL_ACC_242,PERSON_ACCUSED_242,FIR_132,ACCUSED_IN,Accused in FIR 132
REL_ACC_243,PERSON_ACCUSED_243,FIR_133,ACCUSED_IN,Accused in FIR 133
REL_ACC_244,PERSON_ACCUSED_244,FIR_133,ACCUSED_IN,Accused in FIR 133
REL_ACC_245,PERSON_ACCUSED_245,FIR_134,ACCUSED_IN,Accused in FIR 134
REL_ACC_246,PERSON_ACCUSED_246,FIR_134,ACCUSED_IN,Accused in FIR 134
REL_ACC_247,PERSON_ACCUSED_247,FIR_135,ACCUSED_IN,Accused in FIR 135
REL_ACC_248,PERSON_ACCUSED_248,FIR_135,ACCUSED_IN,Accused in FIR 135
REL_ACC_249,PERSON_ACCUSED_249,FIR_135,ACCUSED_IN,Accused in FIR 135
REL_ACC_250,PERSON_ACCUSED_250,FIR_136,ACCUSED_IN,Accused in FIR 136
REL_ACC_251,PERSON_ACCUSED_251,FIR_137,ACCUSED_IN,Accused in FIR 137
REL_ACC_252,PERSON_ACCUSED_252,FIR_138,ACCUSED_IN,Accused in FIR 138
REL_ACC_253,PERSON_ACCUSED_253,FIR_138,ACCUSED_IN,Accused in FIR 138
REL_ACC_254,PERSON_ACCUSED_254,FIR_139,ACCUSED_IN,Accused in FIR 139
REL_ACC_255,PERSON_ACCUSED_255,FIR_139,ACCUSED_IN,Accused in FIR 139
REL_ACC_256,PERSON_ACCUSED_256,FIR_139,ACCUSED_IN,Accused in FIR 139
REL_ACC_257,PERSON_ACCUSED_257,FIR_140,ACCUSED_IN,Accused in FIR 140
REL_ACC_258,PERSON_ACCUSED_258,FIR_141,ACCUSED_IN,Accused in FIR 141
REL_ACC_259,PERSON_ACCUSED_259,FIR_141,ACCUSED_IN,Accused in FIR 141
REL_ACC_260,PERSON_ACCUSED_260,FIR_142,ACCUSED_IN,Accused in FIR 142
REL_ACC_261,PERSON_ACCUSED_261,FIR_143,ACCUSED_IN,Accused in FIR 143
REL_ACC_262,PERSON_ACCUSED_262,FIR_143,ACCUSED_IN,Accused in FIR 143
REL_ACC_263,PERSON_ACCUSED_263,FIR_144,ACCUSED_IN,Accused in FIR 144
REL_ACC_264,PERSON_ACCUSED_264,FIR_145,ACCUSED_IN,Accused in FIR 145
REL_ACC_265,PERSON_ACCUSED_265,FIR_145,ACCUSED_IN,Accused in FIR 145
REL_ACC_266,PERSON_ACCUSED_266,FIR_146,ACCUSED_IN,Accused in FIR 146
REL_ACC_267,PERSON_ACCUSED_267,FIR_146,ACCUSED_IN,Accused in FIR 146
REL_ACC_268,PERSON_ACCUSED_268,FIR_147,ACCUSED_IN,Accused in FIR 147
REL_ACC_269,PERSON_ACCUSED_269,FIR_147,ACCUSED_IN,Accused in FIR 147
REL_ACC_270,PERSON_ACCUSED_270,FIR_148,ACCUSED_IN,Accused in FIR 148
REL_ACC_271,PERSON_ACCUSED_271,FIR_149,ACCUSED_IN,Accused in FIR 149
REL_ACC_272,PERSON_ACCUSED_162,FIR_150,ACCUSED_IN,Accused in FIR 150
REL_ACC_273,PERSON_ACCUSED_273,FIR_150,ACCUSED_IN,Accused in FIR 150
REL_ACC_274,PERSON_ACCUSED_274,FIR_151,ACCUSED_IN,Accused in FIR 151
REL_ACC_275,PERSON_ACCUSED_275,FIR_151,ACCUSED_IN,Accused in FIR 151
REL_ACC_276,PERSON_ACCUSED_276,FIR_152,ACCUSED_IN,Accused in FIR 152
REL_ACC_277,PERSON_ACCUSED_277,FIR_153,ACCUSED_IN,Accused in FIR 153
REL_ACC_278,PERSON_ACCUSED_278,FIR_153,ACCUSED_IN,Accused in FIR 153
REL_ACC_279,PERSON_ACCUSED_279,FIR_153,ACCUSED_IN,Accused in FIR 153
REL_ACC_280,PERSON_ACCUSED_280,FIR_154,ACCUSED_IN,Accused in FIR 154
REL_ACC_281,PERSON_ACCUSED_281,FIR_155,ACCUSED_IN,Accused in FIR 155
REL_ACC_282,PERSON_ACCUSED_282,FIR_156,ACCUSED_IN,Accused in FIR 156
REL_ACC_283,PERSON_ACCUSED_283,FIR_157,ACCUSED_IN,Accused in FIR 157
REL_ACC_284,PERSON_ACCUSED_284,FIR_158,ACCUSED_IN,Accused in FIR 158
REL_ACC_285,PERSON_ACCUSED_285,FIR_158,ACCUSED_IN,Accused in FIR 158
REL_ACC_286,PERSON_ACCUSED_286,FIR_159,ACCUSED_IN,Accused in FIR 159
REL_ACC_287,PERSON_ACCUSED_22,FIR_160,ACCUSED_IN,Accused in FIR 160
REL_ACC_288,PERSON_ACCUSED_288,FIR_160,ACCUSED_IN,Accused in FIR 160
REL_ACC_289,PERSON_ACCUSED_289,FIR_161,ACCUSED_IN,Accused in FIR 161
REL_ACC_290,PERSON_ACCUSED_290,FIR_162,ACCUSED_IN,Accused in FIR 162
REL_ACC_291,PERSON_ACCUSED_291,FIR_163,ACCUSED_IN,Accused in FIR 163
REL_ACC_292,PERSON_ACCUSED_292,FIR_164,ACCUSED_IN,Accused in FIR 164
REL_ACC_293,PERSON_ACCUSED_293,FIR_164,ACCUSED_IN,Accused in FIR 164
REL_ACC_294,PERSON_ACCUSED_294,FIR_165,ACCUSED_IN,Accused in FIR 165
REL_ACC_295,PERSON_ACCUSED_295,FIR_165,ACCUSED_IN,Accused in FIR 165
REL_ACC_296,PERSON_ACCUSED_296,FIR_166,ACCUSED_IN,Accused in FIR 166
REL_ACC_297,PERSON_ACCUSED_297,FIR_166,ACCUSED_IN,Accused in FIR 166
REL_ACC_298,PERSON_ACCUSED_298,FIR_167,ACCUSED_IN,Accused in FIR 167
REL_ACC_299,PERSON_ACCUSED_299,FIR_168,ACCUSED_IN,Accused in FIR 168
REL_ACC_300,PERSON_ACCUSED_300,FIR_168,ACCUSED_IN,Accused in FIR 168
REL_ACC_301,PERSON_ACCUSED_301,FIR_168,ACCUSED_IN,Accused in FIR 168
REL_ACC_302,PERSON_ACCUSED_302,FIR_168,ACCUSED_IN,Accused in FIR 168
REL_ACC_303,PERSON_ACCUSED_303,FIR_168,ACCUSED_IN,Accused in FIR 168
REL_ACC_304,PERSON_ACCUSED_304,FIR_168,ACCUSED_IN,Accused in FIR 168
REL_ACC_305,PERSON_ACCUSED_305,FIR_168,ACCUSED_IN,Accused in FIR 168
REL_ACC_306,PERSON_ACCUSED_306,FIR_168,ACCUSED_IN,Accused in FIR 168
REL_ACC_307,PERSON_ACCUSED_307,FIR_169,ACCUSED_IN,Accused in FIR 169
REL_ACC_308,PERSON_ACCUSED_308,FIR_169,ACCUSED_IN,Accused in FIR 169
REL_ACC_309,PERSON_ACCUSED_309,FIR_169,ACCUSED_IN,Accused in FIR 169
REL_ACC_310,PERSON_ACCUSED_310,FIR_170,ACCUSED_IN,Accused in FIR 170
REL_ACC_311,PERSON_ACCUSED_311,FIR_170,ACCUSED_IN,Accused in FIR 170
REL_ACC_312,PERSON_ACCUSED_312,FIR_171,ACCUSED_IN,Accused in FIR 171
REL_ACC_313,PERSON_ACCUSED_313,FIR_171,ACCUSED_IN,Accused in FIR 171
REL_ACC_314,PERSON_ACCUSED_314,FIR_172,ACCUSED_IN,Accused in FIR 172
REL_ACC_315,PERSON_ACCUSED_315,FIR_173,ACCUSED_IN,Accused in FIR 173
REL_ACC_316,PERSON_ACCUSED_316,FIR_174,ACCUSED_IN,Accused in FIR 174
REL_ACC_317,PERSON_ACCUSED_317,FIR_174,ACCUSED_IN,Accused in FIR 174
REL_ACC_318,PERSON_ACCUSED_318,FIR_174,ACCUSED_IN,Accused in FIR 174
REL_ACC_319,PERSON_ACCUSED_319,FIR_174,ACCUSED_IN,Accused in FIR 174
REL_ACC_320,PERSON_ACCUSED_320,FIR_175,ACCUSED_IN,Accused in FIR 175
REL_ACC_321,PERSON_ACCUSED_321,FIR_175,ACCUSED_IN,Accused in FIR 175
REL_ACC_322,PERSON_ACCUSED_322,FIR_175,ACCUSED_IN,Accused in FIR 175
REL_ACC_323,PERSON_ACCUSED_323,FIR_176,ACCUSED_IN,Accused in FIR 176
REL_ACC_324,PERSON_ACCUSED_324,FIR_176,ACCUSED_IN,Accused in FIR 176
REL_ACC_325,PERSON_ACCUSED_325,FIR_176,ACCUSED_IN,Accused in FIR 176
REL_ACC_326,PERSON_ACCUSED_326,FIR_177,ACCUSED_IN,Accused in FIR 177
REL_ACC_327,PERSON_ACCUSED_327,FIR_177,ACCUSED_IN,Accused in FIR 177
REL_ACC_328,PERSON_ACCUSED_328,FIR_178,ACCUSED_IN,Accused in FIR 178
REL_ACC_329,PERSON_ACCUSED_329,FIR_179,ACCUSED_IN,Accused in FIR 179
REL_ACC_330,PERSON_ACCUSED_330,FIR_180,ACCUSED_IN,Accused in FIR 180
REL_ACC_331,PERSON_ACCUSED_331,FIR_181,ACCUSED_IN,Accused in FIR 181
REL_ACC_332,PERSON_ACCUSED_332,FIR_182,ACCUSED_IN,Accused in FIR 182
REL_ACC_333,PERSON_ACCUSED_333,FIR_183,ACCUSED_IN,Accused in FIR 183
REL_ACC_334,PERSON_ACCUSED_334,FIR_184,ACCUSED_IN,Accused in FIR 184
REL_ACC_335,PERSON_ACCUSED_335,FIR_185,ACCUSED_IN,Accused in FIR 185
REL_ACC_336,PERSON_ACCUSED_336,FIR_185,ACCUSED_IN,Accused in FIR 185
REL_ACC_337,PERSON_ACCUSED_337,FIR_185,ACCUSED_IN,Accused in FIR 185
REL_ACC_338,PERSON_ACCUSED_338,FIR_185,ACCUSED_IN,Accused in FIR 185
REL_ACC_339,PERSON_ACCUSED_339,FIR_185,ACCUSED_IN,Accused in FIR 185
REL_ACC_340,PERSON_ACCUSED_340,FIR_186,ACCUSED_IN,Accused in FIR 186
REL_ACC_341,PERSON_ACCUSED_341,FIR_186,ACCUSED_IN,Accused in FIR 186
REL_ACC_342,PERSON_ACCUSED_342,FIR_187,ACCUSED_IN,Accused in FIR 187
REL_ACC_343,PERSON_ACCUSED_343,FIR_187,ACCUSED_IN,Accused in FIR 187
REL_ACC_344,PERSON_ACCUSED_344,FIR_188,ACCUSED_IN,Accused in FIR 188
REL_ACC_345,PERSON_ACCUSED_345,FIR_189,ACCUSED_IN,Accused in FIR 189
REL_ACC_346,PERSON_ACCUSED_346,FIR_190,ACCUSED_IN,Accused in FIR 190
REL_ACC_347,PERSON_ACCUSED_347,FIR_191,ACCUSED_IN,Accused in FIR 191
REL_ACC_348,PERSON_ACCUSED_348,FIR_191,ACCUSED_IN,Accused in FIR 191
REL_ACC_349,PERSON_ACCUSED_349,FIR_191,ACCUSED_IN,Accused in FIR 191
REL_ACC_350,PERSON_ACCUSED_350,FIR_192,ACCUSED_IN,Accused in FIR 192
REL_ACC_351,PERSON_ACCUSED_351,FIR_192,ACCUSED_IN,Accused in FIR 192
REL_ACC_352,PERSON_ACCUSED_352,FIR_193,ACCUSED_IN,Accused in FIR 193
REL_ACC_353,PERSON_ACCUSED_353,FIR_194,ACCUSED_IN,Accused in FIR 194
REL_ACC_354,PERSON_ACCUSED_354,FIR_195,ACCUSED_IN,Accused in FIR 195
REL_ACC_355,PERSON_ACCUSED_355,FIR_195,ACCUSED_IN,Accused in FIR 195
REL_ACC_356,PERSON_ACCUSED_356,FIR_195,ACCUSED_IN,Accused in FIR 195
REL_ACC_357,PERSON_ACCUSED_357,FIR_196,ACCUSED_IN,Accused in FIR 196
REL_ACC_358,PERSON_ACCUSED_358,FIR_197,ACCUSED_IN,Accused in FIR 197
REL_ACC_359,PERSON_ACCUSED_359,FIR_197,ACCUSED_IN,Accused in FIR 197
REL_ACC_360,PERSON_ACCUSED_360,FIR_198,ACCUSED_IN,Accused in FIR 198
REL_ACC_361,PERSON_ACCUSED_361,FIR_198,ACCUSED_IN,Accused in FIR 198
REL_ACC_362,PERSON_ACCUSED_362,FIR_199,ACCUSED_IN,Accused in FIR 199
REL_ACC_363,PERSON_ACCUSED_363,FIR_199,ACCUSED_IN,Accused in FIR 199
REL_ACC_364,PERSON_ACCUSED_364,FIR_200,ACCUSED_IN,Accused in FIR 200
REL_ACC_365,PERSON_ACCUSED_365,FIR_200,ACCUSED_IN,Accused in FIR 200
REL_ACC_366,PERSON_ACCUSED_366,FIR_200,ACCUSED_IN,Accused in FIR 200
REL_ACC_367,PERSON_ACCUSED_367,FIR_201,ACCUSED_IN,Accused in FIR 201
REL_ACC_368,PERSON_ACCUSED_368,FIR_202,ACCUSED_IN,Accused in FIR 202
REL_ACC_369,PERSON_ACCUSED_369,FIR_203,ACCUSED_IN,Accused in FIR 203
REL_ACC_370,PERSON_ACCUSED_370,FIR_203,ACCUSED_IN,Accused in FIR 203
REL_ACC_371,PERSON_ACCUSED_371,FIR_204,ACCUSED_IN,Accused in FIR 204
REL_ACC_372,PERSON_ACCUSED_372,FIR_205,ACCUSED_IN,Accused in FIR 205
REL_ACC_373,PERSON_ACCUSED_373,FIR_205,ACCUSED_IN,Accused in FIR 205
REL_ACC_374,PERSON_ACCUSED_374,FIR_205,ACCUSED_IN,Accused in FIR 205
REL_ACC_375,PERSON_ACCUSED_375,FIR_205,ACCUSED_IN,Accused in FIR 205
REL_ACC_376,PERSON_ACCUSED_376,FIR_205,ACCUSED_IN,Accused in FIR 205
REL_ACC_377,PERSON_ACCUSED_377,FIR_205,ACCUSED_IN,Accused in FIR 205
REL_ACC_378,PERSON_ACCUSED_378,FIR_206,ACCUSED_IN,Accused in FIR 206
REL_ACC_379,PERSON_ACCUSED_379,FIR_206,ACCUSED_IN,Accused in FIR 206
REL_ACC_380,PERSON_ACCUSED_380,FIR_207,ACCUSED_IN,Accused in FIR 207
REL_ACC_381,PERSON_ACCUSED_381,FIR_207,ACCUSED_IN,Accused in FIR 207
REL_ACC_382,PERSON_ACCUSED_382,FIR_208,ACCUSED_IN,Accused in FIR 208
REL_ACC_383,PERSON_ACCUSED_383,FIR_208,ACCUSED_IN,Accused in FIR 208
REL_ACC_384,PERSON_ACCUSED_384,FIR_209,ACCUSED_IN,Accused in FIR 209
REL_ACC_385,PERSON_ACCUSED_385,FIR_209,ACCUSED_IN,Accused in FIR 209
REL_ACC_386,PERSON_ACCUSED_386,FIR_209,ACCUSED_IN,Accused in FIR 209
REL_ACC_387,PERSON_ACCUSED_387,FIR_210,ACCUSED_IN,Accused in FIR 210
REL_ACC_388,PERSON_ACCUSED_388,FIR_211,ACCUSED_IN,Accused in FIR 211
REL_ACC_389,PERSON_ACCUSED_389,FIR_211,ACCUSED_IN,Accused in FIR 211
REL_ACC_390,PERSON_ACCUSED_390,FIR_212,ACCUSED_IN,Accused in FIR 212
REL_ACC_391,PERSON_ACCUSED_391,FIR_213,ACCUSED_IN,Accused in FIR 213
REL_ACC_392,PERSON_ACCUSED_392,FIR_214,ACCUSED_IN,Accused in FIR 214
REL_ACC_393,PERSON_ACCUSED_393,FIR_215,ACCUSED_IN,Accused in FIR 215
REL_ACC_394,PERSON_ACCUSED_394,FIR_216,ACCUSED_IN,Accused in FIR 216
REL_ACC_395,PERSON_ACCUSED_395,FIR_217,ACCUSED_IN,Accused in FIR 217
REL_ACC_396,PERSON_ACCUSED_396,FIR_217,ACCUSED_IN,Accused in FIR 217
REL_ACC_397,PERSON_ACCUSED_397,FIR_218,ACCUSED_IN,Accused in FIR 218
REL_ACC_398,PERSON_ACCUSED_398,FIR_219,ACCUSED_IN,Accused in FIR 219
REL_ACC_399,PERSON_ACCUSED_399,FIR_220,ACCUSED_IN,Accused in FIR 220
REL_ACC_400,PERSON_ACCUSED_400,FIR_220,ACCUSED_IN,Accused in FIR 220
REL_ACC_401,PERSON_ACCUSED_401,FIR_221,ACCUSED_IN,Accused in FIR 221
REL_ACC_402,PERSON_ACCUSED_402,FIR_221,ACCUSED_IN,Accused in FIR 221
REL_ACC_403,PERSON_ACCUSED_403,FIR_222,ACCUSED_IN,Accused in FIR 222
REL_ACC_404,PERSON_ACCUSED_404,FIR_223,ACCUSED_IN,Accused in FIR 223
REL_ACC_405,PERSON_ACCUSED_65,FIR_223,ACCUSED_IN,Accused in FIR 223
REL_ACC_406,PERSON_ACCUSED_406,FIR_223,ACCUSED_IN,Accused in FIR 223
REL_ACC_407,PERSON_ACCUSED_407,FIR_224,ACCUSED_IN,Accused in FIR 224
REL_ACC_408,PERSON_ACCUSED_408,FIR_225,ACCUSED_IN,Accused in FIR 225
REL_ACC_409,PERSON_ACCUSED_409,FIR_226,ACCUSED_IN,Accused in FIR 226
REL_ACC_410,PERSON_ACCUSED_410,FIR_227,ACCUSED_IN,Accused in FIR 227
REL_ACC_411,PERSON_ACCUSED_411,FIR_227,ACCUSED_IN,Accused in FIR 227
REL_ACC_412,PERSON_ACCUSED_412,FIR_228,ACCUSED_IN,Accused in FIR 228
REL_ACC_413,PERSON_ACCUSED_413,FIR_228,ACCUSED_IN,Accused in FIR 228
REL_ACC_414,PERSON_ACCUSED_414,FIR_229,ACCUSED_IN,Accused in FIR 229
REL_ACC_415,PERSON_ACCUSED_415,FIR_229,ACCUSED_IN,Accused in FIR 229
REL_ACC_416,PERSON_ACCUSED_416,FIR_230,ACCUSED_IN,Accused in FIR 230
REL_ACC_417,PERSON_ACCUSED_417,FIR_230,ACCUSED_IN,Accused in FIR 230
REL_ACC_418,PERSON_ACCUSED_418,FIR_231,ACCUSED_IN,Accused in FIR 231
REL_ACC_419,PERSON_ACCUSED_419,FIR_231,ACCUSED_IN,Accused in FIR 231
REL_ACC_420,PERSON_ACCUSED_420,FIR_232,ACCUSED_IN,Accused in FIR 232
REL_ACC_421,PERSON_ACCUSED_421,FIR_233,ACCUSED_IN,Accused in FIR 233
REL_ACC_422,PERSON_ACCUSED_422,FIR_234,ACCUSED_IN,Accused in FIR 234
REL_ACC_423,PERSON_ACCUSED_423,FIR_234,ACCUSED_IN,Accused in FIR 234
REL_ACC_424,PERSON_ACCUSED_424,FIR_235,ACCUSED_IN,Accused in FIR 235
REL_ACC_425,PERSON_ACCUSED_425,FIR_236,ACCUSED_IN,Accused in FIR 236
REL_ACC_426,PERSON_ACCUSED_426,FIR_237,ACCUSED_IN,Accused in FIR 237
REL_ACC_427,PERSON_ACCUSED_427,FIR_238,ACCUSED_IN,Accused in FIR 238
REL_ACC_428,PERSON_ACCUSED_428,FIR_239,ACCUSED_IN,Accused in FIR 239
REL_ACC_429,PERSON_ACCUSED_429,FIR_240,ACCUSED_IN,Accused in FIR 240
REL_ACC_430,PERSON_ACCUSED_430,FIR_240,ACCUSED_IN,Accused in FIR 240
REL_ACC_431,PERSON_ACCUSED_431,FIR_241,ACCUSED_IN,Accused in FIR 241
REL_ACC_432,PERSON_ACCUSED_432,FIR_241,ACCUSED_IN,Accused in FIR 241
REL_ACC_433,PERSON_ACCUSED_433,FIR_242,ACCUSED_IN,Accused in FIR 242
REL_ACC_434,PERSON_ACCUSED_434,FIR_242,ACCUSED_IN,Accused in FIR 242
REL_ACC_435,PERSON_ACCUSED_435,FIR_242,ACCUSED_IN,Accused in FIR 242
REL_ACC_436,PERSON_ACCUSED_436,FIR_242,ACCUSED_IN,Accused in FIR 242
REL_ACC_437,PERSON_ACCUSED_437,FIR_242,ACCUSED_IN,Accused in FIR 242
REL_ACC_438,PERSON_ACCUSED_438,FIR_242,ACCUSED_IN,Accused in FIR 242
REL_ACC_439,PERSON_ACCUSED_439,FIR_242,ACCUSED_IN,Accused in FIR 242
REL_ACC_440,PERSON_ACCUSED_440,FIR_242,ACCUSED_IN,Accused in FIR 242
REL_ACC_441,PERSON_ACCUSED_431,FIR_243,ACCUSED_IN,Accused in FIR 243
REL_ACC_442,PERSON_ACCUSED_442,FIR_243,ACCUSED_IN,Accused in FIR 243
REL_ACC_443,PERSON_ACCUSED_443,FIR_244,ACCUSED_IN,Accused in FIR 244
REL_ACC_444,PERSON_ACCUSED_444,FIR_245,ACCUSED_IN,Accused in FIR 245
REL_ACC_445,PERSON_ACCUSED_445,FIR_246,ACCUSED_IN,Accused in FIR 246
REL_ACC_446,PERSON_ACCUSED_446,FIR_247,ACCUSED_IN,Accused in FIR 247
REL_ACC_447,PERSON_ACCUSED_447,FIR_247,ACCUSED_IN,Accused in FIR 247
REL_ACC_448,PERSON_ACCUSED_448,FIR_248,ACCUSED_IN,Accused in FIR 248
REL_ACC_449,PERSON_ACCUSED_449,FIR_248,ACCUSED_IN,Accused in FIR 248
REL_ACC_450,PERSON_ACCUSED_450,FIR_248,ACCUSED_IN,Accused in FIR 248
REL_ACC_451,PERSON_ACCUSED_451,FIR_249,ACCUSED_IN,Accused in FIR 249
REL_ACC_452,PERSON_ACCUSED_452,FIR_250,ACCUSED_IN,Accused in FIR 250
REL_ACC_453,PERSON_ACCUSED_453,FIR_251,ACCUSED_IN,Accused in FIR 251
REL_ACC_454,PERSON_ACCUSED_454,FIR_252,ACCUSED_IN,Accused in FIR 252
REL_ACC_455,PERSON_ACCUSED_455,FIR_253,ACCUSED_IN,Accused in FIR 253
REL_ACC_456,PERSON_ACCUSED_456,FIR_254,ACCUSED_IN,Accused in FIR 254
REL_ACC_457,PERSON_ACCUSED_457,FIR_255,ACCUSED_IN,Accused in FIR 255
REL_ACC_458,PERSON_ACCUSED_458,FIR_255,ACCUSED_IN,Accused in FIR 255
REL_ACC_459,PERSON_ACCUSED_429,FIR_256,ACCUSED_IN,Accused in FIR 256
REL_ACC_460,PERSON_ACCUSED_460,FIR_256,ACCUSED_IN,Accused in FIR 256
REL_ACC_461,PERSON_ACCUSED_461,FIR_257,ACCUSED_IN,Accused in FIR 257
REL_ACC_462,PERSON_ACCUSED_462,FIR_257,ACCUSED_IN,Accused in FIR 257
REL_ACC_463,PERSON_ACCUSED_463,FIR_258,ACCUSED_IN,Accused in FIR 258
REL_ACC_464,PERSON_ACCUSED_464,FIR_258,ACCUSED_IN,Accused in FIR 258
REL_ACC_465,PERSON_ACCUSED_465,FIR_259,ACCUSED_IN,Accused in FIR 259
REL_ACC_466,PERSON_ACCUSED_466,FIR_259,ACCUSED_IN,Accused in FIR 259
REL_ACC_467,PERSON_ACCUSED_467,FIR_260,ACCUSED_IN,Accused in FIR 260
REL_ACC_468,PERSON_ACCUSED_468,FIR_261,ACCUSED_IN,Accused in FIR 261
REL_ACC_469,PERSON_ACCUSED_469,FIR_261,ACCUSED_IN,Accused in FIR 261
REL_ACC_470,PERSON_ACCUSED_470,FIR_261,ACCUSED_IN,Accused in FIR 261
REL_ACC_471,PERSON_ACCUSED_471,FIR_261,ACCUSED_IN,Accused in FIR 261
REL_ACC_472,PERSON_ACCUSED_472,FIR_262,ACCUSED_IN,Accused in FIR 262
REL_ACC_473,PERSON_ACCUSED_473,FIR_263,ACCUSED_IN,Accused in FIR 263
REL_ACC_474,PERSON_ACCUSED_474,FIR_263,ACCUSED_IN,Accused in FIR 263
REL_ACC_475,PERSON_ACCUSED_475,FIR_264,ACCUSED_IN,Accused in FIR 264
REL_ACC_476,PERSON_ACCUSED_476,FIR_265,ACCUSED_IN,Accused in FIR 265
REL_ACC_477,PERSON_ACCUSED_477,FIR_265,ACCUSED_IN,Accused in FIR 265
REL_ACC_478,PERSON_ACCUSED_478,FIR_266,ACCUSED_IN,Accused in FIR 266
REL_ACC_479,PERSON_ACCUSED_479,FIR_266,ACCUSED_IN,Accused in FIR 266
REL_ACC_480,PERSON_ACCUSED_480,FIR_267,ACCUSED_IN,Accused in FIR 267
REL_ACC_481,PERSON_ACCUSED_481,FIR_268,ACCUSED_IN,Accused in FIR 268
REL_ACC_482,PERSON_ACCUSED_482,FIR_268,ACCUSED_IN,Accused in FIR 268
REL_ACC_483,PERSON_ACCUSED_483,FIR_269,ACCUSED_IN,Accused in FIR 269
REL_ACC_484,PERSON_ACCUSED_484,FIR_269,ACCUSED_IN,Accused in FIR 269
REL_ACC_485,PERSON_ACCUSED_485,FIR_270,ACCUSED_IN,Accused in FIR 270
REL_ACC_486,PERSON_ACCUSED_486,FIR_271,ACCUSED_IN,Accused in FIR 271
REL_ACC_487,PERSON_ACCUSED_487,FIR_272,ACCUSED_IN,Accused in FIR 272
REL_ACC_488,PERSON_ACCUSED_488,FIR_272,ACCUSED_IN,Accused in FIR 272
REL_ACC_489,PERSON_ACCUSED_489,FIR_272,ACCUSED_IN,Accused in FIR 272
REL_ACC_490,PERSON_ACCUSED_490,FIR_273,ACCUSED_IN,Accused in FIR 273
REL_ACC_491,PERSON_ACCUSED_491,FIR_274,ACCUSED_IN,Accused in FIR 274
REL_ACC_492,PERSON_ACCUSED_492,FIR_274,ACCUSED_IN,Accused in FIR 274
REL_ACC_493,PERSON_ACCUSED_493,FIR_274,ACCUSED_IN,Accused in FIR 274
REL_ACC_494,PERSON_ACCUSED_494,FIR_274,ACCUSED_IN,Accused in FIR 274
REL_ACC_495,PERSON_ACCUSED_495,FIR_275,ACCUSED_IN,Accused in FIR 275
REL_ACC_496,PERSON_ACCUSED_496,FIR_276,ACCUSED_IN,Accused in FIR 276
REL_ACC_497,PERSON_ACCUSED_497,FIR_277,ACCUSED_IN,Accused in FIR 277
REL_ACC_498,PERSON_ACCUSED_498,FIR_277,ACCUSED_IN,Accused in FIR 277
REL_ACC_499,PERSON_ACCUSED_499,FIR_278,ACCUSED_IN,Accused in FIR 278
REL_ACC_500,PERSON_ACCUSED_500,FIR_279,ACCUSED_IN,Accused in FIR 279
REL_ACC_501,PERSON_ACCUSED_501,FIR_280,ACCUSED_IN,Accused in FIR 280
REL_ACC_502,PERSON_ACCUSED_502,FIR_280,ACCUSED_IN,Accused in FIR 280
REL_ACC_503,PERSON_ACCUSED_503,FIR_281,ACCUSED_IN,Accused in FIR 281
REL_ACC_504,PERSON_ACCUSED_504,FIR_281,ACCUSED_IN,Accused in FIR 281
REL_ACC_505,PERSON_ACCUSED_505,FIR_282,ACCUSED_IN,Accused in FIR 282
REL_ACC_506,PERSON_ACCUSED_506,FIR_282,ACCUSED_IN,Accused in FIR 282
REL_ACC_507,PERSON_ACCUSED_507,FIR_282,ACCUSED_IN,Accused in FIR 282
REL_ACC_508,PERSON_ACCUSED_457,FIR_283,ACCUSED_IN,Accused in FIR 283
REL_ACC_509,PERSON_ACCUSED_509,FIR_283,ACCUSED_IN,Accused in FIR 283
REL_ACC_510,PERSON_ACCUSED_510,FIR_284,ACCUSED_IN,Accused in FIR 284
REL_ACC_511,PERSON_ACCUSED_511,FIR_285,ACCUSED_IN,Accused in FIR 285
REL_ACC_512,PERSON_ACCUSED_512,FIR_285,ACCUSED_IN,Accused in FIR 285
REL_ACC_513,PERSON_ACCUSED_513,FIR_286,ACCUSED_IN,Accused in FIR 286
REL_ACC_514,PERSON_ACCUSED_514,FIR_286,ACCUSED_IN,Accused in FIR 286
REL_ACC_515,PERSON_ACCUSED_515,FIR_287,ACCUSED_IN,Accused in FIR 287
REL_ACC_516,PERSON_ACCUSED_516,FIR_288,ACCUSED_IN,Accused in FIR 288
REL_ACC_517,PERSON_ACCUSED_517,FIR_289,ACCUSED_IN,Accused in FIR 289
REL_ACC_518,PERSON_ACCUSED_518,FIR_290,ACCUSED_IN,Accused in FIR 290
REL_ACC_519,PERSON_ACCUSED_519,FIR_291,ACCUSED_IN,Accused in FIR 291
REL_ACC_520,PERSON_ACCUSED_520,FIR_291,ACCUSED_IN,Accused in FIR 291
REL_ACC_521,PERSON_ACCUSED_521,FIR_292,ACCUSED_IN,Accused in FIR 292
REL_ACC_522,PERSON_ACCUSED_522,FIR_293,ACCUSED_IN,Accused in FIR 293
REL_ACC_523,PERSON_ACCUSED_523,FIR_293,ACCUSED_IN,Accused in FIR 293
REL_ACC_524,PERSON_ACCUSED_524,FIR_294,ACCUSED_IN,Accused in FIR 294
REL_ACC_525,PERSON_ACCUSED_525,FIR_294,ACCUSED_IN,Accused in FIR 294
REL_ACC_526,PERSON_ACCUSED_526,FIR_295,ACCUSED_IN,Accused in FIR 295
REL_ACC_527,PERSON_ACCUSED_527,FIR_295,ACCUSED_IN,Accused in FIR 295
REL_ACC_528,PERSON_ACCUSED_528,FIR_296,ACCUSED_IN,Accused in FIR 296
REL_ACC_529,PERSON_ACCUSED_529,FIR_297,ACCUSED_IN,Accused in FIR 297
REL_ACC_530,PERSON_ACCUSED_530,FIR_298,ACCUSED_IN,Accused in FIR 298
REL_ACC_531,PERSON_ACCUSED_531,FIR_298,ACCUSED_IN,Accused in FIR 298
REL_ACC_532,PERSON_ACCUSED_532,FIR_298,ACCUSED_IN,Accused in FIR 298
REL_ACC_533,PERSON_ACCUSED_533,FIR_299,ACCUSED_IN,Accused in FIR 299
REL_ACC_534,PERSON_ACCUSED_534,FIR_300,ACCUSED_IN,Accused in FIR 300
REL_ACC_535,PERSON_ACCUSED_535,FIR_301,ACCUSED_IN,Accused in FIR 301
REL_ACC_536,PERSON_ACCUSED_536,FIR_302,ACCUSED_IN,Accused in FIR 302
REL_ACC_537,PERSON_ACCUSED_537,FIR_302,ACCUSED_IN,Accused in FIR 302
REL_ACC_538,PERSON_ACCUSED_538,FIR_303,ACCUSED_IN,Accused in FIR 303
REL_ACC_539,PERSON_ACCUSED_539,FIR_304,ACCUSED_IN,Accused in FIR 304
REL_ACC_540,PERSON_ACCUSED_540,FIR_304,ACCUSED_IN,Accused in FIR 304
REL_ACC_541,PERSON_ACCUSED_541,FIR_305,ACCUSED_IN,Accused in FIR 305
REL_ACC_542,PERSON_ACCUSED_542,FIR_306,ACCUSED_IN,Accused in FIR 306
REL_ACC_543,PERSON_ACCUSED_543,FIR_307,ACCUSED_IN,Accused in FIR 307
REL_ACC_544,PERSON_ACCUSED_544,FIR_307,ACCUSED_IN,Accused in FIR 307
REL_ACC_545,PERSON_ACCUSED_545,FIR_307,ACCUSED_IN,Accused in FIR 307
REL_ACC_546,PERSON_ACCUSED_546,FIR_307,ACCUSED_IN,Accused in FIR 307
REL_ACC_547,PERSON_ACCUSED_547,FIR_307,ACCUSED_IN,Accused in FIR 307
REL_ACC_548,PERSON_ACCUSED_548,FIR_308,ACCUSED_IN,Accused in FIR 308
REL_ACC_549,PERSON_ACCUSED_549,FIR_308,ACCUSED_IN,Accused in FIR 308
REL_ACC_550,PERSON_ACCUSED_550,FIR_308,ACCUSED_IN,Accused in FIR 308
REL_ACC_551,PERSON_ACCUSED_551,FIR_309,ACCUSED_IN,Accused in FIR 309
REL_ACC_552,PERSON_ACCUSED_552,FIR_309,ACCUSED_IN,Accused in FIR 309
REL_ACC_553,PERSON_ACCUSED_553,FIR_310,ACCUSED_IN,Accused in FIR 310
REL_ACC_554,PERSON_ACCUSED_554,FIR_310,ACCUSED_IN,Accused in FIR 310
REL_ACC_555,PERSON_ACCUSED_555,FIR_311,ACCUSED_IN,Accused in FIR 311
REL_ACC_556,PERSON_ACCUSED_556,FIR_311,ACCUSED_IN,Accused in FIR 311
REL_ACC_557,PERSON_ACCUSED_557,FIR_312,ACCUSED_IN,Accused in FIR 312
REL_ACC_558,PERSON_ACCUSED_558,FIR_313,ACCUSED_IN,Accused in FIR 313
REL_ACC_559,PERSON_ACCUSED_559,FIR_314,ACCUSED_IN,Accused in FIR 314
REL_ACC_560,PERSON_ACCUSED_560,FIR_314,ACCUSED_IN,Accused in FIR 314
REL_ACC_561,PERSON_ACCUSED_561,FIR_314,ACCUSED_IN,Accused in FIR 314
REL_ACC_562,PERSON_ACCUSED_562,FIR_315,ACCUSED_IN,Accused in FIR 315
REL_ACC_563,PERSON_ACCUSED_563,FIR_316,ACCUSED_IN,Accused in FIR 316
REL_ACC_564,PERSON_ACCUSED_564,FIR_316,ACCUSED_IN,Accused in FIR 316
REL_ACC_565,PERSON_ACCUSED_565,FIR_317,ACCUSED_IN,Accused in FIR 317
REL_ACC_566,PERSON_ACCUSED_566,FIR_317,ACCUSED_IN,Accused in FIR 317
REL_ACC_567,PERSON_ACCUSED_567,FIR_318,ACCUSED_IN,Accused in FIR 318
REL_ACC_568,PERSON_ACCUSED_568,FIR_318,ACCUSED_IN,Accused in FIR 318
REL_ACC_569,PERSON_ACCUSED_284,FIR_319,ACCUSED_IN,Accused in FIR 319
REL_ACC_570,PERSON_ACCUSED_570,FIR_319,ACCUSED_IN,Accused in FIR 319
REL_ACC_571,PERSON_ACCUSED_284,FIR_320,ACCUSED_IN,Accused in FIR 320
REL_ACC_572,PERSON_ACCUSED_572,FIR_320,ACCUSED_IN,Accused in FIR 320
REL_ACC_573,PERSON_ACCUSED_573,FIR_321,ACCUSED_IN,Accused in FIR 321
REL_ACC_574,PERSON_ACCUSED_574,FIR_322,ACCUSED_IN,Accused in FIR 322
REL_ACC_575,PERSON_ACCUSED_575,FIR_322,ACCUSED_IN,Accused in FIR 322
REL_ACC_576,PERSON_ACCUSED_576,FIR_323,ACCUSED_IN,Accused in FIR 323
REL_ACC_577,PERSON_ACCUSED_577,FIR_324,ACCUSED_IN,Accused in FIR 324
REL_ACC_578,PERSON_ACCUSED_578,FIR_324,ACCUSED_IN,Accused in FIR 324
REL_ACC_579,PERSON_ACCUSED_579,FIR_325,ACCUSED_IN,Accused in FIR 325
REL_ACC_580,PERSON_ACCUSED_580,FIR_326,ACCUSED_IN,Accused in FIR 326
REL_ACC_581,PERSON_ACCUSED_581,FIR_326,ACCUSED_IN,Accused in FIR 326
REL_ACC_582,PERSON_ACCUSED_582,FIR_327,ACCUSED_IN,Accused in FIR 327
REL_ACC_583,PERSON_ACCUSED_583,FIR_327,ACCUSED_IN,Accused in FIR 327
REL_ACC_584,PERSON_ACCUSED_584,FIR_328,ACCUSED_IN,Accused in FIR 328
REL_ACC_585,PERSON_ACCUSED_585,FIR_329,ACCUSED_IN,Accused in FIR 329
REL_ACC_586,PERSON_ACCUSED_586,FIR_330,ACCUSED_IN,Accused in FIR 330
REL_ACC_587,PERSON_ACCUSED_587,FIR_330,ACCUSED_IN,Accused in FIR 330
REL_ACC_588,PERSON_ACCUSED_588,FIR_330,ACCUSED_IN,Accused in FIR 330
REL_ACC_589,PERSON_ACCUSED_589,FIR_330,ACCUSED_IN,Accused in FIR 330
REL_ACC_590,PERSON_ACCUSED_590,FIR_330,ACCUSED_IN,Accused in FIR 330
REL_ACC_591,PERSON_ACCUSED_591,FIR_330,ACCUSED_IN,Accused in FIR 330
REL_ACC_592,PERSON_ACCUSED_592,FIR_330,ACCUSED_IN,Accused in FIR 330
REL_ACC_593,PERSON_ACCUSED_593,FIR_331,ACCUSED_IN,Accused in FIR 331
REL_ACC_594,PERSON_ACCUSED_594,FIR_331,ACCUSED_IN,Accused in FIR 331
REL_ACC_595,PERSON_ACCUSED_595,FIR_332,ACCUSED_IN,Accused in FIR 332
REL_ACC_596,PERSON_ACCUSED_596,FIR_333,ACCUSED_IN,Accused in FIR 333
REL_ACC_597,PERSON_ACCUSED_597,FIR_334,ACCUSED_IN,Accused in FIR 334
REL_ACC_598,PERSON_ACCUSED_598,FIR_335,ACCUSED_IN,Accused in FIR 335
REL_ACC_599,PERSON_ACCUSED_599,FIR_336,ACCUSED_IN,Accused in FIR 336
REL_ACC_600,PERSON_ACCUSED_600,FIR_336,ACCUSED_IN,Accused in FIR 336
REL_ACC_601,PERSON_ACCUSED_601,FIR_337,ACCUSED_IN,Accused in FIR 337
REL_ACC_602,PERSON_ACCUSED_602,FIR_338,ACCUSED_IN,Accused in FIR 338
REL_ACC_603,PERSON_ACCUSED_603,FIR_338,ACCUSED_IN,Accused in FIR 338
REL_ACC_604,PERSON_ACCUSED_604,FIR_339,ACCUSED_IN,Accused in FIR 339
REL_ACC_605,PERSON_ACCUSED_605,FIR_339,ACCUSED_IN,Accused in FIR 339
REL_ACC_606,PERSON_ACCUSED_606,FIR_339,ACCUSED_IN,Accused in FIR 339
REL_ACC_607,PERSON_ACCUSED_607,FIR_340,ACCUSED_IN,Accused in FIR 340
REL_ACC_608,PERSON_ACCUSED_608,FIR_340,ACCUSED_IN,Accused in FIR 340
REL_ACC_609,PERSON_ACCUSED_609,FIR_341,ACCUSED_IN,Accused in FIR 341
REL_ACC_610,PERSON_ACCUSED_610,FIR_341,ACCUSED_IN,Accused in FIR 341
REL_ACC_611,PERSON_ACCUSED_611,FIR_342,ACCUSED_IN,Accused in FIR 342
REL_ACC_612,PERSON_ACCUSED_612,FIR_343,ACCUSED_IN,Accused in FIR 343
REL_ACC_613,PERSON_ACCUSED_613,FIR_344,ACCUSED_IN,Accused in FIR 344
REL_ACC_614,PERSON_ACCUSED_614,FIR_344,ACCUSED_IN,Accused in FIR 344
REL_ACC_615,PERSON_ACCUSED_615,FIR_345,ACCUSED_IN,Accused in FIR 345
REL_ACC_616,PERSON_ACCUSED_616,FIR_345,ACCUSED_IN,Accused in FIR 345
REL_ACC_617,PERSON_ACCUSED_617,FIR_346,ACCUSED_IN,Accused in FIR 346
REL_ACC_618,PERSON_ACCUSED_618,FIR_347,ACCUSED_IN,Accused in FIR 347
REL_ACC_619,PERSON_ACCUSED_619,FIR_347,ACCUSED_IN,Accused in FIR 347
REL_ACC_620,PERSON_ACCUSED_620,FIR_348,ACCUSED_IN,Accused in FIR 348
REL_ACC_621,PERSON_ACCUSED_621,FIR_349,ACCUSED_IN,Accused in FIR 349
REL_ACC_622,PERSON_ACCUSED_622,FIR_350,ACCUSED_IN,Accused in FIR 350
REL_ACC_623,PERSON_ACCUSED_623,FIR_351,ACCUSED_IN,Accused in FIR 351
REL_ACC_624,PERSON_ACCUSED_624,FIR_351,ACCUSED_IN,Accused in FIR 351
REL_ACC_625,PERSON_ACCUSED_625,FIR_352,ACCUSED_IN,Accused in FIR 352
REL_ACC_626,PERSON_ACCUSED_626,FIR_352,ACCUSED_IN,Accused in FIR 352
REL_ACC_627,PERSON_ACCUSED_627,FIR_352,ACCUSED_IN,Accused in FIR 352
REL_ACC_628,PERSON_ACCUSED_628,FIR_353,ACCUSED_IN,Accused in FIR 353
REL_ACC_629,PERSON_ACCUSED_629,FIR_354,ACCUSED_IN,Accused in FIR 354
REL_ACC_630,PERSON_ACCUSED_630,FIR_354,ACCUSED_IN,Accused in FIR 354
REL_ACC_631,PERSON_ACCUSED_631,FIR_355,ACCUSED_IN,Accused in FIR 355
REL_ACC_632,PERSON_ACCUSED_632,FIR_355,ACCUSED_IN,Accused in FIR 355
REL_ACC_633,PERSON_ACCUSED_633,FIR_356,ACCUSED_IN,Accused in FIR 356
REL_ACC_634,PERSON_ACCUSED_634,FIR_356,ACCUSED_IN,Accused in FIR 356
REL_ACC_635,PERSON_ACCUSED_635,FIR_356,ACCUSED_IN,Accused in FIR 356
REL_ACC_636,PERSON_ACCUSED_636,FIR_357,ACCUSED_IN,Accused in FIR 357
REL_ACC_637,PERSON_ACCUSED_637,FIR_358,ACCUSED_IN,Accused in FIR 358
REL_ACC_638,PERSON_ACCUSED_638,FIR_358,ACCUSED_IN,Accused in FIR 358
REL_ACC_639,PERSON_ACCUSED_639,FIR_358,ACCUSED_IN,Accused in FIR 358
REL_ACC_640,PERSON_ACCUSED_640,FIR_359,ACCUSED_IN,Accused in FIR 359
REL_ACC_641,PERSON_ACCUSED_641,FIR_360,ACCUSED_IN,Accused in FIR 360
REL_ACC_642,PERSON_ACCUSED_642,FIR_361,ACCUSED_IN,Accused in FIR 361
REL_ACC_643,PERSON_ACCUSED_643,FIR_362,ACCUSED_IN,Accused in FIR 362
REL_ACC_644,PERSON_ACCUSED_644,FIR_362,ACCUSED_IN,Accused in FIR 362
REL_ACC_645,PERSON_ACCUSED_645,FIR_362,ACCUSED_IN,Accused in FIR 362
REL_ACC_646,PERSON_ACCUSED_646,FIR_363,ACCUSED_IN,Accused in FIR 363
REL_ACC_647,PERSON_ACCUSED_647,FIR_363,ACCUSED_IN,Accused in FIR 363
REL_ACC_648,PERSON_ACCUSED_648,FIR_364,ACCUSED_IN,Accused in FIR 364
REL_ACC_649,PERSON_ACCUSED_649,FIR_364,ACCUSED_IN,Accused in FIR 364
REL_ACC_650,PERSON_ACCUSED_650,FIR_365,ACCUSED_IN,Accused in FIR 365
REL_ACC_651,PERSON_ACCUSED_651,FIR_366,ACCUSED_IN,Accused in FIR 366
REL_ACC_652,PERSON_ACCUSED_652,FIR_366,ACCUSED_IN,Accused in FIR 366
REL_ACC_653,PERSON_ACCUSED_653,FIR_366,ACCUSED_IN,Accused in FIR 366
REL_ACC_654,PERSON_ACCUSED_654,FIR_366,ACCUSED_IN,Accused in FIR 366
REL_ACC_655,PERSON_ACCUSED_655,FIR_367,ACCUSED_IN,Accused in FIR 367
REL_ACC_656,PERSON_ACCUSED_656,FIR_367,ACCUSED_IN,Accused in FIR 367
REL_ACC_657,PERSON_ACCUSED_657,FIR_368,ACCUSED_IN,Accused in FIR 368
REL_ACC_658,PERSON_ACCUSED_658,FIR_368,ACCUSED_IN,Accused in FIR 368
REL_ACC_659,PERSON_ACCUSED_659,FIR_368,ACCUSED_IN,Accused in FIR 368
REL_ACC_660,PERSON_ACCUSED_660,FIR_368,ACCUSED_IN,Accused in FIR 368
REL_ACC_661,PERSON_ACCUSED_661,FIR_369,ACCUSED_IN,Accused in FIR 369
REL_ACC_662,PERSON_ACCUSED_662,FIR_369,ACCUSED_IN,Accused in FIR 369
REL_ACC_663,PERSON_ACCUSED_663,FIR_370,ACCUSED_IN,Accused in FIR 370
REL_ACC_664,PERSON_ACCUSED_664,FIR_370,ACCUSED_IN,Accused in FIR 370
REL_ACC_665,PERSON_ACCUSED_665,FIR_371,ACCUSED_IN,Accused in FIR 371
REL_ACC_666,PERSON_ACCUSED_22,FIR_372,ACCUSED_IN,Accused in FIR 372
REL_ACC_667,PERSON_ACCUSED_667,FIR_372,ACCUSED_IN,Accused in FIR 372
REL_ACC_668,PERSON_ACCUSED_668,FIR_373,ACCUSED_IN,Accused in FIR 373
REL_ACC_669,PERSON_ACCUSED_669,FIR_373,ACCUSED_IN,Accused in FIR 373
REL_ACC_670,PERSON_ACCUSED_670,FIR_374,ACCUSED_IN,Accused in FIR 374
REL_ACC_671,PERSON_ACCUSED_671,FIR_374,ACCUSED_IN,Accused in FIR 374
REL_ACC_672,PERSON_ACCUSED_672,FIR_375,ACCUSED_IN,Accused in FIR 375
REL_ACC_673,PERSON_ACCUSED_673,FIR_376,ACCUSED_IN,Accused in FIR 376
REL_ACC_674,PERSON_ACCUSED_674,FIR_377,ACCUSED_IN,Accused in FIR 377
REL_ACC_675,PERSON_ACCUSED_675,FIR_377,ACCUSED_IN,Accused in FIR 377
REL_ACC_676,PERSON_ACCUSED_676,FIR_378,ACCUSED_IN,Accused in FIR 378
REL_ACC_677,PERSON_ACCUSED_677,FIR_379,ACCUSED_IN,Accused in FIR 379
REL_ACC_678,PERSON_ACCUSED_678,FIR_380,ACCUSED_IN,Accused in FIR 380
REL_ACC_679,PERSON_ACCUSED_679,FIR_380,ACCUSED_IN,Accused in FIR 380
REL_ACC_680,PERSON_ACCUSED_680,FIR_380,ACCUSED_IN,Accused in FIR 380
REL_ACC_681,PERSON_ACCUSED_681,FIR_381,ACCUSED_IN,Accused in FIR 381
REL_ACC_682,PERSON_ACCUSED_682,FIR_381,ACCUSED_IN,Accused in FIR 381
REL_ACC_683,PERSON_ACCUSED_683,FIR_382,ACCUSED_IN,Accused in FIR 382
REL_ACC_684,PERSON_ACCUSED_684,FIR_383,ACCUSED_IN,Accused in FIR 383
REL_ACC_685,PERSON_ACCUSED_685,FIR_384,ACCUSED_IN,Accused in FIR 384
REL_ACC_686,PERSON_ACCUSED_686,FIR_385,ACCUSED_IN,Accused in FIR 385
REL_ACC_687,PERSON_ACCUSED_687,FIR_386,ACCUSED_IN,Accused in FIR 386
REL_ACC_688,PERSON_ACCUSED_688,FIR_387,ACCUSED_IN,Accused in FIR 387
REL_ACC_689,PERSON_ACCUSED_689,FIR_388,ACCUSED_IN,Accused in FIR 388
REL_ACC_690,PERSON_ACCUSED_690,FIR_388,ACCUSED_IN,Accused in FIR 388
REL_ACC_691,PERSON_ACCUSED_691,FIR_388,ACCUSED_IN,Accused in FIR 388
REL_ACC_692,PERSON_ACCUSED_692,FIR_389,ACCUSED_IN,Accused in FIR 389
REL_ACC_693,PERSON_ACCUSED_693,FIR_389,ACCUSED_IN,Accused in FIR 389
REL_ACC_694,PERSON_ACCUSED_694,FIR_389,ACCUSED_IN,Accused in FIR 389
REL_ACC_695,PERSON_ACCUSED_695,FIR_390,ACCUSED_IN,Accused in FIR 390
REL_ACC_696,PERSON_ACCUSED_696,FIR_390,ACCUSED_IN,Accused in FIR 390
REL_ACC_697,PERSON_ACCUSED_697,FIR_390,ACCUSED_IN,Accused in FIR 390
REL_ACC_698,PERSON_ACCUSED_698,FIR_391,ACCUSED_IN,Accused in FIR 391
REL_ACC_699,PERSON_ACCUSED_699,FIR_391,ACCUSED_IN,Accused in FIR 391
REL_ACC_700,PERSON_ACCUSED_700,FIR_392,ACCUSED_IN,Accused in FIR 392
REL_ACC_701,PERSON_ACCUSED_701,FIR_392,ACCUSED_IN,Accused in FIR 392
REL_ACC_702,PERSON_ACCUSED_702,FIR_393,ACCUSED_IN,Accused in FIR 393
REL_ACC_703,PERSON_ACCUSED_703,FIR_394,ACCUSED_IN,Accused in FIR 394
REL_ACC_704,PERSON_ACCUSED_704,FIR_394,ACCUSED_IN,Accused in FIR 394
REL_ACC_705,PERSON_ACCUSED_705,FIR_395,ACCUSED_IN,Accused in FIR 395
REL_ACC_706,PERSON_ACCUSED_706,FIR_395,ACCUSED_IN,Accused in FIR 395
REL_ACC_707,PERSON_ACCUSED_707,FIR_395,ACCUSED_IN,Accused in FIR 395
REL_ACC_708,PERSON_ACCUSED_708,FIR_396,ACCUSED_IN,Accused in FIR 396
REL_ACC_709,PERSON_ACCUSED_709,FIR_396,ACCUSED_IN,Accused in FIR 396
REL_ACC_710,PERSON_ACCUSED_710,FIR_397,ACCUSED_IN,Accused in FIR 397
REL_ACC_711,PERSON_ACCUSED_711,FIR_397,ACCUSED_IN,Accused in FIR 397
REL_ACC_712,PERSON_ACCUSED_712,FIR_398,ACCUSED_IN,Accused in FIR 398
REL_ACC_713,PERSON_ACCUSED_713,FIR_399,ACCUSED_IN,Accused in FIR 399
REL_ACC_714,PERSON_ACCUSED_714,FIR_399,ACCUSED_IN,Accused in FIR 399
REL_ACC_715,PERSON_ACCUSED_715,FIR_399,ACCUSED_IN,Accused in FIR 399
REL_ACC_716,PERSON_ACCUSED_716,FIR_400,ACCUSED_IN,Accused in FIR 400
REL_ACC_717,PERSON_ACCUSED_717,FIR_401,ACCUSED_IN,Accused in FIR 401
REL_ACC_718,PERSON_ACCUSED_718,FIR_402,ACCUSED_IN,Accused in FIR 402
REL_ACC_719,PERSON_ACCUSED_719,FIR_403,ACCUSED_IN,Accused in FIR 403
REL_ACC_720,PERSON_ACCUSED_720,FIR_404,ACCUSED_IN,Accused in FIR 404
REL_ACC_721,PERSON_ACCUSED_721,FIR_405,ACCUSED_IN,Accused in FIR 405
REL_ACC_722,PERSON_ACCUSED_722,FIR_406,ACCUSED_IN,Accused in FIR 406
REL_ACC_723,PERSON_ACCUSED_723,FIR_406,ACCUSED_IN,Accused in FIR 406
REL_ACC_724,PERSON_ACCUSED_724,FIR_407,ACCUSED_IN,Accused in FIR 407
REL_ACC_725,PERSON_ACCUSED_725,FIR_407,ACCUSED_IN,Accused in FIR 407
REL_ACC_726,PERSON_ACCUSED_726,FIR_408,ACCUSED_IN,Accused in FIR 408
REL_ACC_727,PERSON_ACCUSED_727,FIR_409,ACCUSED_IN,Accused in FIR 409
REL_ACC_728,PERSON_ACCUSED_728,FIR_409,ACCUSED_IN,Accused in FIR 409
REL_ACC_729,PERSON_ACCUSED_729,FIR_410,ACCUSED_IN,Accused in FIR 410
REL_ACC_730,PERSON_ACCUSED_730,FIR_411,ACCUSED_IN,Accused in FIR 411
REL_ACC_731,PERSON_ACCUSED_731,FIR_412,ACCUSED_IN,Accused in FIR 412
REL_ACC_732,PERSON_ACCUSED_732,FIR_413,ACCUSED_IN,Accused in FIR 413
REL_ACC_733,PERSON_ACCUSED_733,FIR_414,ACCUSED_IN,Accused in FIR 414
REL_ACC_734,PERSON_ACCUSED_274,FIR_415,ACCUSED_IN,Accused in FIR 415
REL_ACC_735,PERSON_ACCUSED_735,FIR_415,ACCUSED_IN,Accused in FIR 415
REL_ACC_736,PERSON_ACCUSED_736,FIR_416,ACCUSED_IN,Accused in FIR 416
REL_ACC_737,PERSON_ACCUSED_737,FIR_416,ACCUSED_IN,Accused in FIR 416
REL_ACC_738,PERSON_ACCUSED_738,FIR_416,ACCUSED_IN,Accused in FIR 416
REL_ACC_739,PERSON_ACCUSED_739,FIR_416,ACCUSED_IN,Accused in FIR 416
REL_ACC_740,PERSON_ACCUSED_740,FIR_416,ACCUSED_IN,Accused in FIR 416
REL_ACC_741,PERSON_ACCUSED_741,FIR_417,ACCUSED_IN,Accused in FIR 417
REL_ACC_742,PERSON_ACCUSED_742,FIR_417,ACCUSED_IN,Accused in FIR 417
REL_ACC_743,PERSON_ACCUSED_743,FIR_417,ACCUSED_IN,Accused in FIR 417
REL_ACC_744,PERSON_ACCUSED_744,FIR_417,ACCUSED_IN,Accused in FIR 417
REL_ACC_745,PERSON_ACCUSED_745,FIR_418,ACCUSED_IN,Accused in FIR 418
REL_ACC_746,PERSON_ACCUSED_746,FIR_418,ACCUSED_IN,Accused in FIR 418
REL_ACC_747,PERSON_ACCUSED_747,FIR_419,ACCUSED_IN,Accused in FIR 419
REL_ACC_748,PERSON_ACCUSED_748,FIR_420,ACCUSED_IN,Accused in FIR 420
REL_ACC_749,PERSON_ACCUSED_749,FIR_421,ACCUSED_IN,Accused in FIR 421
REL_ACC_750,PERSON_ACCUSED_750,FIR_422,ACCUSED_IN,Accused in FIR 422
REL_ACC_751,PERSON_ACCUSED_751,FIR_422,ACCUSED_IN,Accused in FIR 422
REL_ACC_752,PERSON_ACCUSED_752,FIR_423,ACCUSED_IN,Accused in FIR 423
REL_ACC_753,PERSON_ACCUSED_753,FIR_424,ACCUSED_IN,Accused in FIR 424
REL_ACC_754,PERSON_ACCUSED_754,FIR_425,ACCUSED_IN,Accused in FIR 425
REL_ACC_755,PERSON_ACCUSED_755,FIR_425,ACCUSED_IN,Accused in FIR 425
REL_ACC_756,PERSON_ACCUSED_756,FIR_425,ACCUSED_IN,Accused in FIR 425
REL_ACC_757,PERSON_ACCUSED_757,FIR_425,ACCUSED_IN,Accused in FIR 425
REL_ACC_758,PERSON_ACCUSED_758,FIR_426,ACCUSED_IN,Accused in FIR 426
REL_ACC_759,PERSON_ACCUSED_759,FIR_426,ACCUSED_IN,Accused in FIR 426
REL_ACC_760,PERSON_ACCUSED_760,FIR_427,ACCUSED_IN,Accused in FIR 427
REL_ACC_761,PERSON_ACCUSED_761,FIR_428,ACCUSED_IN,Accused in FIR 428
REL_ACC_762,PERSON_ACCUSED_762,FIR_428,ACCUSED_IN,Accused in FIR 428
REL_ACC_763,PERSON_ACCUSED_763,FIR_429,ACCUSED_IN,Accused in FIR 429
REL_ACC_764,PERSON_ACCUSED_764,FIR_430,ACCUSED_IN,Accused in FIR 430
REL_ACC_765,PERSON_ACCUSED_765,FIR_430,ACCUSED_IN,Accused in FIR 430
REL_ACC_766,PERSON_ACCUSED_766,FIR_431,ACCUSED_IN,Accused in FIR 431
REL_ACC_767,PERSON_ACCUSED_767,FIR_432,ACCUSED_IN,Accused in FIR 432
REL_ACC_768,PERSON_ACCUSED_768,FIR_433,ACCUSED_IN,Accused in FIR 433
REL_ACC_769,PERSON_ACCUSED_769,FIR_433,ACCUSED_IN,Accused in FIR 433
REL_ACC_770,PERSON_ACCUSED_770,FIR_434,ACCUSED_IN,Accused in FIR 434
REL_ACC_771,PERSON_ACCUSED_771,FIR_435,ACCUSED_IN,Accused in FIR 435
REL_ACC_772,PERSON_ACCUSED_772,FIR_436,ACCUSED_IN,Accused in FIR 436
REL_ACC_773,PERSON_ACCUSED_773,FIR_437,ACCUSED_IN,Accused in FIR 437
REL_ACC_774,PERSON_ACCUSED_774,FIR_438,ACCUSED_IN,Accused in FIR 438
REL_ACC_775,PERSON_ACCUSED_775,FIR_439,ACCUSED_IN,Accused in FIR 439
REL_ACC_776,PERSON_ACCUSED_776,FIR_439,ACCUSED_IN,Accused in FIR 439
REL_ACC_777,PERSON_ACCUSED_12,FIR_440,ACCUSED_IN,Accused in FIR 440
REL_ACC_778,PERSON_ACCUSED_778,FIR_440,ACCUSED_IN,Accused in FIR 440
REL_ACC_779,PERSON_ACCUSED_779,FIR_441,ACCUSED_IN,Accused in FIR 441
REL_ACC_780,PERSON_ACCUSED_780,FIR_442,ACCUSED_IN,Accused in FIR 442
REL_ACC_781,PERSON_ACCUSED_781,FIR_442,ACCUSED_IN,Accused in FIR 442
REL_ACC_782,PERSON_ACCUSED_782,FIR_442,ACCUSED_IN,Accused in FIR 442
REL_ACC_783,PERSON_ACCUSED_783,FIR_442,ACCUSED_IN,Accused in FIR 442
REL_ACC_784,PERSON_ACCUSED_784,FIR_442,ACCUSED_IN,Accused in FIR 442
REL_ACC_785,PERSON_ACCUSED_785,FIR_443,ACCUSED_IN,Accused in FIR 443
REL_ACC_786,PERSON_ACCUSED_786,FIR_444,ACCUSED_IN,Accused in FIR 444
REL_ACC_787,PERSON_ACCUSED_787,FIR_445,ACCUSED_IN,Accused in FIR 445
REL_ACC_788,PERSON_ACCUSED_274,FIR_446,ACCUSED_IN,Accused in FIR 446
REL_ACC_789,PERSON_ACCUSED_789,FIR_446,ACCUSED_IN,Accused in FIR 446
REL_ACC_790,PERSON_ACCUSED_790,FIR_447,ACCUSED_IN,Accused in FIR 447
REL_ACC_791,PERSON_ACCUSED_791,FIR_447,ACCUSED_IN,Accused in FIR 447
REL_ACC_792,PERSON_ACCUSED_792,FIR_448,ACCUSED_IN,Accused in FIR 448
REL_ACC_793,PERSON_ACCUSED_793,FIR_449,ACCUSED_IN,Accused in FIR 449
REL_ACC_794,PERSON_ACCUSED_794,FIR_449,ACCUSED_IN,Accused in FIR 449
REL_ACC_795,PERSON_ACCUSED_795,FIR_450,ACCUSED_IN,Accused in FIR 450
REL_ACC_796,PERSON_ACCUSED_796,FIR_451,ACCUSED_IN,Accused in FIR 451
REL_ACC_797,PERSON_ACCUSED_797,FIR_452,ACCUSED_IN,Accused in FIR 452
REL_ACC_798,PERSON_ACCUSED_798,FIR_452,ACCUSED_IN,Accused in FIR 452
REL_ACC_799,PERSON_ACCUSED_799,FIR_453,ACCUSED_IN,Accused in FIR 453
REL_ACC_800,PERSON_ACCUSED_800,FIR_454,ACCUSED_IN,Accused in FIR 454
REL_ACC_801,PERSON_ACCUSED_801,FIR_455,ACCUSED_IN,Accused in FIR 455
REL_ACC_802,PERSON_ACCUSED_802,FIR_456,ACCUSED_IN,Accused in FIR 456
REL_ACC_803,PERSON_ACCUSED_803,FIR_457,ACCUSED_IN,Accused in FIR 457
REL_ACC_804,PERSON_ACCUSED_804,FIR_457,ACCUSED_IN,Accused in FIR 457
REL_ACC_805,PERSON_ACCUSED_805,FIR_457,ACCUSED_IN,Accused in FIR 457
REL_ACC_806,PERSON_ACCUSED_806,FIR_457,ACCUSED_IN,Accused in FIR 457
REL_ACC_807,PERSON_ACCUSED_807,FIR_457,ACCUSED_IN,Accused in FIR 457
REL_ACC_808,PERSON_ACCUSED_808,FIR_457,ACCUSED_IN,Accused in FIR 457
REL_ACC_809,PERSON_ACCUSED_809,FIR_457,ACCUSED_IN,Accused in FIR 457
REL_ACC_810,PERSON_ACCUSED_810,FIR_457,ACCUSED_IN,Accused in FIR 457
REL_ACC_811,PERSON_ACCUSED_811,FIR_458,ACCUSED_IN,Accused in FIR 458
REL_ACC_812,PERSON_ACCUSED_812,FIR_458,ACCUSED_IN,Accused in FIR 458
REL_ACC_813,PERSON_ACCUSED_813,FIR_459,ACCUSED_IN,Accused in FIR 459
REL_ACC_814,PERSON_ACCUSED_814,FIR_460,ACCUSED_IN,Accused in FIR 460
REL_ACC_815,PERSON_ACCUSED_815,FIR_461,ACCUSED_IN,Accused in FIR 461
REL_ACC_816,PERSON_ACCUSED_816,FIR_462,ACCUSED_IN,Accused in FIR 462
REL_ACC_817,PERSON_ACCUSED_817,FIR_463,ACCUSED_IN,Accused in FIR 463
REL_ACC_818,PERSON_ACCUSED_818,FIR_464,ACCUSED_IN,Accused in FIR 464
REL_ACC_819,PERSON_ACCUSED_819,FIR_465,ACCUSED_IN,Accused in FIR 465
REL_ACC_820,PERSON_ACCUSED_820,FIR_466,ACCUSED_IN,Accused in FIR 466
REL_ACC_821,PERSON_ACCUSED_821,FIR_467,ACCUSED_IN,Accused in FIR 467
REL_ACC_822,PERSON_ACCUSED_822,FIR_467,ACCUSED_IN,Accused in FIR 467
REL_ACC_823,PERSON_ACCUSED_823,FIR_468,ACCUSED_IN,Accused in FIR 468
REL_ACC_824,PERSON_ACCUSED_824,FIR_468,ACCUSED_IN,Accused in FIR 468
REL_ACC_825,PERSON_ACCUSED_825,FIR_469,ACCUSED_IN,Accused in FIR 469
REL_ACC_826,PERSON_ACCUSED_826,FIR_470,ACCUSED_IN,Accused in FIR 470
REL_ACC_827,PERSON_ACCUSED_827,FIR_471,ACCUSED_IN,Accused in FIR 471
REL_ACC_828,PERSON_ACCUSED_828,FIR_472,ACCUSED_IN,Accused in FIR 472
REL_ACC_829,PERSON_ACCUSED_829,FIR_472,ACCUSED_IN,Accused in FIR 472
REL_ACC_830,PERSON_ACCUSED_727,FIR_473,ACCUSED_IN,Accused in FIR 473
REL_ACC_831,PERSON_ACCUSED_831,FIR_473,ACCUSED_IN,Accused in FIR 473
REL_ACC_832,PERSON_ACCUSED_832,FIR_474,ACCUSED_IN,Accused in FIR 474
REL_ACC_833,PERSON_ACCUSED_833,FIR_475,ACCUSED_IN,Accused in FIR 475
REL_ACC_834,PERSON_ACCUSED_834,FIR_475,ACCUSED_IN,Accused in FIR 475
REL_ACC_835,PERSON_ACCUSED_835,FIR_476,ACCUSED_IN,Accused in FIR 476
REL_ACC_836,PERSON_ACCUSED_836,FIR_477,ACCUSED_IN,Accused in FIR 477
REL_ACC_837,PERSON_ACCUSED_837,FIR_477,ACCUSED_IN,Accused in FIR 477
REL_ACC_838,PERSON_ACCUSED_838,FIR_478,ACCUSED_IN,Accused in FIR 478
REL_ACC_839,PERSON_ACCUSED_839,FIR_479,ACCUSED_IN,Accused in FIR 479
REL_ACC_840,PERSON_ACCUSED_840,FIR_479,ACCUSED_IN,Accused in FIR 479
REL_ACC_841,PERSON_ACCUSED_841,FIR_479,ACCUSED_IN,Accused in FIR 479
REL_ACC_842,PERSON_ACCUSED_842,FIR_480,ACCUSED_IN,Accused in FIR 480
REL_ACC_843,PERSON_ACCUSED_843,FIR_481,ACCUSED_IN,Accused in FIR 481
REL_ACC_844,PERSON_ACCUSED_844,FIR_481,ACCUSED_IN,Accused in FIR 481
REL_ACC_845,PERSON_ACCUSED_845,FIR_482,ACCUSED_IN,Accused in FIR 482
REL_ACC_846,PERSON_ACCUSED_846,FIR_483,ACCUSED_IN,Accused in FIR 483
REL_ACC_847,PERSON_ACCUSED_847,FIR_483,ACCUSED_IN,Accused in FIR 483
REL_ACC_848,PERSON_ACCUSED_848,FIR_484,ACCUSED_IN,Accused in FIR 484
REL_ACC_849,PERSON_ACCUSED_849,FIR_485,ACCUSED_IN,Accused in FIR 485
REL_ACC_850,PERSON_ACCUSED_850,FIR_486,ACCUSED_IN,Accused in FIR 486
REL_ACC_851,PERSON_ACCUSED_851,FIR_487,ACCUSED_IN,Accused in FIR 487
REL_ACC_852,PERSON_ACCUSED_852,FIR_487,ACCUSED_IN,Accused in FIR 487
REL_ACC_853,PERSON_ACCUSED_853,FIR_487,ACCUSED_IN,Accused in FIR 487
REL_ACC_854,PERSON_ACCUSED_854,FIR_488,ACCUSED_IN,Accused in FIR 488
REL_ACC_855,PERSON_ACCUSED_855,FIR_488,ACCUSED_IN,Accused in FIR 488
REL_ACC_856,PERSON_ACCUSED_856,FIR_489,ACCUSED_IN,Accused in FIR 489
REL_ACC_857,PERSON_ACCUSED_857,FIR_490,ACCUSED_IN,Accused in FIR 490
REL_ACC_858,PERSON_ACCUSED_858,FIR_490,ACCUSED_IN,Accused in FIR 490
REL_ACC_859,PERSON_ACCUSED_859,FIR_491,ACCUSED_IN,Accused in FIR 491
REL_ACC_860,PERSON_ACCUSED_860,FIR_492,ACCUSED_IN,Accused in FIR 492
REL_ACC_861,PERSON_ACCUSED_861,FIR_493,ACCUSED_IN,Accused in FIR 493
REL_ACC_862,PERSON_ACCUSED_862,FIR_494,ACCUSED_IN,Accused in FIR 494
REL_ACC_863,PERSON_ACCUSED_863,FIR_495,ACCUSED_IN,Accused in FIR 495
REL_ACC_864,PERSON_ACCUSED_864,FIR_495,ACCUSED_IN,Accused in FIR 495
REL_ACC_865,PERSON_ACCUSED_865,FIR_496,ACCUSED_IN,Accused in FIR 496
REL_ACC_866,PERSON_ACCUSED_429,FIR_497,ACCUSED_IN,Accused in FIR 497
REL_ACC_867,PERSON_ACCUSED_867,FIR_497,ACCUSED_IN,Accused in FIR 497
REL_ACC_868,PERSON_ACCUSED_868,FIR_498,ACCUSED_IN,Accused in FIR 498
REL_ACC_869,PERSON_ACCUSED_869,FIR_499,ACCUSED_IN,Accused in FIR 499
REL_ACC_870,PERSON_ACCUSED_870,FIR_500,ACCUSED_IN,Accused in FIR 500
REL_ACC_871,PERSON_ACCUSED_871,FIR_501,ACCUSED_IN,Accused in FIR 501
REL_ACC_872,PERSON_ACCUSED_872,FIR_501,ACCUSED_IN,Accused in FIR 501
REL_ACC_873,PERSON_ACCUSED_873,FIR_501,ACCUSED_IN,Accused in FIR 501
REL_ACC_874,PERSON_ACCUSED_874,FIR_502,ACCUSED_IN,Accused in FIR 502
REL_ACC_875,PERSON_ACCUSED_875,FIR_502,ACCUSED_IN,Accused in FIR 502
REL_ACC_876,PERSON_ACCUSED_876,FIR_503,ACCUSED_IN,Accused in FIR 503
REL_ACC_877,PERSON_ACCUSED_877,FIR_504,ACCUSED_IN,Accused in FIR 504
REL_ACC_878,PERSON_ACCUSED_878,FIR_505,ACCUSED_IN,Accused in FIR 505
REL_ACC_879,PERSON_ACCUSED_879,FIR_506,ACCUSED_IN,Accused in FIR 506
REL_ACC_880,PERSON_ACCUSED_880,FIR_506,ACCUSED_IN,Accused in FIR 506
REL_ACC_881,PERSON_ACCUSED_881,FIR_507,ACCUSED_IN,Accused in FIR 507
REL_ACC_882,PERSON_ACCUSED_882,FIR_508,ACCUSED_IN,Accused in FIR 508
REL_ACC_883,PERSON_ACCUSED_883,FIR_509,ACCUSED_IN,Accused in FIR 509
REL_ACC_884,PERSON_ACCUSED_884,FIR_510,ACCUSED_IN,Accused in FIR 510
REL_ACC_885,PERSON_ACCUSED_885,FIR_510,ACCUSED_IN,Accused in FIR 510
REL_ACC_886,PERSON_ACCUSED_886,FIR_511,ACCUSED_IN,Accused in FIR 511
REL_ACC_887,PERSON_ACCUSED_887,FIR_511,ACCUSED_IN,Accused in FIR 511
REL_ACC_888,PERSON_ACCUSED_888,FIR_511,ACCUSED_IN,Accused in FIR 511
REL_ACC_889,PERSON_ACCUSED_889,FIR_512,ACCUSED_IN,Accused in FIR 512
REL_ACC_890,PERSON_ACCUSED_890,FIR_512,ACCUSED_IN,Accused in FIR 512
REL_ACC_891,PERSON_ACCUSED_891,FIR_512,ACCUSED_IN,Accused in FIR 512
REL_ACC_892,PERSON_ACCUSED_892,FIR_513,ACCUSED_IN,Accused in FIR 513
REL_ACC_893,PERSON_ACCUSED_893,FIR_513,ACCUSED_IN,Accused in FIR 513
REL_ACC_894,PERSON_ACCUSED_894,FIR_514,ACCUSED_IN,Accused in FIR 514
REL_ACC_895,PERSON_ACCUSED_895,FIR_514,ACCUSED_IN,Accused in FIR 514
REL_ACC_896,PERSON_ACCUSED_896,FIR_514,ACCUSED_IN,Accused in FIR 514
REL_ACC_897,PERSON_ACCUSED_897,FIR_515,ACCUSED_IN,Accused in FIR 515
REL_ACC_898,PERSON_ACCUSED_898,FIR_515,ACCUSED_IN,Accused in FIR 515
REL_ACC_899,PERSON_ACCUSED_899,FIR_516,ACCUSED_IN,Accused in FIR 516
REL_ACC_900,PERSON_ACCUSED_900,FIR_517,ACCUSED_IN,Accused in FIR 517
REL_ACC_901,PERSON_ACCUSED_901,FIR_517,ACCUSED_IN,Accused in FIR 517
REL_ACC_902,PERSON_ACCUSED_902,FIR_518,ACCUSED_IN,Accused in FIR 518
REL_ACC_903,PERSON_ACCUSED_382,FIR_519,ACCUSED_IN,Accused in FIR 519
REL_ACC_904,PERSON_ACCUSED_904,FIR_519,ACCUSED_IN,Accused in FIR 519
REL_ACC_905,PERSON_ACCUSED_905,FIR_520,ACCUSED_IN,Accused in FIR 520
REL_ACC_906,PERSON_ACCUSED_906,FIR_520,ACCUSED_IN,Accused in FIR 520
REL_ACC_907,PERSON_ACCUSED_907,FIR_520,ACCUSED_IN,Accused in FIR 520
REL_ACC_908,PERSON_ACCUSED_908,FIR_520,ACCUSED_IN,Accused in FIR 520
REL_ACC_909,PERSON_ACCUSED_909,FIR_520,ACCUSED_IN,Accused in FIR 520
REL_ACC_910,PERSON_ACCUSED_910,FIR_520,ACCUSED_IN,Accused in FIR 520
REL_ACC_911,PERSON_ACCUSED_911,FIR_521,ACCUSED_IN,Accused in FIR 521
REL_ACC_912,PERSON_ACCUSED_912,FIR_521,ACCUSED_IN,Accused in FIR 521
REL_ACC_913,PERSON_ACCUSED_913,FIR_521,ACCUSED_IN,Accused in FIR 521
REL_ACC_914,PERSON_ACCUSED_914,FIR_522,ACCUSED_IN,Accused in FIR 522
REL_ACC_915,PERSON_ACCUSED_296,FIR_523,ACCUSED_IN,Accused in FIR 523
REL_ACC_916,PERSON_ACCUSED_916,FIR_523,ACCUSED_IN,Accused in FIR 523
REL_ACC_917,PERSON_ACCUSED_917,FIR_524,ACCUSED_IN,Accused in FIR 524
REL_ACC_918,PERSON_ACCUSED_918,FIR_524,ACCUSED_IN,Accused in FIR 524
REL_ACC_919,PERSON_ACCUSED_919,FIR_525,ACCUSED_IN,Accused in FIR 525
REL_ACC_920,PERSON_ACCUSED_920,FIR_525,ACCUSED_IN,Accused in FIR 525
REL_ACC_921,PERSON_ACCUSED_921,FIR_525,ACCUSED_IN,Accused in FIR 525
REL_ACC_922,PERSON_ACCUSED_503,FIR_526,ACCUSED_IN,Accused in FIR 526
REL_ACC_923,PERSON_ACCUSED_923,FIR_526,ACCUSED_IN,Accused in FIR 526
REL_ACC_924,PERSON_ACCUSED_924,FIR_527,ACCUSED_IN,Accused in FIR 527
REL_ACC_925,PERSON_ACCUSED_925,FIR_527,ACCUSED_IN,Accused in FIR 527
REL_ACC_926,PERSON_ACCUSED_926,FIR_528,ACCUSED_IN,Accused in FIR 528
REL_ACC_927,PERSON_ACCUSED_927,FIR_529,ACCUSED_IN,Accused in FIR 529
REL_ACC_928,PERSON_ACCUSED_928,FIR_529,ACCUSED_IN,Accused in FIR 529
REL_ACC_929,PERSON_ACCUSED_929,FIR_529,ACCUSED_IN,Accused in FIR 529
REL_ACC_930,PERSON_ACCUSED_930,FIR_530,ACCUSED_IN,Accused in FIR 530
REL_ACC_931,PERSON_ACCUSED_931,FIR_531,ACCUSED_IN,Accused in FIR 531
REL_ACC_932,PERSON_ACCUSED_932,FIR_532,ACCUSED_IN,Accused in FIR 532
REL_ACC_933,PERSON_ACCUSED_933,FIR_532,ACCUSED_IN,Accused in FIR 532
REL_ACC_934,PERSON_ACCUSED_934,FIR_532,ACCUSED_IN,Accused in FIR 532
REL_ACC_935,PERSON_ACCUSED_935,FIR_533,ACCUSED_IN,Accused in FIR 533
REL_ACC_936,PERSON_ACCUSED_936,FIR_533,ACCUSED_IN,Accused in FIR 533
REL_ACC_937,PERSON_ACCUSED_937,FIR_534,ACCUSED_IN,Accused in FIR 534
REL_ACC_938,PERSON_ACCUSED_938,FIR_535,ACCUSED_IN,Accused in FIR 535
REL_ACC_939,PERSON_ACCUSED_939,FIR_536,ACCUSED_IN,Accused in FIR 536
REL_ACC_940,PERSON_ACCUSED_940,FIR_536,ACCUSED_IN,Accused in FIR 536
REL_ACC_941,PERSON_ACCUSED_941,FIR_537,ACCUSED_IN,Accused in FIR 537
REL_ACC_942,PERSON_ACCUSED_942,FIR_537,ACCUSED_IN,Accused in FIR 537
REL_ACC_943,PERSON_ACCUSED_943,FIR_537,ACCUSED_IN,Accused in FIR 537
REL_ACC_944,PERSON_ACCUSED_944,FIR_538,ACCUSED_IN,Accused in FIR 538
REL_ACC_945,PERSON_ACCUSED_945,FIR_539,ACCUSED_IN,Accused in FIR 539
REL_ACC_946,PERSON_ACCUSED_946,FIR_540,ACCUSED_IN,Accused in FIR 540
REL_ACC_947,PERSON_ACCUSED_947,FIR_540,ACCUSED_IN,Accused in FIR 540
REL_ACC_948,PERSON_ACCUSED_948,FIR_540,ACCUSED_IN,Accused in FIR 540
REL_ACC_949,PERSON_ACCUSED_949,FIR_541,ACCUSED_IN,Accused in FIR 541
REL_ACC_950,PERSON_ACCUSED_950,FIR_541,ACCUSED_IN,Accused in FIR 541
REL_ACC_951,PERSON_ACCUSED_951,FIR_541,ACCUSED_IN,Accused in FIR 541
REL_ACC_952,PERSON_ACCUSED_952,FIR_542,ACCUSED_IN,Accused in FIR 542
REL_ACC_953,PERSON_ACCUSED_953,FIR_543,ACCUSED_IN,Accused in FIR 543
REL_ACC_954,PERSON_ACCUSED_954,FIR_544,ACCUSED_IN,Accused in FIR 544
REL_ACC_955,PERSON_ACCUSED_955,FIR_544,ACCUSED_IN,Accused in FIR 544
REL_ACC_956,PERSON_ACCUSED_956,FIR_545,ACCUSED_IN,Accused in FIR 545
REL_ACC_957,PERSON_ACCUSED_957,FIR_545,ACCUSED_IN,Accused in FIR 545
REL_ACC_958,PERSON_ACCUSED_958,FIR_545,ACCUSED_IN,Accused in FIR 545
REL_ACC_959,PERSON_ACCUSED_959,FIR_545,ACCUSED_IN,Accused in FIR 545
REL_ACC_960,PERSON_ACCUSED_960,FIR_545,ACCUSED_IN,Accused in FIR 545
REL_ACC_961,PERSON_ACCUSED_961,FIR_546,ACCUSED_IN,Accused in FIR 546
REL_ACC_962,PERSON_ACCUSED_962,FIR_547,ACCUSED_IN,Accused in FIR 547
REL_ACC_963,PERSON_ACCUSED_963,FIR_547,ACCUSED_IN,Accused in FIR 547
REL_ACC_964,PERSON_ACCUSED_964,FIR_547,ACCUSED_IN,Accused in FIR 547
REL_ACC_965,PERSON_ACCUSED_965,FIR_547,ACCUSED_IN,Accused in FIR 547
REL_ACC_966,PERSON_ACCUSED_966,FIR_547,ACCUSED_IN,Accused in FIR 547
REL_ACC_967,PERSON_ACCUSED_967,FIR_547,ACCUSED_IN,Accused in FIR 547
REL_ACC_968,PERSON_ACCUSED_968,FIR_547,ACCUSED_IN,Accused in FIR 547
REL_ACC_969,PERSON_ACCUSED_969,FIR_547,ACCUSED_IN,Accused in FIR 547
REL_ACC_970,PERSON_ACCUSED_970,FIR_548,ACCUSED_IN,Accused in FIR 548
REL_ACC_971,PERSON_ACCUSED_971,FIR_548,ACCUSED_IN,Accused in FIR 548
REL_ACC_972,PERSON_ACCUSED_972,FIR_549,ACCUSED_IN,Accused in FIR 549
REL_ACC_973,PERSON_ACCUSED_973,FIR_550,ACCUSED_IN,Accused in FIR 550
REL_ACC_974,PERSON_ACCUSED_974,FIR_551,ACCUSED_IN,Accused in FIR 551
REL_ACC_975,PERSON_ACCUSED_975,FIR_551,ACCUSED_IN,Accused in FIR 551
REL_ACC_976,PERSON_ACCUSED_976,FIR_552,ACCUSED_IN,Accused in FIR 552
REL_ACC_977,PERSON_ACCUSED_977,FIR_552,ACCUSED_IN,Accused in FIR 552
REL_ACC_978,PERSON_ACCUSED_978,FIR_553,ACCUSED_IN,Accused in FIR 553
REL_ACC_979,PERSON_ACCUSED_979,FIR_554,ACCUSED_IN,Accused in FIR 554
REL_ACC_980,PERSON_ACCUSED_980,FIR_554,ACCUSED_IN,Accused in FIR 554
REL_ACC_981,PERSON_ACCUSED_981,FIR_554,ACCUSED_IN,Accused in FIR 554
REL_ACC_982,PERSON_ACCUSED_982,FIR_555,ACCUSED_IN,Accused in FIR 555
REL_ACC_983,PERSON_ACCUSED_983,FIR_555,ACCUSED_IN,Accused in FIR 555
REL_ACC_984,PERSON_ACCUSED_984,FIR_555,ACCUSED_IN,Accused in FIR 555
REL_ACC_985,PERSON_ACCUSED_985,FIR_555,ACCUSED_IN,Accused in FIR 555
REL_ACC_986,PERSON_ACCUSED_986,FIR_556,ACCUSED_IN,Accused in FIR 556
REL_ACC_987,PERSON_ACCUSED_987,FIR_556,ACCUSED_IN,Accused in FIR 556
REL_ACC_988,PERSON_ACCUSED_988,FIR_557,ACCUSED_IN,Accused in FIR 557
REL_ACC_989,PERSON_ACCUSED_989,FIR_557,ACCUSED_IN,Accused in FIR 557
REL_ACC_990,PERSON_ACCUSED_990,FIR_557,ACCUSED_IN,Accused in FIR 557
REL_ACC_991,PERSON_ACCUSED_991,FIR_557,ACCUSED_IN,Accused in FIR 557
REL_ACC_992,PERSON_ACCUSED_992,FIR_557,ACCUSED_IN,Accused in FIR 557
REL_ACC_993,PERSON_ACCUSED_993,FIR_557,ACCUSED_IN,Accused in FIR 557
REL_ACC_994,PERSON_ACCUSED_994,FIR_557,ACCUSED_IN,Accused in FIR 557
REL_ACC_995,PERSON_ACCUSED_22,FIR_558,ACCUSED_IN,Accused in FIR 558
REL_ACC_996,PERSON_ACCUSED_996,FIR_558,ACCUSED_IN,Accused in FIR 558
REL_ACC_997,PERSON_ACCUSED_997,FIR_559,ACCUSED_IN,Accused in FIR 559
REL_ACC_998,PERSON_ACCUSED_998,FIR_560,ACCUSED_IN,Accused in FIR 560
REL_ACC_999,PERSON_ACCUSED_999,FIR_560,ACCUSED_IN,Accused in FIR 560
REL_ACC_1000,PERSON_ACCUSED_1000,FIR_561,ACCUSED_IN,Accused in FIR 561
REL_ACC_1001,PERSON_ACCUSED_1001,FIR_561,ACCUSED_IN,Accused in FIR 561
REL_ACC_1002,PERSON_ACCUSED_1002,FIR_561,ACCUSED_IN,Accused in FIR 561
REL_ACC_1003,PERSON_ACCUSED_1003,FIR_562,ACCUSED_IN,Accused in FIR 562
REL_ACC_1004,PERSON_ACCUSED_1004,FIR_563,ACCUSED_IN,Accused in FIR 563
REL_ACC_1005,PERSON_ACCUSED_1005,FIR_563,ACCUSED_IN,Accused in FIR 563
REL_ACC_1006,PERSON_ACCUSED_1006,FIR_564,ACCUSED_IN,Accused in FIR 564
REL_ACC_1007,PERSON_ACCUSED_1007,FIR_565,ACCUSED_IN,Accused in FIR 565
REL_ACC_1008,PERSON_ACCUSED_1008,FIR_565,ACCUSED_IN,Accused in FIR 565
REL_ACC_1009,PERSON_ACCUSED_1009,FIR_566,ACCUSED_IN,Accused in FIR 566
REL_ACC_1010,PERSON_ACCUSED_1010,FIR_567,ACCUSED_IN,Accused in FIR 567
REL_ACC_1011,PERSON_ACCUSED_1011,FIR_567,ACCUSED_IN,Accused in FIR 567
REL_ACC_1012,PERSON_ACCUSED_1012,FIR_568,ACCUSED_IN,Accused in FIR 568
REL_ACC_1013,PERSON_ACCUSED_1013,FIR_569,ACCUSED_IN,Accused in FIR 569
REL_ACC_1014,PERSON_ACCUSED_1014,FIR_570,ACCUSED_IN,Accused in FIR 570
REL_ACC_1015,PERSON_ACCUSED_1015,FIR_571,ACCUSED_IN,Accused in FIR 571
REL_ACC_1016,PERSON_ACCUSED_1016,FIR_571,ACCUSED_IN,Accused in FIR 571
REL_ACC_1017,PERSON_ACCUSED_1017,FIR_572,ACCUSED_IN,Accused in FIR 572
REL_ACC_1018,PERSON_ACCUSED_1018,FIR_572,ACCUSED_IN,Accused in FIR 572
REL_ACC_1019,PERSON_ACCUSED_1019,FIR_573,ACCUSED_IN,Accused in FIR 573
REL_ACC_1020,PERSON_ACCUSED_1020,FIR_574,ACCUSED_IN,Accused in FIR 574
REL_ACC_1021,PERSON_ACCUSED_1021,FIR_574,ACCUSED_IN,Accused in FIR 574
REL_ACC_1022,PERSON_ACCUSED_1022,FIR_574,ACCUSED_IN,Accused in FIR 574
REL_ACC_1023,PERSON_ACCUSED_1023,FIR_575,ACCUSED_IN,Accused in FIR 575
REL_ACC_1024,PERSON_ACCUSED_1024,FIR_576,ACCUSED_IN,Accused in FIR 576
REL_ACC_1025,PERSON_ACCUSED_1025,FIR_576,ACCUSED_IN,Accused in FIR 576
REL_ACC_1026,PERSON_ACCUSED_1026,FIR_577,ACCUSED_IN,Accused in FIR 577
REL_ACC_1027,PERSON_ACCUSED_1027,FIR_577,ACCUSED_IN,Accused in FIR 577
REL_ACC_1028,PERSON_ACCUSED_1028,FIR_578,ACCUSED_IN,Accused in FIR 578
REL_ACC_1029,PERSON_ACCUSED_1029,FIR_579,ACCUSED_IN,Accused in FIR 579
REL_ACC_1030,PERSON_ACCUSED_1030,FIR_580,ACCUSED_IN,Accused in FIR 580
REL_ACC_1031,PERSON_ACCUSED_1031,FIR_580,ACCUSED_IN,Accused in FIR 580
REL_ACC_1032,PERSON_ACCUSED_1032,FIR_580,ACCUSED_IN,Accused in FIR 580
REL_ACC_1033,PERSON_ACCUSED_1033,FIR_580,ACCUSED_IN,Accused in FIR 580
REL_ACC_1034,PERSON_ACCUSED_1034,FIR_580,ACCUSED_IN,Accused in FIR 580
REL_ACC_1035,PERSON_ACCUSED_1035,FIR_580,ACCUSED_IN,Accused in FIR 580
REL_ACC_1036,PERSON_ACCUSED_1036,FIR_580,ACCUSED_IN,Accused in FIR 580
REL_ACC_1037,PERSON_ACCUSED_1037,FIR_581,ACCUSED_IN,Accused in FIR 581
REL_ACC_1038,PERSON_ACCUSED_1038,FIR_582,ACCUSED_IN,Accused in FIR 582
REL_ACC_1039,PERSON_ACCUSED_1039,FIR_582,ACCUSED_IN,Accused in FIR 582
REL_ACC_1040,PERSON_ACCUSED_1040,FIR_582,ACCUSED_IN,Accused in FIR 582
REL_ACC_1041,PERSON_ACCUSED_1041,FIR_582,ACCUSED_IN,Accused in FIR 582
REL_ACC_1042,PERSON_ACCUSED_1042,FIR_583,ACCUSED_IN,Accused in FIR 583
REL_ACC_1043,PERSON_ACCUSED_1043,FIR_584,ACCUSED_IN,Accused in FIR 584
REL_ACC_1044,PERSON_ACCUSED_1044,FIR_585,ACCUSED_IN,Accused in FIR 585
REL_ACC_1045,PERSON_ACCUSED_1045,FIR_586,ACCUSED_IN,Accused in FIR 586
REL_ACC_1046,PERSON_ACCUSED_1046,FIR_586,ACCUSED_IN,Accused in FIR 586
REL_ACC_1047,PERSON_ACCUSED_1047,FIR_586,ACCUSED_IN,Accused in FIR 586
REL_ACC_1048,PERSON_ACCUSED_382,FIR_587,ACCUSED_IN,Accused in FIR 587
REL_ACC_1049,PERSON_ACCUSED_1049,FIR_587,ACCUSED_IN,Accused in FIR 587
REL_ACC_1050,PERSON_ACCUSED_1050,FIR_588,ACCUSED_IN,Accused in FIR 588
REL_ACC_1051,PERSON_ACCUSED_1051,FIR_589,ACCUSED_IN,Accused in FIR 589
REL_ACC_1052,PERSON_ACCUSED_1052,FIR_590,ACCUSED_IN,Accused in FIR 590
REL_ACC_1053,PERSON_ACCUSED_1053,FIR_590,ACCUSED_IN,Accused in FIR 590
REL_ACC_1054,PERSON_ACCUSED_1054,FIR_591,ACCUSED_IN,Accused in FIR 591
REL_ACC_1055,PERSON_ACCUSED_1055,FIR_591,ACCUSED_IN,Accused in FIR 591
REL_ACC_1056,PERSON_ACCUSED_1056,FIR_592,ACCUSED_IN,Accused in FIR 592
REL_ACC_1057,PERSON_ACCUSED_1057,FIR_592,ACCUSED_IN,Accused in FIR 592
REL_ACC_1058,PERSON_ACCUSED_503,FIR_593,ACCUSED_IN,Accused in FIR 593
REL_ACC_1059,PERSON_ACCUSED_1059,FIR_593,ACCUSED_IN,Accused in FIR 593
REL_ACC_1060,PERSON_ACCUSED_1060,FIR_594,ACCUSED_IN,Accused in FIR 594
REL_ACC_1061,PERSON_ACCUSED_1061,FIR_595,ACCUSED_IN,Accused in FIR 595
REL_ACC_1062,PERSON_ACCUSED_1062,FIR_596,ACCUSED_IN,Accused in FIR 596
REL_ACC_1063,PERSON_ACCUSED_1063,FIR_596,ACCUSED_IN,Accused in FIR 596
REL_ACC_1064,PERSON_ACCUSED_1064,FIR_597,ACCUSED_IN,Accused in FIR 597
REL_ACC_1065,PERSON_ACCUSED_1065,FIR_598,ACCUSED_IN,Accused in FIR 598
REL_ACC_1066,PERSON_ACCUSED_1066,FIR_598,ACCUSED_IN,Accused in FIR 598
REL_ACC_1067,PERSON_ACCUSED_1067,FIR_598,ACCUSED_IN,Accused in FIR 598
REL_ACC_1068,PERSON_ACCUSED_1068,FIR_599,ACCUSED_IN,Accused in FIR 599
REL_ACC_1069,PERSON_ACCUSED_1069,FIR_600,ACCUSED_IN,Accused in FIR 600
REL_ACC_1070,PERSON_ACCUSED_1070,FIR_601,ACCUSED_IN,Accused in FIR 601
REL_ACC_1071,PERSON_ACCUSED_1071,FIR_601,ACCUSED_IN,Accused in FIR 601
REL_ACC_1072,PERSON_ACCUSED_1072,FIR_602,ACCUSED_IN,Accused in FIR 602
REL_ACC_1073,PERSON_ACCUSED_1073,FIR_602,ACCUSED_IN,Accused in FIR 602
REL_ACC_1074,PERSON_ACCUSED_1074,FIR_603,ACCUSED_IN,Accused in FIR 603
REL_ACC_1075,PERSON_ACCUSED_1075,FIR_604,ACCUSED_IN,Accused in FIR 604
REL_ACC_1076,PERSON_ACCUSED_1076,FIR_605,ACCUSED_IN,Accused in FIR 605
REL_ACC_1077,PERSON_ACCUSED_1077,FIR_605,ACCUSED_IN,Accused in FIR 605
REL_ACC_1078,PERSON_ACCUSED_1078,FIR_606,ACCUSED_IN,Accused in FIR 606
REL_ACC_1079,PERSON_ACCUSED_1079,FIR_607,ACCUSED_IN,Accused in FIR 607
REL_ACC_1080,PERSON_ACCUSED_1080,FIR_607,ACCUSED_IN,Accused in FIR 607
REL_ACC_1081,PERSON_ACCUSED_1081,FIR_607,ACCUSED_IN,Accused in FIR 607
REL_ACC_1082,PERSON_ACCUSED_1082,FIR_607,ACCUSED_IN,Accused in FIR 607
REL_ACC_1083,PERSON_ACCUSED_1083,FIR_607,ACCUSED_IN,Accused in FIR 607
REL_ACC_1084,PERSON_ACCUSED_1084,FIR_608,ACCUSED_IN,Accused in FIR 608
REL_ACC_1085,PERSON_ACCUSED_1085,FIR_609,ACCUSED_IN,Accused in FIR 609
REL_ACC_1086,PERSON_ACCUSED_1086,FIR_610,ACCUSED_IN,Accused in FIR 610
REL_ACC_1087,PERSON_ACCUSED_1087,FIR_610,ACCUSED_IN,Accused in FIR 610
REL_ACC_1088,PERSON_ACCUSED_1088,FIR_610,ACCUSED_IN,Accused in FIR 610
REL_ACC_1089,PERSON_ACCUSED_1089,FIR_611,ACCUSED_IN,Accused in FIR 611
REL_ACC_1090,PERSON_ACCUSED_1090,FIR_612,ACCUSED_IN,Accused in FIR 612
REL_ACC_1091,PERSON_ACCUSED_1091,FIR_613,ACCUSED_IN,Accused in FIR 613
REL_ACC_1092,PERSON_ACCUSED_1092,FIR_613,ACCUSED_IN,Accused in FIR 613
REL_ACC_1093,PERSON_ACCUSED_1093,FIR_614,ACCUSED_IN,Accused in FIR 614
REL_ACC_1094,PERSON_ACCUSED_727,FIR_615,ACCUSED_IN,Accused in FIR 615
REL_ACC_1095,PERSON_ACCUSED_567,FIR_615,ACCUSED_IN,Accused in FIR 615
REL_ACC_1096,PERSON_ACCUSED_1096,FIR_615,ACCUSED_IN,Accused in FIR 615
REL_ACC_1097,PERSON_ACCUSED_1097,FIR_616,ACCUSED_IN,Accused in FIR 616
REL_ACC_1098,PERSON_ACCUSED_1098,FIR_616,ACCUSED_IN,Accused in FIR 616
REL_ACC_1099,PERSON_ACCUSED_1099,FIR_617,ACCUSED_IN,Accused in FIR 617
REL_ACC_1100,PERSON_ACCUSED_1100,FIR_618,ACCUSED_IN,Accused in FIR 618
REL_ACC_1101,PERSON_ACCUSED_1101,FIR_618,ACCUSED_IN,Accused in FIR 618
REL_ACC_1102,PERSON_ACCUSED_1102,FIR_618,ACCUSED_IN,Accused in FIR 618
REL_ACC_1103,PERSON_ACCUSED_1103,FIR_618,ACCUSED_IN,Accused in FIR 618
REL_ACC_1104,PERSON_ACCUSED_1104,FIR_618,ACCUSED_IN,Accused in FIR 618
REL_ACC_1105,PERSON_ACCUSED_1105,FIR_619,ACCUSED_IN,Accused in FIR 619
REL_ACC_1106,PERSON_ACCUSED_1106,FIR_619,ACCUSED_IN,Accused in FIR 619
REL_ACC_1107,PERSON_ACCUSED_1107,FIR_620,ACCUSED_IN,Accused in FIR 620
REL_ACC_1108,PERSON_ACCUSED_1108,FIR_621,ACCUSED_IN,Accused in FIR 621
REL_ACC_1109,PERSON_ACCUSED_1109,FIR_622,ACCUSED_IN,Accused in FIR 622
REL_ACC_1110,PERSON_ACCUSED_1110,FIR_622,ACCUSED_IN,Accused in FIR 622
REL_ACC_1111,PERSON_ACCUSED_1111,FIR_622,ACCUSED_IN,Accused in FIR 622
REL_ACC_1112,PERSON_ACCUSED_1112,FIR_623,ACCUSED_IN,Accused in FIR 623
REL_ACC_1113,PERSON_ACCUSED_1113,FIR_624,ACCUSED_IN,Accused in FIR 624
REL_ACC_1114,PERSON_ACCUSED_1114,FIR_625,ACCUSED_IN,Accused in FIR 625
REL_ACC_1115,PERSON_ACCUSED_1115,FIR_626,ACCUSED_IN,Accused in FIR 626
REL_ACC_1116,PERSON_ACCUSED_1116,FIR_626,ACCUSED_IN,Accused in FIR 626
REL_ACC_1117,PERSON_ACCUSED_1117,FIR_626,ACCUSED_IN,Accused in FIR 626
REL_ACC_1118,PERSON_ACCUSED_1118,FIR_627,ACCUSED_IN,Accused in FIR 627
REL_ACC_1119,PERSON_ACCUSED_1119,FIR_628,ACCUSED_IN,Accused in FIR 628
REL_ACC_1120,PERSON_ACCUSED_1120,FIR_629,ACCUSED_IN,Accused in FIR 629
REL_ACC_1121,PERSON_ACCUSED_1121,FIR_630,ACCUSED_IN,Accused in FIR 630
REL_ACC_1122,PERSON_ACCUSED_1122,FIR_630,ACCUSED_IN,Accused in FIR 630
REL_ACC_1123,PERSON_ACCUSED_1123,FIR_631,ACCUSED_IN,Accused in FIR 631
REL_ACC_1124,PERSON_ACCUSED_1124,FIR_632,ACCUSED_IN,Accused in FIR 632
REL_ACC_1125,PERSON_ACCUSED_1125,FIR_633,ACCUSED_IN,Accused in FIR 633
REL_ACC_1126,PERSON_ACCUSED_1126,FIR_634,ACCUSED_IN,Accused in FIR 634
REL_ACC_1127,PERSON_ACCUSED_1127,FIR_634,ACCUSED_IN,Accused in FIR 634
REL_ACC_1128,PERSON_ACCUSED_1128,FIR_634,ACCUSED_IN,Accused in FIR 634
REL_ACC_1129,PERSON_ACCUSED_1129,FIR_635,ACCUSED_IN,Accused in FIR 635
REL_ACC_1130,PERSON_ACCUSED_1130,FIR_636,ACCUSED_IN,Accused in FIR 636
REL_ACC_1131,PERSON_ACCUSED_1131,FIR_637,ACCUSED_IN,Accused in FIR 637
REL_ACC_1132,PERSON_ACCUSED_897,FIR_638,ACCUSED_IN,Accused in FIR 638
REL_ACC_1133,PERSON_ACCUSED_1133,FIR_638,ACCUSED_IN,Accused in FIR 638
REL_ACC_1134,PERSON_ACCUSED_1134,FIR_639,ACCUSED_IN,Accused in FIR 639
REL_ACC_1135,PERSON_ACCUSED_1135,FIR_639,ACCUSED_IN,Accused in FIR 639
REL_ACC_1136,PERSON_ACCUSED_1136,FIR_640,ACCUSED_IN,Accused in FIR 640
REL_ACC_1137,PERSON_ACCUSED_1137,FIR_641,ACCUSED_IN,Accused in FIR 641
REL_ACC_1138,PERSON_ACCUSED_1138,FIR_642,ACCUSED_IN,Accused in FIR 642
REL_ACC_1139,PERSON_ACCUSED_1139,FIR_642,ACCUSED_IN,Accused in FIR 642
REL_ACC_1140,PERSON_ACCUSED_1140,FIR_642,ACCUSED_IN,Accused in FIR 642
REL_ACC_1141,PERSON_ACCUSED_1141,FIR_642,ACCUSED_IN,Accused in FIR 642
REL_ACC_1142,PERSON_ACCUSED_1142,FIR_642,ACCUSED_IN,Accused in FIR 642
REL_ACC_1143,PERSON_ACCUSED_1143,FIR_643,ACCUSED_IN,Accused in FIR 643
REL_ACC_1144,PERSON_ACCUSED_1144,FIR_643,ACCUSED_IN,Accused in FIR 643
REL_ACC_1145,PERSON_ACCUSED_1145,FIR_644,ACCUSED_IN,Accused in FIR 644
REL_ACC_1146,PERSON_ACCUSED_1146,FIR_645,ACCUSED_IN,Accused in FIR 645
REL_ACC_1147,PERSON_ACCUSED_1147,FIR_646,ACCUSED_IN,Accused in FIR 646
REL_ACC_1148,PERSON_ACCUSED_1148,FIR_647,ACCUSED_IN,Accused in FIR 647
REL_ACC_1149,PERSON_ACCUSED_1149,FIR_648,ACCUSED_IN,Accused in FIR 648
REL_ACC_1150,PERSON_ACCUSED_1150,FIR_649,ACCUSED_IN,Accused in FIR 649
REL_ACC_1151,PERSON_ACCUSED_1151,FIR_649,ACCUSED_IN,Accused in FIR 649
REL_ACC_1152,PERSON_ACCUSED_1152,FIR_649,ACCUSED_IN,Accused in FIR 649
REL_ACC_1153,PERSON_ACCUSED_1153,FIR_650,ACCUSED_IN,Accused in FIR 650
REL_ACC_1154,PERSON_ACCUSED_1154,FIR_650,ACCUSED_IN,Accused in FIR 650
REL_ACC_1155,PERSON_ACCUSED_1155,FIR_650,ACCUSED_IN,Accused in FIR 650
REL_ACC_1156,PERSON_ACCUSED_1156,FIR_651,ACCUSED_IN,Accused in FIR 651
REL_ACC_1157,PERSON_ACCUSED_1157,FIR_651,ACCUSED_IN,Accused in FIR 651
REL_ACC_1158,PERSON_ACCUSED_1158,FIR_652,ACCUSED_IN,Accused in FIR 652
REL_ACC_1159,PERSON_ACCUSED_1159,FIR_653,ACCUSED_IN,Accused in FIR 653
REL_ACC_1160,PERSON_ACCUSED_655,FIR_654,ACCUSED_IN,Accused in FIR 654
REL_ACC_1161,PERSON_ACCUSED_1161,FIR_654,ACCUSED_IN,Accused in FIR 654
REL_ACC_1162,PERSON_ACCUSED_1162,FIR_655,ACCUSED_IN,Accused in FIR 655
REL_ACC_1163,PERSON_ACCUSED_1163,FIR_655,ACCUSED_IN,Accused in FIR 655
REL_ACC_1164,PERSON_ACCUSED_1164,FIR_656,ACCUSED_IN,Accused in FIR 656
REL_ACC_1165,PERSON_ACCUSED_1165,FIR_656,ACCUSED_IN,Accused in FIR 656
REL_ACC_1166,PERSON_ACCUSED_1166,FIR_657,ACCUSED_IN,Accused in FIR 657
REL_ACC_1167,PERSON_ACCUSED_1167,FIR_658,ACCUSED_IN,Accused in FIR 658
REL_ACC_1168,PERSON_ACCUSED_1168,FIR_658,ACCUSED_IN,Accused in FIR 658
REL_ACC_1169,PERSON_ACCUSED_1169,FIR_659,ACCUSED_IN,Accused in FIR 659
REL_ACC_1170,PERSON_ACCUSED_1170,FIR_659,ACCUSED_IN,Accused in FIR 659
REL_ACC_1171,PERSON_ACCUSED_1171,FIR_660,ACCUSED_IN,Accused in FIR 660
REL_ACC_1172,PERSON_ACCUSED_1172,FIR_660,ACCUSED_IN,Accused in FIR 660
REL_ACC_1173,PERSON_ACCUSED_1173,FIR_661,ACCUSED_IN,Accused in FIR 661
REL_ACC_1174,PERSON_ACCUSED_1174,FIR_661,ACCUSED_IN,Accused in FIR 661
REL_ACC_1175,PERSON_ACCUSED_1175,FIR_662,ACCUSED_IN,Accused in FIR 662
REL_ACC_1176,PERSON_ACCUSED_1176,FIR_662,ACCUSED_IN,Accused in FIR 662
REL_ACC_1177,PERSON_ACCUSED_1177,FIR_662,ACCUSED_IN,Accused in FIR 662
REL_ACC_1178,PERSON_ACCUSED_1178,FIR_662,ACCUSED_IN,Accused in FIR 662
REL_ACC_1179,PERSON_ACCUSED_1179,FIR_662,ACCUSED_IN,Accused in FIR 662
REL_ACC_1180,PERSON_ACCUSED_1180,FIR_663,ACCUSED_IN,Accused in FIR 663
REL_ACC_1181,PERSON_ACCUSED_1181,FIR_663,ACCUSED_IN,Accused in FIR 663
REL_ACC_1182,PERSON_ACCUSED_1182,FIR_664,ACCUSED_IN,Accused in FIR 664
REL_ACC_1183,PERSON_ACCUSED_1183,FIR_665,ACCUSED_IN,Accused in FIR 665
REL_ACC_1184,PERSON_ACCUSED_1184,FIR_666,ACCUSED_IN,Accused in FIR 666
REL_ACC_1185,PERSON_ACCUSED_1185,FIR_666,ACCUSED_IN,Accused in FIR 666
REL_ACC_1186,PERSON_ACCUSED_1186,FIR_667,ACCUSED_IN,Accused in FIR 667
REL_ACC_1187,PERSON_ACCUSED_1187,FIR_668,ACCUSED_IN,Accused in FIR 668
REL_ACC_1188,PERSON_ACCUSED_1188,FIR_669,ACCUSED_IN,Accused in FIR 669
REL_ACC_1189,PERSON_ACCUSED_1189,FIR_670,ACCUSED_IN,Accused in FIR 670
REL_ACC_1190,PERSON_ACCUSED_1190,FIR_670,ACCUSED_IN,Accused in FIR 670
REL_ACC_1191,PERSON_ACCUSED_1191,FIR_671,ACCUSED_IN,Accused in FIR 671
REL_ACC_1192,PERSON_ACCUSED_1192,FIR_671,ACCUSED_IN,Accused in FIR 671
REL_ACC_1193,PERSON_ACCUSED_1193,FIR_671,ACCUSED_IN,Accused in FIR 671
REL_ACC_1194,PERSON_ACCUSED_1194,FIR_672,ACCUSED_IN,Accused in FIR 672
REL_ACC_1195,PERSON_ACCUSED_1195,FIR_673,ACCUSED_IN,Accused in FIR 673
REL_ACC_1196,PERSON_ACCUSED_1196,FIR_674,ACCUSED_IN,Accused in FIR 674
REL_ACC_1197,PERSON_ACCUSED_503,FIR_675,ACCUSED_IN,Accused in FIR 675
REL_ACC_1198,PERSON_ACCUSED_1198,FIR_675,ACCUSED_IN,Accused in FIR 675
REL_ACC_1199,PERSON_ACCUSED_1199,FIR_676,ACCUSED_IN,Accused in FIR 676
REL_ACC_1200,PERSON_ACCUSED_1200,FIR_677,ACCUSED_IN,Accused in FIR 677
REL_ACC_1201,PERSON_ACCUSED_1201,FIR_677,ACCUSED_IN,Accused in FIR 677
REL_ACC_1202,PERSON_ACCUSED_1202,FIR_678,ACCUSED_IN,Accused in FIR 678
REL_ACC_1203,PERSON_ACCUSED_1203,FIR_679,ACCUSED_IN,Accused in FIR 679
REL_ACC_1204,PERSON_ACCUSED_1204,FIR_679,ACCUSED_IN,Accused in FIR 679
REL_ACC_1205,PERSON_ACCUSED_1205,FIR_680,ACCUSED_IN,Accused in FIR 680
REL_ACC_1206,PERSON_ACCUSED_1206,FIR_680,ACCUSED_IN,Accused in FIR 680
REL_ACC_1207,PERSON_ACCUSED_1207,FIR_681,ACCUSED_IN,Accused in FIR 681
REL_ACC_1208,PERSON_ACCUSED_1208,FIR_682,ACCUSED_IN,Accused in FIR 682
REL_ACC_1209,PERSON_ACCUSED_1209,FIR_682,ACCUSED_IN,Accused in FIR 682
REL_ACC_1210,PERSON_ACCUSED_1210,FIR_683,ACCUSED_IN,Accused in FIR 683
REL_ACC_1211,PERSON_ACCUSED_1211,FIR_684,ACCUSED_IN,Accused in FIR 684
REL_ACC_1212,PERSON_ACCUSED_1212,FIR_685,ACCUSED_IN,Accused in FIR 685
REL_ACC_1213,PERSON_ACCUSED_1213,FIR_685,ACCUSED_IN,Accused in FIR 685
REL_ACC_1214,PERSON_ACCUSED_1214,FIR_685,ACCUSED_IN,Accused in FIR 685
REL_ACC_1215,PERSON_ACCUSED_1215,FIR_686,ACCUSED_IN,Accused in FIR 686
REL_ACC_1216,PERSON_ACCUSED_1216,FIR_686,ACCUSED_IN,Accused in FIR 686
REL_ACC_1217,PERSON_ACCUSED_1217,FIR_687,ACCUSED_IN,Accused in FIR 687
REL_ACC_1218,PERSON_ACCUSED_1218,FIR_688,ACCUSED_IN,Accused in FIR 688
REL_ACC_1219,PERSON_ACCUSED_1219,FIR_688,ACCUSED_IN,Accused in FIR 688
REL_ACC_1220,PERSON_ACCUSED_1220,FIR_688,ACCUSED_IN,Accused in FIR 688
REL_ACC_1221,PERSON_ACCUSED_1221,FIR_689,ACCUSED_IN,Accused in FIR 689
REL_ACC_1222,PERSON_ACCUSED_1222,FIR_689,ACCUSED_IN,Accused in FIR 689
REL_ACC_1223,PERSON_ACCUSED_1223,FIR_690,ACCUSED_IN,Accused in FIR 690
REL_ACC_1224,PERSON_ACCUSED_655,FIR_691,ACCUSED_IN,Accused in FIR 691
REL_ACC_1225,PERSON_ACCUSED_1225,FIR_691,ACCUSED_IN,Accused in FIR 691
REL_ACC_1226,PERSON_ACCUSED_1226,FIR_692,ACCUSED_IN,Accused in FIR 692
REL_ACC_1227,PERSON_ACCUSED_1227,FIR_693,ACCUSED_IN,Accused in FIR 693
REL_ACC_1228,PERSON_ACCUSED_1228,FIR_694,ACCUSED_IN,Accused in FIR 694
REL_ACC_1229,PERSON_ACCUSED_429,FIR_695,ACCUSED_IN,Accused in FIR 695
REL_ACC_1230,PERSON_ACCUSED_1230,FIR_695,ACCUSED_IN,Accused in FIR 695
REL_ACC_1231,PERSON_ACCUSED_1231,FIR_696,ACCUSED_IN,Accused in FIR 696
REL_ACC_1232,PERSON_ACCUSED_1232,FIR_697,ACCUSED_IN,Accused in FIR 697
REL_ACC_1233,PERSON_ACCUSED_1233,FIR_698,ACCUSED_IN,Accused in FIR 698
REL_ACC_1234,PERSON_ACCUSED_1234,FIR_698,ACCUSED_IN,Accused in FIR 698
REL_ACC_1235,PERSON_ACCUSED_1235,FIR_698,ACCUSED_IN,Accused in FIR 698
REL_ACC_1236,PERSON_ACCUSED_1236,FIR_699,ACCUSED_IN,Accused in FIR 699
REL_ACC_1237,PERSON_ACCUSED_1237,FIR_699,ACCUSED_IN,Accused in FIR 699
REL_ACC_1238,PERSON_ACCUSED_1238,FIR_700,ACCUSED_IN,Accused in FIR 700
REL_ACC_1239,PERSON_ACCUSED_1239,FIR_701,ACCUSED_IN,Accused in FIR 701
REL_ACC_1240,PERSON_ACCUSED_1240,FIR_702,ACCUSED_IN,Accused in FIR 702
REL_ACC_1241,PERSON_ACCUSED_1241,FIR_703,ACCUSED_IN,Accused in FIR 703
REL_ACC_1242,PERSON_ACCUSED_1242,FIR_703,ACCUSED_IN,Accused in FIR 703
REL_ACC_1243,PERSON_ACCUSED_1243,FIR_704,ACCUSED_IN,Accused in FIR 704
REL_ACC_1244,PERSON_ACCUSED_1244,FIR_704,ACCUSED_IN,Accused in FIR 704
REL_ACC_1245,PERSON_ACCUSED_1245,FIR_705,ACCUSED_IN,Accused in FIR 705
REL_ACC_1246,PERSON_ACCUSED_1246,FIR_705,ACCUSED_IN,Accused in FIR 705
REL_ACC_1247,PERSON_ACCUSED_1247,FIR_706,ACCUSED_IN,Accused in FIR 706
REL_ACC_1248,PERSON_ACCUSED_1248,FIR_706,ACCUSED_IN,Accused in FIR 706
REL_ACC_1249,PERSON_ACCUSED_1249,FIR_706,ACCUSED_IN,Accused in FIR 706
REL_ACC_1250,PERSON_ACCUSED_1250,FIR_707,ACCUSED_IN,Accused in FIR 707
REL_ACC_1251,PERSON_ACCUSED_1251,FIR_707,ACCUSED_IN,Accused in FIR 707
REL_ACC_1252,PERSON_ACCUSED_1252,FIR_707,ACCUSED_IN,Accused in FIR 707
REL_ACC_1253,PERSON_ACCUSED_1253,FIR_707,ACCUSED_IN,Accused in FIR 707
REL_ACC_1254,PERSON_ACCUSED_1254,FIR_707,ACCUSED_IN,Accused in FIR 707
REL_ACC_1255,PERSON_ACCUSED_1255,FIR_708,ACCUSED_IN,Accused in FIR 708
REL_ACC_1256,PERSON_ACCUSED_1256,FIR_709,ACCUSED_IN,Accused in FIR 709
REL_ACC_1257,PERSON_ACCUSED_1257,FIR_709,ACCUSED_IN,Accused in FIR 709
REL_ACC_1258,PERSON_ACCUSED_1258,FIR_710,ACCUSED_IN,Accused in FIR 710
REL_ACC_1259,PERSON_ACCUSED_1259,FIR_711,ACCUSED_IN,Accused in FIR 711
REL_ACC_1260,PERSON_ACCUSED_1260,FIR_712,ACCUSED_IN,Accused in FIR 712
REL_ACC_1261,PERSON_ACCUSED_1261,FIR_712,ACCUSED_IN,Accused in FIR 712
REL_ACC_1262,PERSON_ACCUSED_1262,FIR_713,ACCUSED_IN,Accused in FIR 713
REL_ACC_1263,PERSON_ACCUSED_1263,FIR_714,ACCUSED_IN,Accused in FIR 714
REL_ACC_1264,PERSON_ACCUSED_1264,FIR_714,ACCUSED_IN,Accused in FIR 714
REL_ACC_1265,PERSON_ACCUSED_1265,FIR_714,ACCUSED_IN,Accused in FIR 714
REL_ACC_1266,PERSON_ACCUSED_1266,FIR_715,ACCUSED_IN,Accused in FIR 715
REL_ACC_1267,PERSON_ACCUSED_1267,FIR_716,ACCUSED_IN,Accused in FIR 716
REL_ACC_1268,PERSON_ACCUSED_1268,FIR_717,ACCUSED_IN,Accused in FIR 717
REL_ACC_1269,PERSON_ACCUSED_1269,FIR_717,ACCUSED_IN,Accused in FIR 717
REL_ACC_1270,PERSON_ACCUSED_1270,FIR_718,ACCUSED_IN,Accused in FIR 718
REL_ACC_1271,PERSON_ACCUSED_1271,FIR_719,ACCUSED_IN,Accused in FIR 719
REL_ACC_1272,PERSON_ACCUSED_1272,FIR_719,ACCUSED_IN,Accused in FIR 719
REL_ACC_1273,PERSON_ACCUSED_1273,FIR_720,ACCUSED_IN,Accused in FIR 720
REL_ACC_1274,PERSON_ACCUSED_1274,FIR_721,ACCUSED_IN,Accused in FIR 721
REL_ACC_1275,PERSON_ACCUSED_1275,FIR_722,ACCUSED_IN,Accused in FIR 722
REL_ACC_1276,PERSON_ACCUSED_1276,FIR_722,ACCUSED_IN,Accused in FIR 722
REL_ACC_1277,PERSON_ACCUSED_1277,FIR_722,ACCUSED_IN,Accused in FIR 722
REL_ACC_1278,PERSON_ACCUSED_1278,FIR_723,ACCUSED_IN,Accused in FIR 723
REL_ACC_1279,PERSON_ACCUSED_1279,FIR_723,ACCUSED_IN,Accused in FIR 723
REL_ACC_1280,PERSON_ACCUSED_900,FIR_724,ACCUSED_IN,Accused in FIR 724
REL_ACC_1281,PERSON_ACCUSED_1281,FIR_724,ACCUSED_IN,Accused in FIR 724
REL_ACC_1282,PERSON_ACCUSED_1282,FIR_725,ACCUSED_IN,Accused in FIR 725
REL_ACC_1283,PERSON_ACCUSED_1283,FIR_726,ACCUSED_IN,Accused in FIR 726
REL_ACC_1284,PERSON_ACCUSED_1284,FIR_726,ACCUSED_IN,Accused in FIR 726
REL_ACC_1285,PERSON_ACCUSED_1285,FIR_727,ACCUSED_IN,Accused in FIR 727
REL_ACC_1286,PERSON_ACCUSED_1286,FIR_728,ACCUSED_IN,Accused in FIR 728
REL_ACC_1287,PERSON_ACCUSED_1287,FIR_729,ACCUSED_IN,Accused in FIR 729
REL_ACC_1288,PERSON_ACCUSED_473,FIR_730,ACCUSED_IN,Accused in FIR 730
REL_ACC_1289,PERSON_ACCUSED_1289,FIR_730,ACCUSED_IN,Accused in FIR 730
REL_ACC_1290,PERSON_ACCUSED_1290,FIR_731,ACCUSED_IN,Accused in FIR 731
REL_ACC_1291,PERSON_ACCUSED_1291,FIR_732,ACCUSED_IN,Accused in FIR 732
REL_ACC_1292,PERSON_ACCUSED_574,FIR_733,ACCUSED_IN,Accused in FIR 733
REL_ACC_1293,PERSON_ACCUSED_1293,FIR_733,ACCUSED_IN,Accused in FIR 733
REL_ACC_1294,PERSON_ACCUSED_1294,FIR_734,ACCUSED_IN,Accused in FIR 734
REL_ACC_1295,PERSON_ACCUSED_1295,FIR_734,ACCUSED_IN,Accused in FIR 734
REL_ACC_1296,PERSON_ACCUSED_1296,FIR_735,ACCUSED_IN,Accused in FIR 735
REL_ACC_1297,PERSON_ACCUSED_1297,FIR_735,ACCUSED_IN,Accused in FIR 735
REL_ACC_1298,PERSON_ACCUSED_1298,FIR_736,ACCUSED_IN,Accused in FIR 736
REL_ACC_1299,PERSON_ACCUSED_1299,FIR_737,ACCUSED_IN,Accused in FIR 737
REL_ACC_1300,PERSON_ACCUSED_1300,FIR_738,ACCUSED_IN,Accused in FIR 738
REL_ACC_1301,PERSON_ACCUSED_1301,FIR_739,ACCUSED_IN,Accused in FIR 739
REL_ACC_1302,PERSON_ACCUSED_577,FIR_740,ACCUSED_IN,Accused in FIR 740
REL_ACC_1303,PERSON_ACCUSED_1303,FIR_740,ACCUSED_IN,Accused in FIR 740
REL_ACC_1304,PERSON_ACCUSED_1304,FIR_741,ACCUSED_IN,Accused in FIR 741
REL_ACC_1305,PERSON_ACCUSED_1305,FIR_742,ACCUSED_IN,Accused in FIR 742
REL_ACC_1306,PERSON_ACCUSED_1306,FIR_742,ACCUSED_IN,Accused in FIR 742
REL_ACC_1307,PERSON_ACCUSED_1307,FIR_742,ACCUSED_IN,Accused in FIR 742
REL_ACC_1308,PERSON_ACCUSED_1308,FIR_743,ACCUSED_IN,Accused in FIR 743
REL_ACC_1309,PERSON_ACCUSED_1309,FIR_744,ACCUSED_IN,Accused in FIR 744
REL_ACC_1310,PERSON_ACCUSED_1310,FIR_745,ACCUSED_IN,Accused in FIR 745
REL_ACC_1311,PERSON_ACCUSED_1311,FIR_746,ACCUSED_IN,Accused in FIR 746
REL_ACC_1312,PERSON_ACCUSED_1312,FIR_747,ACCUSED_IN,Accused in FIR 747
REL_ACC_1313,PERSON_ACCUSED_1313,FIR_748,ACCUSED_IN,Accused in FIR 748
REL_ACC_1314,PERSON_ACCUSED_1314,FIR_749,ACCUSED_IN,Accused in FIR 749
REL_ACC_1315,PERSON_ACCUSED_1315,FIR_749,ACCUSED_IN,Accused in FIR 749
REL_ACC_1316,PERSON_ACCUSED_1316,FIR_750,ACCUSED_IN,Accused in FIR 750
REL_ACC_1317,PERSON_ACCUSED_1317,FIR_751,ACCUSED_IN,Accused in FIR 751
REL_ACC_1318,PERSON_ACCUSED_1318,FIR_751,ACCUSED_IN,Accused in FIR 751
REL_ACC_1319,PERSON_ACCUSED_1319,FIR_751,ACCUSED_IN,Accused in FIR 751
REL_ACC_1320,PERSON_ACCUSED_1320,FIR_751,ACCUSED_IN,Accused in FIR 751
REL_ACC_1321,PERSON_ACCUSED_1321,FIR_752,ACCUSED_IN,Accused in FIR 752
REL_ACC_1322,PERSON_ACCUSED_1322,FIR_753,ACCUSED_IN,Accused in FIR 753
REL_ACC_1323,PERSON_ACCUSED_1323,FIR_753,ACCUSED_IN,Accused in FIR 753
REL_ACC_1324,PERSON_ACCUSED_1324,FIR_754,ACCUSED_IN,Accused in FIR 754
REL_ACC_1325,PERSON_ACCUSED_1325,FIR_755,ACCUSED_IN,Accused in FIR 755
REL_ACC_1326,PERSON_ACCUSED_1326,FIR_755,ACCUSED_IN,Accused in FIR 755
REL_ACC_1327,PERSON_ACCUSED_1327,FIR_756,ACCUSED_IN,Accused in FIR 756
REL_ACC_1328,PERSON_ACCUSED_1328,FIR_757,ACCUSED_IN,Accused in FIR 757
REL_ACC_1329,PERSON_ACCUSED_1329,FIR_757,ACCUSED_IN,Accused in FIR 757
REL_ACC_1330,PERSON_ACCUSED_1330,FIR_758,ACCUSED_IN,Accused in FIR 758
REL_ACC_1331,PERSON_ACCUSED_1331,FIR_759,ACCUSED_IN,Accused in FIR 759
REL_ACC_1332,PERSON_ACCUSED_1332,FIR_759,ACCUSED_IN,Accused in FIR 759
REL_ACC_1333,PERSON_ACCUSED_1333,FIR_760,ACCUSED_IN,Accused in FIR 760
REL_ACC_1334,PERSON_ACCUSED_1334,FIR_761,ACCUSED_IN,Accused in FIR 761
REL_ACC_1335,PERSON_ACCUSED_1335,FIR_762,ACCUSED_IN,Accused in FIR 762
REL_ACC_1336,PERSON_ACCUSED_294,FIR_763,ACCUSED_IN,Accused in FIR 763
REL_ACC_1337,PERSON_ACCUSED_1337,FIR_763,ACCUSED_IN,Accused in FIR 763
REL_ACC_1338,PERSON_ACCUSED_1338,FIR_764,ACCUSED_IN,Accused in FIR 764
REL_ACC_1339,PERSON_ACCUSED_1339,FIR_764,ACCUSED_IN,Accused in FIR 764
REL_ACC_1340,PERSON_ACCUSED_1340,FIR_765,ACCUSED_IN,Accused in FIR 765
REL_ACC_1341,PERSON_ACCUSED_1341,FIR_765,ACCUSED_IN,Accused in FIR 765
REL_ACC_1342,PERSON_ACCUSED_1342,FIR_765,ACCUSED_IN,Accused in FIR 765
REL_ACC_1343,PERSON_ACCUSED_1343,FIR_766,ACCUSED_IN,Accused in FIR 766
REL_ACC_1344,PERSON_ACCUSED_1344,FIR_767,ACCUSED_IN,Accused in FIR 767
REL_ACC_1345,PERSON_ACCUSED_1345,FIR_767,ACCUSED_IN,Accused in FIR 767
REL_ACC_1346,PERSON_ACCUSED_1346,FIR_768,ACCUSED_IN,Accused in FIR 768
REL_ACC_1347,PERSON_ACCUSED_457,FIR_769,ACCUSED_IN,Accused in FIR 769
REL_ACC_1348,PERSON_ACCUSED_1348,FIR_769,ACCUSED_IN,Accused in FIR 769
REL_ACC_1349,PERSON_ACCUSED_1349,FIR_770,ACCUSED_IN,Accused in FIR 770
REL_ACC_1350,PERSON_ACCUSED_1350,FIR_771,ACCUSED_IN,Accused in FIR 771
REL_ACC_1351,PERSON_ACCUSED_1351,FIR_772,ACCUSED_IN,Accused in FIR 772
REL_ACC_1352,PERSON_ACCUSED_1352,FIR_773,ACCUSED_IN,Accused in FIR 773
REL_ACC_1353,PERSON_ACCUSED_1353,FIR_773,ACCUSED_IN,Accused in FIR 773
REL_ACC_1354,PERSON_ACCUSED_1354,FIR_774,ACCUSED_IN,Accused in FIR 774
REL_ACC_1355,PERSON_ACCUSED_1355,FIR_775,ACCUSED_IN,Accused in FIR 775
REL_ACC_1356,PERSON_ACCUSED_1356,FIR_775,ACCUSED_IN,Accused in FIR 775
REL_ACC_1357,PERSON_ACCUSED_1143,FIR_776,ACCUSED_IN,Accused in FIR 776
REL_ACC_1358,PERSON_ACCUSED_1358,FIR_776,ACCUSED_IN,Accused in FIR 776
REL_ACC_1359,PERSON_ACCUSED_1359,FIR_777,ACCUSED_IN,Accused in FIR 777
REL_ACC_1360,PERSON_ACCUSED_1360,FIR_778,ACCUSED_IN,Accused in FIR 778
REL_ACC_1361,PERSON_ACCUSED_1361,FIR_779,ACCUSED_IN,Accused in FIR 779
REL_ACC_1362,PERSON_ACCUSED_1362,FIR_780,ACCUSED_IN,Accused in FIR 780
REL_ACC_1363,PERSON_ACCUSED_1363,FIR_780,ACCUSED_IN,Accused in FIR 780
REL_ACC_1364,PERSON_ACCUSED_1364,FIR_780,ACCUSED_IN,Accused in FIR 780
REL_ACC_1365,PERSON_ACCUSED_1365,FIR_781,ACCUSED_IN,Accused in FIR 781
REL_ACC_1366,PERSON_ACCUSED_1366,FIR_782,ACCUSED_IN,Accused in FIR 782
REL_ACC_1367,PERSON_ACCUSED_1367,FIR_783,ACCUSED_IN,Accused in FIR 783
REL_ACC_1368,PERSON_ACCUSED_1368,FIR_783,ACCUSED_IN,Accused in FIR 783
REL_ACC_1369,PERSON_ACCUSED_1369,FIR_784,ACCUSED_IN,Accused in FIR 784
REL_ACC_1370,PERSON_ACCUSED_1370,FIR_784,ACCUSED_IN,Accused in FIR 784
REL_ACC_1371,PERSON_ACCUSED_1371,FIR_785,ACCUSED_IN,Accused in FIR 785
REL_ACC_1372,PERSON_ACCUSED_1372,FIR_785,ACCUSED_IN,Accused in FIR 785
REL_ACC_1373,PERSON_ACCUSED_1373,FIR_786,ACCUSED_IN,Accused in FIR 786
REL_ACC_1374,PERSON_ACCUSED_1374,FIR_787,ACCUSED_IN,Accused in FIR 787
REL_ACC_1375,PERSON_ACCUSED_1375,FIR_788,ACCUSED_IN,Accused in FIR 788
REL_ACC_1376,PERSON_ACCUSED_1376,FIR_789,ACCUSED_IN,Accused in FIR 789
REL_ACC_1377,PERSON_ACCUSED_1377,FIR_789,ACCUSED_IN,Accused in FIR 789
REL_ACC_1378,PERSON_ACCUSED_1378,FIR_790,ACCUSED_IN,Accused in FIR 790
REL_ACC_1379,PERSON_ACCUSED_1379,FIR_790,ACCUSED_IN,Accused in FIR 790
REL_ACC_1380,PERSON_ACCUSED_1380,FIR_791,ACCUSED_IN,Accused in FIR 791
REL_ACC_1381,PERSON_ACCUSED_1381,FIR_791,ACCUSED_IN,Accused in FIR 791
REL_ACC_1382,PERSON_ACCUSED_1382,FIR_791,ACCUSED_IN,Accused in FIR 791
REL_ACC_1383,PERSON_ACCUSED_1383,FIR_791,ACCUSED_IN,Accused in FIR 791
REL_ACC_1384,PERSON_ACCUSED_1384,FIR_791,ACCUSED_IN,Accused in FIR 791
REL_ACC_1385,PERSON_ACCUSED_1385,FIR_791,ACCUSED_IN,Accused in FIR 791
REL_ACC_1386,PERSON_ACCUSED_1386,FIR_792,ACCUSED_IN,Accused in FIR 792
REL_ACC_1387,PERSON_ACCUSED_1387,FIR_793,ACCUSED_IN,Accused in FIR 793
REL_ACC_1388,PERSON_ACCUSED_1388,FIR_793,ACCUSED_IN,Accused in FIR 793
REL_ACC_1389,PERSON_ACCUSED_1389,FIR_793,ACCUSED_IN,Accused in FIR 793
REL_ACC_1390,PERSON_ACCUSED_1390,FIR_794,ACCUSED_IN,Accused in FIR 794
REL_ACC_1391,PERSON_ACCUSED_1391,FIR_795,ACCUSED_IN,Accused in FIR 795
REL_ACC_1392,PERSON_ACCUSED_1392,FIR_795,ACCUSED_IN,Accused in FIR 795
REL_ACC_1393,PERSON_ACCUSED_404,FIR_796,ACCUSED_IN,Accused in FIR 796
REL_ACC_1394,PERSON_ACCUSED_1394,FIR_796,ACCUSED_IN,Accused in FIR 796
REL_ACC_1395,PERSON_ACCUSED_1395,FIR_797,ACCUSED_IN,Accused in FIR 797
REL_ACC_1396,PERSON_ACCUSED_1396,FIR_798,ACCUSED_IN,Accused in FIR 798
REL_ACC_1397,PERSON_ACCUSED_1397,FIR_798,ACCUSED_IN,Accused in FIR 798
REL_ACC_1398,PERSON_ACCUSED_1398,FIR_799,ACCUSED_IN,Accused in FIR 799
REL_ACC_1399,PERSON_ACCUSED_811,FIR_800,ACCUSED_IN,Accused in FIR 800
REL_ACC_1400,PERSON_ACCUSED_1400,FIR_800,ACCUSED_IN,Accused in FIR 800
REL_ACC_1401,PERSON_ACCUSED_1401,FIR_801,ACCUSED_IN,Accused in FIR 801
REL_ACC_1402,PERSON_ACCUSED_1402,FIR_801,ACCUSED_IN,Accused in FIR 801
REL_ACC_1403,PERSON_ACCUSED_1403,FIR_801,ACCUSED_IN,Accused in FIR 801
REL_ACC_1404,PERSON_ACCUSED_1404,FIR_801,ACCUSED_IN,Accused in FIR 801
REL_ACC_1405,PERSON_ACCUSED_1405,FIR_802,ACCUSED_IN,Accused in FIR 802
REL_ACC_1406,PERSON_ACCUSED_1406,FIR_803,ACCUSED_IN,Accused in FIR 803
REL_ACC_1407,PERSON_ACCUSED_1407,FIR_803,ACCUSED_IN,Accused in FIR 803
REL_ACC_1408,PERSON_ACCUSED_1408,FIR_803,ACCUSED_IN,Accused in FIR 803
REL_ACC_1409,PERSON_ACCUSED_1409,FIR_804,ACCUSED_IN,Accused in FIR 804
REL_ACC_1410,PERSON_ACCUSED_1410,FIR_804,ACCUSED_IN,Accused in FIR 804
REL_ACC_1411,PERSON_ACCUSED_1411,FIR_804,ACCUSED_IN,Accused in FIR 804
REL_ACC_1412,PERSON_ACCUSED_1412,FIR_804,ACCUSED_IN,Accused in FIR 804
REL_ACC_1413,PERSON_ACCUSED_1413,FIR_804,ACCUSED_IN,Accused in FIR 804
REL_ACC_1414,PERSON_ACCUSED_1414,FIR_804,ACCUSED_IN,Accused in FIR 804
REL_ACC_1415,PERSON_ACCUSED_1415,FIR_804,ACCUSED_IN,Accused in FIR 804
REL_ACC_1416,PERSON_ACCUSED_1416,FIR_805,ACCUSED_IN,Accused in FIR 805
REL_ACC_1417,PERSON_ACCUSED_1417,FIR_805,ACCUSED_IN,Accused in FIR 805
REL_ACC_1418,PERSON_ACCUSED_1418,FIR_806,ACCUSED_IN,Accused in FIR 806
REL_ACC_1419,PERSON_ACCUSED_1419,FIR_807,ACCUSED_IN,Accused in FIR 807
REL_ACC_1420,PERSON_ACCUSED_1420,FIR_807,ACCUSED_IN,Accused in FIR 807
REL_ACC_1421,PERSON_ACCUSED_1421,FIR_808,ACCUSED_IN,Accused in FIR 808
REL_ACC_1422,PERSON_ACCUSED_1422,FIR_808,ACCUSED_IN,Accused in FIR 808
REL_ACC_1423,PERSON_ACCUSED_1423,FIR_809,ACCUSED_IN,Accused in FIR 809
REL_ACC_1424,PERSON_ACCUSED_1424,FIR_809,ACCUSED_IN,Accused in FIR 809
REL_ACC_1425,PERSON_ACCUSED_1425,FIR_810,ACCUSED_IN,Accused in FIR 810
REL_ACC_1426,PERSON_ACCUSED_1426,FIR_811,ACCUSED_IN,Accused in FIR 811
REL_ACC_1427,PERSON_ACCUSED_1427,FIR_811,ACCUSED_IN,Accused in FIR 811
REL_ACC_1428,PERSON_ACCUSED_1428,FIR_811,ACCUSED_IN,Accused in FIR 811
REL_ACC_1429,PERSON_ACCUSED_1429,FIR_812,ACCUSED_IN,Accused in FIR 812
REL_ACC_1430,PERSON_ACCUSED_1430,FIR_813,ACCUSED_IN,Accused in FIR 813
REL_ACC_1431,PERSON_ACCUSED_1431,FIR_814,ACCUSED_IN,Accused in FIR 814
REL_ACC_1432,PERSON_ACCUSED_1432,FIR_814,ACCUSED_IN,Accused in FIR 814
REL_ACC_1433,PERSON_ACCUSED_1433,FIR_814,ACCUSED_IN,Accused in FIR 814
REL_ACC_1434,PERSON_ACCUSED_1434,FIR_815,ACCUSED_IN,Accused in FIR 815
REL_ACC_1435,PERSON_ACCUSED_1435,FIR_815,ACCUSED_IN,Accused in FIR 815
REL_ACC_1436,PERSON_ACCUSED_1436,FIR_816,ACCUSED_IN,Accused in FIR 816
REL_ACC_1437,PERSON_ACCUSED_1437,FIR_817,ACCUSED_IN,Accused in FIR 817
REL_ACC_1438,PERSON_ACCUSED_1438,FIR_818,ACCUSED_IN,Accused in FIR 818
REL_ACC_1439,PERSON_ACCUSED_1439,FIR_818,ACCUSED_IN,Accused in FIR 818
REL_ACC_1440,PERSON_ACCUSED_1440,FIR_819,ACCUSED_IN,Accused in FIR 819
REL_ACC_1441,PERSON_ACCUSED_1441,FIR_820,ACCUSED_IN,Accused in FIR 820
REL_ACC_1442,PERSON_ACCUSED_1442,FIR_820,ACCUSED_IN,Accused in FIR 820
REL_ACC_1443,PERSON_ACCUSED_1443,FIR_821,ACCUSED_IN,Accused in FIR 821
REL_ACC_1444,PERSON_ACCUSED_1444,FIR_822,ACCUSED_IN,Accused in FIR 822
REL_ACC_1445,PERSON_ACCUSED_1445,FIR_823,ACCUSED_IN,Accused in FIR 823
REL_ACC_1446,PERSON_ACCUSED_1446,FIR_824,ACCUSED_IN,Accused in FIR 824
REL_ACC_1447,PERSON_ACCUSED_1447,FIR_825,ACCUSED_IN,Accused in FIR 825
REL_ACC_1448,PERSON_ACCUSED_1448,FIR_825,ACCUSED_IN,Accused in FIR 825
REL_ACC_1449,PERSON_ACCUSED_1449,FIR_826,ACCUSED_IN,Accused in FIR 826
REL_ACC_1450,PERSON_ACCUSED_1450,FIR_826,ACCUSED_IN,Accused in FIR 826
REL_ACC_1451,PERSON_ACCUSED_1451,FIR_827,ACCUSED_IN,Accused in FIR 827
REL_ACC_1452,PERSON_ACCUSED_1452,FIR_828,ACCUSED_IN,Accused in FIR 828
REL_ACC_1453,PERSON_ACCUSED_1453,FIR_829,ACCUSED_IN,Accused in FIR 829
REL_ACC_1454,PERSON_ACCUSED_1454,FIR_830,ACCUSED_IN,Accused in FIR 830
REL_ACC_1455,PERSON_ACCUSED_1455,FIR_831,ACCUSED_IN,Accused in FIR 831
REL_ACC_1456,PERSON_ACCUSED_1456,FIR_832,ACCUSED_IN,Accused in FIR 832
REL_ACC_1457,PERSON_ACCUSED_1457,FIR_832,ACCUSED_IN,Accused in FIR 832
REL_ACC_1458,PERSON_ACCUSED_1458,FIR_832,ACCUSED_IN,Accused in FIR 832
REL_ACC_1459,PERSON_ACCUSED_1459,FIR_833,ACCUSED_IN,Accused in FIR 833
REL_ACC_1460,PERSON_ACCUSED_1460,FIR_834,ACCUSED_IN,Accused in FIR 834
REL_ACC_1461,PERSON_ACCUSED_1461,FIR_835,ACCUSED_IN,Accused in FIR 835
REL_ACC_1462,PERSON_ACCUSED_1462,FIR_836,ACCUSED_IN,Accused in FIR 836
REL_ACC_1463,PERSON_ACCUSED_1463,FIR_836,ACCUSED_IN,Accused in FIR 836
REL_ACC_1464,PERSON_ACCUSED_1464,FIR_837,ACCUSED_IN,Accused in FIR 837
REL_ACC_1465,PERSON_ACCUSED_1465,FIR_838,ACCUSED_IN,Accused in FIR 838
REL_ACC_1466,PERSON_ACCUSED_1466,FIR_839,ACCUSED_IN,Accused in FIR 839
REL_ACC_1467,PERSON_ACCUSED_1467,FIR_839,ACCUSED_IN,Accused in FIR 839
REL_ACC_1468,PERSON_ACCUSED_1468,FIR_840,ACCUSED_IN,Accused in FIR 840
REL_ACC_1469,PERSON_ACCUSED_1469,FIR_841,ACCUSED_IN,Accused in FIR 841
REL_ACC_1470,PERSON_ACCUSED_1470,FIR_842,ACCUSED_IN,Accused in FIR 842
REL_ACC_1471,PERSON_ACCUSED_501,FIR_843,ACCUSED_IN,Accused in FIR 843
REL_ACC_1472,PERSON_ACCUSED_1472,FIR_843,ACCUSED_IN,Accused in FIR 843
REL_ACC_1473,PERSON_ACCUSED_1473,FIR_844,ACCUSED_IN,Accused in FIR 844
REL_ACC_1474,PERSON_ACCUSED_1474,FIR_845,ACCUSED_IN,Accused in FIR 845
REL_ACC_1475,PERSON_ACCUSED_1475,FIR_845,ACCUSED_IN,Accused in FIR 845
REL_ACC_1476,PERSON_ACCUSED_1476,FIR_845,ACCUSED_IN,Accused in FIR 845
REL_ACC_1477,PERSON_ACCUSED_1477,FIR_846,ACCUSED_IN,Accused in FIR 846
REL_ACC_1478,PERSON_ACCUSED_1478,FIR_846,ACCUSED_IN,Accused in FIR 846
REL_ACC_1479,PERSON_ACCUSED_1479,FIR_847,ACCUSED_IN,Accused in FIR 847
REL_ACC_1480,PERSON_ACCUSED_1480,FIR_847,ACCUSED_IN,Accused in FIR 847
REL_ACC_1481,PERSON_ACCUSED_1481,FIR_847,ACCUSED_IN,Accused in FIR 847
REL_ACC_1482,PERSON_ACCUSED_1482,FIR_848,ACCUSED_IN,Accused in FIR 848
REL_ACC_1483,PERSON_ACCUSED_1483,FIR_849,ACCUSED_IN,Accused in FIR 849
REL_ACC_1484,PERSON_ACCUSED_7,FIR_850,ACCUSED_IN,Accused in FIR 850
REL_ACC_1485,PERSON_ACCUSED_1485,FIR_850,ACCUSED_IN,Accused in FIR 850
REL_ACC_1486,PERSON_ACCUSED_1486,FIR_851,ACCUSED_IN,Accused in FIR 851
REL_ACC_1487,PERSON_ACCUSED_1487,FIR_851,ACCUSED_IN,Accused in FIR 851
REL_ACC_1488,PERSON_ACCUSED_1488,FIR_852,ACCUSED_IN,Accused in FIR 852
REL_ACC_1489,PERSON_ACCUSED_1489,FIR_852,ACCUSED_IN,Accused in FIR 852
REL_ACC_1490,PERSON_ACCUSED_1490,FIR_852,ACCUSED_IN,Accused in FIR 852
REL_ACC_1491,PERSON_ACCUSED_1491,FIR_852,ACCUSED_IN,Accused in FIR 852
REL_ACC_1492,PERSON_ACCUSED_1492,FIR_852,ACCUSED_IN,Accused in FIR 852
REL_ACC_1493,PERSON_ACCUSED_1493,FIR_852,ACCUSED_IN,Accused in FIR 852
REL_ACC_1494,PERSON_ACCUSED_1494,FIR_852,ACCUSED_IN,Accused in FIR 852
REL_ACC_1495,PERSON_ACCUSED_1495,FIR_853,ACCUSED_IN,Accused in FIR 853
REL_ACC_1496,PERSON_ACCUSED_1496,FIR_853,ACCUSED_IN,Accused in FIR 853
REL_ACC_1497,PERSON_ACCUSED_1497,FIR_854,ACCUSED_IN,Accused in FIR 854
REL_ACC_1498,PERSON_ACCUSED_1498,FIR_855,ACCUSED_IN,Accused in FIR 855
REL_ACC_1499,PERSON_ACCUSED_1499,FIR_856,ACCUSED_IN,Accused in FIR 856
REL_ACC_1500,PERSON_ACCUSED_1500,FIR_856,ACCUSED_IN,Accused in FIR 856
REL_COMP_1,PERSON_COMP_1,FIR_1,COMPLAINANT_OF,Complainant for FIR 1
REL_COMP_2,PERSON_COMP_2,FIR_2,COMPLAINANT_OF,Complainant for FIR 2
REL_COMP_3,PERSON_COMP_3,FIR_3,COMPLAINANT_OF,Complainant for FIR 3
REL_COMP_4,PERSON_COMP_4,FIR_4,COMPLAINANT_OF,Complainant for FIR 4
REL_COMP_5,PERSON_COMP_5,FIR_5,COMPLAINANT_OF,Complainant for FIR 5
REL_COMP_6,PERSON_COMP_6,FIR_6,COMPLAINANT_OF,Complainant for FIR 6
REL_COMP_7,PERSON_COMP_7,FIR_7,COMPLAINANT_OF,Complainant for FIR 7
REL_COMP_8,PERSON_COMP_8,FIR_8,COMPLAINANT_OF,Complainant for FIR 8
REL_COMP_9,PERSON_COMP_9,FIR_9,COMPLAINANT_OF,Complainant for FIR 9
REL_COMP_10,PERSON_COMP_10,FIR_10,COMPLAINANT_OF,Complainant for FIR 10
REL_COMP_11,PERSON_COMP_11,FIR_11,COMPLAINANT_OF,Complainant for FIR 11
REL_COMP_12,PERSON_COMP_12,FIR_12,COMPLAINANT_OF,Complainant for FIR 12
REL_COMP_13,PERSON_COMP_13,FIR_13,COMPLAINANT_OF,Complainant for FIR 13
REL_COMP_14,PERSON_COMP_14,FIR_14,COMPLAINANT_OF,Complainant for FIR 14
REL_COMP_15,PERSON_COMP_15,FIR_15,COMPLAINANT_OF,Complainant for FIR 15
REL_COMP_16,PERSON_COMP_16,FIR_16,COMPLAINANT_OF,Complainant for FIR 16
REL_COMP_17,PERSON_COMP_17,FIR_17,COMPLAINANT_OF,Complainant for FIR 17
REL_COMP_18,PERSON_COMP_18,FIR_18,COMPLAINANT_OF,Complainant for FIR 18
REL_COMP_19,PERSON_COMP_19,FIR_19,COMPLAINANT_OF,Complainant for FIR 19
REL_COMP_20,PERSON_COMP_20,FIR_20,COMPLAINANT_OF,Complainant for FIR 20
REL_COMP_21,PERSON_COMP_21,FIR_21,COMPLAINANT_OF,Complainant for FIR 21
REL_COMP_22,PERSON_COMP_22,FIR_22,COMPLAINANT_OF,Complainant for FIR 22
REL_COMP_23,PERSON_COMP_23,FIR_23,COMPLAINANT_OF,Complainant for FIR 23
REL_COMP_24,PERSON_COMP_24,FIR_24,COMPLAINANT_OF,Complainant for FIR 24
REL_COMP_25,PERSON_COMP_25,FIR_25,COMPLAINANT_OF,Complainant for FIR 25
REL_COMP_26,PERSON_COMP_26,FIR_26,COMPLAINANT_OF,Complainant for FIR 26
REL_COMP_27,PERSON_COMP_27,FIR_27,COMPLAINANT_OF,Complainant for FIR 27
REL_COMP_28,PERSON_COMP_28,FIR_28,COMPLAINANT_OF,Complainant for FIR 28
REL_COMP_29,PERSON_COMP_29,FIR_29,COMPLAINANT_OF,Complainant for FIR 29
REL_COMP_30,PERSON_COMP_30,FIR_30,COMPLAINANT_OF,Complainant for FIR 30
REL_COMP_31,PERSON_COMP_31,FIR_31,COMPLAINANT_OF,Complainant for FIR 31
REL_COMP_32,PERSON_COMP_32,FIR_32,COMPLAINANT_OF,Complainant for FIR 32
REL_COMP_33,PERSON_COMP_33,FIR_33,COMPLAINANT_OF,Complainant for FIR 33
REL_COMP_34,PERSON_COMP_34,FIR_34,COMPLAINANT_OF,Complainant for FIR 34
REL_COMP_35,PERSON_COMP_35,FIR_35,COMPLAINANT_OF,Complainant for FIR 35
REL_COMP_36,PERSON_COMP_36,FIR_36,COMPLAINANT_OF,Complainant for FIR 36
REL_COMP_37,PERSON_COMP_37,FIR_37,COMPLAINANT_OF,Complainant for FIR 37
REL_COMP_38,PERSON_COMP_38,FIR_38,COMPLAINANT_OF,Complainant for FIR 38
REL_COMP_39,PERSON_COMP_39,FIR_39,COMPLAINANT_OF,Complainant for FIR 39
REL_COMP_40,PERSON_COMP_40,FIR_40,COMPLAINANT_OF,Complainant for FIR 40
REL_COMP_41,PERSON_COMP_41,FIR_41,COMPLAINANT_OF,Complainant for FIR 41
REL_COMP_42,PERSON_COMP_42,FIR_42,COMPLAINANT_OF,Complainant for FIR 42
REL_COMP_43,PERSON_COMP_43,FIR_43,COMPLAINANT_OF,Complainant for FIR 43
REL_COMP_44,PERSON_COMP_44,FIR_44,COMPLAINANT_OF,Complainant for FIR 44
REL_COMP_45,PERSON_COMP_45,FIR_45,COMPLAINANT_OF,Complainant for FIR 45
REL_COMP_46,PERSON_COMP_46,FIR_46,COMPLAINANT_OF,Complainant for FIR 46
REL_COMP_47,PERSON_COMP_47,FIR_47,COMPLAINANT_OF,Complainant for FIR 47
REL_COMP_48,PERSON_COMP_48,FIR_48,COMPLAINANT_OF,Complainant for FIR 48
REL_COMP_49,PERSON_COMP_49,FIR_49,COMPLAINANT_OF,Complainant for FIR 49
REL_COMP_50,PERSON_COMP_50,FIR_50,COMPLAINANT_OF,Complainant for FIR 50
REL_COMP_51,PERSON_COMP_51,FIR_51,COMPLAINANT_OF,Complainant for FIR 51
REL_COMP_52,PERSON_COMP_52,FIR_52,COMPLAINANT_OF,Complainant for FIR 52
REL_COMP_53,PERSON_COMP_53,FIR_53,COMPLAINANT_OF,Complainant for FIR 53
REL_COMP_54,PERSON_COMP_54,FIR_54,COMPLAINANT_OF,Complainant for FIR 54
REL_COMP_55,PERSON_COMP_55,FIR_55,COMPLAINANT_OF,Complainant for FIR 55
REL_COMP_56,PERSON_COMP_56,FIR_56,COMPLAINANT_OF,Complainant for FIR 56
REL_COMP_57,PERSON_COMP_57,FIR_57,COMPLAINANT_OF,Complainant for FIR 57
REL_COMP_58,PERSON_COMP_58,FIR_58,COMPLAINANT_OF,Complainant for FIR 58
REL_COMP_59,PERSON_COMP_59,FIR_59,COMPLAINANT_OF,Complainant for FIR 59
REL_COMP_60,PERSON_COMP_60,FIR_60,COMPLAINANT_OF,Complainant for FIR 60
REL_COMP_61,PERSON_COMP_61,FIR_61,COMPLAINANT_OF,Complainant for FIR 61
REL_COMP_62,PERSON_COMP_62,FIR_62,COMPLAINANT_OF,Complainant for FIR 62
REL_COMP_63,PERSON_COMP_63,FIR_63,COMPLAINANT_OF,Complainant for FIR 63
REL_COMP_64,PERSON_COMP_64,FIR_64,COMPLAINANT_OF,Complainant for FIR 64
REL_COMP_65,PERSON_COMP_65,FIR_65,COMPLAINANT_OF,Complainant for FIR 65
REL_COMP_66,PERSON_COMP_66,FIR_66,COMPLAINANT_OF,Complainant for FIR 66
REL_COMP_67,PERSON_COMP_67,FIR_67,COMPLAINANT_OF,Complainant for FIR 67
REL_COMP_68,PERSON_COMP_68,FIR_68,COMPLAINANT_OF,Complainant for FIR 68
REL_COMP_69,PERSON_COMP_69,FIR_69,COMPLAINANT_OF,Complainant for FIR 69
REL_COMP_70,PERSON_COMP_70,FIR_70,COMPLAINANT_OF,Complainant for FIR 70
REL_COMP_71,PERSON_COMP_71,FIR_71,COMPLAINANT_OF,Complainant for FIR 71
REL_COMP_72,PERSON_COMP_72,FIR_72,COMPLAINANT_OF,Complainant for FIR 72
REL_COMP_73,PERSON_COMP_73,FIR_73,COMPLAINANT_OF,Complainant for FIR 73
REL_COMP_74,PERSON_COMP_74,FIR_74,COMPLAINANT_OF,Complainant for FIR 74
REL_COMP_75,PERSON_COMP_75,FIR_75,COMPLAINANT_OF,Complainant for FIR 75
REL_COMP_76,PERSON_COMP_76,FIR_76,COMPLAINANT_OF,Complainant for FIR 76
REL_COMP_77,PERSON_COMP_77,FIR_77,COMPLAINANT_OF,Complainant for FIR 77
REL_COMP_78,PERSON_COMP_78,FIR_78,COMPLAINANT_OF,Complainant for FIR 78
REL_COMP_79,PERSON_COMP_79,FIR_79,COMPLAINANT_OF,Complainant for FIR 79
REL_COMP_80,PERSON_COMP_80,FIR_80,COMPLAINANT_OF,Complainant for FIR 80
REL_COMP_81,PERSON_COMP_81,FIR_81,COMPLAINANT_OF,Complainant for FIR 81
REL_COMP_82,PERSON_COMP_82,FIR_82,COMPLAINANT_OF,Complainant for FIR 82
REL_COMP_83,PERSON_COMP_83,FIR_83,COMPLAINANT_OF,Complainant for FIR 83
REL_COMP_84,PERSON_COMP_84,FIR_84,COMPLAINANT_OF,Complainant for FIR 84
REL_COMP_85,PERSON_COMP_85,FIR_85,COMPLAINANT_OF,Complainant for FIR 85
REL_COMP_86,PERSON_COMP_86,FIR_86,COMPLAINANT_OF,Complainant for FIR 86
REL_COMP_87,PERSON_COMP_87,FIR_87,COMPLAINANT_OF,Complainant for FIR 87
REL_COMP_88,PERSON_COMP_88,FIR_88,COMPLAINANT_OF,Complainant for FIR 88
REL_COMP_89,PERSON_COMP_89,FIR_89,COMPLAINANT_OF,Complainant for FIR 89
REL_COMP_90,PERSON_COMP_90,FIR_90,COMPLAINANT_OF,Complainant for FIR 90
REL_COMP_91,PERSON_COMP_91,FIR_91,COMPLAINANT_OF,Complainant for FIR 91
REL_COMP_92,PERSON_COMP_92,FIR_92,COMPLAINANT_OF,Complainant for FIR 92
REL_COMP_93,PERSON_COMP_93,FIR_93,COMPLAINANT_OF,Complainant for FIR 93
REL_COMP_94,PERSON_COMP_94,FIR_94,COMPLAINANT_OF,Complainant for FIR 94
REL_COMP_95,PERSON_COMP_95,FIR_95,COMPLAINANT_OF,Complainant for FIR 95
REL_COMP_96,PERSON_COMP_96,FIR_96,COMPLAINANT_OF,Complainant for FIR 96
REL_COMP_97,PERSON_COMP_97,FIR_97,COMPLAINANT_OF,Complainant for FIR 97
REL_COMP_98,PERSON_COMP_98,FIR_98,COMPLAINANT_OF,Complainant for FIR 98
REL_COMP_99,PERSON_COMP_99,FIR_99,COMPLAINANT_OF,Complainant for FIR 99
REL_COMP_100,PERSON_COMP_100,FIR_100,COMPLAINANT_OF,Complainant for FIR 100
REL_COMP_101,PERSON_COMP_101,FIR_101,COMPLAINANT_OF,Complainant for FIR 101
REL_COMP_102,PERSON_COMP_102,FIR_102,COMPLAINANT_OF,Complainant for FIR 102
REL_COMP_103,PERSON_COMP_103,FIR_103,COMPLAINANT_OF,Complainant for FIR 103
REL_COMP_104,PERSON_COMP_104,FIR_104,COMPLAINANT_OF,Complainant for FIR 104
REL_COMP_105,PERSON_COMP_105,FIR_105,COMPLAINANT_OF,Complainant for FIR 105
REL_COMP_106,PERSON_COMP_106,FIR_106,COMPLAINANT_OF,Complainant for FIR 106
REL_COMP_107,PERSON_COMP_107,FIR_107,COMPLAINANT_OF,Complainant for FIR 107
REL_COMP_108,PERSON_COMP_108,FIR_108,COMPLAINANT_OF,Complainant for FIR 108
REL_COMP_109,PERSON_COMP_109,FIR_109,COMPLAINANT_OF,Complainant for FIR 109
REL_COMP_110,PERSON_COMP_110,FIR_110,COMPLAINANT_OF,Complainant for FIR 110
REL_COMP_111,PERSON_COMP_111,FIR_111,COMPLAINANT_OF,Complainant for FIR 111
REL_COMP_112,PERSON_COMP_112,FIR_112,COMPLAINANT_OF,Complainant for FIR 112
REL_COMP_113,PERSON_COMP_113,FIR_113,COMPLAINANT_OF,Complainant for FIR 113
REL_COMP_114,PERSON_COMP_114,FIR_114,COMPLAINANT_OF,Complainant for FIR 114
REL_COMP_115,PERSON_COMP_115,FIR_115,COMPLAINANT_OF,Complainant for FIR 115
REL_COMP_116,PERSON_COMP_116,FIR_116,COMPLAINANT_OF,Complainant for FIR 116
REL_COMP_117,PERSON_COMP_117,FIR_117,COMPLAINANT_OF,Complainant for FIR 117
REL_COMP_118,PERSON_COMP_118,FIR_118,COMPLAINANT_OF,Complainant for FIR 118
REL_COMP_119,PERSON_COMP_119,FIR_119,COMPLAINANT_OF,Complainant for FIR 119
REL_COMP_120,PERSON_COMP_120,FIR_120,COMPLAINANT_OF,Complainant for FIR 120
REL_COMP_121,PERSON_COMP_121,FIR_121,COMPLAINANT_OF,Complainant for FIR 121
REL_COMP_122,PERSON_COMP_122,FIR_122,COMPLAINANT_OF,Complainant for FIR 122
REL_COMP_123,PERSON_COMP_123,FIR_123,COMPLAINANT_OF,Complainant for FIR 123
REL_COMP_124,PERSON_COMP_124,FIR_124,COMPLAINANT_OF,Complainant for FIR 124
REL_COMP_125,PERSON_COMP_125,FIR_125,COMPLAINANT_OF,Complainant for FIR 125
REL_COMP_126,PERSON_COMP_126,FIR_126,COMPLAINANT_OF,Complainant for FIR 126
REL_COMP_127,PERSON_COMP_127,FIR_127,COMPLAINANT_OF,Complainant for FIR 127
REL_COMP_128,PERSON_COMP_128,FIR_128,COMPLAINANT_OF,Complainant for FIR 128
REL_COMP_129,PERSON_COMP_129,FIR_129,COMPLAINANT_OF,Complainant for FIR 129
REL_COMP_130,PERSON_COMP_130,FIR_130,COMPLAINANT_OF,Complainant for FIR 130
REL_COMP_131,PERSON_COMP_131,FIR_131,COMPLAINANT_OF,Complainant for FIR 131
REL_COMP_132,PERSON_COMP_132,FIR_132,COMPLAINANT_OF,Complainant for FIR 132
REL_COMP_133,PERSON_COMP_133,FIR_133,COMPLAINANT_OF,Complainant for FIR 133
REL_COMP_134,PERSON_COMP_134,FIR_134,COMPLAINANT_OF,Complainant for FIR 134
REL_COMP_135,PERSON_COMP_135,FIR_135,COMPLAINANT_OF,Complainant for FIR 135
REL_COMP_136,PERSON_COMP_136,FIR_136,COMPLAINANT_OF,Complainant for FIR 136
REL_COMP_137,PERSON_COMP_137,FIR_137,COMPLAINANT_OF,Complainant for FIR 137
REL_COMP_138,PERSON_COMP_138,FIR_138,COMPLAINANT_OF,Complainant for FIR 138
REL_COMP_139,PERSON_COMP_139,FIR_139,COMPLAINANT_OF,Complainant for FIR 139
REL_COMP_140,PERSON_COMP_140,FIR_140,COMPLAINANT_OF,Complainant for FIR 140
REL_COMP_141,PERSON_COMP_141,FIR_141,COMPLAINANT_OF,Complainant for FIR 141
REL_COMP_142,PERSON_COMP_142,FIR_142,COMPLAINANT_OF,Complainant for FIR 142
REL_COMP_143,PERSON_COMP_143,FIR_143,COMPLAINANT_OF,Complainant for FIR 143
REL_COMP_144,PERSON_COMP_144,FIR_144,COMPLAINANT_OF,Complainant for FIR 144
REL_COMP_145,PERSON_COMP_145,FIR_145,COMPLAINANT_OF,Complainant for FIR 145
REL_COMP_146,PERSON_COMP_146,FIR_146,COMPLAINANT_OF,Complainant for FIR 146
REL_COMP_147,PERSON_COMP_147,FIR_147,COMPLAINANT_OF,Complainant for FIR 147
REL_COMP_148,PERSON_COMP_148,FIR_148,COMPLAINANT_OF,Complainant for FIR 148
REL_COMP_149,PERSON_COMP_149,FIR_149,COMPLAINANT_OF,Complainant for FIR 149
REL_COMP_150,PERSON_COMP_150,FIR_150,COMPLAINANT_OF,Complainant for FIR 150
REL_COMP_151,PERSON_COMP_151,FIR_151,COMPLAINANT_OF,Complainant for FIR 151
REL_COMP_152,PERSON_COMP_152,FIR_152,COMPLAINANT_OF,Complainant for FIR 152
REL_COMP_153,PERSON_COMP_153,FIR_153,COMPLAINANT_OF,Complainant for FIR 153
REL_COMP_154,PERSON_COMP_154,FIR_154,COMPLAINANT_OF,Complainant for FIR 154
REL_COMP_155,PERSON_COMP_155,FIR_155,COMPLAINANT_OF,Complainant for FIR 155
REL_COMP_156,PERSON_COMP_156,FIR_156,COMPLAINANT_OF,Complainant for FIR 156
REL_COMP_157,PERSON_COMP_157,FIR_157,COMPLAINANT_OF,Complainant for FIR 157
REL_COMP_158,PERSON_COMP_158,FIR_158,COMPLAINANT_OF,Complainant for FIR 158
REL_COMP_159,PERSON_COMP_159,FIR_159,COMPLAINANT_OF,Complainant for FIR 159
REL_COMP_160,PERSON_COMP_160,FIR_160,COMPLAINANT_OF,Complainant for FIR 160
REL_COMP_161,PERSON_COMP_161,FIR_161,COMPLAINANT_OF,Complainant for FIR 161
REL_COMP_162,PERSON_COMP_162,FIR_162,COMPLAINANT_OF,Complainant for FIR 162
REL_COMP_163,PERSON_COMP_163,FIR_163,COMPLAINANT_OF,Complainant for FIR 163
REL_COMP_164,PERSON_COMP_164,FIR_164,COMPLAINANT_OF,Complainant for FIR 164
REL_COMP_165,PERSON_COMP_165,FIR_165,COMPLAINANT_OF,Complainant for FIR 165
REL_COMP_166,PERSON_COMP_166,FIR_166,COMPLAINANT_OF,Complainant for FIR 166
REL_COMP_167,PERSON_COMP_167,FIR_167,COMPLAINANT_OF,Complainant for FIR 167
REL_COMP_168,PERSON_COMP_168,FIR_168,COMPLAINANT_OF,Complainant for FIR 168
REL_COMP_169,PERSON_COMP_169,FIR_169,COMPLAINANT_OF,Complainant for FIR 169
REL_COMP_170,PERSON_COMP_170,FIR_170,COMPLAINANT_OF,Complainant for FIR 170
REL_COMP_171,PERSON_COMP_171,FIR_171,COMPLAINANT_OF,Complainant for FIR 171
REL_COMP_172,PERSON_COMP_172,FIR_172,COMPLAINANT_OF,Complainant for FIR 172
REL_COMP_173,PERSON_COMP_173,FIR_173,COMPLAINANT_OF,Complainant for FIR 173
REL_COMP_174,PERSON_COMP_174,FIR_174,COMPLAINANT_OF,Complainant for FIR 174
REL_COMP_175,PERSON_COMP_175,FIR_175,COMPLAINANT_OF,Complainant for FIR 175
REL_COMP_176,PERSON_COMP_176,FIR_176,COMPLAINANT_OF,Complainant for FIR 176
REL_COMP_177,PERSON_COMP_177,FIR_177,COMPLAINANT_OF,Complainant for FIR 177
REL_COMP_178,PERSON_COMP_178,FIR_178,COMPLAINANT_OF,Complainant for FIR 178
REL_COMP_179,PERSON_COMP_179,FIR_179,COMPLAINANT_OF,Complainant for FIR 179
REL_COMP_180,PERSON_COMP_180,FIR_180,COMPLAINANT_OF,Complainant for FIR 180
REL_COMP_181,PERSON_COMP_181,FIR_181,COMPLAINANT_OF,Complainant for FIR 181
REL_COMP_182,PERSON_COMP_182,FIR_182,COMPLAINANT_OF,Complainant for FIR 182
REL_COMP_183,PERSON_COMP_183,FIR_183,COMPLAINANT_OF,Complainant for FIR 183
REL_COMP_184,PERSON_COMP_184,FIR_184,COMPLAINANT_OF,Complainant for FIR 184
REL_COMP_185,PERSON_COMP_185,FIR_185,COMPLAINANT_OF,Complainant for FIR 185
REL_COMP_186,PERSON_COMP_186,FIR_186,COMPLAINANT_OF,Complainant for FIR 186
REL_COMP_187,PERSON_COMP_187,FIR_187,COMPLAINANT_OF,Complainant for FIR 187
REL_COMP_188,PERSON_COMP_188,FIR_188,COMPLAINANT_OF,Complainant for FIR 188
REL_COMP_189,PERSON_COMP_189,FIR_189,COMPLAINANT_OF,Complainant for FIR 189
REL_COMP_190,PERSON_COMP_190,FIR_190,COMPLAINANT_OF,Complainant for FIR 190
REL_COMP_191,PERSON_COMP_191,FIR_191,COMPLAINANT_OF,Complainant for FIR 191
REL_COMP_192,PERSON_COMP_192,FIR_192,COMPLAINANT_OF,Complainant for FIR 192
REL_COMP_193,PERSON_COMP_193,FIR_193,COMPLAINANT_OF,Complainant for FIR 193
REL_COMP_194,PERSON_COMP_194,FIR_194,COMPLAINANT_OF,Complainant for FIR 194
REL_COMP_195,PERSON_COMP_195,FIR_195,COMPLAINANT_OF,Complainant for FIR 195
REL_COMP_196,PERSON_COMP_196,FIR_196,COMPLAINANT_OF,Complainant for FIR 196
REL_COMP_197,PERSON_COMP_197,FIR_197,COMPLAINANT_OF,Complainant for FIR 197
REL_COMP_198,PERSON_COMP_198,FIR_198,COMPLAINANT_OF,Complainant for FIR 198
REL_COMP_199,PERSON_COMP_199,FIR_199,COMPLAINANT_OF,Complainant for FIR 199
REL_COMP_200,PERSON_COMP_200,FIR_200,COMPLAINANT_OF,Complainant for FIR 200
REL_COMP_201,PERSON_COMP_201,FIR_201,COMPLAINANT_OF,Complainant for FIR 201
REL_COMP_202,PERSON_COMP_202,FIR_202,COMPLAINANT_OF,Complainant for FIR 202
REL_COMP_203,PERSON_COMP_203,FIR_203,COMPLAINANT_OF,Complainant for FIR 203
REL_COMP_204,PERSON_COMP_204,FIR_204,COMPLAINANT_OF,Complainant for FIR 204
REL_COMP_205,PERSON_COMP_205,FIR_205,COMPLAINANT_OF,Complainant for FIR 205
REL_COMP_206,PERSON_COMP_206,FIR_206,COMPLAINANT_OF,Complainant for FIR 206
REL_COMP_207,PERSON_COMP_207,FIR_207,COMPLAINANT_OF,Complainant for FIR 207
REL_COMP_208,PERSON_COMP_208,FIR_208,COMPLAINANT_OF,Complainant for FIR 208
REL_COMP_209,PERSON_COMP_209,FIR_209,COMPLAINANT_OF,Complainant for FIR 209
REL_COMP_210,PERSON_COMP_210,FIR_210,COMPLAINANT_OF,Complainant for FIR 210
REL_COMP_211,PERSON_COMP_211,FIR_211,COMPLAINANT_OF,Complainant for FIR 211
REL_COMP_212,PERSON_COMP_212,FIR_212,COMPLAINANT_OF,Complainant for FIR 212
REL_COMP_213,PERSON_COMP_213,FIR_213,COMPLAINANT_OF,Complainant for FIR 213
REL_COMP_214,PERSON_COMP_214,FIR_214,COMPLAINANT_OF,Complainant for FIR 214
REL_COMP_215,PERSON_COMP_215,FIR_215,COMPLAINANT_OF,Complainant for FIR 215
REL_COMP_216,PERSON_COMP_216,FIR_216,COMPLAINANT_OF,Complainant for FIR 216
REL_COMP_217,PERSON_COMP_217,FIR_217,COMPLAINANT_OF,Complainant for FIR 217
REL_COMP_218,PERSON_COMP_218,FIR_218,COMPLAINANT_OF,Complainant for FIR 218
REL_COMP_219,PERSON_COMP_219,FIR_219,COMPLAINANT_OF,Complainant for FIR 219
REL_COMP_220,PERSON_COMP_220,FIR_220,COMPLAINANT_OF,Complainant for FIR 220
REL_COMP_221,PERSON_COMP_221,FIR_221,COMPLAINANT_OF,Complainant for FIR 221
REL_COMP_222,PERSON_COMP_222,FIR_222,COMPLAINANT_OF,Complainant for FIR 222
REL_COMP_223,PERSON_COMP_223,FIR_223,COMPLAINANT_OF,Complainant for FIR 223
REL_COMP_224,PERSON_COMP_224,FIR_224,COMPLAINANT_OF,Complainant for FIR 224
REL_COMP_225,PERSON_COMP_225,FIR_225,COMPLAINANT_OF,Complainant for FIR 225
REL_COMP_226,PERSON_COMP_226,FIR_226,COMPLAINANT_OF,Complainant for FIR 226
REL_COMP_227,PERSON_COMP_227,FIR_227,COMPLAINANT_OF,Complainant for FIR 227
REL_COMP_228,PERSON_COMP_228,FIR_228,COMPLAINANT_OF,Complainant for FIR 228
REL_COMP_229,PERSON_COMP_229,FIR_229,COMPLAINANT_OF,Complainant for FIR 229
REL_COMP_230,PERSON_COMP_230,FIR_230,COMPLAINANT_OF,Complainant for FIR 230
REL_COMP_231,PERSON_COMP_231,FIR_231,COMPLAINANT_OF,Complainant for FIR 231
REL_COMP_232,PERSON_COMP_232,FIR_232,COMPLAINANT_OF,Complainant for FIR 232
REL_COMP_233,PERSON_COMP_233,FIR_233,COMPLAINANT_OF,Complainant for FIR 233
REL_COMP_234,PERSON_COMP_234,FIR_234,COMPLAINANT_OF,Complainant for FIR 234
REL_COMP_235,PERSON_COMP_235,FIR_235,COMPLAINANT_OF,Complainant for FIR 235
REL_COMP_236,PERSON_COMP_236,FIR_236,COMPLAINANT_OF,Complainant for FIR 236
REL_COMP_237,PERSON_COMP_237,FIR_237,COMPLAINANT_OF,Complainant for FIR 237
REL_COMP_238,PERSON_COMP_238,FIR_238,COMPLAINANT_OF,Complainant for FIR 238
REL_COMP_239,PERSON_COMP_239,FIR_239,COMPLAINANT_OF,Complainant for FIR 239
REL_COMP_240,PERSON_COMP_240,FIR_240,COMPLAINANT_OF,Complainant for FIR 240
REL_COMP_241,PERSON_COMP_241,FIR_241,COMPLAINANT_OF,Complainant for FIR 241
REL_COMP_242,PERSON_COMP_242,FIR_242,COMPLAINANT_OF,Complainant for FIR 242
REL_COMP_243,PERSON_COMP_243,FIR_243,COMPLAINANT_OF,Complainant for FIR 243
REL_COMP_244,PERSON_COMP_244,FIR_244,COMPLAINANT_OF,Complainant for FIR 244
REL_COMP_245,PERSON_COMP_245,FIR_245,COMPLAINANT_OF,Complainant for FIR 245
REL_COMP_246,PERSON_COMP_246,FIR_246,COMPLAINANT_OF,Complainant for FIR 246
REL_COMP_247,PERSON_COMP_247,FIR_247,COMPLAINANT_OF,Complainant for FIR 247
REL_COMP_248,PERSON_COMP_248,FIR_248,COMPLAINANT_OF,Complainant for FIR 248
REL_COMP_249,PERSON_COMP_249,FIR_249,COMPLAINANT_OF,Complainant for FIR 249
REL_COMP_250,PERSON_COMP_250,FIR_250,COMPLAINANT_OF,Complainant for FIR 250
REL_COMP_251,PERSON_COMP_251,FIR_251,COMPLAINANT_OF,Complainant for FIR 251
REL_COMP_252,PERSON_COMP_252,FIR_252,COMPLAINANT_OF,Complainant for FIR 252
REL_COMP_253,PERSON_COMP_253,FIR_253,COMPLAINANT_OF,Complainant for FIR 253
REL_COMP_254,PERSON_COMP_254,FIR_254,COMPLAINANT_OF,Complainant for FIR 254
REL_COMP_255,PERSON_COMP_255,FIR_255,COMPLAINANT_OF,Complainant for FIR 255
REL_COMP_256,PERSON_COMP_256,FIR_256,COMPLAINANT_OF,Complainant for FIR 256
REL_COMP_257,PERSON_COMP_257,FIR_257,COMPLAINANT_OF,Complainant for FIR 257
REL_COMP_258,PERSON_COMP_258,FIR_258,COMPLAINANT_OF,Complainant for FIR 258
REL_COMP_259,PERSON_COMP_259,FIR_259,COMPLAINANT_OF,Complainant for FIR 259
REL_COMP_260,PERSON_COMP_260,FIR_260,COMPLAINANT_OF,Complainant for FIR 260
REL_COMP_261,PERSON_COMP_261,FIR_261,COMPLAINANT_OF,Complainant for FIR 261
REL_COMP_262,PERSON_COMP_262,FIR_262,COMPLAINANT_OF,Complainant for FIR 262
REL_COMP_263,PERSON_COMP_263,FIR_263,COMPLAINANT_OF,Complainant for FIR 263
REL_COMP_264,PERSON_COMP_264,FIR_264,COMPLAINANT_OF,Complainant for FIR 264
REL_COMP_265,PERSON_COMP_265,FIR_265,COMPLAINANT_OF,Complainant for FIR 265
REL_COMP_266,PERSON_COMP_266,FIR_266,COMPLAINANT_OF,Complainant for FIR 266
REL_COMP_267,PERSON_COMP_267,FIR_267,COMPLAINANT_OF,Complainant for FIR 267
REL_COMP_268,PERSON_COMP_268,FIR_268,COMPLAINANT_OF,Complainant for FIR 268
REL_COMP_269,PERSON_COMP_269,FIR_269,COMPLAINANT_OF,Complainant for FIR 269
REL_COMP_270,PERSON_COMP_270,FIR_270,COMPLAINANT_OF,Complainant for FIR 270
REL_COMP_271,PERSON_COMP_271,FIR_271,COMPLAINANT_OF,Complainant for FIR 271
REL_COMP_272,PERSON_COMP_272,FIR_272,COMPLAINANT_OF,Complainant for FIR 272
REL_COMP_273,PERSON_COMP_273,FIR_273,COMPLAINANT_OF,Complainant for FIR 273
REL_COMP_274,PERSON_COMP_274,FIR_274,COMPLAINANT_OF,Complainant for FIR 274
REL_COMP_275,PERSON_COMP_275,FIR_275,COMPLAINANT_OF,Complainant for FIR 275
REL_COMP_276,PERSON_COMP_276,FIR_276,COMPLAINANT_OF,Complainant for FIR 276
REL_COMP_277,PERSON_COMP_277,FIR_277,COMPLAINANT_OF,Complainant for FIR 277
REL_COMP_278,PERSON_COMP_278,FIR_278,COMPLAINANT_OF,Complainant for FIR 278
REL_COMP_279,PERSON_COMP_279,FIR_279,COMPLAINANT_OF,Complainant for FIR 279
REL_COMP_280,PERSON_COMP_280,FIR_280,COMPLAINANT_OF,Complainant for FIR 280
REL_COMP_281,PERSON_COMP_281,FIR_281,COMPLAINANT_OF,Complainant for FIR 281
REL_COMP_282,PERSON_COMP_282,FIR_282,COMPLAINANT_OF,Complainant for FIR 282
REL_COMP_283,PERSON_COMP_283,FIR_283,COMPLAINANT_OF,Complainant for FIR 283
REL_COMP_284,PERSON_COMP_284,FIR_284,COMPLAINANT_OF,Complainant for FIR 284
REL_COMP_285,PERSON_COMP_285,FIR_285,COMPLAINANT_OF,Complainant for FIR 285
REL_COMP_286,PERSON_COMP_286,FIR_286,COMPLAINANT_OF,Complainant for FIR 286
REL_COMP_287,PERSON_COMP_287,FIR_287,COMPLAINANT_OF,Complainant for FIR 287
REL_COMP_288,PERSON_COMP_288,FIR_288,COMPLAINANT_OF,Complainant for FIR 288
REL_COMP_289,PERSON_COMP_289,FIR_289,COMPLAINANT_OF,Complainant for FIR 289
REL_COMP_290,PERSON_COMP_290,FIR_290,COMPLAINANT_OF,Complainant for FIR 290
REL_COMP_291,PERSON_COMP_291,FIR_291,COMPLAINANT_OF,Complainant for FIR 291
REL_COMP_292,PERSON_COMP_292,FIR_292,COMPLAINANT_OF,Complainant for FIR 292
REL_COMP_293,PERSON_COMP_293,FIR_293,COMPLAINANT_OF,Complainant for FIR 293
REL_COMP_294,PERSON_COMP_294,FIR_294,COMPLAINANT_OF,Complainant for FIR 294
REL_COMP_295,PERSON_COMP_295,FIR_295,COMPLAINANT_OF,Complainant for FIR 295
REL_COMP_296,PERSON_COMP_296,FIR_296,COMPLAINANT_OF,Complainant for FIR 296
REL_COMP_297,PERSON_COMP_297,FIR_297,COMPLAINANT_OF,Complainant for FIR 297
REL_COMP_298,PERSON_COMP_298,FIR_298,COMPLAINANT_OF,Complainant for FIR 298
REL_COMP_299,PERSON_COMP_299,FIR_299,COMPLAINANT_OF,Complainant for FIR 299
REL_COMP_300,PERSON_COMP_300,FIR_300,COMPLAINANT_OF,Complainant for FIR 300
REL_COMP_301,PERSON_COMP_301,FIR_301,COMPLAINANT_OF,Complainant for FIR 301
REL_COMP_302,PERSON_COMP_302,FIR_302,COMPLAINANT_OF,Complainant for FIR 302
REL_COMP_303,PERSON_COMP_303,FIR_303,COMPLAINANT_OF,Complainant for FIR 303
REL_COMP_304,PERSON_COMP_304,FIR_304,COMPLAINANT_OF,Complainant for FIR 304
REL_COMP_305,PERSON_COMP_305,FIR_305,COMPLAINANT_OF,Complainant for FIR 305
REL_COMP_306,PERSON_COMP_306,FIR_306,COMPLAINANT_OF,Complainant for FIR 306
REL_COMP_307,PERSON_COMP_307,FIR_307,COMPLAINANT_OF,Complainant for FIR 307
REL_COMP_308,PERSON_COMP_308,FIR_308,COMPLAINANT_OF,Complainant for FIR 308
REL_COMP_309,PERSON_COMP_309,FIR_309,COMPLAINANT_OF,Complainant for FIR 309
REL_COMP_310,PERSON_COMP_310,FIR_310,COMPLAINANT_OF,Complainant for FIR 310
REL_COMP_311,PERSON_COMP_311,FIR_311,COMPLAINANT_OF,Complainant for FIR 311
REL_COMP_312,PERSON_COMP_312,FIR_312,COMPLAINANT_OF,Complainant for FIR 312
REL_COMP_313,PERSON_COMP_313,FIR_313,COMPLAINANT_OF,Complainant for FIR 313
REL_COMP_314,PERSON_COMP_314,FIR_314,COMPLAINANT_OF,Complainant for FIR 314
REL_COMP_315,PERSON_COMP_315,FIR_315,COMPLAINANT_OF,Complainant for FIR 315
REL_COMP_316,PERSON_COMP_316,FIR_316,COMPLAINANT_OF,Complainant for FIR 316
REL_COMP_317,PERSON_COMP_317,FIR_317,COMPLAINANT_OF,Complainant for FIR 317
REL_COMP_318,PERSON_COMP_318,FIR_318,COMPLAINANT_OF,Complainant for FIR 318
REL_COMP_319,PERSON_COMP_319,FIR_319,COMPLAINANT_OF,Complainant for FIR 319
REL_COMP_320,PERSON_COMP_320,FIR_320,COMPLAINANT_OF,Complainant for FIR 320
REL_COMP_321,PERSON_COMP_321,FIR_321,COMPLAINANT_OF,Complainant for FIR 321
REL_COMP_322,PERSON_COMP_322,FIR_322,COMPLAINANT_OF,Complainant for FIR 322
REL_COMP_323,PERSON_COMP_323,FIR_323,COMPLAINANT_OF,Complainant for FIR 323
REL_COMP_324,PERSON_COMP_324,FIR_324,COMPLAINANT_OF,Complainant for FIR 324
REL_COMP_325,PERSON_COMP_325,FIR_325,COMPLAINANT_OF,Complainant for FIR 325
REL_COMP_326,PERSON_COMP_326,FIR_326,COMPLAINANT_OF,Complainant for FIR 326
REL_COMP_327,PERSON_COMP_327,FIR_327,COMPLAINANT_OF,Complainant for FIR 327
REL_COMP_328,PERSON_COMP_328,FIR_328,COMPLAINANT_OF,Complainant for FIR 328
REL_COMP_329,PERSON_COMP_329,FIR_329,COMPLAINANT_OF,Complainant for FIR 329
REL_COMP_330,PERSON_COMP_330,FIR_330,COMPLAINANT_OF,Complainant for FIR 330
REL_COMP_331,PERSON_COMP_331,FIR_331,COMPLAINANT_OF,Complainant for FIR 331
REL_COMP_332,PERSON_COMP_332,FIR_332,COMPLAINANT_OF,Complainant for FIR 332
REL_COMP_333,PERSON_COMP_333,FIR_333,COMPLAINANT_OF,Complainant for FIR 333
REL_COMP_334,PERSON_COMP_334,FIR_334,COMPLAINANT_OF,Complainant for FIR 334
REL_COMP_335,PERSON_COMP_335,FIR_335,COMPLAINANT_OF,Complainant for FIR 335
REL_COMP_336,PERSON_COMP_336,FIR_336,COMPLAINANT_OF,Complainant for FIR 336
REL_COMP_337,PERSON_COMP_337,FIR_337,COMPLAINANT_OF,Complainant for FIR 337
REL_COMP_338,PERSON_COMP_338,FIR_338,COMPLAINANT_OF,Complainant for FIR 338
REL_COMP_339,PERSON_COMP_339,FIR_339,COMPLAINANT_OF,Complainant for FIR 339
REL_COMP_340,PERSON_COMP_340,FIR_340,COMPLAINANT_OF,Complainant for FIR 340
REL_COMP_341,PERSON_COMP_341,FIR_341,COMPLAINANT_OF,Complainant for FIR 341
REL_COMP_342,PERSON_COMP_342,FIR_342,COMPLAINANT_OF,Complainant for FIR 342
REL_COMP_343,PERSON_COMP_343,FIR_343,COMPLAINANT_OF,Complainant for FIR 343
REL_COMP_344,PERSON_COMP_344,FIR_344,COMPLAINANT_OF,Complainant for FIR 344
REL_COMP_345,PERSON_COMP_345,FIR_345,COMPLAINANT_OF,Complainant for FIR 345
REL_COMP_346,PERSON_COMP_346,FIR_346,COMPLAINANT_OF,Complainant for FIR 346
REL_COMP_347,PERSON_COMP_347,FIR_347,COMPLAINANT_OF,Complainant for FIR 347
REL_COMP_348,PERSON_COMP_348,FIR_348,COMPLAINANT_OF,Complainant for FIR 348
REL_COMP_349,PERSON_COMP_349,FIR_349,COMPLAINANT_OF,Complainant for FIR 349
REL_COMP_350,PERSON_COMP_350,FIR_350,COMPLAINANT_OF,Complainant for FIR 350
REL_COMP_351,PERSON_COMP_351,FIR_351,COMPLAINANT_OF,Complainant for FIR 351
REL_COMP_352,PERSON_COMP_352,FIR_352,COMPLAINANT_OF,Complainant for FIR 352
REL_COMP_353,PERSON_COMP_353,FIR_353,COMPLAINANT_OF,Complainant for FIR 353
REL_COMP_354,PERSON_COMP_354,FIR_354,COMPLAINANT_OF,Complainant for FIR 354
REL_COMP_355,PERSON_COMP_355,FIR_355,COMPLAINANT_OF,Complainant for FIR 355
REL_COMP_356,PERSON_COMP_356,FIR_356,COMPLAINANT_OF,Complainant for FIR 356
REL_COMP_357,PERSON_COMP_357,FIR_357,COMPLAINANT_OF,Complainant for FIR 357
REL_COMP_358,PERSON_COMP_358,FIR_358,COMPLAINANT_OF,Complainant for FIR 358
REL_COMP_359,PERSON_COMP_359,FIR_359,COMPLAINANT_OF,Complainant for FIR 359
REL_COMP_360,PERSON_COMP_360,FIR_360,COMPLAINANT_OF,Complainant for FIR 360
REL_COMP_361,PERSON_COMP_361,FIR_361,COMPLAINANT_OF,Complainant for FIR 361
REL_COMP_362,PERSON_COMP_362,FIR_362,COMPLAINANT_OF,Complainant for FIR 362
REL_COMP_363,PERSON_COMP_363,FIR_363,COMPLAINANT_OF,Complainant for FIR 363
REL_COMP_364,PERSON_COMP_364,FIR_364,COMPLAINANT_OF,Complainant for FIR 364
REL_COMP_365,PERSON_COMP_365,FIR_365,COMPLAINANT_OF,Complainant for FIR 365
REL_COMP_366,PERSON_COMP_366,FIR_366,COMPLAINANT_OF,Complainant for FIR 366
REL_COMP_367,PERSON_COMP_367,FIR_367,COMPLAINANT_OF,Complainant for FIR 367
REL_COMP_368,PERSON_COMP_368,FIR_368,COMPLAINANT_OF,Complainant for FIR 368
REL_COMP_369,PERSON_COMP_369,FIR_369,COMPLAINANT_OF,Complainant for FIR 369
REL_COMP_370,PERSON_COMP_370,FIR_370,COMPLAINANT_OF,Complainant for FIR 370
REL_COMP_371,PERSON_COMP_371,FIR_371,COMPLAINANT_OF,Complainant for FIR 371
REL_COMP_372,PERSON_COMP_372,FIR_372,COMPLAINANT_OF,Complainant for FIR 372
REL_COMP_373,PERSON_COMP_373,FIR_373,COMPLAINANT_OF,Complainant for FIR 373
REL_COMP_374,PERSON_COMP_374,FIR_374,COMPLAINANT_OF,Complainant for FIR 374
REL_COMP_375,PERSON_COMP_375,FIR_375,COMPLAINANT_OF,Complainant for FIR 375
REL_COMP_376,PERSON_COMP_376,FIR_376,COMPLAINANT_OF,Complainant for FIR 376
REL_COMP_377,PERSON_COMP_377,FIR_377,COMPLAINANT_OF,Complainant for FIR 377
REL_COMP_378,PERSON_COMP_378,FIR_378,COMPLAINANT_OF,Complainant for FIR 378
REL_COMP_379,PERSON_COMP_379,FIR_379,COMPLAINANT_OF,Complainant for FIR 379
REL_COMP_380,PERSON_COMP_380,FIR_380,COMPLAINANT_OF,Complainant for FIR 380
REL_COMP_381,PERSON_COMP_381,FIR_381,COMPLAINANT_OF,Complainant for FIR 381
REL_COMP_382,PERSON_COMP_382,FIR_382,COMPLAINANT_OF,Complainant for FIR 382
REL_COMP_383,PERSON_COMP_383,FIR_383,COMPLAINANT_OF,Complainant for FIR 383
REL_COMP_384,PERSON_COMP_384,FIR_384,COMPLAINANT_OF,Complainant for FIR 384
REL_COMP_385,PERSON_COMP_385,FIR_385,COMPLAINANT_OF,Complainant for FIR 385
REL_COMP_386,PERSON_COMP_386,FIR_386,COMPLAINANT_OF,Complainant for FIR 386
REL_COMP_387,PERSON_COMP_387,FIR_387,COMPLAINANT_OF,Complainant for FIR 387
REL_COMP_388,PERSON_COMP_388,FIR_388,COMPLAINANT_OF,Complainant for FIR 388
REL_COMP_389,PERSON_COMP_389,FIR_389,COMPLAINANT_OF,Complainant for FIR 389
REL_COMP_390,PERSON_COMP_390,FIR_390,COMPLAINANT_OF,Complainant for FIR 390
REL_COMP_391,PERSON_COMP_391,FIR_391,COMPLAINANT_OF,Complainant for FIR 391
REL_COMP_392,PERSON_COMP_392,FIR_392,COMPLAINANT_OF,Complainant for FIR 392
REL_COMP_393,PERSON_COMP_393,FIR_393,COMPLAINANT_OF,Complainant for FIR 393
REL_COMP_394,PERSON_COMP_394,FIR_394,COMPLAINANT_OF,Complainant for FIR 394
REL_COMP_395,PERSON_COMP_395,FIR_395,COMPLAINANT_OF,Complainant for FIR 395
REL_COMP_396,PERSON_COMP_396,FIR_396,COMPLAINANT_OF,Complainant for FIR 396
REL_COMP_397,PERSON_COMP_397,FIR_397,COMPLAINANT_OF,Complainant for FIR 397
REL_COMP_398,PERSON_COMP_398,FIR_398,COMPLAINANT_OF,Complainant for FIR 398
REL_COMP_399,PERSON_COMP_399,FIR_399,COMPLAINANT_OF,Complainant for FIR 399
REL_COMP_400,PERSON_COMP_400,FIR_400,COMPLAINANT_OF,Complainant for FIR 400
REL_COMP_401,PERSON_COMP_401,FIR_401,COMPLAINANT_OF,Complainant for FIR 401
REL_COMP_402,PERSON_COMP_402,FIR_402,COMPLAINANT_OF,Complainant for FIR 402
REL_COMP_403,PERSON_COMP_403,FIR_403,COMPLAINANT_OF,Complainant for FIR 403
REL_COMP_404,PERSON_COMP_404,FIR_404,COMPLAINANT_OF,Complainant for FIR 404
REL_COMP_405,PERSON_COMP_405,FIR_405,COMPLAINANT_OF,Complainant for FIR 405
REL_COMP_406,PERSON_COMP_406,FIR_406,COMPLAINANT_OF,Complainant for FIR 406
REL_COMP_407,PERSON_COMP_407,FIR_407,COMPLAINANT_OF,Complainant for FIR 407
REL_COMP_408,PERSON_COMP_408,FIR_408,COMPLAINANT_OF,Complainant for FIR 408
REL_COMP_409,PERSON_COMP_409,FIR_409,COMPLAINANT_OF,Complainant for FIR 409
REL_COMP_410,PERSON_COMP_410,FIR_410,COMPLAINANT_OF,Complainant for FIR 410
REL_COMP_411,PERSON_COMP_411,FIR_411,COMPLAINANT_OF,Complainant for FIR 411
REL_COMP_412,PERSON_COMP_412,FIR_412,COMPLAINANT_OF,Complainant for FIR 412
REL_COMP_413,PERSON_COMP_413,FIR_413,COMPLAINANT_OF,Complainant for FIR 413
REL_COMP_414,PERSON_COMP_414,FIR_414,COMPLAINANT_OF,Complainant for FIR 414
REL_COMP_415,PERSON_COMP_415,FIR_415,COMPLAINANT_OF,Complainant for FIR 415
REL_COMP_416,PERSON_COMP_416,FIR_416,COMPLAINANT_OF,Complainant for FIR 416
REL_COMP_417,PERSON_COMP_417,FIR_417,COMPLAINANT_OF,Complainant for FIR 417
REL_COMP_418,PERSON_COMP_418,FIR_418,COMPLAINANT_OF,Complainant for FIR 418
REL_COMP_419,PERSON_COMP_419,FIR_419,COMPLAINANT_OF,Complainant for FIR 419
REL_COMP_420,PERSON_COMP_420,FIR_420,COMPLAINANT_OF,Complainant for FIR 420
REL_COMP_421,PERSON_COMP_421,FIR_421,COMPLAINANT_OF,Complainant for FIR 421
REL_COMP_422,PERSON_COMP_422,FIR_422,COMPLAINANT_OF,Complainant for FIR 422
REL_COMP_423,PERSON_COMP_423,FIR_423,COMPLAINANT_OF,Complainant for FIR 423
REL_COMP_424,PERSON_COMP_424,FIR_424,COMPLAINANT_OF,Complainant for FIR 424
REL_COMP_425,PERSON_COMP_425,FIR_425,COMPLAINANT_OF,Complainant for FIR 425
REL_COMP_426,PERSON_COMP_426,FIR_426,COMPLAINANT_OF,Complainant for FIR 426
REL_COMP_427,PERSON_COMP_427,FIR_427,COMPLAINANT_OF,Complainant for FIR 427
REL_COMP_428,PERSON_COMP_428,FIR_428,COMPLAINANT_OF,Complainant for FIR 428
REL_COMP_429,PERSON_COMP_429,FIR_429,COMPLAINANT_OF,Complainant for FIR 429
REL_COMP_430,PERSON_COMP_430,FIR_430,COMPLAINANT_OF,Complainant for FIR 430
REL_COMP_431,PERSON_COMP_431,FIR_431,COMPLAINANT_OF,Complainant for FIR 431
REL_COMP_432,PERSON_COMP_432,FIR_432,COMPLAINANT_OF,Complainant for FIR 432
REL_COMP_433,PERSON_COMP_433,FIR_433,COMPLAINANT_OF,Complainant for FIR 433
REL_COMP_434,PERSON_COMP_434,FIR_434,COMPLAINANT_OF,Complainant for FIR 434
REL_COMP_435,PERSON_COMP_435,FIR_435,COMPLAINANT_OF,Complainant for FIR 435
REL_COMP_436,PERSON_COMP_436,FIR_436,COMPLAINANT_OF,Complainant for FIR 436
REL_COMP_437,PERSON_COMP_437,FIR_437,COMPLAINANT_OF,Complainant for FIR 437
REL_COMP_438,PERSON_COMP_438,FIR_438,COMPLAINANT_OF,Complainant for FIR 438
REL_COMP_439,PERSON_COMP_439,FIR_439,COMPLAINANT_OF,Complainant for FIR 439
REL_COMP_440,PERSON_COMP_440,FIR_440,COMPLAINANT_OF,Complainant for FIR 440
REL_COMP_441,PERSON_COMP_441,FIR_441,COMPLAINANT_OF,Complainant for FIR 441
REL_COMP_442,PERSON_COMP_442,FIR_442,COMPLAINANT_OF,Complainant for FIR 442
REL_COMP_443,PERSON_COMP_443,FIR_443,COMPLAINANT_OF,Complainant for FIR 443
REL_COMP_444,PERSON_COMP_444,FIR_444,COMPLAINANT_OF,Complainant for FIR 444
REL_COMP_445,PERSON_COMP_445,FIR_445,COMPLAINANT_OF,Complainant for FIR 445
REL_COMP_446,PERSON_COMP_446,FIR_446,COMPLAINANT_OF,Complainant for FIR 446
REL_COMP_447,PERSON_COMP_447,FIR_447,COMPLAINANT_OF,Complainant for FIR 447
REL_COMP_448,PERSON_COMP_448,FIR_448,COMPLAINANT_OF,Complainant for FIR 448
REL_COMP_449,PERSON_COMP_449,FIR_449,COMPLAINANT_OF,Complainant for FIR 449
REL_COMP_450,PERSON_COMP_450,FIR_450,COMPLAINANT_OF,Complainant for FIR 450
REL_COMP_451,PERSON_COMP_451,FIR_451,COMPLAINANT_OF,Complainant for FIR 451
REL_COMP_452,PERSON_COMP_452,FIR_452,COMPLAINANT_OF,Complainant for FIR 452
REL_COMP_453,PERSON_COMP_453,FIR_453,COMPLAINANT_OF,Complainant for FIR 453
REL_COMP_454,PERSON_COMP_454,FIR_454,COMPLAINANT_OF,Complainant for FIR 454
REL_COMP_455,PERSON_COMP_455,FIR_455,COMPLAINANT_OF,Complainant for FIR 455
REL_COMP_456,PERSON_COMP_456,FIR_456,COMPLAINANT_OF,Complainant for FIR 456
REL_COMP_457,PERSON_COMP_457,FIR_457,COMPLAINANT_OF,Complainant for FIR 457
REL_COMP_458,PERSON_COMP_458,FIR_458,COMPLAINANT_OF,Complainant for FIR 458
REL_COMP_459,PERSON_COMP_459,FIR_459,COMPLAINANT_OF,Complainant for FIR 459
REL_COMP_460,PERSON_COMP_460,FIR_460,COMPLAINANT_OF,Complainant for FIR 460
REL_COMP_461,PERSON_COMP_461,FIR_461,COMPLAINANT_OF,Complainant for FIR 461
REL_COMP_462,PERSON_COMP_462,FIR_462,COMPLAINANT_OF,Complainant for FIR 462
REL_COMP_463,PERSON_COMP_463,FIR_463,COMPLAINANT_OF,Complainant for FIR 463
REL_COMP_464,PERSON_COMP_464,FIR_464,COMPLAINANT_OF,Complainant for FIR 464
REL_COMP_465,PERSON_COMP_465,FIR_465,COMPLAINANT_OF,Complainant for FIR 465
REL_COMP_466,PERSON_COMP_466,FIR_466,COMPLAINANT_OF,Complainant for FIR 466
REL_COMP_467,PERSON_COMP_467,FIR_467,COMPLAINANT_OF,Complainant for FIR 467
REL_COMP_468,PERSON_COMP_468,FIR_468,COMPLAINANT_OF,Complainant for FIR 468
REL_COMP_469,PERSON_COMP_469,FIR_469,COMPLAINANT_OF,Complainant for FIR 469
REL_COMP_470,PERSON_COMP_470,FIR_470,COMPLAINANT_OF,Complainant for FIR 470
REL_COMP_471,PERSON_COMP_471,FIR_471,COMPLAINANT_OF,Complainant for FIR 471
REL_COMP_472,PERSON_COMP_472,FIR_472,COMPLAINANT_OF,Complainant for FIR 472
REL_COMP_473,PERSON_COMP_473,FIR_473,COMPLAINANT_OF,Complainant for FIR 473
REL_COMP_474,PERSON_COMP_474,FIR_474,COMPLAINANT_OF,Complainant for FIR 474
REL_COMP_475,PERSON_COMP_475,FIR_475,COMPLAINANT_OF,Complainant for FIR 475
REL_COMP_476,PERSON_COMP_476,FIR_476,COMPLAINANT_OF,Complainant for FIR 476
REL_COMP_477,PERSON_COMP_477,FIR_477,COMPLAINANT_OF,Complainant for FIR 477
REL_COMP_478,PERSON_COMP_478,FIR_478,COMPLAINANT_OF,Complainant for FIR 478
REL_COMP_479,PERSON_COMP_479,FIR_479,COMPLAINANT_OF,Complainant for FIR 479
REL_COMP_480,PERSON_COMP_480,FIR_480,COMPLAINANT_OF,Complainant for FIR 480
REL_COMP_481,PERSON_COMP_481,FIR_481,COMPLAINANT_OF,Complainant for FIR 481
REL_COMP_482,PERSON_COMP_482,FIR_482,COMPLAINANT_OF,Complainant for FIR 482
REL_COMP_483,PERSON_COMP_483,FIR_483,COMPLAINANT_OF,Complainant for FIR 483
REL_COMP_484,PERSON_COMP_484,FIR_484,COMPLAINANT_OF,Complainant for FIR 484
REL_COMP_485,PERSON_COMP_485,FIR_485,COMPLAINANT_OF,Complainant for FIR 485
REL_COMP_486,PERSON_COMP_486,FIR_486,COMPLAINANT_OF,Complainant for FIR 486
REL_COMP_487,PERSON_COMP_487,FIR_487,COMPLAINANT_OF,Complainant for FIR 487
REL_COMP_488,PERSON_COMP_488,FIR_488,COMPLAINANT_OF,Complainant for FIR 488
REL_COMP_489,PERSON_COMP_489,FIR_489,COMPLAINANT_OF,Complainant for FIR 489
REL_COMP_490,PERSON_COMP_490,FIR_490,COMPLAINANT_OF,Complainant for FIR 490
REL_COMP_491,PERSON_COMP_491,FIR_491,COMPLAINANT_OF,Complainant for FIR 491
REL_COMP_492,PERSON_COMP_492,FIR_492,COMPLAINANT_OF,Complainant for FIR 492
REL_COMP_493,PERSON_COMP_493,FIR_493,COMPLAINANT_OF,Complainant for FIR 493
REL_COMP_494,PERSON_COMP_494,FIR_494,COMPLAINANT_OF,Complainant for FIR 494
REL_COMP_495,PERSON_COMP_495,FIR_495,COMPLAINANT_OF,Complainant for FIR 495
REL_COMP_496,PERSON_COMP_496,FIR_496,COMPLAINANT_OF,Complainant for FIR 496
REL_COMP_497,PERSON_COMP_497,FIR_497,COMPLAINANT_OF,Complainant for FIR 497
REL_COMP_498,PERSON_COMP_498,FIR_498,COMPLAINANT_OF,Complainant for FIR 498
REL_COMP_499,PERSON_COMP_499,FIR_499,COMPLAINANT_OF,Complainant for FIR 499
REL_COMP_500,PERSON_COMP_500,FIR_500,COMPLAINANT_OF,Complainant for FIR 500
REL_COMP_501,PERSON_COMP_501,FIR_501,COMPLAINANT_OF,Complainant for FIR 501
REL_COMP_502,PERSON_COMP_502,FIR_502,COMPLAINANT_OF,Complainant for FIR 502
REL_COMP_503,PERSON_COMP_503,FIR_503,COMPLAINANT_OF,Complainant for FIR 503
REL_COMP_504,PERSON_COMP_504,FIR_504,COMPLAINANT_OF,Complainant for FIR 504
REL_COMP_505,PERSON_COMP_505,FIR_505,COMPLAINANT_OF,Complainant for FIR 505
REL_COMP_506,PERSON_COMP_506,FIR_506,COMPLAINANT_OF,Complainant for FIR 506
REL_COMP_507,PERSON_COMP_507,FIR_507,COMPLAINANT_OF,Complainant for FIR 507
REL_COMP_508,PERSON_COMP_508,FIR_508,COMPLAINANT_OF,Complainant for FIR 508
REL_COMP_509,PERSON_COMP_509,FIR_509,COMPLAINANT_OF,Complainant for FIR 509
REL_COMP_510,PERSON_COMP_510,FIR_510,COMPLAINANT_OF,Complainant for FIR 510
REL_COMP_511,PERSON_COMP_511,FIR_511,COMPLAINANT_OF,Complainant for FIR 511
REL_COMP_512,PERSON_COMP_512,FIR_512,COMPLAINANT_OF,Complainant for FIR 512
REL_COMP_513,PERSON_COMP_513,FIR_513,COMPLAINANT_OF,Complainant for FIR 513
REL_COMP_514,PERSON_COMP_514,FIR_514,COMPLAINANT_OF,Complainant for FIR 514
REL_COMP_515,PERSON_COMP_515,FIR_515,COMPLAINANT_OF,Complainant for FIR 515
REL_COMP_516,PERSON_COMP_516,FIR_516,COMPLAINANT_OF,Complainant for FIR 516
REL_COMP_517,PERSON_COMP_517,FIR_517,COMPLAINANT_OF,Complainant for FIR 517
REL_COMP_518,PERSON_COMP_518,FIR_518,COMPLAINANT_OF,Complainant for FIR 518
REL_COMP_519,PERSON_COMP_519,FIR_519,COMPLAINANT_OF,Complainant for FIR 519
REL_COMP_520,PERSON_COMP_520,FIR_520,COMPLAINANT_OF,Complainant for FIR 520
REL_COMP_521,PERSON_COMP_521,FIR_521,COMPLAINANT_OF,Complainant for FIR 521
REL_COMP_522,PERSON_COMP_522,FIR_522,COMPLAINANT_OF,Complainant for FIR 522
REL_COMP_523,PERSON_COMP_523,FIR_523,COMPLAINANT_OF,Complainant for FIR 523
REL_COMP_524,PERSON_COMP_524,FIR_524,COMPLAINANT_OF,Complainant for FIR 524
REL_COMP_525,PERSON_COMP_525,FIR_525,COMPLAINANT_OF,Complainant for FIR 525
REL_COMP_526,PERSON_COMP_526,FIR_526,COMPLAINANT_OF,Complainant for FIR 526
REL_COMP_527,PERSON_COMP_527,FIR_527,COMPLAINANT_OF,Complainant for FIR 527
REL_COMP_528,PERSON_COMP_528,FIR_528,COMPLAINANT_OF,Complainant for FIR 528
REL_COMP_529,PERSON_COMP_529,FIR_529,COMPLAINANT_OF,Complainant for FIR 529
REL_COMP_530,PERSON_COMP_530,FIR_530,COMPLAINANT_OF,Complainant for FIR 530
REL_COMP_531,PERSON_COMP_531,FIR_531,COMPLAINANT_OF,Complainant for FIR 531
REL_COMP_532,PERSON_COMP_532,FIR_532,COMPLAINANT_OF,Complainant for FIR 532
REL_COMP_533,PERSON_COMP_533,FIR_533,COMPLAINANT_OF,Complainant for FIR 533
REL_COMP_534,PERSON_COMP_534,FIR_534,COMPLAINANT_OF,Complainant for FIR 534
REL_COMP_535,PERSON_COMP_535,FIR_535,COMPLAINANT_OF,Complainant for FIR 535
REL_COMP_536,PERSON_COMP_536,FIR_536,COMPLAINANT_OF,Complainant for FIR 536
REL_COMP_537,PERSON_COMP_537,FIR_537,COMPLAINANT_OF,Complainant for FIR 537
REL_COMP_538,PERSON_COMP_538,FIR_538,COMPLAINANT_OF,Complainant for FIR 538
REL_COMP_539,PERSON_COMP_539,FIR_539,COMPLAINANT_OF,Complainant for FIR 539
REL_COMP_540,PERSON_COMP_540,FIR_540,COMPLAINANT_OF,Complainant for FIR 540
REL_COMP_541,PERSON_COMP_541,FIR_541,COMPLAINANT_OF,Complainant for FIR 541
REL_COMP_542,PERSON_COMP_542,FIR_542,COMPLAINANT_OF,Complainant for FIR 542
REL_COMP_543,PERSON_COMP_543,FIR_543,COMPLAINANT_OF,Complainant for FIR 543
REL_COMP_544,PERSON_COMP_544,FIR_544,COMPLAINANT_OF,Complainant for FIR 544
REL_COMP_545,PERSON_COMP_545,FIR_545,COMPLAINANT_OF,Complainant for FIR 545
REL_COMP_546,PERSON_COMP_546,FIR_546,COMPLAINANT_OF,Complainant for FIR 546
REL_COMP_547,PERSON_COMP_547,FIR_547,COMPLAINANT_OF,Complainant for FIR 547
REL_COMP_548,PERSON_COMP_548,FIR_548,COMPLAINANT_OF,Complainant for FIR 548
REL_COMP_549,PERSON_COMP_549,FIR_549,COMPLAINANT_OF,Complainant for FIR 549
REL_COMP_550,PERSON_COMP_550,FIR_550,COMPLAINANT_OF,Complainant for FIR 550
REL_COMP_551,PERSON_COMP_551,FIR_551,COMPLAINANT_OF,Complainant for FIR 551
REL_COMP_552,PERSON_COMP_552,FIR_552,COMPLAINANT_OF,Complainant for FIR 552
REL_COMP_553,PERSON_COMP_553,FIR_553,COMPLAINANT_OF,Complainant for FIR 553
REL_COMP_554,PERSON_COMP_554,FIR_554,COMPLAINANT_OF,Complainant for FIR 554
REL_COMP_555,PERSON_COMP_555,FIR_555,COMPLAINANT_OF,Complainant for FIR 555
REL_COMP_556,PERSON_COMP_556,FIR_556,COMPLAINANT_OF,Complainant for FIR 556
REL_COMP_557,PERSON_COMP_557,FIR_557,COMPLAINANT_OF,Complainant for FIR 557
REL_COMP_558,PERSON_COMP_558,FIR_558,COMPLAINANT_OF,Complainant for FIR 558
REL_COMP_559,PERSON_COMP_559,FIR_559,COMPLAINANT_OF,Complainant for FIR 559
REL_COMP_560,PERSON_COMP_560,FIR_560,COMPLAINANT_OF,Complainant for FIR 560
REL_COMP_561,PERSON_COMP_561,FIR_561,COMPLAINANT_OF,Complainant for FIR 561
REL_COMP_562,PERSON_COMP_562,FIR_562,COMPLAINANT_OF,Complainant for FIR 562
REL_COMP_563,PERSON_COMP_563,FIR_563,COMPLAINANT_OF,Complainant for FIR 563
REL_COMP_564,PERSON_COMP_564,FIR_564,COMPLAINANT_OF,Complainant for FIR 564
REL_COMP_565,PERSON_COMP_565,FIR_565,COMPLAINANT_OF,Complainant for FIR 565
REL_COMP_566,PERSON_COMP_566,FIR_566,COMPLAINANT_OF,Complainant for FIR 566
REL_COMP_567,PERSON_COMP_567,FIR_567,COMPLAINANT_OF,Complainant for FIR 567
REL_COMP_568,PERSON_COMP_568,FIR_568,COMPLAINANT_OF,Complainant for FIR 568
REL_COMP_569,PERSON_COMP_569,FIR_569,COMPLAINANT_OF,Complainant for FIR 569
REL_COMP_570,PERSON_COMP_570,FIR_570,COMPLAINANT_OF,Complainant for FIR 570
REL_COMP_571,PERSON_COMP_571,FIR_571,COMPLAINANT_OF,Complainant for FIR 571
REL_COMP_572,PERSON_COMP_572,FIR_572,COMPLAINANT_OF,Complainant for FIR 572
REL_COMP_573,PERSON_COMP_573,FIR_573,COMPLAINANT_OF,Complainant for FIR 573
REL_COMP_574,PERSON_COMP_574,FIR_574,COMPLAINANT_OF,Complainant for FIR 574
REL_COMP_575,PERSON_COMP_575,FIR_575,COMPLAINANT_OF,Complainant for FIR 575
REL_COMP_576,PERSON_COMP_576,FIR_576,COMPLAINANT_OF,Complainant for FIR 576
REL_COMP_577,PERSON_COMP_577,FIR_577,COMPLAINANT_OF,Complainant for FIR 577
REL_COMP_578,PERSON_COMP_578,FIR_578,COMPLAINANT_OF,Complainant for FIR 578
REL_COMP_579,PERSON_COMP_579,FIR_579,COMPLAINANT_OF,Complainant for FIR 579
REL_COMP_580,PERSON_COMP_580,FIR_580,COMPLAINANT_OF,Complainant for FIR 580
REL_COMP_581,PERSON_COMP_581,FIR_581,COMPLAINANT_OF,Complainant for FIR 581
REL_COMP_582,PERSON_COMP_582,FIR_582,COMPLAINANT_OF,Complainant for FIR 582
REL_COMP_583,PERSON_COMP_583,FIR_583,COMPLAINANT_OF,Complainant for FIR 583
REL_COMP_584,PERSON_COMP_584,FIR_584,COMPLAINANT_OF,Complainant for FIR 584
REL_COMP_585,PERSON_COMP_585,FIR_585,COMPLAINANT_OF,Complainant for FIR 585
REL_COMP_586,PERSON_COMP_586,FIR_586,COMPLAINANT_OF,Complainant for FIR 586
REL_COMP_587,PERSON_COMP_587,FIR_587,COMPLAINANT_OF,Complainant for FIR 587
REL_COMP_588,PERSON_COMP_588,FIR_588,COMPLAINANT_OF,Complainant for FIR 588
REL_COMP_589,PERSON_COMP_589,FIR_589,COMPLAINANT_OF,Complainant for FIR 589
REL_COMP_590,PERSON_COMP_590,FIR_590,COMPLAINANT_OF,Complainant for FIR 590
REL_COMP_591,PERSON_COMP_591,FIR_591,COMPLAINANT_OF,Complainant for FIR 591
REL_COMP_592,PERSON_COMP_592,FIR_592,COMPLAINANT_OF,Complainant for FIR 592
REL_COMP_593,PERSON_COMP_593,FIR_593,COMPLAINANT_OF,Complainant for FIR 593
REL_COMP_594,PERSON_COMP_594,FIR_594,COMPLAINANT_OF,Complainant for FIR 594
REL_COMP_595,PERSON_COMP_595,FIR_595,COMPLAINANT_OF,Complainant for FIR 595
REL_COMP_596,PERSON_COMP_596,FIR_596,COMPLAINANT_OF,Complainant for FIR 596
REL_COMP_597,PERSON_COMP_597,FIR_597,COMPLAINANT_OF,Complainant for FIR 597
REL_COMP_598,PERSON_COMP_598,FIR_598,COMPLAINANT_OF,Complainant for FIR 598
REL_COMP_599,PERSON_COMP_599,FIR_599,COMPLAINANT_OF,Complainant for FIR 599
REL_COMP_600,PERSON_COMP_600,FIR_600,COMPLAINANT_OF,Complainant for FIR 600
REL_COMP_601,PERSON_COMP_601,FIR_601,COMPLAINANT_OF,Complainant for FIR 601
REL_COMP_602,PERSON_COMP_602,FIR_602,COMPLAINANT_OF,Complainant for FIR 602
REL_COMP_603,PERSON_COMP_603,FIR_603,COMPLAINANT_OF,Complainant for FIR 603
REL_COMP_604,PERSON_COMP_604,FIR_604,COMPLAINANT_OF,Complainant for FIR 604
REL_COMP_605,PERSON_COMP_605,FIR_605,COMPLAINANT_OF,Complainant for FIR 605
REL_COMP_606,PERSON_COMP_606,FIR_606,COMPLAINANT_OF,Complainant for FIR 606
REL_COMP_607,PERSON_COMP_607,FIR_607,COMPLAINANT_OF,Complainant for FIR 607
REL_COMP_608,PERSON_COMP_608,FIR_608,COMPLAINANT_OF,Complainant for FIR 608
REL_COMP_609,PERSON_COMP_609,FIR_609,COMPLAINANT_OF,Complainant for FIR 609
REL_COMP_610,PERSON_COMP_610,FIR_610,COMPLAINANT_OF,Complainant for FIR 610
REL_COMP_611,PERSON_COMP_611,FIR_611,COMPLAINANT_OF,Complainant for FIR 611
REL_COMP_612,PERSON_COMP_612,FIR_612,COMPLAINANT_OF,Complainant for FIR 612
REL_COMP_613,PERSON_COMP_613,FIR_613,COMPLAINANT_OF,Complainant for FIR 613
REL_COMP_614,PERSON_COMP_614,FIR_614,COMPLAINANT_OF,Complainant for FIR 614
REL_COMP_615,PERSON_COMP_615,FIR_615,COMPLAINANT_OF,Complainant for FIR 615
REL_COMP_616,PERSON_COMP_616,FIR_616,COMPLAINANT_OF,Complainant for FIR 616
REL_COMP_617,PERSON_COMP_617,FIR_617,COMPLAINANT_OF,Complainant for FIR 617
REL_COMP_618,PERSON_COMP_618,FIR_618,COMPLAINANT_OF,Complainant for FIR 618
REL_COMP_619,PERSON_COMP_619,FIR_619,COMPLAINANT_OF,Complainant for FIR 619
REL_COMP_620,PERSON_COMP_620,FIR_620,COMPLAINANT_OF,Complainant for FIR 620
REL_COMP_621,PERSON_COMP_621,FIR_621,COMPLAINANT_OF,Complainant for FIR 621
REL_COMP_622,PERSON_COMP_622,FIR_622,COMPLAINANT_OF,Complainant for FIR 622
REL_COMP_623,PERSON_COMP_623,FIR_623,COMPLAINANT_OF,Complainant for FIR 623
REL_COMP_624,PERSON_COMP_624,FIR_624,COMPLAINANT_OF,Complainant for FIR 624
REL_COMP_625,PERSON_COMP_625,FIR_625,COMPLAINANT_OF,Complainant for FIR 625
REL_COMP_626,PERSON_COMP_626,FIR_626,COMPLAINANT_OF,Complainant for FIR 626
REL_COMP_627,PERSON_COMP_627,FIR_627,COMPLAINANT_OF,Complainant for FIR 627
REL_COMP_628,PERSON_COMP_628,FIR_628,COMPLAINANT_OF,Complainant for FIR 628
REL_COMP_629,PERSON_COMP_629,FIR_629,COMPLAINANT_OF,Complainant for FIR 629
REL_COMP_630,PERSON_COMP_630,FIR_630,COMPLAINANT_OF,Complainant for FIR 630
REL_COMP_631,PERSON_COMP_631,FIR_631,COMPLAINANT_OF,Complainant for FIR 631
REL_COMP_632,PERSON_COMP_632,FIR_632,COMPLAINANT_OF,Complainant for FIR 632
REL_COMP_633,PERSON_COMP_633,FIR_633,COMPLAINANT_OF,Complainant for FIR 633
REL_COMP_634,PERSON_COMP_634,FIR_634,COMPLAINANT_OF,Complainant for FIR 634
REL_COMP_635,PERSON_COMP_635,FIR_635,COMPLAINANT_OF,Complainant for FIR 635
REL_COMP_636,PERSON_COMP_636,FIR_636,COMPLAINANT_OF,Complainant for FIR 636
REL_COMP_637,PERSON_COMP_637,FIR_637,COMPLAINANT_OF,Complainant for FIR 637
REL_COMP_638,PERSON_COMP_638,FIR_638,COMPLAINANT_OF,Complainant for FIR 638
REL_COMP_639,PERSON_COMP_639,FIR_639,COMPLAINANT_OF,Complainant for FIR 639
REL_COMP_640,PERSON_COMP_640,FIR_640,COMPLAINANT_OF,Complainant for FIR 640
REL_COMP_641,PERSON_COMP_641,FIR_641,COMPLAINANT_OF,Complainant for FIR 641
REL_COMP_642,PERSON_COMP_642,FIR_642,COMPLAINANT_OF,Complainant for FIR 642
REL_COMP_643,PERSON_COMP_643,FIR_643,COMPLAINANT_OF,Complainant for FIR 643
REL_COMP_644,PERSON_COMP_644,FIR_644,COMPLAINANT_OF,Complainant for FIR 644
REL_COMP_645,PERSON_COMP_645,FIR_645,COMPLAINANT_OF,Complainant for FIR 645
REL_COMP_646,PERSON_COMP_646,FIR_646,COMPLAINANT_OF,Complainant for FIR 646
REL_COMP_647,PERSON_COMP_647,FIR_647,COMPLAINANT_OF,Complainant for FIR 647
REL_COMP_648,PERSON_COMP_648,FIR_648,COMPLAINANT_OF,Complainant for FIR 648
REL_COMP_649,PERSON_COMP_649,FIR_649,COMPLAINANT_OF,Complainant for FIR 649
REL_COMP_650,PERSON_COMP_650,FIR_650,COMPLAINANT_OF,Complainant for FIR 650
REL_COMP_651,PERSON_COMP_651,FIR_651,COMPLAINANT_OF,Complainant for FIR 651
REL_COMP_652,PERSON_COMP_652,FIR_652,COMPLAINANT_OF,Complainant for FIR 652
REL_COMP_653,PERSON_COMP_653,FIR_653,COMPLAINANT_OF,Complainant for FIR 653
REL_COMP_654,PERSON_COMP_654,FIR_654,COMPLAINANT_OF,Complainant for FIR 654
REL_COMP_655,PERSON_COMP_655,FIR_655,COMPLAINANT_OF,Complainant for FIR 655
REL_COMP_656,PERSON_COMP_656,FIR_656,COMPLAINANT_OF,Complainant for FIR 656
REL_COMP_657,PERSON_COMP_657,FIR_657,COMPLAINANT_OF,Complainant for FIR 657
REL_COMP_658,PERSON_COMP_658,FIR_658,COMPLAINANT_OF,Complainant for FIR 658
REL_COMP_659,PERSON_COMP_659,FIR_659,COMPLAINANT_OF,Complainant for FIR 659
REL_COMP_660,PERSON_COMP_660,FIR_660,COMPLAINANT_OF,Complainant for FIR 660
REL_COMP_661,PERSON_COMP_661,FIR_661,COMPLAINANT_OF,Complainant for FIR 661
REL_COMP_662,PERSON_COMP_662,FIR_662,COMPLAINANT_OF,Complainant for FIR 662
REL_COMP_663,PERSON_COMP_663,FIR_663,COMPLAINANT_OF,Complainant for FIR 663
REL_COMP_664,PERSON_COMP_664,FIR_664,COMPLAINANT_OF,Complainant for FIR 664
REL_COMP_665,PERSON_COMP_665,FIR_665,COMPLAINANT_OF,Complainant for FIR 665
REL_COMP_666,PERSON_COMP_666,FIR_666,COMPLAINANT_OF,Complainant for FIR 666
REL_COMP_667,PERSON_COMP_667,FIR_667,COMPLAINANT_OF,Complainant for FIR 667
REL_COMP_668,PERSON_COMP_668,FIR_668,COMPLAINANT_OF,Complainant for FIR 668
REL_COMP_669,PERSON_COMP_669,FIR_669,COMPLAINANT_OF,Complainant for FIR 669
REL_COMP_670,PERSON_COMP_670,FIR_670,COMPLAINANT_OF,Complainant for FIR 670
REL_COMP_671,PERSON_COMP_671,FIR_671,COMPLAINANT_OF,Complainant for FIR 671
REL_COMP_672,PERSON_COMP_672,FIR_672,COMPLAINANT_OF,Complainant for FIR 672
REL_COMP_673,PERSON_COMP_673,FIR_673,COMPLAINANT_OF,Complainant for FIR 673
REL_COMP_674,PERSON_COMP_674,FIR_674,COMPLAINANT_OF,Complainant for FIR 674
REL_COMP_675,PERSON_COMP_675,FIR_675,COMPLAINANT_OF,Complainant for FIR 675
REL_COMP_676,PERSON_COMP_676,FIR_676,COMPLAINANT_OF,Complainant for FIR 676
REL_COMP_677,PERSON_COMP_677,FIR_677,COMPLAINANT_OF,Complainant for FIR 677
REL_COMP_678,PERSON_COMP_678,FIR_678,COMPLAINANT_OF,Complainant for FIR 678
REL_COMP_679,PERSON_COMP_679,FIR_679,COMPLAINANT_OF,Complainant for FIR 679
REL_COMP_680,PERSON_COMP_680,FIR_680,COMPLAINANT_OF,Complainant for FIR 680
REL_COMP_681,PERSON_COMP_681,FIR_681,COMPLAINANT_OF,Complainant for FIR 681
REL_COMP_682,PERSON_COMP_682,FIR_682,COMPLAINANT_OF,Complainant for FIR 682
REL_COMP_683,PERSON_COMP_683,FIR_683,COMPLAINANT_OF,Complainant for FIR 683
REL_COMP_684,PERSON_COMP_684,FIR_684,COMPLAINANT_OF,Complainant for FIR 684
REL_COMP_685,PERSON_COMP_685,FIR_685,COMPLAINANT_OF,Complainant for FIR 685
REL_COMP_686,PERSON_COMP_686,FIR_686,COMPLAINANT_OF,Complainant for FIR 686
REL_COMP_687,PERSON_COMP_687,FIR_687,COMPLAINANT_OF,Complainant for FIR 687
REL_COMP_688,PERSON_COMP_688,FIR_688,COMPLAINANT_OF,Complainant for FIR 688
REL_COMP_689,PERSON_COMP_689,FIR_689,COMPLAINANT_OF,Complainant for FIR 689
REL_COMP_690,PERSON_COMP_690,FIR_690,COMPLAINANT_OF,Complainant for FIR 690
REL_COMP_691,PERSON_COMP_691,FIR_691,COMPLAINANT_OF,Complainant for FIR 691
REL_COMP_692,PERSON_COMP_692,FIR_692,COMPLAINANT_OF,Complainant for FIR 692
REL_COMP_693,PERSON_COMP_693,FIR_693,COMPLAINANT_OF,Complainant for FIR 693
REL_COMP_694,PERSON_COMP_694,FIR_694,COMPLAINANT_OF,Complainant for FIR 694
REL_COMP_695,PERSON_COMP_695,FIR_695,COMPLAINANT_OF,Complainant for FIR 695
REL_COMP_696,PERSON_COMP_696,FIR_696,COMPLAINANT_OF,Complainant for FIR 696
REL_COMP_697,PERSON_COMP_697,FIR_697,COMPLAINANT_OF,Complainant for FIR 697
REL_COMP_698,PERSON_COMP_698,FIR_698,COMPLAINANT_OF,Complainant for FIR 698
REL_COMP_699,PERSON_COMP_699,FIR_699,COMPLAINANT_OF,Complainant for FIR 699
REL_COMP_700,PERSON_COMP_700,FIR_700,COMPLAINANT_OF,Complainant for FIR 700
REL_COMP_701,PERSON_COMP_701,FIR_701,COMPLAINANT_OF,Complainant for FIR 701
REL_COMP_702,PERSON_COMP_702,FIR_702,COMPLAINANT_OF,Complainant for FIR 702
REL_COMP_703,PERSON_COMP_703,FIR_703,COMPLAINANT_OF,Complainant for FIR 703
REL_COMP_704,PERSON_COMP_704,FIR_704,COMPLAINANT_OF,Complainant for FIR 704
REL_COMP_705,PERSON_COMP_705,FIR_705,COMPLAINANT_OF,Complainant for FIR 705
REL_COMP_706,PERSON_COMP_706,FIR_706,COMPLAINANT_OF,Complainant for FIR 706
REL_COMP_707,PERSON_COMP_707,FIR_707,COMPLAINANT_OF,Complainant for FIR 707
REL_COMP_708,PERSON_COMP_708,FIR_708,COMPLAINANT_OF,Complainant for FIR 708
REL_COMP_709,PERSON_COMP_709,FIR_709,COMPLAINANT_OF,Complainant for FIR 709
REL_COMP_710,PERSON_COMP_710,FIR_710,COMPLAINANT_OF,Complainant for FIR 710
REL_COMP_711,PERSON_COMP_711,FIR_711,COMPLAINANT_OF,Complainant for FIR 711
REL_COMP_712,PERSON_COMP_712,FIR_712,COMPLAINANT_OF,Complainant for FIR 712
REL_COMP_713,PERSON_COMP_713,FIR_713,COMPLAINANT_OF,Complainant for FIR 713
REL_COMP_714,PERSON_COMP_714,FIR_714,COMPLAINANT_OF,Complainant for FIR 714
REL_COMP_715,PERSON_COMP_715,FIR_715,COMPLAINANT_OF,Complainant for FIR 715
REL_COMP_716,PERSON_COMP_716,FIR_716,COMPLAINANT_OF,Complainant for FIR 716
REL_COMP_717,PERSON_COMP_717,FIR_717,COMPLAINANT_OF,Complainant for FIR 717
REL_COMP_718,PERSON_COMP_718,FIR_718,COMPLAINANT_OF,Complainant for FIR 718
REL_COMP_719,PERSON_COMP_719,FIR_719,COMPLAINANT_OF,Complainant for FIR 719
REL_COMP_720,PERSON_COMP_720,FIR_720,COMPLAINANT_OF,Complainant for FIR 720
REL_COMP_721,PERSON_COMP_721,FIR_721,COMPLAINANT_OF,Complainant for FIR 721
REL_COMP_722,PERSON_COMP_722,FIR_722,COMPLAINANT_OF,Complainant for FIR 722
REL_COMP_723,PERSON_COMP_723,FIR_723,COMPLAINANT_OF,Complainant for FIR 723
REL_COMP_724,PERSON_COMP_724,FIR_724,COMPLAINANT_OF,Complainant for FIR 724
REL_COMP_725,PERSON_COMP_725,FIR_725,COMPLAINANT_OF,Complainant for FIR 725
REL_COMP_726,PERSON_COMP_726,FIR_726,COMPLAINANT_OF,Complainant for FIR 726
REL_COMP_727,PERSON_COMP_727,FIR_727,COMPLAINANT_OF,Complainant for FIR 727
REL_COMP_728,PERSON_COMP_728,FIR_728,COMPLAINANT_OF,Complainant for FIR 728
REL_COMP_729,PERSON_COMP_729,FIR_729,COMPLAINANT_OF,Complainant for FIR 729
REL_COMP_730,PERSON_COMP_730,FIR_730,COMPLAINANT_OF,Complainant for FIR 730
REL_COMP_731,PERSON_COMP_731,FIR_731,COMPLAINANT_OF,Complainant for FIR 731
REL_COMP_732,PERSON_COMP_732,FIR_732,COMPLAINANT_OF,Complainant for FIR 732
REL_COMP_733,PERSON_COMP_733,FIR_733,COMPLAINANT_OF,Complainant for FIR 733
REL_COMP_734,PERSON_COMP_734,FIR_734,COMPLAINANT_OF,Complainant for FIR 734
REL_COMP_735,PERSON_COMP_735,FIR_735,COMPLAINANT_OF,Complainant for FIR 735
REL_COMP_736,PERSON_COMP_736,FIR_736,COMPLAINANT_OF,Complainant for FIR 736
REL_COMP_737,PERSON_COMP_737,FIR_737,COMPLAINANT_OF,Complainant for FIR 737
REL_COMP_738,PERSON_COMP_738,FIR_738,COMPLAINANT_OF,Complainant for FIR 738
REL_COMP_739,PERSON_COMP_739,FIR_739,COMPLAINANT_OF,Complainant for FIR 739
REL_COMP_740,PERSON_COMP_740,FIR_740,COMPLAINANT_OF,Complainant for FIR 740
REL_COMP_741,PERSON_COMP_741,FIR_741,COMPLAINANT_OF,Complainant for FIR 741
REL_COMP_742,PERSON_COMP_742,FIR_742,COMPLAINANT_OF,Complainant for FIR 742
REL_COMP_743,PERSON_COMP_743,FIR_743,COMPLAINANT_OF,Complainant for FIR 743
REL_COMP_744,PERSON_COMP_744,FIR_744,COMPLAINANT_OF,Complainant for FIR 744
REL_COMP_745,PERSON_COMP_745,FIR_745,COMPLAINANT_OF,Complainant for FIR 745
REL_COMP_746,PERSON_COMP_746,FIR_746,COMPLAINANT_OF,Complainant for FIR 746
REL_COMP_747,PERSON_COMP_747,FIR_747,COMPLAINANT_OF,Complainant for FIR 747
REL_COMP_748,PERSON_COMP_748,FIR_748,COMPLAINANT_OF,Complainant for FIR 748
REL_COMP_749,PERSON_COMP_749,FIR_749,COMPLAINANT_OF,Complainant for FIR 749
REL_COMP_750,PERSON_COMP_750,FIR_750,COMPLAINANT_OF,Complainant for FIR 750
REL_COMP_751,PERSON_COMP_751,FIR_751,COMPLAINANT_OF,Complainant for FIR 751
REL_COMP_752,PERSON_COMP_752,FIR_752,COMPLAINANT_OF,Complainant for FIR 752
REL_COMP_753,PERSON_COMP_753,FIR_753,COMPLAINANT_OF,Complainant for FIR 753
REL_COMP_754,PERSON_COMP_754,FIR_754,COMPLAINANT_OF,Complainant for FIR 754
REL_COMP_755,PERSON_COMP_755,FIR_755,COMPLAINANT_OF,Complainant for FIR 755
REL_COMP_756,PERSON_COMP_756,FIR_756,COMPLAINANT_OF,Complainant for FIR 756
REL_COMP_757,PERSON_COMP_757,FIR_757,COMPLAINANT_OF,Complainant for FIR 757
REL_COMP_758,PERSON_COMP_758,FIR_758,COMPLAINANT_OF,Complainant for FIR 758
REL_COMP_759,PERSON_COMP_759,FIR_759,COMPLAINANT_OF,Complainant for FIR 759
REL_COMP_760,PERSON_COMP_760,FIR_760,COMPLAINANT_OF,Complainant for FIR 760
REL_COMP_761,PERSON_COMP_761,FIR_761,COMPLAINANT_OF,Complainant for FIR 761
REL_COMP_762,PERSON_COMP_762,FIR_762,COMPLAINANT_OF,Complainant for FIR 762
REL_COMP_763,PERSON_COMP_763,FIR_763,COMPLAINANT_OF,Complainant for FIR 763
REL_COMP_764,PERSON_COMP_764,FIR_764,COMPLAINANT_OF,Complainant for FIR 764
REL_COMP_765,PERSON_COMP_765,FIR_765,COMPLAINANT_OF,Complainant for FIR 765
REL_COMP_766,PERSON_COMP_766,FIR_766,COMPLAINANT_OF,Complainant for FIR 766
REL_COMP_767,PERSON_COMP_767,FIR_767,COMPLAINANT_OF,Complainant for FIR 767
REL_COMP_768,PERSON_COMP_768,FIR_768,COMPLAINANT_OF,Complainant for FIR 768
REL_COMP_769,PERSON_COMP_769,FIR_769,COMPLAINANT_OF,Complainant for FIR 769
REL_COMP_770,PERSON_COMP_770,FIR_770,COMPLAINANT_OF,Complainant for FIR 770
REL_COMP_771,PERSON_COMP_771,FIR_771,COMPLAINANT_OF,Complainant for FIR 771
REL_COMP_772,PERSON_COMP_772,FIR_772,COMPLAINANT_OF,Complainant for FIR 772
REL_COMP_773,PERSON_COMP_773,FIR_773,COMPLAINANT_OF,Complainant for FIR 773
REL_COMP_774,PERSON_COMP_774,FIR_774,COMPLAINANT_OF,Complainant for FIR 774
REL_COMP_775,PERSON_COMP_775,FIR_775,COMPLAINANT_OF,Complainant for FIR 775
REL_COMP_776,PERSON_COMP_776,FIR_776,COMPLAINANT_OF,Complainant for FIR 776
REL_COMP_777,PERSON_COMP_777,FIR_777,COMPLAINANT_OF,Complainant for FIR 777
REL_COMP_778,PERSON_COMP_778,FIR_778,COMPLAINANT_OF,Complainant for FIR 778
REL_COMP_779,PERSON_COMP_779,FIR_779,COMPLAINANT_OF,Complainant for FIR 779
REL_COMP_780,PERSON_COMP_780,FIR_780,COMPLAINANT_OF,Complainant for FIR 780
REL_COMP_781,PERSON_COMP_781,FIR_781,COMPLAINANT_OF,Complainant for FIR 781
REL_COMP_782,PERSON_COMP_782,FIR_782,COMPLAINANT_OF,Complainant for FIR 782
REL_COMP_783,PERSON_COMP_783,FIR_783,COMPLAINANT_OF,Complainant for FIR 783
REL_COMP_784,PERSON_COMP_784,FIR_784,COMPLAINANT_OF,Complainant for FIR 784
REL_COMP_785,PERSON_COMP_785,FIR_785,COMPLAINANT_OF,Complainant for FIR 785
REL_COMP_786,PERSON_COMP_786,FIR_786,COMPLAINANT_OF,Complainant for FIR 786
REL_COMP_787,PERSON_COMP_787,FIR_787,COMPLAINANT_OF,Complainant for FIR 787
REL_COMP_788,PERSON_COMP_788,FIR_788,COMPLAINANT_OF,Complainant for FIR 788
REL_COMP_789,PERSON_COMP_789,FIR_789,COMPLAINANT_OF,Complainant for FIR 789
REL_COMP_790,PERSON_COMP_790,FIR_790,COMPLAINANT_OF,Complainant for FIR 790
REL_COMP_791,PERSON_COMP_791,FIR_791,COMPLAINANT_OF,Complainant for FIR 791
REL_COMP_792,PERSON_COMP_792,FIR_792,COMPLAINANT_OF,Complainant for FIR 792
REL_COMP_793,PERSON_COMP_793,FIR_793,COMPLAINANT_OF,Complainant for FIR 793
REL_COMP_794,PERSON_COMP_794,FIR_794,COMPLAINANT_OF,Complainant for FIR 794
REL_COMP_795,PERSON_COMP_795,FIR_795,COMPLAINANT_OF,Complainant for FIR 795
REL_COMP_796,PERSON_COMP_796,FIR_796,COMPLAINANT_OF,Complainant for FIR 796
REL_COMP_797,PERSON_COMP_797,FIR_797,COMPLAINANT_OF,Complainant for FIR 797
REL_COMP_798,PERSON_COMP_798,FIR_798,COMPLAINANT_OF,Complainant for FIR 798
REL_COMP_799,PERSON_COMP_799,FIR_799,COMPLAINANT_OF,Complainant for FIR 799
REL_COMP_800,PERSON_COMP_800,FIR_800,COMPLAINANT_OF,Complainant for FIR 800
REL_COMP_801,PERSON_COMP_801,FIR_801,COMPLAINANT_OF,Complainant for FIR 801
REL_COMP_802,PERSON_COMP_802,FIR_802,COMPLAINANT_OF,Complainant for FIR 802
REL_COMP_803,PERSON_COMP_803,FIR_803,COMPLAINANT_OF,Complainant for FIR 803
REL_COMP_804,PERSON_COMP_804,FIR_804,COMPLAINANT_OF,Complainant for FIR 804
REL_COMP_805,PERSON_COMP_805,FIR_805,COMPLAINANT_OF,Complainant for FIR 805
REL_COMP_806,PERSON_COMP_806,FIR_806,COMPLAINANT_OF,Complainant for FIR 806
REL_COMP_807,PERSON_COMP_807,FIR_807,COMPLAINANT_OF,Complainant for FIR 807
REL_COMP_808,PERSON_COMP_808,FIR_808,COMPLAINANT_OF,Complainant for FIR 808
REL_COMP_809,PERSON_COMP_809,FIR_809,COMPLAINANT_OF,Complainant for FIR 809
REL_COMP_810,PERSON_COMP_810,FIR_810,COMPLAINANT_OF,Complainant for FIR 810
REL_COMP_811,PERSON_COMP_811,FIR_811,COMPLAINANT_OF,Complainant for FIR 811
REL_COMP_812,PERSON_COMP_812,FIR_812,COMPLAINANT_OF,Complainant for FIR 812
REL_COMP_813,PERSON_COMP_813,FIR_813,COMPLAINANT_OF,Complainant for FIR 813
REL_COMP_814,PERSON_COMP_814,FIR_814,COMPLAINANT_OF,Complainant for FIR 814
REL_COMP_815,PERSON_COMP_815,FIR_815,COMPLAINANT_OF,Complainant for FIR 815
REL_COMP_816,PERSON_COMP_816,FIR_816,COMPLAINANT_OF,Complainant for FIR 816
REL_COMP_817,PERSON_COMP_817,FIR_817,COMPLAINANT_OF,Complainant for FIR 817
REL_COMP_818,PERSON_COMP_818,FIR_818,COMPLAINANT_OF,Complainant for FIR 818
REL_COMP_819,PERSON_COMP_819,FIR_819,COMPLAINANT_OF,Complainant for FIR 819
REL_COMP_820,PERSON_COMP_820,FIR_820,COMPLAINANT_OF,Complainant for FIR 820
REL_COMP_821,PERSON_COMP_821,FIR_821,COMPLAINANT_OF,Complainant for FIR 821
REL_COMP_822,PERSON_COMP_822,FIR_822,COMPLAINANT_OF,Complainant for FIR 822
REL_COMP_823,PERSON_COMP_823,FIR_823,COMPLAINANT_OF,Complainant for FIR 823
REL_COMP_824,PERSON_COMP_824,FIR_824,COMPLAINANT_OF,Complainant for FIR 824
REL_COMP_825,PERSON_COMP_825,FIR_825,COMPLAINANT_OF,Complainant for FIR 825
REL_COMP_826,PERSON_COMP_826,FIR_826,COMPLAINANT_OF,Complainant for FIR 826
REL_COMP_827,PERSON_COMP_827,FIR_827,COMPLAINANT_OF,Complainant for FIR 827
REL_COMP_828,PERSON_COMP_828,FIR_828,COMPLAINANT_OF,Complainant for FIR 828
REL_COMP_829,PERSON_COMP_829,FIR_829,COMPLAINANT_OF,Complainant for FIR 829
REL_COMP_830,PERSON_COMP_830,FIR_830,COMPLAINANT_OF,Complainant for FIR 830
REL_COMP_831,PERSON_COMP_831,FIR_831,COMPLAINANT_OF,Complainant for FIR 831
REL_COMP_832,PERSON_COMP_832,FIR_832,COMPLAINANT_OF,Complainant for FIR 832
REL_COMP_833,PERSON_COMP_833,FIR_833,COMPLAINANT_OF,Complainant for FIR 833
REL_COMP_834,PERSON_COMP_834,FIR_834,COMPLAINANT_OF,Complainant for FIR 834
REL_COMP_835,PERSON_COMP_835,FIR_835,COMPLAINANT_OF,Complainant for FIR 835
REL_COMP_836,PERSON_COMP_836,FIR_836,COMPLAINANT_OF,Complainant for FIR 836
REL_COMP_837,PERSON_COMP_837,FIR_837,COMPLAINANT_OF,Complainant for FIR 837
REL_COMP_838,PERSON_COMP_838,FIR_838,COMPLAINANT_OF,Complainant for FIR 838
REL_COMP_839,PERSON_COMP_839,FIR_839,COMPLAINANT_OF,Complainant for FIR 839
REL_COMP_840,PERSON_COMP_840,FIR_840,COMPLAINANT_OF,Complainant for FIR 840
REL_COMP_841,PERSON_COMP_841,FIR_841,COMPLAINANT_OF,Complainant for FIR 841
REL_COMP_842,PERSON_COMP_842,FIR_842,COMPLAINANT_OF,Complainant for FIR 842
REL_COMP_843,PERSON_COMP_843,FIR_843,COMPLAINANT_OF,Complainant for FIR 843
REL_COMP_844,PERSON_COMP_844,FIR_844,COMPLAINANT_OF,Complainant for FIR 844
REL_COMP_845,PERSON_COMP_845,FIR_845,COMPLAINANT_OF,Complainant for FIR 845
REL_COMP_846,PERSON_COMP_846,FIR_846,COMPLAINANT_OF,Complainant for FIR 846
REL_COMP_847,PERSON_COMP_847,FIR_847,COMPLAINANT_OF,Complainant for FIR 847
REL_COMP_848,PERSON_COMP_848,FIR_848,COMPLAINANT_OF,Complainant for FIR 848
REL_COMP_849,PERSON_COMP_849,FIR_849,COMPLAINANT_OF,Complainant for FIR 849
REL_COMP_850,PERSON_COMP_850,FIR_850,COMPLAINANT_OF,Complainant for FIR 850
REL_COMP_851,PERSON_COMP_851,FIR_851,COMPLAINANT_OF,Complainant for FIR 851
REL_COMP_852,PERSON_COMP_852,FIR_852,COMPLAINANT_OF,Complainant for FIR 852
REL_COMP_853,PERSON_COMP_853,FIR_853,COMPLAINANT_OF,Complainant for FIR 853
REL_COMP_854,PERSON_COMP_854,FIR_854,COMPLAINANT_OF,Complainant for FIR 854
REL_COMP_855,PERSON_COMP_855,FIR_855,COMPLAINANT_OF,Complainant for FIR 855
REL_COMP_856,PERSON_COMP_856,FIR_856,COMPLAINANT_OF,Complainant for FIR 856
REL_COMP_857,PERSON_COMP_857,FIR_857,COMPLAINANT_OF,Complainant for FIR 857
REL_COMP_858,PERSON_COMP_858,FIR_858,COMPLAINANT_OF,Complainant for FIR 858
REL_COMP_859,PERSON_COMP_859,FIR_859,COMPLAINANT_OF,Complainant for FIR 859
REL_COMP_860,PERSON_COMP_860,FIR_860,COMPLAINANT_OF,Complainant for FIR 860
REL_COMP_861,PERSON_COMP_861,FIR_861,COMPLAINANT_OF,Complainant for FIR 861
REL_COMP_862,PERSON_COMP_862,FIR_862,COMPLAINANT_OF,Complainant for FIR 862
REL_COMP_863,PERSON_COMP_863,FIR_863,COMPLAINANT_OF,Complainant for FIR 863
REL_COMP_864,PERSON_COMP_864,FIR_864,COMPLAINANT_OF,Complainant for FIR 864
REL_COMP_865,PERSON_COMP_865,FIR_865,COMPLAINANT_OF,Complainant for FIR 865
REL_COMP_866,PERSON_COMP_866,FIR_866,COMPLAINANT_OF,Complainant for FIR 866
REL_COMP_867,PERSON_COMP_867,FIR_867,COMPLAINANT_OF,Complainant for FIR 867
REL_COMP_868,PERSON_COMP_868,FIR_868,COMPLAINANT_OF,Complainant for FIR 868
REL_COMP_869,PERSON_COMP_869,FIR_869,COMPLAINANT_OF,Complainant for FIR 869
REL_COMP_870,PERSON_COMP_870,FIR_870,COMPLAINANT_OF,Complainant for FIR 870
REL_COMP_871,PERSON_COMP_871,FIR_871,COMPLAINANT_OF,Complainant for FIR 871
REL_COMP_872,PERSON_COMP_872,FIR_872,COMPLAINANT_OF,Complainant for FIR 872
REL_COMP_873,PERSON_COMP_873,FIR_873,COMPLAINANT_OF,Complainant for FIR 873
REL_COMP_874,PERSON_COMP_874,FIR_874,COMPLAINANT_OF,Complainant for FIR 874
REL_COMP_875,PERSON_COMP_875,FIR_875,COMPLAINANT_OF,Complainant for FIR 875
REL_COMP_876,PERSON_COMP_876,FIR_876,COMPLAINANT_OF,Complainant for FIR 876
REL_COMP_877,PERSON_COMP_877,FIR_877,COMPLAINANT_OF,Complainant for FIR 877
REL_COMP_878,PERSON_COMP_878,FIR_878,COMPLAINANT_OF,Complainant for FIR 878
REL_COMP_879,PERSON_COMP_879,FIR_879,COMPLAINANT_OF,Complainant for FIR 879
REL_COMP_880,PERSON_COMP_880,FIR_880,COMPLAINANT_OF,Complainant for FIR 880
REL_COMP_881,PERSON_COMP_881,FIR_881,COMPLAINANT_OF,Complainant for FIR 881
REL_COMP_882,PERSON_COMP_882,FIR_882,COMPLAINANT_OF,Complainant for FIR 882
REL_COMP_883,PERSON_COMP_883,FIR_883,COMPLAINANT_OF,Complainant for FIR 883
REL_COMP_884,PERSON_COMP_884,FIR_884,COMPLAINANT_OF,Complainant for FIR 884
REL_COMP_885,PERSON_COMP_885,FIR_885,COMPLAINANT_OF,Complainant for FIR 885
REL_COMP_886,PERSON_COMP_886,FIR_886,COMPLAINANT_OF,Complainant for FIR 886
REL_COMP_887,PERSON_COMP_887,FIR_887,COMPLAINANT_OF,Complainant for FIR 887
REL_COMP_888,PERSON_COMP_888,FIR_888,COMPLAINANT_OF,Complainant for FIR 888
REL_COMP_889,PERSON_COMP_889,FIR_889,COMPLAINANT_OF,Complainant for FIR 889
REL_COMP_890,PERSON_COMP_890,FIR_890,COMPLAINANT_OF,Complainant for FIR 890
REL_COMP_891,PERSON_COMP_891,FIR_891,COMPLAINANT_OF,Complainant for FIR 891
REL_COMP_892,PERSON_COMP_892,FIR_892,COMPLAINANT_OF,Complainant for FIR 892
REL_COMP_893,PERSON_COMP_893,FIR_893,COMPLAINANT_OF,Complainant for FIR 893
REL_COMP_894,PERSON_COMP_894,FIR_894,COMPLAINANT_OF,Complainant for FIR 894
REL_COMP_895,PERSON_COMP_895,FIR_895,COMPLAINANT_OF,Complainant for FIR 895
REL_COMP_896,PERSON_COMP_896,FIR_896,COMPLAINANT_OF,Complainant for FIR 896
REL_COMP_897,PERSON_COMP_897,FIR_897,COMPLAINANT_OF,Complainant for FIR 897
REL_COMP_898,PERSON_COMP_898,FIR_898,COMPLAINANT_OF,Complainant for FIR 898
REL_COMP_899,PERSON_COMP_899,FIR_899,COMPLAINANT_OF,Complainant for FIR 899
REL_COMP_900,PERSON_COMP_900,FIR_900,COMPLAINANT_OF,Complainant for FIR 900
REL_COMP_901,PERSON_COMP_901,FIR_901,COMPLAINANT_OF,Complainant for FIR 901
REL_COMP_902,PERSON_COMP_902,FIR_902,COMPLAINANT_OF,Complainant for FIR 902
REL_COMP_903,PERSON_COMP_903,FIR_903,COMPLAINANT_OF,Complainant for FIR 903
REL_COMP_904,PERSON_COMP_904,FIR_904,COMPLAINANT_OF,Complainant for FIR 904
REL_COMP_905,PERSON_COMP_905,FIR_905,COMPLAINANT_OF,Complainant for FIR 905
REL_COMP_906,PERSON_COMP_906,FIR_906,COMPLAINANT_OF,Complainant for FIR 906
REL_COMP_907,PERSON_COMP_907,FIR_907,COMPLAINANT_OF,Complainant for FIR 907
REL_COMP_908,PERSON_COMP_908,FIR_908,COMPLAINANT_OF,Complainant for FIR 908
REL_COMP_909,PERSON_COMP_909,FIR_909,COMPLAINANT_OF,Complainant for FIR 909
REL_COMP_910,PERSON_COMP_910,FIR_910,COMPLAINANT_OF,Complainant for FIR 910
REL_COMP_911,PERSON_COMP_911,FIR_911,COMPLAINANT_OF,Complainant for FIR 911
REL_COMP_912,PERSON_COMP_912,FIR_912,COMPLAINANT_OF,Complainant for FIR 912
REL_COMP_913,PERSON_COMP_913,FIR_913,COMPLAINANT_OF,Complainant for FIR 913
REL_COMP_914,PERSON_COMP_914,FIR_914,COMPLAINANT_OF,Complainant for FIR 914
REL_COMP_915,PERSON_COMP_915,FIR_915,COMPLAINANT_OF,Complainant for FIR 915
REL_COMP_916,PERSON_COMP_916,FIR_916,COMPLAINANT_OF,Complainant for FIR 916
REL_COMP_917,PERSON_COMP_917,FIR_917,COMPLAINANT_OF,Complainant for FIR 917
REL_COMP_918,PERSON_COMP_918,FIR_918,COMPLAINANT_OF,Complainant for FIR 918
REL_COMP_919,PERSON_COMP_919,FIR_919,COMPLAINANT_OF,Complainant for FIR 919
REL_COMP_920,PERSON_COMP_920,FIR_920,COMPLAINANT_OF,Complainant for FIR 920
REL_COMP_921,PERSON_COMP_921,FIR_921,COMPLAINANT_OF,Complainant for FIR 921
REL_COMP_922,PERSON_COMP_922,FIR_922,COMPLAINANT_OF,Complainant for FIR 922
REL_COMP_923,PERSON_COMP_923,FIR_923,COMPLAINANT_OF,Complainant for FIR 923
REL_COMP_924,PERSON_COMP_924,FIR_924,COMPLAINANT_OF,Complainant for FIR 924
REL_COMP_925,PERSON_COMP_925,FIR_925,COMPLAINANT_OF,Complainant for FIR 925
REL_COMP_926,PERSON_COMP_926,FIR_926,COMPLAINANT_OF,Complainant for FIR 926
REL_COMP_927,PERSON_COMP_927,FIR_927,COMPLAINANT_OF,Complainant for FIR 927
REL_COMP_928,PERSON_COMP_928,FIR_928,COMPLAINANT_OF,Complainant for FIR 928
REL_COMP_929,PERSON_COMP_929,FIR_929,COMPLAINANT_OF,Complainant for FIR 929
REL_COMP_930,PERSON_COMP_930,FIR_930,COMPLAINANT_OF,Complainant for FIR 930
REL_COMP_931,PERSON_COMP_931,FIR_931,COMPLAINANT_OF,Complainant for FIR 931
REL_COMP_932,PERSON_COMP_932,FIR_932,COMPLAINANT_OF,Complainant for FIR 932
REL_COMP_933,PERSON_COMP_933,FIR_933,COMPLAINANT_OF,Complainant for FIR 933
REL_COMP_934,PERSON_COMP_934,FIR_934,COMPLAINANT_OF,Complainant for FIR 934
REL_COMP_935,PERSON_COMP_935,FIR_935,COMPLAINANT_OF,Complainant for FIR 935
REL_COMP_936,PERSON_COMP_936,FIR_936,COMPLAINANT_OF,Complainant for FIR 936
REL_COMP_937,PERSON_COMP_937,FIR_937,COMPLAINANT_OF,Complainant for FIR 937
REL_COMP_938,PERSON_COMP_938,FIR_938,COMPLAINANT_OF,Complainant for FIR 938
REL_COMP_939,PERSON_COMP_939,FIR_939,COMPLAINANT_OF,Complainant for FIR 939
REL_COMP_940,PERSON_COMP_940,FIR_940,COMPLAINANT_OF,Complainant for FIR 940
REL_COMP_941,PERSON_COMP_941,FIR_941,COMPLAINANT_OF,Complainant for FIR 941
REL_COMP_942,PERSON_COMP_942,FIR_942,COMPLAINANT_OF,Complainant for FIR 942
REL_COMP_943,PERSON_COMP_943,FIR_943,COMPLAINANT_OF,Complainant for FIR 943
REL_COMP_944,PERSON_COMP_944,FIR_944,COMPLAINANT_OF,Complainant for FIR 944
REL_COMP_945,PERSON_COMP_945,FIR_945,COMPLAINANT_OF,Complainant for FIR 945
REL_COMP_946,PERSON_COMP_946,FIR_946,COMPLAINANT_OF,Complainant for FIR 946
REL_COMP_947,PERSON_COMP_947,FIR_947,COMPLAINANT_OF,Complainant for FIR 947
REL_COMP_948,PERSON_COMP_948,FIR_948,COMPLAINANT_OF,Complainant for FIR 948
REL_COMP_949,PERSON_COMP_949,FIR_949,COMPLAINANT_OF,Complainant for FIR 949
REL_COMP_950,PERSON_COMP_950,FIR_950,COMPLAINANT_OF,Complainant for FIR 950
REL_COMP_951,PERSON_COMP_951,FIR_951,COMPLAINANT_OF,Complainant for FIR 951
REL_COMP_952,PERSON_COMP_952,FIR_952,COMPLAINANT_OF,Complainant for FIR 952
REL_COMP_953,PERSON_COMP_953,FIR_953,COMPLAINANT_OF,Complainant for FIR 953
REL_COMP_954,PERSON_COMP_954,FIR_954,COMPLAINANT_OF,Complainant for FIR 954
REL_COMP_955,PERSON_COMP_955,FIR_955,COMPLAINANT_OF,Complainant for FIR 955
REL_COMP_956,PERSON_COMP_956,FIR_956,COMPLAINANT_OF,Complainant for FIR 956
REL_COMP_957,PERSON_COMP_957,FIR_957,COMPLAINANT_OF,Complainant for FIR 957
REL_COMP_958,PERSON_COMP_958,FIR_958,COMPLAINANT_OF,Complainant for FIR 958
REL_COMP_959,PERSON_COMP_959,FIR_959,COMPLAINANT_OF,Complainant for FIR 959
REL_COMP_960,PERSON_COMP_960,FIR_960,COMPLAINANT_OF,Complainant for FIR 960
REL_COMP_961,PERSON_COMP_961,FIR_961,COMPLAINANT_OF,Complainant for FIR 961
REL_COMP_962,PERSON_COMP_962,FIR_962,COMPLAINANT_OF,Complainant for FIR 962
REL_COMP_963,PERSON_COMP_963,FIR_963,COMPLAINANT_OF,Complainant for FIR 963
REL_COMP_964,PERSON_COMP_964,FIR_964,COMPLAINANT_OF,Complainant for FIR 964
REL_COMP_965,PERSON_COMP_965,FIR_965,COMPLAINANT_OF,Complainant for FIR 965
REL_COMP_966,PERSON_COMP_966,FIR_966,COMPLAINANT_OF,Complainant for FIR 966
REL_COMP_967,PERSON_COMP_967,FIR_967,COMPLAINANT_OF,Complainant for FIR 967
REL_COMP_968,PERSON_COMP_968,FIR_968,COMPLAINANT_OF,Complainant for FIR 968
REL_COMP_969,PERSON_COMP_969,FIR_969,COMPLAINANT_OF,Complainant for FIR 969
REL_COMP_970,PERSON_COMP_970,FIR_970,COMPLAINANT_OF,Complainant for FIR 970
REL_COMP_971,PERSON_COMP_971,FIR_971,COMPLAINANT_OF,Complainant for FIR 971
REL_COMP_972,PERSON_COMP_972,FIR_972,COMPLAINANT_OF,Complainant for FIR 972
REL_COMP_973,PERSON_COMP_973,FIR_973,COMPLAINANT_OF,Complainant for FIR 973
REL_COMP_974,PERSON_COMP_974,FIR_974,COMPLAINANT_OF,Complainant for FIR 974
REL_COMP_975,PERSON_COMP_975,FIR_975,COMPLAINANT_OF,Complainant for FIR 975
REL_COMP_976,PERSON_COMP_976,FIR_976,COMPLAINANT_OF,Complainant for FIR 976
REL_COMP_977,PERSON_COMP_977,FIR_977,COMPLAINANT_OF,Complainant for FIR 977
REL_COMP_978,PERSON_COMP_978,FIR_978,COMPLAINANT_OF,Complainant for FIR 978
REL_COMP_979,PERSON_COMP_979,FIR_979,COMPLAINANT_OF,Complainant for FIR 979
REL_COMP_980,PERSON_COMP_980,FIR_980,COMPLAINANT_OF,Complainant for FIR 980
REL_COMP_981,PERSON_COMP_981,FIR_981,COMPLAINANT_OF,Complainant for FIR 981
REL_COMP_982,PERSON_COMP_982,FIR_982,COMPLAINANT_OF,Complainant for FIR 982
REL_COMP_983,PERSON_COMP_983,FIR_983,COMPLAINANT_OF,Complainant for FIR 983
REL_COMP_984,PERSON_COMP_984,FIR_984,COMPLAINANT_OF,Complainant for FIR 984
REL_COMP_985,PERSON_COMP_985,FIR_985,COMPLAINANT_OF,Complainant for FIR 985
REL_COMP_986,PERSON_COMP_986,FIR_986,COMPLAINANT_OF,Complainant for FIR 986
REL_COMP_987,PERSON_COMP_987,FIR_987,COMPLAINANT_OF,Complainant for FIR 987
REL_COMP_988,PERSON_COMP_988,FIR_988,COMPLAINANT_OF,Complainant for FIR 988
REL_COMP_989,PERSON_COMP_989,FIR_989,COMPLAINANT_OF,Complainant for FIR 989
REL_COMP_990,PERSON_COMP_990,FIR_990,COMPLAINANT_OF,Complainant for FIR 990
REL_COMP_991,PERSON_COMP_991,FIR_991,COMPLAINANT_OF,Complainant for FIR 991
REL_COMP_992,PERSON_COMP_992,FIR_992,COMPLAINANT_OF,Complainant for FIR 992
REL_COMP_993,PERSON_COMP_993,FIR_993,COMPLAINANT_OF,Complainant for FIR 993
REL_COMP_994,PERSON_COMP_994,FIR_994,COMPLAINANT_OF,Complainant for FIR 994
REL_COMP_995,PERSON_COMP_995,FIR_995,COMPLAINANT_OF,Complainant for FIR 995
REL_COMP_996,PERSON_COMP_996,FIR_996,COMPLAINANT_OF,Complainant for FIR 996
REL_COMP_997,PERSON_COMP_997,FIR_997,COMPLAINANT_OF,Complainant for FIR 997
REL_COMP_998,PERSON_COMP_998,FIR_998,COMPLAINANT_OF,Complainant for FIR 998
REL_COMP_999,PERSON_COMP_999,FIR_999,COMPLAINANT_OF,Complainant for FIR 999
REL_COMP_1000,PERSON_COMP_1000,FIR_1000,COMPLAINANT_OF,Complainant for FIR 1000
REL_SYND_0_1,PERSON_ACCUSED_65,PERSON_ACCUSED_567,KNOWN_ASSOCIATE,Linked through criminal network analysis
REL_SYND_0_2,PERSON_ACCUSED_65,PERSON_ACCUSED_294,KNOWN_ASSOCIATE,Linked through criminal network analysis
REL_SYND_0_3,PERSON_ACCUSED_65,PERSON_ACCUSED_457,KNOWN_ASSOCIATE,Linked through criminal network analysis
REL_SYND_1_2,PERSON_ACCUSED_567,PERSON_ACCUSED_294,KNOWN_ASSOCIATE,Linked through criminal network analysis
REL_SYND_1_3,PERSON_ACCUSED_567,PERSON_ACCUSED_457,KNOWN_ASSOCIATE,Linked through criminal network analysis
REL_SYND_1_4,PERSON_ACCUSED_567,PERSON_ACCUSED_296,KNOWN_ASSOCIATE,Linked through criminal network analysis
REL_SYND_2_3,PERSON_ACCUSED_294,PERSON_ACCUSED_457,KNOWN_ASSOCIATE,Linked through criminal network analysis
REL_SYND_2_4,PERSON_ACCUSED_294,PERSON_ACCUSED_296,KNOWN_ASSOCIATE,Linked through criminal network analysis
REL_SYND_2_5,PERSON_ACCUSED_294,PERSON_ACCUSED_473,KNOWN_ASSOCIATE,Linked through criminal network analysis
REL_SYND_3_4,PERSON_ACCUSED_457,PERSON_ACCUSED_296,KNOWN_ASSOCIATE,Linked through criminal network analysis
REL_SYND_3_5,PERSON_ACCUSED_457,PERSON_ACCUSED_473,KNOWN_ASSOCIATE,Linked through criminal network analysis
REL_SYND_3_6,PERSON_ACCUSED_457,PERSON_ACCUSED_382,KNOWN_ASSOCIATE,Linked through criminal network analysis
REL_SYND_4_5,PERSON_ACCUSED_296,PERSON_ACCUSED_473,KNOWN_ASSOCIATE,Linked through criminal network analysis
REL_SYND_4_6,PERSON_ACCUSED_296,PERSON_ACCUSED_382,KNOWN_ASSOCIATE,Linked through criminal network analysis
REL_SYND_4_7,PERSON_ACCUSED_296,PERSON_ACCUSED_274,KNOWN_ASSOCIATE,Linked through criminal network analysis
REL_SYND_5_6,PERSON_ACCUSED_473,PERSON_ACCUSED_382,KNOWN_ASSOCIATE,Linked through criminal network analysis
REL_SYND_5_7,PERSON_ACCUSED_473,PERSON_ACCUSED_274,KNOWN_ASSOCIATE,Linked through criminal network analysis
REL_SYND_5_8,PERSON_ACCUSED_473,PERSON_ACCUSED_284,KNOWN_ASSOCIATE,Linked through criminal network analysis
REL_SYND_6_7,PERSON_ACCUSED_382,PERSON_ACCUSED_274,KNOWN_ASSOCIATE,Linked through criminal network analysis
REL_SYND_6_8,PERSON_ACCUSED_382,PERSON_ACCUSED_284,KNOWN_ASSOCIATE,Linked through criminal network analysis
REL_SYND_6_9,PERSON_ACCUSED_382,PERSON_ACCUSED_577,KNOWN_ASSOCIATE,Linked through criminal network analysis
REL_SYND_7_8,PERSON_ACCUSED_274,PERSON_ACCUSED_284,KNOWN_ASSOCIATE,Linked through criminal network analysis
REL_SYND_7_9,PERSON_ACCUSED_274,PERSON_ACCUSED_577,KNOWN_ASSOCIATE,Linked through criminal network analysis
REL_SYND_7_10,PERSON_ACCUSED_274,PERSON_ACCUSED_574,KNOWN_ASSOCIATE,Linked through criminal network analysis
REL_SYND_8_9,PERSON_ACCUSED_284,PERSON_ACCUSED_577,KNOWN_ASSOCIATE,Linked through criminal network analysis
REL_SYND_8_10,PERSON_ACCUSED_284,PERSON_ACCUSED_574,KNOWN_ASSOCIATE,Linked through criminal network analysis
REL_SYND_8_11,PERSON_ACCUSED_284,PERSON_ACCUSED_503,KNOWN_ASSOCIATE,Linked through criminal network analysis
REL_SYND_9_10,PERSON_ACCUSED_577,PERSON_ACCUSED_574,KNOWN_ASSOCIATE,Linked through criminal network analysis
REL_SYND_9_11,PERSON_ACCUSED_577,PERSON_ACCUSED_503,KNOWN_ASSOCIATE,Linked through criminal network analysis
REL_SYND_9_12,PERSON_ACCUSED_577,PERSON_ACCUSED_404,KNOWN_ASSOCIATE,Linked through criminal network analysis
REL_SYND_10_11,PERSON_ACCUSED_574,PERSON_ACCUSED_503,KNOWN_ASSOCIATE,Linked through criminal network analysis
REL_SYND_10_12,PERSON_ACCUSED_574,PERSON_ACCUSED_404,KNOWN_ASSOCIATE,Linked through criminal network analysis
REL_SYND_10_13,PERSON_ACCUSED_574,PERSON_ACCUSED_900,KNOWN_ASSOCIATE,Linked through criminal network analysis
REL_SYND_11_12,PERSON_ACCUSED_503,PERSON_ACCUSED_404,KNOWN_ASSOCIATE,Linked through criminal network analysis
REL_SYND_11_13,PERSON_ACCUSED_503,PERSON_ACCUSED_900,KNOWN_ASSOCIATE,Linked through criminal network analysis
REL_SYND_11_14,PERSON_ACCUSED_503,PERSON_ACCUSED_501,KNOWN_ASSOCIATE,Linked through criminal network analysis
REL_SYND_12_13,PERSON_ACCUSED_404,PERSON_ACCUSED_900,KNOWN_ASSOCIATE,Linked through criminal network analysis
REL_SYND_12_14,PERSON_ACCUSED_404,PERSON_ACCUSED_501,KNOWN_ASSOCIATE,Linked through criminal network analysis
REL_SYND_12_15,PERSON_ACCUSED_404,PERSON_ACCUSED_162,KNOWN_ASSOCIATE,Linked through criminal network analysis
REL_SYND_13_14,PERSON_ACCUSED_900,PERSON_ACCUSED_501,KNOWN_ASSOCIATE,Linked through criminal network analysis
REL_SYND_13_15,PERSON_ACCUSED_900,PERSON_ACCUSED_162,KNOWN_ASSOCIATE,Linked through criminal network analysis
REL_SYND_13_16,PERSON_ACCUSED_900,PERSON_ACCUSED_655,KNOWN_ASSOCIATE,Linked through criminal network analysis
REL_SYND_14_15,PERSON_ACCUSED_501,PERSON_ACCUSED_162,KNOWN_ASSOCIATE,Linked through criminal network analysis
REL_SYND_14_16,PERSON_ACCUSED_501,PERSON_ACCUSED_655,KNOWN_ASSOCIATE,Linked through criminal network analysis
REL_SYND_14_17,PERSON_ACCUSED_501,PERSON_ACCUSED_429,KNOWN_ASSOCIATE,Linked through criminal network analysis
REL_SYND_15_16,PERSON_ACCUSED_162,PERSON_ACCUSED_655,KNOWN_ASSOCIATE,Linked through criminal network analysis
REL_SYND_15_17,PERSON_ACCUSED_162,PERSON_ACCUSED_429,KNOWN_ASSOCIATE,Linked through criminal network analysis
REL_SYND_15_18,PERSON_ACCUSED_162,PERSON_ACCUSED_431,KNOWN_ASSOCIATE,Linked through criminal network analysis
REL_SYND_16_17,PERSON_ACCUSED_655,PERSON_ACCUSED_429,KNOWN_ASSOCIATE,Linked through criminal network analysis
REL_SYND_16_18,PERSON_ACCUSED_655,PERSON_ACCUSED_431,KNOWN_ASSOCIATE,Linked through criminal network analysis
REL_SYND_16_19,PERSON_ACCUSED_655,PERSON_ACCUSED_727,KNOWN_ASSOCIATE,Linked through criminal network analysis
REL_SYND_17_18,PERSON_ACCUSED_429,PERSON_ACCUSED_431,KNOWN_ASSOCIATE,Linked through criminal network analysis
REL_SYND_17_19,PERSON_ACCUSED_429,PERSON_ACCUSED_727,KNOWN_ASSOCIATE,Linked through criminal network analysis
REL_SYND_17_20,PERSON_ACCUSED_429,PERSON_ACCUSED_811,KNOWN_ASSOCIATE,Linked through criminal network analysis
REL_SYND_18_19,PERSON_ACCUSED_431,PERSON_ACCUSED_727,KNOWN_ASSOCIATE,Linked through criminal network analysis
REL_SYND_18_20,PERSON_ACCUSED_431,PERSON_ACCUSED_811,KNOWN_ASSOCIATE,Linked through criminal network analysis
REL_SYND_18_21,PERSON_ACCUSED_431,PERSON_ACCUSED_897,KNOWN_ASSOCIATE,Linked through criminal network analysis
REL_SYND_19_20,PERSON_ACCUSED_727,PERSON_ACCUSED_811,KNOWN_ASSOCIATE,Linked through criminal network analysis
REL_SYND_19_21,PERSON_ACCUSED_727,PERSON_ACCUSED_897,KNOWN_ASSOCIATE,Linked through criminal network analysis
REL_SYND_19_22,PERSON_ACCUSED_727,PERSON_ACCUSED_12,KNOWN_ASSOCIATE,Linked through criminal network analysis
REL_SYND_20_21,PERSON_ACCUSED_811,PERSON_ACCUSED_897,KNOWN_ASSOCIATE,Linked through criminal network analysis
REL_SYND_20_22,PERSON_ACCUSED_811,PERSON_ACCUSED_12,KNOWN_ASSOCIATE,Linked through criminal network analysis
REL_SYND_20_23,PERSON_ACCUSED_811,PERSON_ACCUSED_7,KNOWN_ASSOCIATE,Linked through criminal network analysis
REL_SYND_21_22,PERSON_ACCUSED_897,PERSON_ACCUSED_12,KNOWN_ASSOCIATE,Linked through criminal network analysis
REL_SYND_21_23,PERSON_ACCUSED_897,PERSON_ACCUSED_7,KNOWN_ASSOCIATE,Linked through criminal network analysis
REL_SYND_21_24,PERSON_ACCUSED_897,PERSON_ACCUSED_1143,KNOWN_ASSOCIATE,Linked through criminal network analysis
REL_SYND_22_23,PERSON_ACCUSED_12,PERSON_ACCUSED_7,KNOWN_ASSOCIATE,Linked through criminal network analysis
REL_SYND_22_24,PERSON_ACCUSED_12,PERSON_ACCUSED_1143,KNOWN_ASSOCIATE,Linked through criminal network analysis
REL_SYND_22_25,PERSON_ACCUSED_12,PERSON_ACCUSED_22,KNOWN_ASSOCIATE,Linked through criminal network analysis
REL_SYND_23_24,PERSON_ACCUSED_7,PERSON_ACCUSED_1143,KNOWN_ASSOCIATE,Linked through criminal network analysis
REL_SYND_23_25,PERSON_ACCUSED_7,PERSON_ACCUSED_22,KNOWN_ASSOCIATE,Linked through criminal network analysis
REL_SYND_24_25,PERSON_ACCUSED_1143,PERSON_ACCUSED_22,KNOWN_ASSOCIATE,Linked through criminal network analysis
