id,fir_no,case_no,crime_type_id,crime_type_en,crime_type_kn,police_station_id,district_id,date,status_en,description,lat,lng
FIR_1,200120146202400001,202400001,CRIME_3,Culpable Homicide,Culpable Homicide,PS_146,DIST_1,2024-09-26,Pending Trial,"The complainant reported that Anitha died following an altercation with his neighbour near College Road, suspected to involve an extramarital affair suspicion.",14.497149,75.936116
FIR_2,200200161202500001,202500001,CRIME_18,Child Labour,Child Labour,PS_161,DIST_1,2025-08-07,Pending Trial,The complainant reported an incident related to crimes against children occurring near Old Town. Investigation is underway to ascertain further facts.,15.328438,76.14819
FIR_3,100250175202400001,202400001,CRIME_9,Burglary,Burglary,PS_175,DIST_1,2024-06-15,Under Investigation,"Unknown persons broke into the complainant's premises at Old Town at night and decamped with valuables worth Rs 311,000.",13.945979,75.511798
FIR_4,100110143202500001,202500001,CRIME_9,Burglary,Burglary,PS_143,DIST_1,2025-12-19,Convicted,"Unknown persons broke into the complainant's premises at Ring Road at night and decamped with valuables worth Rs 438,000.",12.864917,74.807862
FIR_5,100050117202600001,202600001,CRIME_4,Assault,Assault,PS_117,DIST_1,2026-06-03,Under Investigation,"The complainant stated that a known acquaintance assaulted them near Industrial Layout following an argument over past enmity, causing hurt.",12.993592,77.612514
FIR_6,200050115202400001,202400001,CRIME_33,NDPS Trafficking,NDPS Trafficking,PS_115,DIST_1,2024-09-04,Acquitted,"A police patrol near Station Road intercepted a vehicle and recovered narcotic substances weighing 3.4 kg, suspected to be in transit for sale.",12.967721,77.672338
FIR_7,400050116202400001,202400001,CRIME_9,Burglary,Burglary,PS_116,DIST_1,2024-05-19,Charge Sheeted,"Unknown persons broke into the complainant's premises at Industrial Layout at night and decamped with valuables worth Rs 219,000.",12.938462,77.642636
FIR_8,100050126202600001,202600001,CRIME_27,Online Fraud,Online Fraud,PS_126,DIST_1,2026-06-06,Convicted,"The complainant received a call from an unknown person claiming to be a bank official, who obtained OTP details and transferred Rs 436,000 from the complainant's account.",13.025056,77.534781
FIR_9,100050116202500001,202500001,CRIME_13,Sexual Harassment,Sexual Harassment,PS_116,DIST_1,2025-10-24,Under Investigation,The complainant reported that her in-laws made unwelcome advances and passed lewd remarks towards her near Ring Road.,13.064951,77.654755
FIR_10,400090135202400001,202400001,CRIME_6,Theft,Theft,PS_135,DIST_1,2024-12-08,Charge Sheeted,"The complainant's laptop was stolen from outside their residence at College Road, valued at approximately Rs 165,000.",13.293054,75.778279
FIR_11,400110144202500001,202500001,CRIME_6,Theft,Theft,PS_144,DIST_1,2025-01-08,Pending Trial,"The complainant's two-wheeler was stolen from outside their residence at College Road, valued at approximately Rs 361,000.",12.86162,74.886097
FIR_12,100050127202500001,202500001,CRIME_9,Burglary,Burglary,PS_127,DIST_1,2025-08-20,Charge Sheeted,"Unknown persons broke into the complainant's premises at Gandhi Nagar at night and decamped with valuables worth Rs 207,000.",13.073912,77.645142
FIR_13,100170155202400001,202400001,CRIME_11,Dowry Death,Dowry Death,PS_155,DIST_1,2024-03-21,Under Investigation,The victim Manoj died under suspicious circumstances at her matrimonial home. The complainant alleges harassment for dowry by an unidentified assailant.,17.36741,76.874065
FIR_14,100180157202500001,202500001,CRIME_32,Ganja Possession,Ganja Possession,PS_157,DIST_1,2025-07-22,Under Investigation,Police intercepted the accused near Ring Road and recovered 6.5 kg of ganja from their possession.,12.430367,75.671124
FIR_15,100050123202500001,202500001,CRIME_10,Vehicle Theft,Vehicle Theft,PS_123,DIST_1,2025-10-26,Charge Sheeted,The complainant reported that their scooter parked near College Road was stolen overnight. The vehicle was not recovered at the time of registration.,12.949261,77.684524
FIR_16,800050117202400001,202400001,CRIME_2,Attempt to Murder,Attempt to Murder,PS_117,DIST_1,2024-09-05,Abated,The accused attacked Manoj with a sharp weapon near College Road following a quarrel over a financial transaction. The victim was rushed to hospital with grievous injuries.,12.919422,77.589372
FIR_17,100220169202400001,202400001,CRIME_11,Dowry Death,Dowry Death,PS_169,DIST_1,2024-03-02,Closed (Undetected),The victim Lakshmi died under suspicious circumstances at her matrimonial home. The complainant alleges harassment for dowry by her in-laws.,12.328224,76.664063
FIR_18,100050116202400001,202400001,CRIME_37,Rioting,Rioting,PS_116,DIST_1,2024-09-19,Closed (Undetected),"A group of persons allegedly assembled unlawfully near New Extension and engaged in rioting, causing damage to property.",12.963537,77.501156
FIR_19,100220165202400001,202400001,CRIME_12,Domestic Violence,Domestic Violence,PS_165,DIST_1,2024-08-27,Closed (False Case),The complainant alleged repeated physical and mental harassment by her in-laws over dowry-related demands at their residence in Ring Road.,12.303889,76.661865
FIR_20,100220165202400002,202400002,CRIME_3,Culpable Homicide,Culpable Homicide,PS_165,DIST_1,2024-01-30,Under Investigation,"The complainant reported that Manoj died following an altercation with her in-laws near Industrial Layout, suspected to involve a financial transaction.",12.327669,76.614471
FIR_21,100050117202500001,202500001,CRIME_9,Burglary,Burglary,PS_117,DIST_1,2025-01-30,Under Investigation,"Unknown persons broke into the complainant's premises at Bus Stand Road at night and decamped with valuables worth Rs 214,000.",12.923838,77.65097
FIR_22,100050120202500001,202500001,CRIME_55,Chain Snatching,Chain Snatching,PS_120,DIST_1,2025-06-24,Under Investigation,"The complainant, a woman walking near Temple Street, reported that two men on a motorcycle snatched her gold chain and sped away towards New Extension.",12.957279,77.57202
FIR_23,100140149202400001,202400001,CRIME_1,Murder,Murder,PS_149,DIST_1,2024-05-20,Closed (Undetected),"The complainant reported that Manoj was found dead with injuries near MG Road, allegedly assaulted by his neighbour following a dispute over an extramarital affair suspicion.",15.450388,75.645413
FIR_24,100090136202400001,202400001,CRIME_4,Assault,Assault,PS_136,DIST_1,2024-12-06,Closed (False Case),"The complainant stated that an unidentified assailant assaulted them near APMC Yard following an argument over past enmity, causing hurt.",13.2644,75.794271
FIR_25,100230173202400001,202400001,CRIME_33,NDPS Trafficking,NDPS Trafficking,PS_173,DIST_1,2024-05-29,Charge Sheeted,"A police patrol near Bus Stand Road intercepted a vehicle and recovered narcotic substances weighing 6.9 kg, suspected to be in transit for sale.",16.213661,77.36448
FIR_26,300290179202400001,202400001,CRIME_35,Illegal Firearm Possession,Illegal Firearm Possession,PS_179,DIST_1,2024-11-22,Under Investigation,Police recovered an unlicensed firearm from the accused during a routine check near Ring Road.,15.182344,76.504343
FIR_27,300050117202600001,202600001,CRIME_17,Child Trafficking,Child Trafficking,PS_117,DIST_1,2026-04-12,Pending Trial,Information was received regarding a minor being transported from Bus Stand Road allegedly for trafficking purposes; the child was rescued.,12.979127,77.688258
FIR_28,100210163202500001,202500001,CRIME_13,Sexual Harassment,Sexual Harassment,PS_163,DIST_1,2025-11-20,Under Investigation,The complainant reported that an unidentified assailant made unwelcome advances and passed lewd remarks towards her near Old Town.,12.523696,76.848312
FIR_29,400190160202400001,202400001,CRIME_37,Rioting,Rioting,PS_160,DIST_1,2024-12-13,Closed (Undetected),"A group of persons allegedly assembled unlawfully near MG Road and engaged in rioting, causing damage to property.",13.154551,78.10007
FIR_30,500060130202500001,202500001,CRIME_13,Sexual Harassment,Sexual Harassment,PS_130,DIST_1,2025-03-17,Under Investigation,The complainant reported that a former business partner made unwelcome advances and passed lewd remarks towards her near Ring Road.,17.959871,77.529281
FIR_31,100030109202400001,202400001,CRIME_10,Vehicle Theft,Vehicle Theft,PS_109,DIST_1,2024-01-16,Under Investigation,The complainant reported that their car parked near Market area was stolen overnight. The vehicle was not recovered at the time of registration.,15.851245,74.538317
FIR_32,100240174202400001,202400001,CRIME_1,Murder,Murder,PS_174,DIST_1,2024-06-27,Under Investigation,"The complainant reported that Anitha was found dead with injuries near Church Street, allegedly assaulted by a former business partner following a dispute over a financial transaction.",12.76012,77.262494
FIR_33,300050117202500001,202500001,CRIME_10,Vehicle Theft,Vehicle Theft,PS_117,DIST_1,2025-09-01,Under Investigation,The complainant reported that their scooter parked near Industrial Layout was stolen overnight. The vehicle was not recovered at the time of registration.,12.982607,77.520671
FIR_34,100220165202500001,202500001,CRIME_13,Sexual Harassment,Sexual Harassment,PS_165,DIST_1,2025-10-12,Under Investigation,The complainant reported that her in-laws made unwelcome advances and passed lewd remarks towards her near Temple Street.,12.339354,76.684957
FIR_35,800050126202500001,202500001,CRIME_10,Vehicle Theft,Vehicle Theft,PS_126,DIST_1,2025-11-01,Closed (Undetected),The complainant reported that their motorcycle parked near Gandhi Nagar was stolen overnight. The vehicle was not recovered at the time of registration.,13.012987,77.599467
FIR_36,100220172202500001,202500001,CRIME_24,Criminal Breach of Trust,Criminal Breach of Trust,PS_172,DIST_1,2025-07-25,Under Investigation,"The complainant alleged that the accused, entrusted with funds of Rs 437,000 for a business partnership, misappropriated the amount.",12.320082,76.676733
FIR_37,100090135202500001,202500001,CRIME_10,Vehicle Theft,Vehicle Theft,PS_135,DIST_1,2025-11-27,Closed (Undetected),The complainant reported that their car parked near Old Town was stolen overnight. The vehicle was not recovered at the time of registration.,13.281889,75.785612
FIR_38,400020105202400001,202400001,CRIME_6,Theft,Theft,PS_105,DIST_1,2024-04-10,Charge Sheeted,"The complainant reported that unknown persons broke into their house at Ring Road and stole gold jewellery worth Rs 328,000 and cash. The incident occurred while the family was away.",15.152209,76.877442
FIR_39,100120146202500001,202500001,CRIME_2,Attempt to Murder,Attempt to Murder,PS_146,DIST_1,2025-05-17,Charge Sheeted,The accused attacked Nagaraj with a knife near Station Road following a quarrel over unpaid loan. The victim was rushed to hospital with grievous injuries.,14.47488,75.862346
FIR_40,100050117202500002,202500002,CRIME_6,Theft,Theft,PS_117,DIST_1,2025-06-05,Closed (Undetected),"The complainant's two-wheeler was stolen from outside their residence at Temple Street, valued at approximately Rs 420,000.",13.095908,77.513505
FIR_41,100220165202500002,202500002,CRIME_50,Outraging Modesty,Outraging Modesty,PS_165,DIST_1,2025-06-21,Charge Sheeted,The complainant reported that the accused outraged her modesty near Railway Station Road.,12.321114,76.691299
FIR_42,200220165202400001,202400001,CRIME_32,Ganja Possession,Ganja Possession,PS_165,DIST_1,2024-03-06,Under Investigation,Police intercepted the accused near New Extension and recovered 10.4 kg of ganja from their possession.,12.307961,76.635292
FIR_43,200120146202400002,202400002,CRIME_54,Mischief,Mischief,PS_146,DIST_1,2024-07-07,Closed (Undetected),The complainant reported an incident related to other ipc crimes occurring near Old Town. Investigation is underway to ascertain further facts.,14.425505,75.964687
FIR_44,100260176202400001,202400001,CRIME_9,Burglary,Burglary,PS_176,DIST_1,2024-03-15,Under Investigation,"Unknown persons broke into the complainant's premises at Old Town at night and decamped with valuables worth Rs 302,000.",13.36336,77.133137
FIR_45,100050120202500002,202500002,CRIME_3,Culpable Homicide,Culpable Homicide,PS_120,DIST_1,2025-05-25,Under Investigation,"The complainant reported that Manoj died following an altercation with his neighbour near MG Road, suspected to involve a business partnership.",13.076551,77.672256
FIR_46,100050124202600001,202600001,CRIME_55,Chain Snatching,Chain Snatching,PS_124,DIST_1,2026-03-11,Under Investigation,"The complainant, a woman walking near Industrial Layout, reported that two men on a motorcycle snatched her gold chain and sped away towards Church Street.",12.908,77.532403
FIR_47,100050117202400001,202400001,CRIME_30,Data Theft,Data Theft,PS_117,DIST_1,2024-01-01,Pending Trial,The complainant's confidential business data was allegedly copied and misused by a former employee.,13.075022,77.617025
FIR_48,100030110202400001,202400001,CRIME_54,Mischief,Mischief,PS_110,DIST_1,2024-02-16,Acquitted,The complainant reported an incident related to other ipc crimes occurring near Main Bazaar. Investigation is underway to ascertain further facts.,15.868841,74.583889
FIR_49,200050119202400001,202400001,CRIME_15,Acid Attack,Acid Attack,PS_119,DIST_1,2024-09-07,Closed (Undetected),"The victim was attacked with a corrosive substance by the accused near MG Road, sustaining burn injuries.",13.009281,77.693883
FIR_50,200050119202400002,202400002,CRIME_14,Stalking,Stalking,PS_119,DIST_1,2024-09-20,Under Investigation,The complainant stated that the accused has been following and contacting her repeatedly near Gandhi Nagar despite objection.,12.92668,77.641543
FIR_51,100110143202400001,202400001,CRIME_16,Child Abuse,Child Abuse,PS_143,DIST_1,2024-09-06,Pending Trial,The complainant reported that the minor victim was subjected to abuse by a known acquaintance at Railway Station Road.,12.899114,74.844802
FIR_52,300110144202500001,202500001,CRIME_13,Sexual Harassment,Sexual Harassment,PS_144,DIST_1,2025-02-25,Compromised,The complainant reported that a former business partner made unwelcome advances and passed lewd remarks towards her near Temple Street.,12.904871,74.832181
FIR_53,100170156202500001,202500001,CRIME_7,Robbery,Robbery,PS_156,DIST_1,2025-12-16,Referred to Another PS,The complainant was robbed of cash and a mobile phone by unidentified persons near Bus Stand Road at knife-point.,17.359079,76.809201
FIR_54,200050123202500001,202500001,CRIME_22,Caste Abuse,Caste Abuse,PS_123,DIST_1,2025-04-21,Charge Sheeted,The complainant reported an incident related to crimes against scs/sts occurring near Church Street. Investigation is underway to ascertain further facts.,13.020525,77.625299
FIR_55,100050115202600001,202600001,CRIME_26,Bank Fraud,Bank Fraud,PS_115,DIST_1,2026-04-23,Under Investigation,"The complainant's bank account was debited for Rs 188,000 through fraudulent means allegedly involving the accused.",12.90056,77.668165
FIR_56,100290179202500001,202500001,CRIME_33,NDPS Trafficking,NDPS Trafficking,PS_179,DIST_1,2025-10-16,Under Investigation,"A police patrol near APMC Yard intercepted a vehicle and recovered narcotic substances weighing 9.8 kg, suspected to be in transit for sale.",15.180205,76.438843
FIR_57,100050119202400001,202400001,CRIME_29,Cyber Stalking,Cyber Stalking,PS_119,DIST_1,2024-07-07,Charge Sheeted,The complainant reported repeated harassing messages and unwanted contact from an unknown social media account.,13.006081,77.626749
FIR_58,100280178202400001,202400001,CRIME_9,Burglary,Burglary,PS_178,DIST_1,2024-04-02,Charge Sheeted,"Unknown persons broke into the complainant's premises at Main Bazaar at night and decamped with valuables worth Rs 391,000.",14.807961,74.662505
FIR_59,800210164202500001,202500001,CRIME_40,Rash Driving,Rash Driving,PS_164,DIST_1,2025-02-28,Closed (Undetected),"The complainant reported that the accused was driving a vehicle rashly near Market area, endangering pedestrians.",12.525316,76.956155
FIR_60,100130148202500001,202500001,CRIME_11,Dowry Death,Dowry Death,PS_148,DIST_1,2025-02-14,Pending Trial,The victim Manoj died under suspicious circumstances at her matrimonial home. The complainant alleges harassment for dowry by her husband.,15.496493,75.038329
FIR_61,100020105202500001,202500001,CRIME_2,Attempt to Murder,Attempt to Murder,PS_105,DIST_1,2025-08-17,Under Investigation,The accused attacked Suresh with a sharp weapon near Market area following a quarrel over land boundary issues. The victim was rushed to hospital with grievous injuries.,15.093629,76.862515
FIR_62,100010103202500001,202500001,CRIME_41,Hit and Run,Hit and Run,PS_103,DIST_1,2025-03-19,Under Investigation,The victim was hit by an unidentified vehicle near Market area and sustained injuries; the driver fled the scene.,16.216055,75.644255
FIR_63,800220165202500001,202500001,CRIME_39,Promoting Enmity,Promoting Enmity,PS_165,DIST_1,2025-07-04,Pending Trial,The complainant reported an incident related to crimes against public order occurring near College Road. Investigation is underway to ascertain further facts.,12.315718,76.633551
FIR_64,100050116202400002,202400002,CRIME_39,Promoting Enmity,Promoting Enmity,PS_116,DIST_1,2024-12-09,Under Investigation,The complainant reported an incident related to crimes against public order occurring near New Extension. Investigation is underway to ascertain further facts.,12.912697,77.698272
FIR_65,100040113202500001,202500001,CRIME_1,Murder,Murder,PS_113,DIST_1,2025-02-18,Closed (False Case),The victim Anitha was fatally attacked with a wooden stick by the accused near Old Town. The motive is suspected to be land boundary issues.,13.256155,77.583549
FIR_66,100050125202500001,202500001,CRIME_33,NDPS Trafficking,NDPS Trafficking,PS_125,DIST_1,2025-06-15,Under Investigation,"A police patrol near MG Road intercepted a vehicle and recovered narcotic substances weighing 9.4 kg, suspected to be in transit for sale.",13.061844,77.699327
FIR_67,100280178202500001,202500001,CRIME_3,Culpable Homicide,Culpable Homicide,PS_178,DIST_1,2025-12-04,Under Investigation,"The complainant reported that Kavya died following an altercation with a known acquaintance near Station Road, suspected to involve an extramarital affair suspicion.",14.800191,74.676508
FIR_68,100050116202600001,202600001,CRIME_2,Attempt to Murder,Attempt to Murder,PS_116,DIST_1,2026-01-06,Pending Trial,The accused attacked Anitha with a knife near MG Road following a quarrel over a property dispute. The victim was rushed to hospital with grievous injuries.,13.072814,77.629619
FIR_69,100050116202500002,202500002,CRIME_23,Cheating,Cheating,PS_116,DIST_1,2025-04-19,Pending Trial,"The complainant paid an advance of Rs 146,000 to the accused for unpaid loan which was never delivered as promised.",12.934901,77.672661
FIR_70,200220168202600001,202600001,CRIME_9,Burglary,Burglary,PS_168,DIST_1,2026-03-26,Pending Trial,"Unknown persons broke into the complainant's premises at Main Bazaar at night and decamped with valuables worth Rs 132,000.",12.338359,76.608987
FIR_71,100140150202500001,202500001,CRIME_41,Hit and Run,Hit and Run,PS_150,DIST_1,2025-12-28,Pending Trial,The victim was hit by an unidentified vehicle near Station Road and sustained injuries; the driver fled the scene.,15.385824,75.571085
FIR_72,200050114202400001,202400001,CRIME_1,Murder,Murder,PS_114,DIST_1,2024-04-03,Charge Sheeted,"The complainant reported that Ramesh was found dead with injuries near Station Road, allegedly assaulted by a known acquaintance following a dispute over a family dispute.",13.074167,77.671137
FIR_73,200250175202400001,202400001,CRIME_6,Theft,Theft,PS_175,DIST_1,2024-02-03,Under Investigation,"The complainant's two-wheeler was stolen from outside their residence at Temple Street, valued at approximately Rs 138,000.",13.897374,75.555119
FIR_74,100160154202500001,202500001,CRIME_9,Burglary,Burglary,PS_154,DIST_1,2025-03-22,Under Investigation,"Unknown persons broke into the complainant's premises at Gandhi Nagar at night and decamped with valuables worth Rs 178,000.",14.82874,75.373908
FIR_75,200110142202600001,202600001,CRIME_37,Rioting,Rioting,PS_142,DIST_1,2026-01-12,Closed (Undetected),"A group of persons allegedly assembled unlawfully near APMC Yard and engaged in rioting, causing damage to property.",12.919638,74.82976
FIR_76,100160153202400001,202400001,CRIME_9,Burglary,Burglary,PS_153,DIST_1,2024-07-22,Under Investigation,"Unknown persons broke into the complainant's premises at Main Bazaar at night and decamped with valuables worth Rs 372,000.",14.754165,75.415281
FIR_77,300050125202500001,202500001,CRIME_55,Chain Snatching,Chain Snatching,PS_125,DIST_1,2025-01-17,Under Investigation,"The complainant, a woman walking near Whitefield Main Road, reported that two men on a motorcycle snatched her gold chain and sped away towards ITPL Road. CCTV footage is being reviewed; the MO matches similar chain-snatching incidents reported recently in the city.",13.037078,77.529587
FIR_78,100010103202500002,202500002,CRIME_30,Data Theft,Data Theft,PS_103,DIST_1,2025-04-21,Referred to Another PS,The complainant's confidential business data was allegedly copied and misused by a former employee.,16.20443,75.641825
FIR_79,300220165202500001,202500001,CRIME_13,Sexual Harassment,Sexual Harassment,PS_165,DIST_1,2025-05-18,Charge Sheeted,The complainant reported that a former business partner made unwelcome advances and passed lewd remarks towards her near MG Road.,12.319354,76.638541
FIR_80,100210164202600001,202600001,CRIME_37,Rioting,Rioting,PS_164,DIST_1,2026-06-25,Charge Sheeted,"A group of persons allegedly assembled unlawfully near Main Bazaar and engaged in rioting, causing damage to property.",12.516816,76.917679
FIR_81,100260176202500001,202500001,CRIME_25,Forgery,Forgery,PS_176,DIST_1,2025-12-07,Under Investigation,The complainant reported that the accused forged signatures on documents related to past enmity to gain wrongful benefit.,13.38905,77.096793
FIR_82,100220168202400001,202400001,CRIME_55,Chain Snatching,Chain Snatching,PS_168,DIST_1,2024-11-29,Charge Sheeted,"The complainant, a woman walking near College Road, reported that two men on a motorcycle snatched her gold chain and sped away towards College Road.",12.306152,76.615384
FIR_83,100310181202400001,202400001,CRIME_14,Stalking,Stalking,PS_181,DIST_1,2024-09-21,Pending Trial,The complainant stated that the accused has been following and contacting her repeatedly near Main Bazaar despite objection.,16.784729,77.142806
FIR_84,100010103202600001,202600001,CRIME_8,Dacoity,Dacoity,PS_103,DIST_1,2026-06-12,Closed (Undetected),"A group of armed persons robbed the complainant's shop at Railway Station Road, decamping with cash and goods worth Rs 379,000.",16.170777,75.735078
FIR_85,100070131202600001,202600001,CRIME_10,Vehicle Theft,Vehicle Theft,PS_131,DIST_1,2026-07-02,Under Investigation,The complainant reported that their scooter parked near Main Bazaar was stolen overnight. The vehicle was not recovered at the time of registration.,11.899534,76.888494
FIR_86,500110144202500001,202500001,CRIME_14,Stalking,Stalking,PS_144,DIST_1,2025-07-23,Under Investigation,The complainant stated that the accused has been following and contacting her repeatedly near College Road despite objection.,12.901831,74.840168
FIR_87,100040112202600001,202600001,CRIME_12,Domestic Violence,Domestic Violence,PS_112,DIST_1,2026-06-24,Charge Sheeted,The complainant alleged repeated physical and mental harassment by a former business partner over dowry-related demands at their residence in Market area.,13.281234,77.556826
FIR_88,100050116202600002,202600002,CRIME_8,Dacoity,Dacoity,PS_116,DIST_1,2026-04-12,Pending Trial,"A group of armed persons robbed the complainant's shop at Market area, decamping with cash and goods worth Rs 252,000.",13.060394,77.671328
FIR_89,400050126202600001,202600001,CRIME_9,Burglary,Burglary,PS_126,DIST_1,2026-01-14,Closed (False Case),"Unknown persons broke into the complainant's premises at Bus Stand Road at night and decamped with valuables worth Rs 117,000.",12.981786,77.612986
FIR_90,100060129202400001,202400001,CRIME_36,Illegal Arms Manufacturing,Illegal Arms Manufacturing,PS_129,DIST_1,2024-04-02,Under Investigation,The complainant reported an incident related to arms act offences occurring near Market area. Investigation is underway to ascertain further facts.,17.86644,77.565592
FIR_91,100050120202500003,202500003,CRIME_32,Ganja Possession,Ganja Possession,PS_120,DIST_1,2025-12-12,Charge Sheeted,Police intercepted the accused near Industrial Layout and recovered 10.5 kg of ganja from their possession.,13.003246,77.593133
FIR_92,100270177202500001,202500001,CRIME_9,Burglary,Burglary,PS_177,DIST_1,2025-10-26,Under Investigation,"Unknown persons broke into the complainant's premises at Bus Stand Road at night and decamped with valuables worth Rs 209,000.",13.389428,74.728927
FIR_93,100090136202600001,202600001,CRIME_7,Robbery,Robbery,PS_136,DIST_1,2026-06-23,Pending Trial,The complainant was robbed of cash and a mobile phone by unidentified persons near College Road at knife-point.,13.379535,75.822732
FIR_94,100060130202500001,202500001,CRIME_2,Attempt to Murder,Attempt to Murder,PS_130,DIST_1,2025-04-27,Charge Sheeted,The accused attacked Ramesh with a sharp weapon near College Road following a quarrel over unpaid loan. The victim was rushed to hospital with grievous injuries.,17.891316,77.573328
FIR_95,300050123202500001,202500001,CRIME_42,Drunken Driving,Drunken Driving,PS_123,DIST_1,2025-10-10,Charge Sheeted,The accused was found driving under the influence of alcohol near Gandhi Nagar and was apprehended by a police patrol.,13.002673,77.519445
FIR_96,100050127202400001,202400001,CRIME_55,Chain Snatching,Chain Snatching,PS_127,DIST_1,2024-03-17,Closed (Undetected),"The complainant, a woman walking near Bus Stand Road, reported that two men on a motorcycle snatched her gold chain and sped away towards Market area.",12.923414,77.599226
FIR_97,100050115202500001,202500001,CRIME_10,Vehicle Theft,Vehicle Theft,PS_115,DIST_1,2025-10-16,Charge Sheeted,The complainant reported that their scooter parked near Main Bazaar was stolen overnight. The vehicle was not recovered at the time of registration.,13.068215,77.699632
FIR_98,100050122202500001,202500001,CRIME_11,Dowry Death,Dowry Death,PS_122,DIST_1,2025-06-22,Acquitted,The victim Ramesh died under suspicious circumstances at her matrimonial home. The complainant alleges harassment for dowry by a known acquaintance.,12.916801,77.651831
FIR_99,100120145202600001,202600001,CRIME_7,Robbery,Robbery,PS_145,DIST_1,2026-06-25,Under Investigation,The complainant was robbed of cash and a mobile phone by unidentified persons near Station Road at knife-point.,14.494991,75.917567
FIR_100,100050120202500004,202500004,CRIME_7,Robbery,Robbery,PS_120,DIST_1,2025-09-12,Acquitted,The complainant was robbed of cash and a mobile phone by unidentified persons near Station Road at knife-point.,12.987064,77.665035
FIR_101,100050117202400002,202400002,CRIME_39,Promoting Enmity,Promoting Enmity,PS_117,DIST_1,2024-12-05,Closed (Undetected),The complainant reported an incident related to crimes against public order occurring near Old Town. Investigation is underway to ascertain further facts.,12.981248,77.51742
FIR_102,200060130202600001,202600001,CRIME_40,Rash Driving,Rash Driving,PS_130,DIST_1,2026-01-29,Under Investigation,"The complainant reported that the accused was driving a vehicle rashly near Industrial Layout, endangering pedestrians.",17.904898,77.50025
FIR_103,100050125202600001,202600001,CRIME_15,Acid Attack,Acid Attack,PS_125,DIST_1,2026-06-24,Acquitted,"The victim was attacked with a corrosive substance by the accused near APMC Yard, sustaining burn injuries.",13.091541,77.572475
FIR_104,100070132202600001,202600001,CRIME_47,Land Fraud,Land Fraud,PS_132,DIST_1,2026-02-14,Charge Sheeted,The complainant reported an incident related to crimes related to documents/property occurring near Market area. Investigation is underway to ascertain further facts.,11.978142,76.968149
FIR_105,500280178202400001,202400001,CRIME_23,Cheating,Cheating,PS_178,DIST_1,2024-05-16,Charge Sheeted,"The complainant paid an advance of Rs 300,000 to the accused for a property dispute which was never delivered as promised.",14.827041,74.647162
FIR_106,100260176202500002,202500002,CRIME_30,Data Theft,Data Theft,PS_176,DIST_1,2025-03-12,Under Investigation,The complainant's confidential business data was allegedly copied and misused by a former employee.,13.302519,77.15016
FIR_107,300300180202500001,202500001,CRIME_42,Drunken Driving,Drunken Driving,PS_180,DIST_1,2025-12-30,Pending Trial,The accused was found driving under the influence of alcohol near Main Bazaar and was apprehended by a police patrol.,16.869105,75.745239
FIR_108,300220165202400001,202400001,CRIME_9,Burglary,Burglary,PS_165,DIST_1,2024-12-21,Convicted,"Unknown persons broke into the complainant's premises at College Road at night and decamped with valuables worth Rs 72,000.",12.346402,76.640308
FIR_109,100200162202500001,202500001,CRIME_41,Hit and Run,Hit and Run,PS_162,DIST_1,2025-10-02,Under Investigation,The victim was hit by an unidentified vehicle near Station Road and sustained injuries; the driver fled the scene.,15.380316,76.123047
FIR_110,500130147202500001,202500001,CRIME_29,Cyber Stalking,Cyber Stalking,PS_147,DIST_1,2025-02-05,Under Investigation,The complainant reported repeated harassing messages and unwanted contact from an unknown social media account.,15.499398,75.050128
FIR_111,100260176202600001,202600001,CRIME_17,Child Trafficking,Child Trafficking,PS_176,DIST_1,2026-06-21,Charge Sheeted,Information was received regarding a minor being transported from Bus Stand Road allegedly for trafficking purposes; the child was rescued.,13.288015,77.040373
FIR_112,100050115202400001,202400001,CRIME_6,Theft,Theft,PS_115,DIST_1,2024-11-28,Pending Trial,"The complainant's two-wheeler was stolen from outside their residence at Temple Street, valued at approximately Rs 199,000.",13.042404,77.654305
FIR_113,100050127202500002,202500002,CRIME_9,Burglary,Burglary,PS_127,DIST_1,2025-05-21,Pending Trial,"Unknown persons broke into the complainant's premises at New Extension at night and decamped with valuables worth Rs 159,000.",12.922109,77.544894
FIR_114,800050115202400001,202400001,CRIME_41,Hit and Run,Hit and Run,PS_115,DIST_1,2024-11-18,Charge Sheeted,The victim was hit by an unidentified vehicle near College Road and sustained injuries; the driver fled the scene.,12.945256,77.673531
FIR_115,100110143202600001,202600001,CRIME_33,NDPS Trafficking,NDPS Trafficking,PS_143,DIST_1,2026-01-29,Under Investigation,"A police patrol near Station Road intercepted a vehicle and recovered narcotic substances weighing 10.1 kg, suspected to be in transit for sale.",12.855352,74.889741
FIR_116,100050122202500002,202500002,CRIME_5,Grievous Hurt,Grievous Hurt,PS_122,DIST_1,2025-04-16,Pending Trial,The victim sustained grievous injuries after being attacked with a wooden stick by her husband near MG Road over a financial transaction.,13.013075,77.563136
FIR_117,300050115202500001,202500001,CRIME_9,Burglary,Burglary,PS_115,DIST_1,2025-06-22,Charge Sheeted,"Unknown persons broke into the complainant's premises at Church Street at night and decamped with valuables worth Rs 97,000.",13.001587,77.541858
FIR_118,100050120202500005,202500005,CRIME_27,Online Fraud,Online Fraud,PS_120,DIST_1,2025-02-14,Under Investigation,"The complainant received a call from an unknown person claiming to be a bank official, who obtained OTP details and transferred Rs 408,000 from the complainant's account.",13.006837,77.514196
FIR_119,100050116202400003,202400003,CRIME_37,Rioting,Rioting,PS_116,DIST_1,2024-04-12,Charge Sheeted,"A group of persons allegedly assembled unlawfully near APMC Yard and engaged in rioting, causing damage to property.",13.07234,77.533795
FIR_120,200050128202400001,202400001,CRIME_9,Burglary,Burglary,PS_128,DIST_1,2024-04-24,Charge Sheeted,"Unknown persons broke into the complainant's premises at Bus Stand Road at night and decamped with valuables worth Rs 299,000.",12.940027,77.500189
FIR_121,200050115202400002,202400002,CRIME_1,Murder,Murder,PS_115,DIST_1,2024-02-19,Convicted,The victim Ramesh was fatally attacked with a knife by the accused near Gandhi Nagar. The motive is suspected to be past enmity.,12.921159,77.657391
FIR_122,100050116202600003,202600003,CRIME_2,Attempt to Murder,Attempt to Murder,PS_116,DIST_1,2026-04-28,Under Investigation,The accused attacked Deepa with a knife near Ring Road following a quarrel over a family dispute. The victim was rushed to hospital with grievous injuries.,13.096661,77.622536
FIR_123,100160153202600001,202600001,CRIME_29,Cyber Stalking,Cyber Stalking,PS_153,DIST_1,2026-01-20,Convicted,The complainant reported repeated harassing messages and unwanted contact from an unknown social media account.,14.848048,75.450855
FIR_124,100280178202600001,202600001,CRIME_33,NDPS Trafficking,NDPS Trafficking,PS_178,DIST_1,2026-01-08,Convicted,"A police patrol near MG Road intercepted a vehicle and recovered narcotic substances weighing 11.1 kg, suspected to be in transit for sale.",14.82148,74.740419
FIR_125,100220170202400001,202400001,CRIME_41,Hit and Run,Hit and Run,PS_170,DIST_1,2024-02-23,Convicted,The victim was hit by an unidentified vehicle near Main Bazaar and sustained injuries; the driver fled the scene.,12.303213,76.612186
FIR_126,100050116202400004,202400004,CRIME_37,Rioting,Rioting,PS_116,DIST_1,2024-03-01,Pending Trial,"A group of persons allegedly assembled unlawfully near Temple Street and engaged in rioting, causing damage to property.",13.038128,77.649205
FIR_127,100090136202500001,202500001,CRIME_23,Cheating,Cheating,PS_136,DIST_1,2025-02-02,Pending Trial,"The complainant paid an advance of Rs 170,000 to the accused for past enmity which was never delivered as promised.",13.277068,75.723544
FIR_128,100050128202400001,202400001,CRIME_38,Unlawful Assembly,Unlawful Assembly,PS_128,DIST_1,2024-01-16,Under Investigation,"A group gathered near Ring Road in violation of prohibitory orders, leading to a law and order situation.",13.060574,77.634144
FIR_129,100100137202400001,202400001,CRIME_1,Murder,Murder,PS_137,DIST_1,2024-05-10,Closed (Undetected),"The complainant reported that Manoj was found dead with injuries near APMC Yard, allegedly assaulted by his neighbour following a dispute over a business partnership.",14.196791,76.347776
FIR_130,200220166202400001,202400001,CRIME_2,Attempt to Murder,Attempt to Murder,PS_166,DIST_1,2024-07-13,Closed (Undetected),The accused attacked Anitha with a knife near APMC Yard following a quarrel over land boundary issues. The victim was rushed to hospital with grievous injuries.,12.344331,76.676265
FIR_131,100220165202500003,202500003,CRIME_14,Stalking,Stalking,PS_165,DIST_1,2025-12-31,Under Investigation,The complainant stated that the accused has been following and contacting her repeatedly near MG Road despite objection.,12.324248,76.692308
FIR_132,300280178202500001,202500001,CRIME_2,Attempt to Murder,Attempt to Murder,PS_178,DIST_1,2025-11-09,Charge Sheeted,The accused attacked Anitha with a sharp weapon near Ring Road following a quarrel over land boundary issues. The victim was rushed to hospital with grievous injuries.,14.792585,74.701258
FIR_133,100110140202500001,202500001,CRIME_55,Chain Snatching,Chain Snatching,PS_140,DIST_1,2025-12-27,Convicted,"The complainant, a woman walking near Church Street, reported that two men on a motorcycle snatched her gold chain and sped away towards MG Road.",12.895708,74.851466
FIR_134,200050123202500002,202500002,CRIME_45,Wildlife Poaching,Wildlife Poaching,PS_123,DIST_1,2025-12-03,Under Investigation,The complainant reported an incident related to environmental offences occurring near Railway Station Road. Investigation is underway to ascertain further facts.,12.903131,77.591697
FIR_135,100050115202400002,202400002,CRIME_12,Domestic Violence,Domestic Violence,PS_115,DIST_1,2024-06-09,Closed (Undetected),The complainant alleged repeated physical and mental harassment by her husband over dowry-related demands at their residence in Railway Station Road.,13.035824,77.502522
FIR_136,100050128202400002,202400002,CRIME_12,Domestic Violence,Domestic Violence,PS_128,DIST_1,2024-01-17,Compromised,The complainant alleged repeated physical and mental harassment by his neighbour over dowry-related demands at their residence in Gandhi Nagar.,13.033734,77.504591
FIR_137,100020105202400001,202400001,CRIME_2,Attempt to Murder,Attempt to Murder,PS_105,DIST_1,2024-08-01,Charge Sheeted,The accused attacked Kavya with a iron rod near Temple Street following a quarrel over a family dispute. The victim was rushed to hospital with grievous injuries.,15.10013,76.910741
FIR_138,100050126202600002,202600002,CRIME_1,Murder,Murder,PS_126,DIST_1,2026-07-12,Closed (Undetected),"The complainant reported that Kavya was found dead with injuries near Railway Station Road, allegedly assaulted by his neighbour following a dispute over a business partnership.",13.005877,77.669763
FIR_139,300040112202400001,202400001,CRIME_25,Forgery,Forgery,PS_112,DIST_1,2024-09-25,Pending Trial,The complainant reported that the accused forged signatures on documents related to a financial transaction to gain wrongful benefit.,13.20548,77.579373
FIR_140,100300180202400001,202400001,CRIME_12,Domestic Violence,Domestic Violence,PS_180,DIST_1,2024-12-28,Closed (Undetected),The complainant alleged repeated physical and mental harassment by her husband over dowry-related demands at their residence in MG Road.,16.785308,75.676708
FIR_141,400040113202500001,202500001,CRIME_29,Cyber Stalking,Cyber Stalking,PS_113,DIST_1,2025-06-11,Under Investigation,The complainant reported repeated harassing messages and unwanted contact from an unknown social media account.,13.261116,77.559313
FIR_142,300210164202400001,202400001,CRIME_6,Theft,Theft,PS_164,DIST_1,2024-10-28,Pending Trial,"The complainant reported that unknown persons broke into their house at Ring Road and stole gold jewellery worth Rs 103,000 and cash. The incident occurred while the family was away.",12.547075,76.872693
FIR_143,300140150202400001,202400001,CRIME_1,Murder,Murder,PS_150,DIST_1,2024-04-11,Under Investigation,The victim Kavya was fatally attacked with a wooden stick by the accused near College Road. The motive is suspected to be past enmity.,15.432679,75.608419
FIR_144,100050128202400003,202400003,CRIME_3,Culpable Homicide,Culpable Homicide,PS_128,DIST_1,2024-04-06,Under Investigation,"The complainant reported that Manoj died following an altercation with her husband near Station Road, suspected to involve past enmity.",12.977047,77.643402
FIR_145,100110141202400001,202400001,CRIME_42,Drunken Driving,Drunken Driving,PS_141,DIST_1,2024-10-16,Under Investigation,The accused was found driving under the influence of alcohol near Main Bazaar and was apprehended by a police patrol.,12.915351,74.821579
FIR_146,300260176202400001,202400001,CRIME_33,NDPS Trafficking,NDPS Trafficking,PS_176,DIST_1,2024-04-14,Pending Trial,"A police patrol near Main Bazaar intercepted a vehicle and recovered narcotic substances weighing 1.5 kg, suspected to be in transit for sale.",13.335552,77.080666
FIR_147,300050117202400001,202400001,CRIME_55,Chain Snatching,Chain Snatching,PS_117,DIST_1,2024-04-11,Closed (Undetected),"The complainant, a woman walking near Ring Road, reported that two men on a motorcycle snatched her gold chain and sped away towards Old Town.",13.073982,77.637154
FIR_148,100100137202600001,202600001,CRIME_9,Burglary,Burglary,PS_137,DIST_1,2026-06-30,Closed (False Case),"Unknown persons broke into the complainant's premises at Old Town at night and decamped with valuables worth Rs 34,000.",14.28207,76.414249
FIR_149,200120145202400001,202400001,CRIME_25,Forgery,Forgery,PS_145,DIST_1,2024-07-20,Charge Sheeted,The complainant reported that the accused forged signatures on documents related to an extramarital affair suspicion to gain wrongful benefit.,14.463603,75.944019
FIR_150,100030108202500001,202500001,CRIME_2,Attempt to Murder,Attempt to Murder,PS_108,DIST_1,2025-02-16,Charge Sheeted,The accused attacked Nagaraj with a iron rod near Bus Stand Road following a quarrel over a financial transaction. The victim was rushed to hospital with grievous injuries.,15.860405,74.528871
FIR_151,100050116202600004,202600004,CRIME_12,Domestic Violence,Domestic Violence,PS_116,DIST_1,2026-03-22,Compromised,The complainant alleged repeated physical and mental harassment by his neighbour over dowry-related demands at their residence in New Extension.,13.036523,77.63193
FIR_152,100220171202600001,202600001,CRIME_41,Hit and Run,Hit and Run,PS_171,DIST_1,2026-06-08,Closed (False Case),The victim was hit by an unidentified vehicle near Station Road and sustained injuries; the driver fled the scene.,12.305512,76.622714
FIR_153,300220165202400002,202400002,CRIME_7,Robbery,Robbery,PS_165,DIST_1,2024-01-29,Charge Sheeted,The complainant was robbed of cash and a mobile phone by unidentified persons near Railway Station Road at knife-point.,12.343657,76.65426
FIR_154,100050116202500003,202500003,CRIME_1,Murder,Murder,PS_116,DIST_1,2025-02-04,Under Investigation,The victim Kavya was fatally attacked with a wooden stick by the accused near Temple Street. The motive is suspected to be unpaid loan.,13.071981,77.628015
FIR_155,100220171202500001,202500001,CRIME_31,Phishing,Phishing,PS_171,DIST_1,2025-01-07,Under Investigation,"The complainant clicked a fraudulent link received via SMS and lost Rs 382,000 from their bank account.",12.327138,76.692761
FIR_156,100050116202500004,202500004,CRIME_13,Sexual Harassment,Sexual Harassment,PS_116,DIST_1,2025-11-06,Under Investigation,The complainant reported that her in-laws made unwelcome advances and passed lewd remarks towards her near Old Town.,13.076622,77.698488
FIR_157,300260176202400002,202400002,CRIME_15,Acid Attack,Acid Attack,PS_176,DIST_1,2024-11-05,Under Investigation,"The victim was attacked with a corrosive substance by the accused near APMC Yard, sustaining burn injuries.",13.282106,77.117911
FIR_158,100260176202400002,202400002,CRIME_28,Identity Theft,Identity Theft,PS_176,DIST_1,2024-01-16,Under Investigation,"The complainant discovered that a fraudulent account was created in their name and used to obtain a loan of Rs 382,000.",13.352498,77.068054
FIR_159,100010102202400001,202400001,CRIME_40,Rash Driving,Rash Driving,PS_102,DIST_1,2024-04-13,Pending Trial,"The complainant reported that the accused was driving a vehicle rashly near Railway Station Road, endangering pedestrians.",16.152705,75.740602
FIR_160,100220165202500004,202500004,CRIME_10,Vehicle Theft,Vehicle Theft,PS_165,DIST_1,2025-10-08,Under Investigation,The complainant reported that their motorcycle parked near Market area was stolen overnight. The vehicle was not recovered at the time of registration.,12.315159,76.616193
FIR_161,100210164202500001,202500001,CRIME_30,Data Theft,Data Theft,PS_164,DIST_1,2025-04-12,Closed (False Case),The complainant's confidential business data was allegedly copied and misused by a former employee.,12.520021,76.86795
FIR_162,300030106202600001,202600001,CRIME_16,Child Abuse,Child Abuse,PS_106,DIST_1,2026-05-03,Under Investigation,The complainant reported that the minor victim was subjected to abuse by a former business partner at College Road.,15.861975,74.515647
FIR_163,100180157202500002,202500002,CRIME_28,Identity Theft,Identity Theft,PS_157,DIST_1,2025-01-14,Under Investigation,"The complainant discovered that a fraudulent account was created in their name and used to obtain a loan of Rs 74,000.",12.392962,75.732576
FIR_164,100070132202400001,202400001,CRIME_8,Dacoity,Dacoity,PS_132,DIST_1,2024-11-17,Acquitted,"A group of armed persons robbed the complainant's shop at Bus Stand Road, decamping with cash and goods worth Rs 174,000.",11.879227,76.962795
FIR_165,100050121202600001,202600001,CRIME_32,Ganja Possession,Ganja Possession,PS_121,DIST_1,2026-01-23,Closed (False Case),Police intercepted the accused near Old Town and recovered 1.1 kg of ganja from their possession.,13.04961,77.671721
FIR_166,100050114202500001,202500001,CRIME_34,Drug Peddling,Drug Peddling,PS_114,DIST_1,2025-02-24,Under Investigation,The accused was apprehended near College Road while allegedly peddling narcotic substances to local youth.,13.034497,77.693911
FIR_167,100310181202600001,202600001,CRIME_7,Robbery,Robbery,PS_181,DIST_1,2026-06-10,Closed (Undetected),The complainant was robbed of cash and a mobile phone by unidentified persons near APMC Yard at knife-point.,16.803982,77.145679
FIR_168,100020104202500001,202500001,CRIME_9,Burglary,Burglary,PS_104,DIST_1,2025-09-14,Under Investigation,"Unknown persons broke into the complainant's premises at Railway Station Road at night and decamped with valuables worth Rs 207,000.",15.164668,76.882686
FIR_169,100050118202600001,202600001,CRIME_27,Online Fraud,Online Fraud,PS_118,DIST_1,2026-03-23,Abated,"The complainant received a call from an unknown person claiming to be a bank official, who obtained OTP details and transferred Rs 234,000 from the complainant's account.",13.014722,77.609205
FIR_170,100050117202500003,202500003,CRIME_32,Ganja Possession,Ganja Possession,PS_117,DIST_1,2025-02-22,Under Investigation,Police intercepted the accused near Railway Station Road and recovered 3.9 kg of ganja from their possession.,13.074253,77.58836
FIR_171,100050116202400005,202400005,CRIME_40,Rash Driving,Rash Driving,PS_116,DIST_1,2024-09-26,Closed (False Case),"The complainant reported that the accused was driving a vehicle rashly near Church Street, endangering pedestrians.",13.028614,77.563539
FIR_172,100280178202600002,202600002,CRIME_17,Child Trafficking,Child Trafficking,PS_178,DIST_1,2026-04-24,Under Investigation,Information was received regarding a minor being transported from New Extension allegedly for trafficking purposes; the child was rescued.,14.832167,74.747188
FIR_173,100090136202600002,202600002,CRIME_25,Forgery,Forgery,PS_136,DIST_1,2026-02-27,Under Investigation,The complainant reported that the accused forged signatures on documents related to unpaid loan to gain wrongful benefit.,13.369513,75.736539
FIR_174,100120146202500002,202500002,CRIME_9,Burglary,Burglary,PS_146,DIST_1,2025-04-11,Charge Sheeted,"Unknown persons broke into the complainant's premises at Railway Station Road at night and decamped with valuables worth Rs 65,000.",14.448617,75.880129
FIR_175,100060129202400002,202400002,CRIME_38,Unlawful Assembly,Unlawful Assembly,PS_129,DIST_1,2024-03-12,Charge Sheeted,"A group gathered near Temple Street in violation of prohibitory orders, leading to a law and order situation.",17.887663,77.46344
FIR_176,100230173202500001,202500001,CRIME_10,Vehicle Theft,Vehicle Theft,PS_173,DIST_1,2025-12-30,Under Investigation,The complainant reported that their scooter parked near Ring Road was stolen overnight. The vehicle was not recovered at the time of registration.,16.175156,77.30851
FIR_177,400050115202600001,202600001,CRIME_13,Sexual Harassment,Sexual Harassment,PS_115,DIST_1,2026-01-03,Under Investigation,The complainant reported that her husband made unwelcome advances and passed lewd remarks towards her near Bus Stand Road.,12.902614,77.540546
FIR_178,100120145202400001,202400001,CRIME_52,Criminal Intimidation,Criminal Intimidation,PS_145,DIST_1,2024-08-05,Under Investigation,The complainant alleged being threatened with dire consequences by her husband over a dispute regarding an extramarital affair suspicion.,14.461728,75.911338
FIR_179,100220171202400001,202400001,CRIME_7,Robbery,Robbery,PS_171,DIST_1,2024-02-26,Under Investigation,The complainant was robbed of cash and a mobile phone by unidentified persons near Main Bazaar at knife-point.,12.328355,76.609607
FIR_180,300160153202500001,202500001,CRIME_40,Rash Driving,Rash Driving,PS_153,DIST_1,2025-10-29,Convicted,"The complainant reported that the accused was driving a vehicle rashly near Bus Stand Road, endangering pedestrians.",14.847064,75.459108
FIR_181,800220165202400001,202400001,CRIME_26,Bank Fraud,Bank Fraud,PS_165,DIST_1,2024-08-16,Convicted,"The complainant's bank account was debited for Rs 434,000 through fraudulent means allegedly involving the accused.",12.346576,76.610616
FIR_182,400050115202500001,202500001,CRIME_28,Identity Theft,Identity Theft,PS_115,DIST_1,2025-12-09,Charge Sheeted,"The complainant discovered that a fraudulent account was created in their name and used to obtain a loan of Rs 186,000.",12.900714,77.544545
FIR_183,200220165202400002,202400002,CRIME_14,Stalking,Stalking,PS_165,DIST_1,2024-01-30,Under Investigation,The complainant stated that the accused has been following and contacting her repeatedly near Old Town despite objection.,12.319122,76.668045
FIR_184,100110139202500001,202500001,CRIME_12,Domestic Violence,Domestic Violence,PS_139,DIST_1,2025-04-05,Pending Trial,The complainant alleged repeated physical and mental harassment by his neighbour over dowry-related demands at their residence in Church Street.,12.866802,74.8221
FIR_185,100030106202600001,202600001,CRIME_4,Assault,Assault,PS_106,DIST_1,2026-02-09,Closed (Undetected),"The complainant stated that his neighbour assaulted them near MG Road following an argument over a business partnership, causing hurt.",15.880777,74.509196
FIR_186,100160154202400001,202400001,CRIME_36,Illegal Arms Manufacturing,Illegal Arms Manufacturing,PS_154,DIST_1,2024-10-16,Compromised,The complainant reported an incident related to arms act offences occurring near College Road. Investigation is underway to ascertain further facts.,14.787956,75.380487
FIR_187,300260176202600001,202600001,CRIME_8,Dacoity,Dacoity,PS_176,DIST_1,2026-01-06,Pending Trial,"A group of armed persons robbed the complainant's shop at Railway Station Road, decamping with cash and goods worth Rs 165,000.",13.313095,77.132406
FIR_188,100050116202400006,202400006,CRIME_26,Bank Fraud,Bank Fraud,PS_116,DIST_1,2024-08-20,Closed (Undetected),"The complainant's bank account was debited for Rs 295,000 through fraudulent means allegedly involving the accused.",13.065207,77.696665
FIR_189,200050127202400001,202400001,CRIME_29,Cyber Stalking,Cyber Stalking,PS_127,DIST_1,2024-06-21,Acquitted,The complainant reported repeated harassing messages and unwanted contact from an unknown social media account.,12.953972,77.597441
FIR_190,100050115202400003,202400003,CRIME_55,Chain Snatching,Chain Snatching,PS_115,DIST_1,2024-03-29,Closed (Undetected),"The complainant, a woman walking near APMC Yard, reported that two men on a motorcycle snatched her gold chain and sped away towards Temple Street.",12.93846,77.654547
FIR_191,200050122202400001,202400001,CRIME_32,Ganja Possession,Ganja Possession,PS_122,DIST_1,2024-12-13,Convicted,Police intercepted the accused near New Extension and recovered 6.4 kg of ganja from their possession.,12.958759,77.540038
FIR_192,100210163202400001,202400001,CRIME_12,Domestic Violence,Domestic Violence,PS_163,DIST_1,2024-08-01,Under Investigation,The complainant alleged repeated physical and mental harassment by a known acquaintance over dowry-related demands at their residence in New Extension.,12.499832,76.887933
FIR_193,100170155202500001,202500001,CRIME_52,Criminal Intimidation,Criminal Intimidation,PS_155,DIST_1,2025-11-03,Pending Trial,The complainant alleged being threatened with dire consequences by her husband over a dispute regarding a family dispute.,17.289176,76.884741
FIR_194,100050116202400007,202400007,CRIME_13,Sexual Harassment,Sexual Harassment,PS_116,DIST_1,2024-03-27,Charge Sheeted,The complainant reported that a known acquaintance made unwelcome advances and passed lewd remarks towards her near New Extension.,13.072239,77.541903
FIR_195,100220165202600001,202600001,CRIME_25,Forgery,Forgery,PS_165,DIST_1,2026-01-30,Under Investigation,The complainant reported that the accused forged signatures on documents related to unpaid loan to gain wrongful benefit.,12.347845,76.636085
FIR_196,100130147202500001,202500001,CRIME_22,Caste Abuse,Caste Abuse,PS_147,DIST_1,2025-06-14,Under Investigation,The complainant reported an incident related to crimes against scs/sts occurring near Ring Road. Investigation is underway to ascertain further facts.,15.465493,75.046103
FIR_197,100090136202400002,202400002,CRIME_55,Chain Snatching,Chain Snatching,PS_136,DIST_1,2024-03-28,Charge Sheeted,"The complainant, a woman walking near Railway Station Road, reported that two men on a motorcycle snatched her gold chain and sped away towards Church Street.",13.276171,75.747041
FIR_198,300300180202500002,202500002,CRIME_23,Cheating,Cheating,PS_180,DIST_1,2025-10-31,Under Investigation,"The complainant paid an advance of Rs 440,000 to the accused for unpaid loan which was never delivered as promised.",16.878685,75.763944
FIR_199,100230173202600001,202600001,CRIME_38,Unlawful Assembly,Unlawful Assembly,PS_173,DIST_1,2026-04-06,Pending Trial,"A group gathered near New Extension in violation of prohibitory orders, leading to a law and order situation.",16.23059,77.336085
FIR_200,100220172202400001,202400001,CRIME_26,Bank Fraud,Bank Fraud,PS_172,DIST_1,2024-03-14,Pending Trial,"The complainant's bank account was debited for Rs 370,000 through fraudulent means allegedly involving the accused.",12.341476,76.69394
FIR_201,100050117202400003,202400003,CRIME_41,Hit and Run,Hit and Run,PS_117,DIST_1,2024-01-14,Charge Sheeted,The victim was hit by an unidentified vehicle near Main Bazaar and sustained injuries; the driver fled the scene.,12.931261,77.652875
FIR_202,100220165202500005,202500005,CRIME_10,Vehicle Theft,Vehicle Theft,PS_165,DIST_1,2025-10-28,Charge Sheeted,The complainant reported that their motorcycle parked near Gandhi Nagar was stolen overnight. The vehicle was not recovered at the time of registration.,12.314603,76.686277
FIR_203,100260176202500003,202500003,CRIME_9,Burglary,Burglary,PS_176,DIST_1,2025-04-04,Charge Sheeted,"Unknown persons broke into the complainant's premises at APMC Yard at night and decamped with valuables worth Rs 126,000.",13.380418,77.042007
FIR_204,300050117202500002,202500002,CRIME_25,Forgery,Forgery,PS_117,DIST_1,2025-11-26,Under Investigation,The complainant reported that the accused forged signatures on documents related to a property dispute to gain wrongful benefit.,12.930677,77.610137
FIR_205,100200161202400001,202400001,CRIME_6,Theft,Theft,PS_161,DIST_1,2024-07-09,Under Investigation,"The complainant reported that unknown persons broke into their house at Ring Road and stole gold jewellery worth Rs 130,000 and cash. The incident occurred while the family was away.",15.380523,76.193603
FIR_206,400160153202600001,202600001,CRIME_36,Illegal Arms Manufacturing,Illegal Arms Manufacturing,PS_153,DIST_1,2026-06-08,Under Investigation,The complainant reported an incident related to arms act offences occurring near Bus Stand Road. Investigation is underway to ascertain further facts.,14.762941,75.439355
FIR_207,100100138202400001,202400001,CRIME_15,Acid Attack,Acid Attack,PS_138,DIST_1,2024-09-17,Closed (Undetected),"The victim was attacked with a corrosive substance by the accused near Railway Station Road, sustaining burn injuries.",14.28739,76.341594
FIR_208,100050118202400001,202400001,CRIME_25,Forgery,Forgery,PS_118,DIST_1,2024-06-15,Under Investigation,The complainant reported that the accused forged signatures on documents related to a financial transaction to gain wrongful benefit.,12.909707,77.515799
FIR_209,300280178202500002,202500002,CRIME_33,NDPS Trafficking,NDPS Trafficking,PS_178,DIST_1,2025-11-22,Pending Trial,"A police patrol near College Road intercepted a vehicle and recovered narcotic substances weighing 10.1 kg, suspected to be in transit for sale.",14.775971,74.692239
FIR_210,200060130202600002,202600002,CRIME_7,Robbery,Robbery,PS_130,DIST_1,2026-06-06,Under Investigation,The complainant was robbed of cash and a mobile phone by unidentified persons near MG Road at knife-point.,17.901045,77.572619
FIR_211,100220167202600001,202600001,CRIME_32,Ganja Possession,Ganja Possession,PS_167,DIST_1,2026-04-14,Under Investigation,Police intercepted the accused near MG Road and recovered 2.7 kg of ganja from their possession.,12.340531,76.63641
FIR_212,100260176202400003,202400003,CRIME_41,Hit and Run,Hit and Run,PS_176,DIST_1,2024-06-09,Charge Sheeted,The victim was hit by an unidentified vehicle near Ring Road and sustained injuries; the driver fled the scene.,13.316638,77.047008
FIR_213,100030107202400001,202400001,CRIME_29,Cyber Stalking,Cyber Stalking,PS_107,DIST_1,2024-09-17,Charge Sheeted,The complainant reported repeated harassing messages and unwanted contact from an unknown social media account.,15.831661,74.583252
FIR_214,300230173202400001,202400001,CRIME_5,Grievous Hurt,Grievous Hurt,PS_173,DIST_1,2024-10-12,Pending Trial,The victim sustained grievous injuries after being attacked with a wooden stick by her in-laws near Market area over past enmity.,16.193244,77.382782
FIR_215,300090136202500001,202500001,CRIME_2,Attempt to Murder,Attempt to Murder,PS_136,DIST_1,2025-12-17,Referred to Another PS,The accused attacked Anitha with a sharp weapon near Market area following a quarrel over a business partnership. The victim was rushed to hospital with grievous injuries.,13.308282,75.778344
FIR_216,100050117202400004,202400004,CRIME_8,Dacoity,Dacoity,PS_117,DIST_1,2024-08-23,Closed (Undetected),"A group of armed persons robbed the complainant's shop at Ring Road, decamping with cash and goods worth Rs 187,000.",12.97369,77.659777
FIR_217,100140149202500001,202500001,CRIME_18,Child Labour,Child Labour,PS_149,DIST_1,2025-02-12,Compromised,The complainant reported an incident related to crimes against children occurring near MG Road. Investigation is underway to ascertain further facts.,15.483899,75.596391
FIR_218,100110142202500001,202500001,CRIME_40,Rash Driving,Rash Driving,PS_142,DIST_1,2025-05-10,Referred to Another PS,"The complainant reported that the accused was driving a vehicle rashly near Temple Street, endangering pedestrians.",12.899684,74.8582
FIR_219,100060130202500002,202500002,CRIME_30,Data Theft,Data Theft,PS_130,DIST_1,2025-03-21,Charge Sheeted,The complainant's confidential business data was allegedly copied and misused by a former employee.,17.934996,77.528774
FIR_220,400220169202500001,202500001,CRIME_36,Illegal Arms Manufacturing,Illegal Arms Manufacturing,PS_169,DIST_1,2025-09-26,Pending Trial,The complainant reported an incident related to arms act offences occurring near Station Road. Investigation is underway to ascertain further facts.,12.345999,76.668867
FIR_221,100050121202400001,202400001,CRIME_24,Criminal Breach of Trust,Criminal Breach of Trust,PS_121,DIST_1,2024-12-07,Under Investigation,"The complainant alleged that the accused, entrusted with funds of Rs 30,000 for past enmity, misappropriated the amount.",12.996409,77.509306
FIR_222,100260176202400004,202400004,CRIME_7,Robbery,Robbery,PS_176,DIST_1,2024-05-01,Convicted,The complainant was robbed of cash and a mobile phone by unidentified persons near College Road at knife-point.,13.318761,77.112818
FIR_223,500110141202400001,202400001,CRIME_6,Theft,Theft,PS_141,DIST_1,2024-01-07,Charge Sheeted,"The complainant reported that unknown persons broke into their house at Industrial Layout and stole gold jewellery worth Rs 389,000 and cash. The incident occurred while the family was away.",12.884978,74.852699
FIR_224,200050117202500001,202500001,CRIME_38,Unlawful Assembly,Unlawful Assembly,PS_117,DIST_1,2025-12-07,Under Investigation,"A group gathered near Temple Street in violation of prohibitory orders, leading to a law and order situation.",13.079026,77.549502
FIR_225,300040113202500001,202500001,CRIME_27,Online Fraud,Online Fraud,PS_113,DIST_1,2025-11-21,Charge Sheeted,"The complainant received a call from an unknown person claiming to be a bank official, who obtained OTP details and transferred Rs 30,000 from the complainant's account.",13.264594,77.653634
FIR_226,200050116202400001,202400001,CRIME_55,Chain Snatching,Chain Snatching,PS_116,DIST_1,2024-06-15,Pending Trial,"The complainant, a woman walking near Station Road, reported that two men on a motorcycle snatched her gold chain and sped away towards Temple Street.",13.09035,77.530709
FIR_227,100050124202500001,202500001,CRIME_5,Grievous Hurt,Grievous Hurt,PS_124,DIST_1,2025-06-17,Pending Trial,The victim sustained grievous injuries after being attacked with a knife by an unidentified assailant near Station Road over unpaid loan.,13.008357,77.508085
FIR_228,800050125202400001,202400001,CRIME_40,Rash Driving,Rash Driving,PS_125,DIST_1,2024-08-12,Closed (Undetected),"The complainant reported that the accused was driving a vehicle rashly near Station Road, endangering pedestrians.",13.041238,77.578516
FIR_229,100130148202500002,202500002,CRIME_3,Culpable Homicide,Culpable Homicide,PS_148,DIST_1,2025-02-20,Convicted,"The complainant reported that Anitha died following an altercation with her husband near APMC Yard, suspected to involve a property dispute.",15.44188,75.055583
FIR_230,200110139202600001,202600001,CRIME_45,Wildlife Poaching,Wildlife Poaching,PS_139,DIST_1,2026-03-29,Charge Sheeted,The complainant reported an incident related to environmental offences occurring near APMC Yard. Investigation is underway to ascertain further facts.,12.887221,74.869939
FIR_231,100030107202600001,202600001,CRIME_55,Chain Snatching,Chain Snatching,PS_107,DIST_1,2026-04-24,Under Investigation,"The complainant, a woman walking near New Extension, reported that two men on a motorcycle snatched her gold chain and sped away towards Railway Station Road.",15.837985,74.592161
FIR_232,100260176202500004,202500004,CRIME_9,Burglary,Burglary,PS_176,DIST_1,2025-07-15,Under Investigation,"Unknown persons broke into the complainant's premises at Market area at night and decamped with valuables worth Rs 440,000.",13.390787,77.119209
FIR_233,100250175202400002,202400002,CRIME_15,Acid Attack,Acid Attack,PS_175,DIST_1,2024-11-23,Under Investigation,"The victim was attacked with a corrosive substance by the accused near Industrial Layout, sustaining burn injuries.",13.902956,75.57435
FIR_234,100120145202500001,202500001,CRIME_24,Criminal Breach of Trust,Criminal Breach of Trust,PS_145,DIST_1,2025-07-10,Under Investigation,"The complainant alleged that the accused, entrusted with funds of Rs 307,000 for an extramarital affair suspicion, misappropriated the amount.",14.446698,75.887095
FIR_235,100280178202400002,202400002,CRIME_30,Data Theft,Data Theft,PS_178,DIST_1,2024-09-09,Under Investigation,The complainant's confidential business data was allegedly copied and misused by a former employee.,14.809386,74.737585
FIR_236,100030106202500001,202500001,CRIME_32,Ganja Possession,Ganja Possession,PS_106,DIST_1,2025-07-14,Pending Trial,Police intercepted the accused near Ring Road and recovered 8.9 kg of ganja from their possession.,15.855333,74.565433
FIR_237,200220172202400001,202400001,CRIME_9,Burglary,Burglary,PS_172,DIST_1,2024-08-20,Under Investigation,"Unknown persons broke into the complainant's premises at Temple Street at night and decamped with valuables worth Rs 299,000.",12.338126,76.606514
FIR_238,100210163202500002,202500002,CRIME_14,Stalking,Stalking,PS_163,DIST_1,2025-06-04,Convicted,The complainant stated that the accused has been following and contacting her repeatedly near Gandhi Nagar despite objection.,12.527326,76.89732
FIR_239,100030109202400002,202400002,CRIME_28,Identity Theft,Identity Theft,PS_109,DIST_1,2024-04-21,Charge Sheeted,"The complainant discovered that a fraudulent account was created in their name and used to obtain a loan of Rs 174,000.",15.876418,74.563645
FIR_240,400050126202500001,202500001,CRIME_7,Robbery,Robbery,PS_126,DIST_1,2025-03-01,Under Investigation,The complainant was robbed of cash and a mobile phone by unidentified persons near APMC Yard at knife-point.,12.960679,77.65202
FIR_241,100220165202600002,202600002,CRIME_9,Burglary,Burglary,PS_165,DIST_1,2026-07-06,Under Investigation,"Unknown persons broke into the complainant's premises at Main Bazaar at night and decamped with valuables worth Rs 59,000.",12.306867,76.63653
FIR_242,100220166202400001,202400001,CRIME_40,Rash Driving,Rash Driving,PS_166,DIST_1,2024-05-14,Under Investigation,"The complainant reported that the accused was driving a vehicle rashly near APMC Yard, endangering pedestrians.",12.34561,76.624424
FIR_243,100010103202400001,202400001,CRIME_9,Burglary,Burglary,PS_103,DIST_1,2024-12-06,Charge Sheeted,"Unknown persons broke into the complainant's premises at Main Bazaar at night and decamped with valuables worth Rs 279,000.",16.124942,75.672898
FIR_244,100050115202400004,202400004,CRIME_33,NDPS Trafficking,NDPS Trafficking,PS_115,DIST_1,2024-07-22,Under Investigation,"A police patrol near Bus Stand Road intercepted a vehicle and recovered narcotic substances weighing 9.5 kg, suspected to be in transit for sale.",13.078203,77.540058
FIR_245,400140149202400001,202400001,CRIME_26,Bank Fraud,Bank Fraud,PS_149,DIST_1,2024-06-01,Under Investigation,"The complainant's bank account was debited for Rs 361,000 through fraudulent means allegedly involving the accused.",15.467482,75.606138
FIR_246,100140149202500002,202500002,CRIME_23,Cheating,Cheating,PS_149,DIST_1,2025-09-07,Pending Trial,"The complainant paid an advance of Rs 90,000 to the accused for a family dispute which was never delivered as promised.",15.419259,75.637872
FIR_247,100040112202400001,202400001,CRIME_11,Dowry Death,Dowry Death,PS_112,DIST_1,2024-09-16,Charge Sheeted,The victim Nagaraj died under suspicious circumstances at her matrimonial home. The complainant alleges harassment for dowry by his neighbour.,13.239157,77.59895
FIR_248,300270177202500001,202500001,CRIME_5,Grievous Hurt,Grievous Hurt,PS_177,DIST_1,2025-09-23,Charge Sheeted,The victim sustained grievous injuries after being attacked with a iron rod by her husband near APMC Yard over unpaid loan.,13.307422,74.695649
FIR_249,100080133202600001,202600001,CRIME_26,Bank Fraud,Bank Fraud,PS_133,DIST_1,2026-03-30,Convicted,"The complainant's bank account was debited for Rs 267,000 through fraudulent means allegedly involving the accused.",13.384077,77.759723
FIR_250,400050116202400002,202400002,CRIME_14,Stalking,Stalking,PS_116,DIST_1,2024-09-21,Under Investigation,The complainant stated that the accused has been following and contacting her repeatedly near College Road despite objection.,12.974286,77.694378
FIR_251,100220165202500006,202500006,CRIME_1,Murder,Murder,PS_165,DIST_1,2025-08-27,Closed (False Case),The victim Kavya was fatally attacked with a wooden stick by the accused near Ring Road. The motive is suspected to be a financial transaction.,12.322416,76.682555
FIR_252,100130148202500003,202500003,CRIME_20,Atrocity - Physical Assault,Atrocity - Physical Assault,PS_148,DIST_1,2025-08-16,Charge Sheeted,"The complainant, belonging to a Scheduled Caste, alleged physical assault and caste-based abuse by her in-laws near College Road.",15.450513,74.97995
FIR_253,200260176202500001,202500001,CRIME_32,Ganja Possession,Ganja Possession,PS_176,DIST_1,2025-02-26,Under Investigation,Police intercepted the accused near Gandhi Nagar and recovered 3.7 kg of ganja from their possession.,13.381161,77.093752
FIR_254,100170155202500002,202500002,CRIME_9,Burglary,Burglary,PS_155,DIST_1,2025-10-28,Under Investigation,"Unknown persons broke into the complainant's premises at Industrial Layout at night and decamped with valuables worth Rs 232,000.",17.357021,76.790811
FIR_255,100270177202400001,202400001,CRIME_8,Dacoity,Dacoity,PS_177,DIST_1,2024-07-03,Acquitted,"A group of armed persons robbed the complainant's shop at Church Street, decamping with cash and goods worth Rs 50,000.",13.398173,74.782384
FIR_256,400200162202600001,202600001,CRIME_7,Robbery,Robbery,PS_162,DIST_1,2026-03-30,Abated,The complainant was robbed of cash and a mobile phone by unidentified persons near New Extension at knife-point.,15.358718,76.092742
FIR_257,100220165202400003,202400003,CRIME_50,Outraging Modesty,Outraging Modesty,PS_165,DIST_1,2024-07-22,Abated,The complainant reported that the accused outraged her modesty near Temple Street.,12.337322,76.695197
FIR_258,100220165202600003,202600003,CRIME_13,Sexual Harassment,Sexual Harassment,PS_165,DIST_1,2026-06-11,Under Investigation,The complainant reported that his neighbour made unwelcome advances and passed lewd remarks towards her near Main Bazaar.,12.32764,76.603068
FIR_259,800050116202600001,202600001,CRIME_5,Grievous Hurt,Grievous Hurt,PS_116,DIST_1,2026-03-19,Under Investigation,The victim sustained grievous injuries after being attacked with a iron rod by a known acquaintance near Market area over unpaid loan.,13.058808,77.581711
FIR_260,100030109202500001,202500001,CRIME_30,Data Theft,Data Theft,PS_109,DIST_1,2025-09-28,Charge Sheeted,The complainant's confidential business data was allegedly copied and misused by a former employee.,15.855406,74.56277
FIR_261,300050127202500001,202500001,CRIME_13,Sexual Harassment,Sexual Harassment,PS_127,DIST_1,2025-05-21,Under Investigation,The complainant reported that a former business partner made unwelcome advances and passed lewd remarks towards her near Station Road.,12.968661,77.530733
FIR_262,200220165202500001,202500001,CRIME_34,Drug Peddling,Drug Peddling,PS_165,DIST_1,2025-10-11,Charge Sheeted,The accused was apprehended near Station Road while allegedly peddling narcotic substances to local youth.,12.331421,76.669379
FIR_263,100270177202500002,202500002,CRIME_4,Assault,Assault,PS_177,DIST_1,2025-12-21,Pending Trial,"The complainant stated that his neighbour assaulted them near Gandhi Nagar following an argument over an extramarital affair suspicion, causing hurt.",13.37049,74.801402
FIR_264,100170156202500002,202500002,CRIME_55,Chain Snatching,Chain Snatching,PS_156,DIST_1,2025-01-18,Convicted,"The complainant, a woman walking near College Road, reported that two men on a motorcycle snatched her gold chain and sped away towards Railway Station Road.",17.385228,76.770866
FIR_265,100270177202400002,202400002,CRIME_4,Assault,Assault,PS_177,DIST_1,2024-08-17,Under Investigation,"The complainant stated that a former business partner assaulted them near Bus Stand Road following an argument over an extramarital affair suspicion, causing hurt.",13.349606,74.753637
FIR_266,100050116202500005,202500005,CRIME_52,Criminal Intimidation,Criminal Intimidation,PS_116,DIST_1,2025-04-24,Referred to Another PS,The complainant alleged being threatened with dire consequences by a former business partner over a dispute regarding an extramarital affair suspicion.,12.957284,77.503039
FIR_267,800140149202400001,202400001,CRIME_13,Sexual Harassment,Sexual Harassment,PS_149,DIST_1,2024-11-11,Charge Sheeted,The complainant reported that a known acquaintance made unwelcome advances and passed lewd remarks towards her near MG Road.,15.474137,75.597718
FIR_268,100240174202500001,202500001,CRIME_33,NDPS Trafficking,NDPS Trafficking,PS_174,DIST_1,2025-01-12,Under Investigation,"A police patrol near Bus Stand Road intercepted a vehicle and recovered narcotic substances weighing 1.4 kg, suspected to be in transit for sale.",12.778062,77.332393
FIR_269,100010103202400002,202400002,CRIME_23,Cheating,Cheating,PS_103,DIST_1,2024-07-14,Charge Sheeted,"The complainant paid an advance of Rs 319,000 to the accused for unpaid loan which was never delivered as promised.",16.150549,75.684066
FIR_270,100050115202600002,202600002,CRIME_47,Land Fraud,Land Fraud,PS_115,DIST_1,2026-02-15,Charge Sheeted,The complainant reported an incident related to crimes related to documents/property occurring near Ring Road. Investigation is underway to ascertain further facts.,12.981781,77.611783
FIR_271,100230173202500002,202500002,CRIME_31,Phishing,Phishing,PS_173,DIST_1,2025-08-13,Under Investigation,"The complainant clicked a fraudulent link received via SMS and lost Rs 145,000 from their bank account.",16.251601,77.335508
FIR_272,100240174202400002,202400002,CRIME_1,Murder,Murder,PS_174,DIST_1,2024-01-10,Charge Sheeted,"The complainant reported that Anitha was found dead with injuries near Bus Stand Road, allegedly assaulted by her husband following a dispute over past enmity.",12.777678,77.245122
FIR_273,100310181202600002,202600002,CRIME_41,Hit and Run,Hit and Run,PS_181,DIST_1,2026-04-25,Pending Trial,The victim was hit by an unidentified vehicle near Bus Stand Road and sustained injuries; the driver fled the scene.,16.764351,77.190177
FIR_274,100110141202400002,202400002,CRIME_26,Bank Fraud,Bank Fraud,PS_141,DIST_1,2024-05-27,Charge Sheeted,"The complainant's bank account was debited for Rs 238,000 through fraudulent means allegedly involving the accused.",12.891726,74.881482
FIR_275,100050115202600003,202600003,CRIME_18,Child Labour,Child Labour,PS_115,DIST_1,2026-05-02,Under Investigation,The complainant reported an incident related to crimes against children occurring near MG Road. Investigation is underway to ascertain further facts.,13.026114,77.685964
FIR_276,100030109202400003,202400003,CRIME_28,Identity Theft,Identity Theft,PS_109,DIST_1,2024-11-19,Under Investigation,"The complainant discovered that a fraudulent account was created in their name and used to obtain a loan of Rs 179,000.",15.832535,74.520947
FIR_277,100100137202500001,202500001,CRIME_32,Ganja Possession,Ganja Possession,PS_137,DIST_1,2025-09-26,Under Investigation,Police intercepted the accused near MG Road and recovered 5.9 kg of ganja from their possession.,14.288862,76.450284
FIR_278,100050125202500002,202500002,CRIME_1,Murder,Murder,PS_125,DIST_1,2025-01-03,Closed (Undetected),"The complainant reported that Manoj was found dead with injuries near Industrial Layout, allegedly assaulted by her husband following a dispute over a family dispute.",13.061882,77.657874
FIR_279,200050128202400002,202400002,CRIME_15,Acid Attack,Acid Attack,PS_128,DIST_1,2024-11-20,Charge Sheeted,"The victim was attacked with a corrosive substance by the accused near Industrial Layout, sustaining burn injuries.",12.934846,77.699564
FIR_280,100170155202400002,202400002,CRIME_14,Stalking,Stalking,PS_155,DIST_1,2024-06-07,Pending Trial,The complainant stated that the accused has been following and contacting her repeatedly near Temple Street despite objection.,17.381852,76.816187
FIR_281,300070131202400001,202400001,CRIME_34,Drug Peddling,Drug Peddling,PS_131,DIST_1,2024-08-03,Charge Sheeted,The accused was apprehended near Main Bazaar while allegedly peddling narcotic substances to local youth.,11.935877,76.99192
FIR_282,400250175202600001,202600001,CRIME_25,Forgery,Forgery,PS_175,DIST_1,2026-05-19,Pending Trial,The complainant reported that the accused forged signatures on documents related to an extramarital affair suspicion to gain wrongful benefit.,13.971436,75.529319
FIR_283,100230173202400002,202400002,CRIME_8,Dacoity,Dacoity,PS_173,DIST_1,2024-06-07,Under Investigation,"A group of armed persons robbed the complainant's shop at Ring Road, decamping with cash and goods worth Rs 17,000.",16.159629,77.356612
FIR_284,300100138202400001,202400001,CRIME_26,Bank Fraud,Bank Fraud,PS_138,DIST_1,2024-04-10,Charge Sheeted,"The complainant's bank account was debited for Rs 134,000 through fraudulent means allegedly involving the accused.",14.194037,76.443197
FIR_285,100030109202400004,202400004,CRIME_8,Dacoity,Dacoity,PS_109,DIST_1,2024-03-13,Under Investigation,"A group of armed persons robbed the complainant's shop at College Road, decamping with cash and goods worth Rs 127,000.",15.820682,74.518486
FIR_286,100050119202600001,202600001,CRIME_31,Phishing,Phishing,PS_119,DIST_1,2026-04-05,Convicted,"The complainant clicked a fraudulent link received via SMS and lost Rs 306,000 from their bank account.",13.013049,77.612075
FIR_287,300030108202500001,202500001,CRIME_32,Ganja Possession,Ganja Possession,PS_108,DIST_1,2025-12-28,Charge Sheeted,Police intercepted the accused near College Road and recovered 3.9 kg of ganja from their possession.,15.871016,74.586371
FIR_288,100110139202600001,202600001,CRIME_38,Unlawful Assembly,Unlawful Assembly,PS_139,DIST_1,2026-05-09,Charge Sheeted,"A group gathered near College Road in violation of prohibitory orders, leading to a law and order situation.",12.851289,74.855941
FIR_289,400200161202500001,202500001,CRIME_47,Land Fraud,Land Fraud,PS_161,DIST_1,2025-03-08,Under Investigation,The complainant reported an incident related to crimes related to documents/property occurring near College Road. Investigation is underway to ascertain further facts.,15.367029,76.161362
FIR_290,100120146202400001,202400001,CRIME_5,Grievous Hurt,Grievous Hurt,PS_146,DIST_1,2024-06-06,Charge Sheeted,The victim sustained grievous injuries after being attacked with a knife by her in-laws near Temple Street over unpaid loan.,14.424232,75.921979
FIR_291,500260176202500001,202500001,CRIME_6,Theft,Theft,PS_176,DIST_1,2025-07-02,Under Investigation,"The complainant's mobile phone was stolen from outside their residence at Market area, valued at approximately Rs 308,000.",13.386962,77.097355
FIR_292,100110141202400003,202400003,CRIME_3,Culpable Homicide,Culpable Homicide,PS_141,DIST_1,2024-04-30,Pending Trial,"The complainant reported that Kavya died following an altercation with his neighbour near Railway Station Road, suspected to involve a financial transaction.",12.861528,74.824015
FIR_293,100200162202400001,202400001,CRIME_21,Atrocity - Social Boycott,Atrocity - Social Boycott,PS_162,DIST_1,2024-08-18,Under Investigation,The complainant reported an incident related to crimes against scs/sts occurring near APMC Yard. Investigation is underway to ascertain further facts.,15.319602,76.206843
FIR_294,100230173202500003,202500003,CRIME_8,Dacoity,Dacoity,PS_173,DIST_1,2025-04-06,Charge Sheeted,"A group of armed persons robbed the complainant's shop at Church Street, decamping with cash and goods worth Rs 135,000.",16.161399,77.390065
FIR_295,100050116202500006,202500006,CRIME_50,Outraging Modesty,Outraging Modesty,PS_116,DIST_1,2025-09-22,Under Investigation,The complainant reported that the accused outraged her modesty near Church Street.,12.994755,77.649264
FIR_296,800060130202500001,202500001,CRIME_3,Culpable Homicide,Culpable Homicide,PS_130,DIST_1,2025-08-31,Closed (Undetected),"The complainant reported that Lakshmi died following an altercation with an unidentified assailant near Station Road, suspected to involve a property dispute.",17.875723,77.543082
FIR_297,100050126202500001,202500001,CRIME_3,Culpable Homicide,Culpable Homicide,PS_126,DIST_1,2025-11-08,Closed (Undetected),"The complainant reported that Suresh died following an altercation with her husband near Bus Stand Road, suspected to involve a property dispute.",13.022753,77.654203
FIR_298,100180158202400001,202400001,CRIME_6,Theft,Theft,PS_158,DIST_1,2024-10-16,Charge Sheeted,"The complainant reported that unknown persons broke into their house at Gandhi Nagar and stole gold jewellery worth Rs 380,000 and cash. The incident occurred while the family was away.",12.478464,75.746626
FIR_299,100050117202400005,202400005,CRIME_14,Stalking,Stalking,PS_117,DIST_1,2024-02-28,Closed (False Case),The complainant stated that the accused has been following and contacting her repeatedly near College Road despite objection.,13.006506,77.544667
FIR_300,100060130202500003,202500003,CRIME_3,Culpable Homicide,Culpable Homicide,PS_130,DIST_1,2025-12-16,Under Investigation,"The complainant reported that Suresh died following an altercation with her husband near Bus Stand Road, suspected to involve land boundary issues.",17.877552,77.470702
FIR_301,300270177202400001,202400001,CRIME_21,Atrocity - Social Boycott,Atrocity - Social Boycott,PS_177,DIST_1,2024-01-17,Under Investigation,The complainant reported an incident related to crimes against scs/sts occurring near Ring Road. Investigation is underway to ascertain further facts.,13.280258,74.732442
FIR_302,100080134202600001,202600001,CRIME_12,Domestic Violence,Domestic Violence,PS_134,DIST_1,2026-01-08,Convicted,The complainant alleged repeated physical and mental harassment by her husband over dowry-related demands at their residence in College Road.,13.374296,77.724204
FIR_303,100300180202600001,202600001,CRIME_47,Land Fraud,Land Fraud,PS_180,DIST_1,2026-05-29,Under Investigation,The complainant reported an incident related to crimes related to documents/property occurring near APMC Yard. Investigation is underway to ascertain further facts.,16.882292,75.751545
FIR_304,300280178202500003,202500003,CRIME_8,Dacoity,Dacoity,PS_178,DIST_1,2025-12-30,Closed (False Case),"A group of armed persons robbed the complainant's shop at Railway Station Road, decamping with cash and goods worth Rs 418,000.",14.838569,74.73217
FIR_305,100260176202500005,202500005,CRIME_24,Criminal Breach of Trust,Criminal Breach of Trust,PS_176,DIST_1,2025-08-04,Charge Sheeted,"The complainant alleged that the accused, entrusted with funds of Rs 58,000 for land boundary issues, misappropriated the amount.",13.338078,77.11896
FIR_306,100310181202600003,202600003,CRIME_54,Mischief,Mischief,PS_181,DIST_1,2026-02-23,Charge Sheeted,The complainant reported an incident related to other ipc crimes occurring near Railway Station Road. Investigation is underway to ascertain further facts.,16.745126,77.093776
FIR_307,200050127202500001,202500001,CRIME_25,Forgery,Forgery,PS_127,DIST_1,2025-09-18,Charge Sheeted,The complainant reported that the accused forged signatures on documents related to a family dispute to gain wrongful benefit.,12.956595,77.660945
FIR_308,200050125202500001,202500001,CRIME_26,Bank Fraud,Bank Fraud,PS_125,DIST_1,2025-08-19,Charge Sheeted,"The complainant's bank account was debited for Rs 324,000 through fraudulent means allegedly involving the accused.",12.99947,77.551745
FIR_309,100220165202400004,202400004,CRIME_14,Stalking,Stalking,PS_165,DIST_1,2024-05-21,Convicted,The complainant stated that the accused has been following and contacting her repeatedly near College Road despite objection.,12.332307,76.638894
FIR_310,400090135202400002,202400002,CRIME_3,Culpable Homicide,Culpable Homicide,PS_135,DIST_1,2024-01-08,Charge Sheeted,"The complainant reported that Lakshmi died following an altercation with a known acquaintance near Church Street, suspected to involve unpaid loan.",13.27567,75.813929
FIR_311,300150151202600001,202600001,CRIME_15,Acid Attack,Acid Attack,PS_151,DIST_1,2026-03-25,Under Investigation,"The victim was attacked with a corrosive substance by the accused near APMC Yard, sustaining burn injuries.",12.993042,76.08659
FIR_312,400050115202600002,202600002,CRIME_14,Stalking,Stalking,PS_115,DIST_1,2026-02-05,Charge Sheeted,The complainant stated that the accused has been following and contacting her repeatedly near Station Road despite objection.,12.921708,77.592603
FIR_313,300020104202500001,202500001,CRIME_32,Ganja Possession,Ganja Possession,PS_104,DIST_1,2025-04-03,Under Investigation,Police intercepted the accused near Church Street and recovered 4.6 kg of ganja from their possession.,15.144386,76.87445
FIR_314,300070132202500001,202500001,CRIME_13,Sexual Harassment,Sexual Harassment,PS_132,DIST_1,2025-04-05,Under Investigation,The complainant reported that her in-laws made unwelcome advances and passed lewd remarks towards her near Market area.,11.888059,76.981002
FIR_315,100230173202500004,202500004,CRIME_27,Online Fraud,Online Fraud,PS_173,DIST_1,2025-07-11,Closed (Undetected),"The complainant received a call from an unknown person claiming to be a bank official, who obtained OTP details and transferred Rs 80,000 from the complainant's account.",16.160605,77.39288
FIR_316,100050116202500007,202500007,CRIME_47,Land Fraud,Land Fraud,PS_116,DIST_1,2025-01-13,Closed (False Case),The complainant reported an incident related to crimes related to documents/property occurring near Market area. Investigation is underway to ascertain further facts.,13.023159,77.623923
FIR_317,100030106202400001,202400001,CRIME_29,Cyber Stalking,Cyber Stalking,PS_106,DIST_1,2024-08-07,Under Investigation,The complainant reported repeated harassing messages and unwanted contact from an unknown social media account.,15.804168,74.507432
FIR_318,100190159202600001,202600001,CRIME_23,Cheating,Cheating,PS_159,DIST_1,2026-05-19,Charge Sheeted,"The complainant paid an advance of Rs 160,000 to the accused for a business partnership which was never delivered as promised.",13.164438,78.07448
FIR_319,400220167202500001,202500001,CRIME_28,Identity Theft,Identity Theft,PS_167,DIST_1,2025-03-25,Charge Sheeted,"The complainant discovered that a fraudulent account was created in their name and used to obtain a loan of Rs 124,000.",12.33268,76.661277
FIR_320,200030106202400001,202400001,CRIME_28,Identity Theft,Identity Theft,PS_106,DIST_1,2024-07-18,Under Investigation,"The complainant discovered that a fraudulent account was created in their name and used to obtain a loan of Rs 267,000.",15.895047,74.529536
FIR_321,800220170202400001,202400001,CRIME_26,Bank Fraud,Bank Fraud,PS_170,DIST_1,2024-08-09,Closed (False Case),"The complainant's bank account was debited for Rs 83,000 through fraudulent means allegedly involving the accused.",12.323236,76.609732
FIR_322,100180157202500003,202500003,CRIME_55,Chain Snatching,Chain Snatching,PS_157,DIST_1,2025-08-25,Charge Sheeted,"The complainant, a woman walking near Ring Road, reported that two men on a motorcycle snatched her gold chain and sped away towards New Extension.",12.471432,75.761336
FIR_323,400110144202500002,202500002,CRIME_8,Dacoity,Dacoity,PS_144,DIST_1,2025-05-04,Pending Trial,"A group of armed persons robbed the complainant's shop at Gandhi Nagar, decamping with cash and goods worth Rs 124,000.",12.877942,74.887702
FIR_324,100050115202500002,202500002,CRIME_35,Illegal Firearm Possession,Illegal Firearm Possession,PS_115,DIST_1,2025-02-16,Under Investigation,Police recovered an unlicensed firearm from the accused during a routine check near Main Bazaar.,13.083549,77.5648
FIR_325,500050117202500001,202500001,CRIME_55,Chain Snatching,Chain Snatching,PS_117,DIST_1,2025-11-07,Closed (Undetected),"The complainant, a woman walking near Temple Street, reported that two men on a motorcycle snatched her gold chain and sped away towards Railway Station Road.",13.040747,77.662072
FIR_326,200050120202400001,202400001,CRIME_9,Burglary,Burglary,PS_120,DIST_1,2024-06-09,Closed (Undetected),"Unknown persons broke into the complainant's premises at Station Road at night and decamped with valuables worth Rs 123,000.",12.940196,77.506989
FIR_327,100110141202400004,202400004,CRIME_33,NDPS Trafficking,NDPS Trafficking,PS_141,DIST_1,2024-02-07,Convicted,"A police patrol near Bus Stand Road intercepted a vehicle and recovered narcotic substances weighing 11.3 kg, suspected to be in transit for sale.",12.860997,74.821697
FIR_328,100220165202500007,202500007,CRIME_8,Dacoity,Dacoity,PS_165,DIST_1,2025-12-23,Pending Trial,"A group of armed persons robbed the complainant's shop at Ring Road, decamping with cash and goods worth Rs 278,000.",12.340771,76.682982
FIR_329,500050117202500002,202500002,CRIME_10,Vehicle Theft,Vehicle Theft,PS_117,DIST_1,2025-11-20,Pending Trial,The complainant reported that their car parked near Old Town was stolen overnight. The vehicle was not recovered at the time of registration.,13.094145,77.64605
FIR_330,100220169202500001,202500001,CRIME_16,Child Abuse,Child Abuse,PS_169,DIST_1,2025-05-08,Under Investigation,The complainant reported that the minor victim was subjected to abuse by a former business partner at Main Bazaar.,12.323283,76.69019
FIR_331,100050124202500002,202500002,CRIME_18,Child Labour,Child Labour,PS_124,DIST_1,2025-10-21,Pending Trial,The complainant reported an incident related to crimes against children occurring near Railway Station Road. Investigation is underway to ascertain further facts.,12.959209,77.587374
FIR_332,100050116202400008,202400008,CRIME_12,Domestic Violence,Domestic Violence,PS_116,DIST_1,2024-07-29,Under Investigation,The complainant alleged repeated physical and mental harassment by her husband over dowry-related demands at their residence in Ring Road.,13.005991,77.633001
FIR_333,100090136202600003,202600003,CRIME_34,Drug Peddling,Drug Peddling,PS_136,DIST_1,2026-01-20,Under Investigation,The accused was apprehended near Railway Station Road while allegedly peddling narcotic substances to local youth.,13.342877,75.750788
FIR_334,100020104202400001,202400001,CRIME_25,Forgery,Forgery,PS_104,DIST_1,2024-06-10,Closed (Undetected),The complainant reported that the accused forged signatures on documents related to a business partnership to gain wrongful benefit.,15.126457,76.977109
FIR_335,100290179202400001,202400001,CRIME_8,Dacoity,Dacoity,PS_179,DIST_1,2024-12-10,Convicted,"A group of armed persons robbed the complainant's shop at Temple Street, decamping with cash and goods worth Rs 291,000.",15.209139,76.415762
FIR_336,100220171202400002,202400002,CRIME_18,Child Labour,Child Labour,PS_171,DIST_1,2024-02-04,Abated,The complainant reported an incident related to crimes against children occurring near Gandhi Nagar. Investigation is underway to ascertain further facts.,12.312681,76.647292
FIR_337,300050116202500001,202500001,CRIME_1,Murder,Murder,PS_116,DIST_1,2025-11-01,Pending Trial,The victim Ramesh was fatally attacked with a knife by the accused near College Road. The motive is suspected to be a financial transaction.,12.922061,77.580205
FIR_338,100050118202500001,202500001,CRIME_24,Criminal Breach of Trust,Criminal Breach of Trust,PS_118,DIST_1,2025-07-17,Charge Sheeted,"The complainant alleged that the accused, entrusted with funds of Rs 17,000 for a family dispute, misappropriated the amount.",13.018103,77.598455
FIR_339,200200161202600001,202600001,CRIME_31,Phishing,Phishing,PS_161,DIST_1,2026-05-11,Pending Trial,"The complainant clicked a fraudulent link received via SMS and lost Rs 390,000 from their bank account.",15.379308,76.139238
FIR_340,100260176202400005,202400005,CRIME_41,Hit and Run,Hit and Run,PS_176,DIST_1,2024-02-26,Referred to Another PS,The victim was hit by an unidentified vehicle near Station Road and sustained injuries; the driver fled the scene.,13.376769,77.089863
FIR_341,300050115202500002,202500002,CRIME_7,Robbery,Robbery,PS_115,DIST_1,2025-12-01,Pending Trial,The complainant was robbed of cash and a mobile phone by unidentified persons near Bus Stand Road at knife-point.,12.955299,77.666328
FIR_342,100050116202500008,202500008,CRIME_12,Domestic Violence,Domestic Violence,PS_116,DIST_1,2025-04-27,Pending Trial,The complainant alleged repeated physical and mental harassment by a known acquaintance over dowry-related demands at their residence in Market area.,12.942446,77.670402
FIR_343,200050122202500001,202500001,CRIME_29,Cyber Stalking,Cyber Stalking,PS_122,DIST_1,2025-10-09,Pending Trial,The complainant reported repeated harassing messages and unwanted contact from an unknown social media account.,13.06053,77.640608
FIR_344,100140150202500002,202500002,CRIME_6,Theft,Theft,PS_150,DIST_1,2025-08-20,Charge Sheeted,"The complainant's mobile phone was stolen from outside their residence at Bus Stand Road, valued at approximately Rs 121,000.",15.448122,75.68109
FIR_345,100230173202500005,202500005,CRIME_55,Chain Snatching,Chain Snatching,PS_173,DIST_1,2025-03-06,Charge Sheeted,"The complainant, a woman walking near Gandhi Nagar, reported that two men on a motorcycle snatched her gold chain and sped away towards Ring Road.",16.204296,77.410046
FIR_346,100020105202600001,202600001,CRIME_28,Identity Theft,Identity Theft,PS_105,DIST_1,2026-02-18,Charge Sheeted,"The complainant discovered that a fraudulent account was created in their name and used to obtain a loan of Rs 288,000.",15.19994,76.896512
FIR_347,100100138202500001,202500001,CRIME_5,Grievous Hurt,Grievous Hurt,PS_138,DIST_1,2025-11-22,Charge Sheeted,The victim sustained grievous injuries after being attacked with a knife by her in-laws near Church Street over a property dispute.,14.187142,76.38208
FIR_348,100280178202400003,202400003,CRIME_54,Mischief,Mischief,PS_178,DIST_1,2024-01-16,Charge Sheeted,The complainant reported an incident related to other ipc crimes occurring near New Extension. Investigation is underway to ascertain further facts.,14.815668,74.735653
FIR_349,100050115202400005,202400005,CRIME_27,Online Fraud,Online Fraud,PS_115,DIST_1,2024-10-03,Convicted,"The complainant received a call from an unknown person claiming to be a bank official, who obtained OTP details and transferred Rs 219,000 from the complainant's account.",12.959887,77.610477
FIR_350,100190160202500001,202500001,CRIME_55,Chain Snatching,Chain Snatching,PS_160,DIST_1,2025-04-29,Pending Trial,"The complainant, a woman walking near Ring Road, reported that two men on a motorcycle snatched her gold chain and sped away towards College Road.",13.117105,78.181493
FIR_351,100090135202600001,202600001,CRIME_6,Theft,Theft,PS_135,DIST_1,2026-06-05,Under Investigation,"The complainant's laptop was stolen from outside their residence at Railway Station Road, valued at approximately Rs 53,000.",13.376257,75.740366
FIR_352,100270177202500003,202500003,CRIME_30,Data Theft,Data Theft,PS_177,DIST_1,2025-12-31,Charge Sheeted,The complainant's confidential business data was allegedly copied and misused by a former employee.,13.304653,74.792748
FIR_353,100020104202500002,202500002,CRIME_41,Hit and Run,Hit and Run,PS_104,DIST_1,2025-07-31,Under Investigation,The victim was hit by an unidentified vehicle near APMC Yard and sustained injuries; the driver fled the scene.,15.105454,76.930563
FIR_354,200050117202600001,202600001,CRIME_8,Dacoity,Dacoity,PS_117,DIST_1,2026-07-03,Closed (False Case),"A group of armed persons robbed the complainant's shop at Bus Stand Road, decamping with cash and goods worth Rs 430,000.",12.966591,77.639747
FIR_355,100260176202500006,202500006,CRIME_2,Attempt to Murder,Attempt to Murder,PS_176,DIST_1,2025-03-01,Acquitted,The accused attacked Ramesh with a wooden stick near Bus Stand Road following a quarrel over unpaid loan. The victim was rushed to hospital with grievous injuries.,13.2926,77.130371
FIR_356,100220167202600002,202600002,CRIME_7,Robbery,Robbery,PS_167,DIST_1,2026-03-25,Under Investigation,The complainant was robbed of cash and a mobile phone by unidentified persons near Bus Stand Road at knife-point.,12.338046,76.64213
FIR_357,100290179202600001,202600001,CRIME_2,Attempt to Murder,Attempt to Murder,PS_179,DIST_1,2026-03-07,Compromised,The accused attacked Ramesh with a knife near APMC Yard following a quarrel over a property dispute. The victim was rushed to hospital with grievous injuries.,15.241398,76.462201
FIR_358,100050114202600001,202600001,CRIME_3,Culpable Homicide,Culpable Homicide,PS_114,DIST_1,2026-06-02,Referred to Another PS,"The complainant reported that Anitha died following an altercation with a former business partner near MG Road, suspected to involve a business partnership.",12.954889,77.568284
FIR_359,100110139202400001,202400001,CRIME_29,Cyber Stalking,Cyber Stalking,PS_139,DIST_1,2024-07-02,Charge Sheeted,The complainant reported repeated harassing messages and unwanted contact from an unknown social media account.,12.873524,74.806179
FIR_360,100220172202500002,202500002,CRIME_33,NDPS Trafficking,NDPS Trafficking,PS_172,DIST_1,2025-03-13,Pending Trial,"A police patrol near Station Road intercepted a vehicle and recovered narcotic substances weighing 2.0 kg, suspected to be in transit for sale.",12.326428,76.652723
FIR_361,100050117202400006,202400006,CRIME_28,Identity Theft,Identity Theft,PS_117,DIST_1,2024-09-06,Compromised,"The complainant discovered that a fraudulent account was created in their name and used to obtain a loan of Rs 93,000.",13.077136,77.513878
FIR_362,800030111202400001,202400001,CRIME_26,Bank Fraud,Bank Fraud,PS_111,DIST_1,2024-11-20,Under Investigation,"The complainant's bank account was debited for Rs 98,000 through fraudulent means allegedly involving the accused.",15.871796,74.534208
FIR_363,200210163202400001,202400001,CRIME_9,Burglary,Burglary,PS_163,DIST_1,2024-06-24,Pending Trial,"Unknown persons broke into the complainant's premises at New Extension at night and decamped with valuables worth Rs 29,000.",12.492049,76.9164
FIR_364,100280178202600003,202600003,CRIME_7,Robbery,Robbery,PS_178,DIST_1,2026-06-26,Under Investigation,The complainant was robbed of cash and a mobile phone by unidentified persons near College Road at knife-point.,14.80473,74.650035
FIR_365,100200161202500001,202500001,CRIME_14,Stalking,Stalking,PS_161,DIST_1,2025-08-25,Abated,The complainant stated that the accused has been following and contacting her repeatedly near Ring Road despite objection.,15.325221,76.136913
FIR_366,200050115202500001,202500001,CRIME_13,Sexual Harassment,Sexual Harassment,PS_115,DIST_1,2025-02-06,Charge Sheeted,The complainant reported that a former business partner made unwelcome advances and passed lewd remarks towards her near Church Street.,12.926767,77.586363
FIR_367,300050114202400001,202400001,CRIME_7,Robbery,Robbery,PS_114,DIST_1,2024-01-22,Under Investigation,The complainant was robbed of cash and a mobile phone by unidentified persons near Temple Street at knife-point.,12.904575,77.647356
FIR_368,100190159202400001,202400001,CRIME_40,Rash Driving,Rash Driving,PS_159,DIST_1,2024-08-14,Abated,"The complainant reported that the accused was driving a vehicle rashly near Industrial Layout, endangering pedestrians.",13.1979,78.126305
FIR_369,100030106202400002,202400002,CRIME_29,Cyber Stalking,Cyber Stalking,PS_106,DIST_1,2024-01-20,Convicted,The complainant reported repeated harassing messages and unwanted contact from an unknown social media account.,15.86731,74.567289
FIR_370,100040113202600001,202600001,CRIME_38,Unlawful Assembly,Unlawful Assembly,PS_113,DIST_1,2026-04-07,Under Investigation,"A group gathered near New Extension in violation of prohibitory orders, leading to a law and order situation.",13.273321,77.585743
FIR_371,800140150202500001,202500001,CRIME_33,NDPS Trafficking,NDPS Trafficking,PS_150,DIST_1,2025-10-06,Pending Trial,"A police patrol near Railway Station Road intercepted a vehicle and recovered narcotic substances weighing 7.6 kg, suspected to be in transit for sale.",15.43174,75.613684
FIR_372,100160154202500002,202500002,CRIME_10,Vehicle Theft,Vehicle Theft,PS_154,DIST_1,2025-09-10,Pending Trial,The complainant reported that their car parked near Industrial Layout was stolen overnight. The vehicle was not recovered at the time of registration.,14.792985,75.417535
FIR_373,200220165202500002,202500002,CRIME_16,Child Abuse,Child Abuse,PS_165,DIST_1,2025-10-14,Under Investigation,The complainant reported that the minor victim was subjected to abuse by a former business partner at Old Town.,12.339386,76.676404
FIR_374,100050117202400007,202400007,CRIME_8,Dacoity,Dacoity,PS_117,DIST_1,2024-04-07,Pending Trial,"A group of armed persons robbed the complainant's shop at Industrial Layout, decamping with cash and goods worth Rs 136,000.",13.037094,77.609731
FIR_375,100200161202600001,202600001,CRIME_52,Criminal Intimidation,Criminal Intimidation,PS_161,DIST_1,2026-02-19,Charge Sheeted,The complainant alleged being threatened with dire consequences by a known acquaintance over a dispute regarding past enmity.,15.353478,76.20278
FIR_376,200050117202400001,202400001,CRIME_32,Ganja Possession,Ganja Possession,PS_117,DIST_1,2024-06-20,Closed (Undetected),Police intercepted the accused near Gandhi Nagar and recovered 6.3 kg of ganja from their possession.,13.038124,77.532086
FIR_377,300280178202400001,202400001,CRIME_36,Illegal Arms Manufacturing,Illegal Arms Manufacturing,PS_178,DIST_1,2024-09-30,Closed (Undetected),The complainant reported an incident related to arms act offences occurring near College Road. Investigation is underway to ascertain further facts.,14.834399,74.748172
FIR_378,300270177202400002,202400002,CRIME_24,Criminal Breach of Trust,Criminal Breach of Trust,PS_177,DIST_1,2024-05-04,Under Investigation,"The complainant alleged that the accused, entrusted with funds of Rs 216,000 for a business partnership, misappropriated the amount.",13.357179,74.718732
FIR_379,100110144202400001,202400001,CRIME_4,Assault,Assault,PS_144,DIST_1,2024-12-22,Charge Sheeted,"The complainant stated that her in-laws assaulted them near Temple Street following an argument over a property dispute, causing hurt.",12.894424,74.839811
FIR_380,100240174202400003,202400003,CRIME_30,Data Theft,Data Theft,PS_174,DIST_1,2024-02-22,Convicted,The complainant's confidential business data was allegedly copied and misused by a former employee.,12.758227,77.250347
FIR_381,100050115202600004,202600004,CRIME_34,Drug Peddling,Drug Peddling,PS_115,DIST_1,2026-02-11,Under Investigation,The accused was apprehended near Railway Station Road while allegedly peddling narcotic substances to local youth.,12.920053,77.671261
FIR_382,100210164202400001,202400001,CRIME_52,Criminal Intimidation,Criminal Intimidation,PS_164,DIST_1,2024-06-14,Under Investigation,The complainant alleged being threatened with dire consequences by her in-laws over a dispute regarding unpaid loan.,12.575208,76.957994
FIR_383,100050117202600002,202600002,CRIME_35,Illegal Firearm Possession,Illegal Firearm Possession,PS_117,DIST_1,2026-02-28,Under Investigation,Police recovered an unlicensed firearm from the accused during a routine check near APMC Yard.,12.921087,77.573053
FIR_384,100050115202600005,202600005,CRIME_9,Burglary,Burglary,PS_115,DIST_1,2026-03-14,Under Investigation,"Unknown persons broke into the complainant's premises at Bus Stand Road at night and decamped with valuables worth Rs 49,000.",13.045609,77.631018
FIR_385,300220165202400003,202400003,CRIME_55,Chain Snatching,Chain Snatching,PS_165,DIST_1,2024-08-06,Closed (Undetected),"The complainant, a woman walking near APMC Yard, reported that two men on a motorcycle snatched her gold chain and sped away towards Gandhi Nagar.",12.30117,76.66647
FIR_386,300220171202500001,202500001,CRIME_5,Grievous Hurt,Grievous Hurt,PS_171,DIST_1,2025-09-15,Under Investigation,The victim sustained grievous injuries after being attacked with a iron rod by a former business partner near Main Bazaar over a property dispute.,12.323904,76.691001
FIR_387,100090135202500002,202500002,CRIME_9,Burglary,Burglary,PS_135,DIST_1,2025-08-17,Closed (Undetected),"Unknown persons broke into the complainant's premises at Old Town at night and decamped with valuables worth Rs 366,000.",13.366383,75.777781
FIR_388,800290179202400001,202400001,CRIME_33,NDPS Trafficking,NDPS Trafficking,PS_179,DIST_1,2024-08-05,Charge Sheeted,"A police patrol near Railway Station Road intercepted a vehicle and recovered narcotic substances weighing 5.5 kg, suspected to be in transit for sale.",15.213907,76.419988
FIR_389,400140149202500001,202500001,CRIME_28,Identity Theft,Identity Theft,PS_149,DIST_1,2025-10-09,Under Investigation,"The complainant discovered that a fraudulent account was created in their name and used to obtain a loan of Rs 283,000.",15.427217,75.670319
FIR_390,100280178202500002,202500002,CRIME_42,Drunken Driving,Drunken Driving,PS_178,DIST_1,2025-01-27,Under Investigation,The accused was found driving under the influence of alcohol near Temple Street and was apprehended by a police patrol.,14.821159,74.663643
FIR_391,100050115202500003,202500003,CRIME_24,Criminal Breach of Trust,Criminal Breach of Trust,PS_115,DIST_1,2025-11-09,Charge Sheeted,"The complainant alleged that the accused, entrusted with funds of Rs 107,000 for a business partnership, misappropriated the amount.",12.923693,77.567111
FIR_392,100220168202600001,202600001,CRIME_52,Criminal Intimidation,Criminal Intimidation,PS_168,DIST_1,2026-02-01,Charge Sheeted,The complainant alleged being threatened with dire consequences by a former business partner over a dispute regarding a family dispute.,12.335723,76.641579
FIR_393,200220172202600001,202600001,CRIME_29,Cyber Stalking,Cyber Stalking,PS_172,DIST_1,2026-03-09,Under Investigation,The complainant reported repeated harassing messages and unwanted contact from an unknown social media account.,12.321124,76.685805
FIR_394,100230173202400003,202400003,CRIME_43,Illegal Sand Mining,Illegal Sand Mining,PS_173,DIST_1,2024-02-25,Charge Sheeted,A raid near Station Road revealed illegal sand mining activity being carried out by the accused without valid permits.,16.265785,77.4159
FIR_395,100240174202400004,202400004,CRIME_30,Data Theft,Data Theft,PS_174,DIST_1,2024-08-15,Pending Trial,The complainant's confidential business data was allegedly copied and misused by a former employee.,12.683204,77.317695
FIR_396,400040112202400001,202400001,CRIME_38,Unlawful Assembly,Unlawful Assembly,PS_112,DIST_1,2024-10-28,Charge Sheeted,"A group gathered near College Road in violation of prohibitory orders, leading to a law and order situation.",13.271246,77.571571
FIR_397,400220165202400001,202400001,CRIME_37,Rioting,Rioting,PS_165,DIST_1,2024-10-10,Under Investigation,"A group of persons allegedly assembled unlawfully near Ring Road and engaged in rioting, causing damage to property.",12.344169,76.631905
FIR_398,100040113202400001,202400001,CRIME_8,Dacoity,Dacoity,PS_113,DIST_1,2024-12-01,Pending Trial,"A group of armed persons robbed the complainant's shop at Temple Street, decamping with cash and goods worth Rs 233,000.",13.237014,77.548476
FIR_399,100190159202500001,202500001,CRIME_33,NDPS Trafficking,NDPS Trafficking,PS_159,DIST_1,2025-04-27,Charge Sheeted,"A police patrol near Gandhi Nagar intercepted a vehicle and recovered narcotic substances weighing 4.9 kg, suspected to be in transit for sale.",13.116768,78.138106
FIR_400,100110140202600001,202600001,CRIME_55,Chain Snatching,Chain Snatching,PS_140,DIST_1,2026-01-04,Acquitted,"The complainant, a woman walking near New Extension, reported that two men on a motorcycle snatched her gold chain and sped away towards Ring Road.",12.901974,74.890052
FIR_401,100170155202400003,202400003,CRIME_3,Culpable Homicide,Culpable Homicide,PS_155,DIST_1,2024-07-19,Under Investigation,"The complainant reported that Manoj died following an altercation with her husband near Main Bazaar, suspected to involve a business partnership.",17.295297,76.850201
FIR_402,100070132202500001,202500001,CRIME_12,Domestic Violence,Domestic Violence,PS_132,DIST_1,2025-07-08,Charge Sheeted,The complainant alleged repeated physical and mental harassment by a known acquaintance over dowry-related demands at their residence in Bus Stand Road.,11.9524,76.941068
FIR_403,100050115202400006,202400006,CRIME_23,Cheating,Cheating,PS_115,DIST_1,2024-09-26,Under Investigation,"The complainant paid an advance of Rs 38,000 to the accused for an extramarital affair suspicion which was never delivered as promised.",13.067971,77.639226
FIR_404,400060129202500001,202500001,CRIME_40,Rash Driving,Rash Driving,PS_129,DIST_1,2025-08-10,Charge Sheeted,"The complainant reported that the accused was driving a vehicle rashly near Railway Station Road, endangering pedestrians.",17.86532,77.513414
FIR_405,300050116202500002,202500002,CRIME_15,Acid Attack,Acid Attack,PS_116,DIST_1,2025-06-02,Charge Sheeted,"The victim was attacked with a corrosive substance by the accused near Church Street, sustaining burn injuries.",12.957927,77.542645
FIR_406,100080134202500001,202500001,CRIME_11,Dowry Death,Dowry Death,PS_134,DIST_1,2025-09-11,Charge Sheeted,The victim Lakshmi died under suspicious circumstances at her matrimonial home. The complainant alleges harassment for dowry by an unidentified assailant.,13.371246,77.718603
FIR_407,300240174202400001,202400001,CRIME_55,Chain Snatching,Chain Snatching,PS_174,DIST_1,2024-06-18,Under Investigation,"The complainant, a woman walking near Ring Road, reported that two men on a motorcycle snatched her gold chain and sped away towards Railway Station Road.",12.680064,77.231296
FIR_408,800050116202400001,202400001,CRIME_41,Hit and Run,Hit and Run,PS_116,DIST_1,2024-04-12,Under Investigation,The victim was hit by an unidentified vehicle near Industrial Layout and sustained injuries; the driver fled the scene.,12.924428,77.626231
FIR_409,100050120202500006,202500006,CRIME_23,Cheating,Cheating,PS_120,DIST_1,2025-07-12,Charge Sheeted,"The complainant paid an advance of Rs 123,000 to the accused for land boundary issues which was never delivered as promised.",13.003186,77.629483
FIR_410,100080133202400001,202400001,CRIME_36,Illegal Arms Manufacturing,Illegal Arms Manufacturing,PS_133,DIST_1,2024-06-13,Charge Sheeted,The complainant reported an incident related to arms act offences occurring near Old Town. Investigation is underway to ascertain further facts.,13.432845,77.782971
FIR_411,100250175202500001,202500001,CRIME_9,Burglary,Burglary,PS_175,DIST_1,2025-04-05,Charge Sheeted,"Unknown persons broke into the complainant's premises at Railway Station Road at night and decamped with valuables worth Rs 346,000.",13.967436,75.560197
FIR_412,100220165202500008,202500008,CRIME_33,NDPS Trafficking,NDPS Trafficking,PS_165,DIST_1,2025-12-23,Pending Trial,"A police patrol near Church Street intercepted a vehicle and recovered narcotic substances weighing 1.0 kg, suspected to be in transit for sale.",12.335378,76.645886
FIR_413,100230173202400004,202400004,CRIME_46,Forged Documents,Forged Documents,PS_173,DIST_1,2024-08-10,Charge Sheeted,The complainant reported that property documents related to land at APMC Yard were forged by the accused.,16.239062,77.35928
FIR_414,100240174202500002,202500002,CRIME_27,Online Fraud,Online Fraud,PS_174,DIST_1,2025-11-03,Under Investigation,"The complainant received a call from an unknown person claiming to be a bank official, who obtained OTP details and transferred Rs 60,000 from the complainant's account.",12.748932,77.241369
FIR_415,100120145202500002,202500002,CRIME_12,Domestic Violence,Domestic Violence,PS_145,DIST_1,2025-12-08,Pending Trial,The complainant alleged repeated physical and mental harassment by a former business partner over dowry-related demands at their residence in Gandhi Nagar.,14.425751,75.947879
FIR_416,400220165202500001,202500001,CRIME_9,Burglary,Burglary,PS_165,DIST_1,2025-01-15,Charge Sheeted,"Unknown persons broke into the complainant's premises at MG Road at night and decamped with valuables worth Rs 406,000.",12.320189,76.640032
FIR_417,100010102202500001,202500001,CRIME_13,Sexual Harassment,Sexual Harassment,PS_102,DIST_1,2025-04-29,Acquitted,The complainant reported that her husband made unwelcome advances and passed lewd remarks towards her near Market area.,16.147194,75.643253
FIR_418,100110140202500002,202500002,CRIME_4,Assault,Assault,PS_140,DIST_1,2025-07-08,Charge Sheeted,"The complainant stated that his neighbour assaulted them near Bus Stand Road following an argument over unpaid loan, causing hurt.",12.895209,74.803077
FIR_419,200200161202600002,202600002,CRIME_11,Dowry Death,Dowry Death,PS_161,DIST_1,2026-02-25,Under Investigation,The victim Manoj died under suspicious circumstances at her matrimonial home. The complainant alleges harassment for dowry by his neighbour.,15.393819,76.111478
FIR_420,100050117202600003,202600003,CRIME_7,Robbery,Robbery,PS_117,DIST_1,2026-06-27,Charge Sheeted,The complainant was robbed of cash and a mobile phone by unidentified persons near MG Road at knife-point.,13.083352,77.570341
FIR_421,300140149202400001,202400001,CRIME_38,Unlawful Assembly,Unlawful Assembly,PS_149,DIST_1,2024-07-28,Closed (Undetected),"A group gathered near Church Street in violation of prohibitory orders, leading to a law and order situation.",15.436001,75.622143
FIR_422,100070131202600002,202600002,CRIME_42,Drunken Driving,Drunken Driving,PS_131,DIST_1,2026-02-18,Under Investigation,The accused was found driving under the influence of alcohol near Industrial Layout and was apprehended by a police patrol.,11.876299,76.942512
FIR_423,100220170202400002,202400002,CRIME_26,Bank Fraud,Bank Fraud,PS_170,DIST_1,2024-10-23,Closed (False Case),"The complainant's bank account was debited for Rs 390,000 through fraudulent means allegedly involving the accused.",12.323514,76.603047
FIR_424,100050115202400007,202400007,CRIME_42,Drunken Driving,Drunken Driving,PS_115,DIST_1,2024-08-06,Under Investigation,The accused was found driving under the influence of alcohol near Main Bazaar and was apprehended by a police patrol.,12.918171,77.681068
FIR_425,100170156202400001,202400001,CRIME_9,Burglary,Burglary,PS_156,DIST_1,2024-06-24,Charge Sheeted,"Unknown persons broke into the complainant's premises at Industrial Layout at night and decamped with valuables worth Rs 290,000.",17.341174,76.803223
FIR_426,300290179202400002,202400002,CRIME_9,Burglary,Burglary,PS_179,DIST_1,2024-05-29,Charge Sheeted,"Unknown persons broke into the complainant's premises at APMC Yard at night and decamped with valuables worth Rs 426,000.",15.254535,76.514493
FIR_427,100050117202500004,202500004,CRIME_4,Assault,Assault,PS_117,DIST_1,2025-08-30,Under Investigation,"The complainant stated that her husband assaulted them near Main Bazaar following an argument over an extramarital affair suspicion, causing hurt.",13.062752,77.686397
FIR_428,100270177202400003,202400003,CRIME_18,Child Labour,Child Labour,PS_177,DIST_1,2024-12-24,Under Investigation,The complainant reported an incident related to crimes against children occurring near Main Bazaar. Investigation is underway to ascertain further facts.,13.351954,74.790691
FIR_429,300050128202500001,202500001,CRIME_55,Chain Snatching,Chain Snatching,PS_128,DIST_1,2025-03-11,Charge Sheeted,"The complainant, a woman walking near MG Road, reported that two men on a motorcycle snatched her gold chain and sped away towards Brigade Road. CCTV footage is being reviewed; the MO matches similar chain-snatching incidents reported recently in the city.",12.970332,77.546515
FIR_430,100050115202400008,202400008,CRIME_8,Dacoity,Dacoity,PS_115,DIST_1,2024-08-01,Under Investigation,"A group of armed persons robbed the complainant's shop at Church Street, decamping with cash and goods worth Rs 50,000.",12.902318,77.596256
FIR_431,200050115202500002,202500002,CRIME_55,Chain Snatching,Chain Snatching,PS_115,DIST_1,2025-03-01,Convicted,"The complainant, a woman walking near Indiranagar 100ft Road, reported that two men on a motorcycle snatched her gold chain and sped away towards CMH Road. CCTV footage is being reviewed; the MO matches similar chain-snatching incidents reported recently in the city.",12.927777,77.577502
FIR_432,100220168202500001,202500001,CRIME_13,Sexual Harassment,Sexual Harassment,PS_168,DIST_1,2025-07-30,Pending Trial,The complainant reported that her husband made unwelcome advances and passed lewd remarks towards her near Main Bazaar.,12.315935,76.608449
FIR_433,100190159202400002,202400002,CRIME_28,Identity Theft,Identity Theft,PS_159,DIST_1,2024-11-11,Under Investigation,"The complainant discovered that a fraudulent account was created in their name and used to obtain a loan of Rs 250,000.",13.114233,78.07296
FIR_434,300060130202400001,202400001,CRIME_14,Stalking,Stalking,PS_130,DIST_1,2024-04-30,Closed (Undetected),The complainant stated that the accused has been following and contacting her repeatedly near Market area despite objection.,17.916493,77.496516
FIR_435,300050118202500001,202500001,CRIME_32,Ganja Possession,Ganja Possession,PS_118,DIST_1,2025-03-29,Convicted,Police intercepted the accused near Temple Street and recovered 3.7 kg of ganja from their possession.,12.92753,77.66113
FIR_436,100130148202600001,202600001,CRIME_13,Sexual Harassment,Sexual Harassment,PS_148,DIST_1,2026-02-22,Charge Sheeted,The complainant reported that an unidentified assailant made unwelcome advances and passed lewd remarks towards her near Industrial Layout.,15.506921,74.991204
FIR_437,100140150202500003,202500003,CRIME_39,Promoting Enmity,Promoting Enmity,PS_150,DIST_1,2025-05-01,Pending Trial,The complainant reported an incident related to crimes against public order occurring near Church Street. Investigation is underway to ascertain further facts.,15.450049,75.60586
FIR_438,100230173202500006,202500006,CRIME_24,Criminal Breach of Trust,Criminal Breach of Trust,PS_173,DIST_1,2025-02-27,Pending Trial,"The complainant alleged that the accused, entrusted with funds of Rs 368,000 for land boundary issues, misappropriated the amount.",16.266362,77.419303
FIR_439,300050115202500003,202500003,CRIME_39,Promoting Enmity,Promoting Enmity,PS_115,DIST_1,2025-11-23,Acquitted,The complainant reported an incident related to crimes against public order occurring near Bus Stand Road. Investigation is underway to ascertain further facts.,12.926545,77.675578
FIR_440,100050116202400009,202400009,CRIME_27,Online Fraud,Online Fraud,PS_116,DIST_1,2024-04-09,Closed (False Case),"The complainant received a call from an unknown person claiming to be a bank official, who obtained OTP details and transferred Rs 307,000 from the complainant's account.",12.945638,77.596493
FIR_441,100050115202500004,202500004,CRIME_13,Sexual Harassment,Sexual Harassment,PS_115,DIST_1,2025-09-01,Charge Sheeted,The complainant reported that a former business partner made unwelcome advances and passed lewd remarks towards her near Church Street.,12.990454,77.655547
FIR_442,100120145202500003,202500003,CRIME_12,Domestic Violence,Domestic Violence,PS_145,DIST_1,2025-03-01,Convicted,The complainant alleged repeated physical and mental harassment by a known acquaintance over dowry-related demands at their residence in Church Street.,14.452973,75.978402
FIR_443,100180158202500001,202500001,CRIME_6,Theft,Theft,PS_158,DIST_1,2025-05-23,Pending Trial,"The complainant reported that unknown persons broke into their house at Church Street and stole gold jewellery worth Rs 142,000 and cash. The incident occurred while the family was away.",12.366341,75.72943
FIR_444,100010103202400003,202400003,CRIME_12,Domestic Violence,Domestic Violence,PS_103,DIST_1,2024-06-23,Closed (Undetected),The complainant alleged repeated physical and mental harassment by a former business partner over dowry-related demands at their residence in Railway Station Road.,16.138299,75.662643
FIR_445,100050115202500005,202500005,CRIME_25,Forgery,Forgery,PS_115,DIST_1,2025-12-17,Under Investigation,The complainant reported that the accused forged signatures on documents related to a family dispute to gain wrongful benefit.,13.021062,77.631891
FIR_446,100090135202400001,202400001,CRIME_12,Domestic Violence,Domestic Violence,PS_135,DIST_1,2024-05-12,Charge Sheeted,The complainant alleged repeated physical and mental harassment by an unidentified assailant over dowry-related demands at their residence in Industrial Layout.,13.313818,75.82125
FIR_447,300220165202400004,202400004,CRIME_33,NDPS Trafficking,NDPS Trafficking,PS_165,DIST_1,2024-08-16,Pending Trial,"A police patrol near New Extension intercepted a vehicle and recovered narcotic substances weighing 11.6 kg, suspected to be in transit for sale.",12.303942,76.666868
FIR_448,100010102202500002,202500002,CRIME_12,Domestic Violence,Domestic Violence,PS_102,DIST_1,2025-01-21,Under Investigation,The complainant alleged repeated physical and mental harassment by her in-laws over dowry-related demands at their residence in APMC Yard.,16.12104,75.704426
FIR_449,100120145202400002,202400002,CRIME_32,Ganja Possession,Ganja Possession,PS_145,DIST_1,2024-06-04,Charge Sheeted,Police intercepted the accused near Temple Street and recovered 7.8 kg of ganja from their possession.,14.446259,75.915671
FIR_450,100050126202500002,202500002,CRIME_31,Phishing,Phishing,PS_126,DIST_1,2025-06-18,Closed (False Case),"The complainant clicked a fraudulent link received via SMS and lost Rs 423,000 from their bank account.",12.901305,77.62777
FIR_451,300310181202400001,202400001,CRIME_53,Defamation,Defamation,PS_181,DIST_1,2024-05-05,Convicted,The complainant reported an incident related to other ipc crimes occurring near Industrial Layout. Investigation is underway to ascertain further facts.,16.726597,77.115175
FIR_452,100220166202400002,202400002,CRIME_25,Forgery,Forgery,PS_166,DIST_1,2024-01-22,Pending Trial,The complainant reported that the accused forged signatures on documents related to a business partnership to gain wrongful benefit.,12.343118,76.656921
FIR_453,200080133202500001,202500001,CRIME_20,Atrocity - Physical Assault,Atrocity - Physical Assault,PS_133,DIST_1,2025-09-22,Charge Sheeted,"The complainant, belonging to a Scheduled Caste, alleged physical assault and caste-based abuse by a known acquaintance near Main Bazaar.",13.471342,77.786898
FIR_454,100060129202400003,202400003,CRIME_33,NDPS Trafficking,NDPS Trafficking,PS_129,DIST_1,2024-11-30,Compromised,"A police patrol near New Extension intercepted a vehicle and recovered narcotic substances weighing 7.2 kg, suspected to be in transit for sale.",17.958932,77.469886
FIR_455,300070131202400002,202400002,CRIME_13,Sexual Harassment,Sexual Harassment,PS_131,DIST_1,2024-12-14,Convicted,The complainant reported that a known acquaintance made unwelcome advances and passed lewd remarks towards her near Market area.,11.86674,76.890323
FIR_456,800030109202500001,202500001,CRIME_24,Criminal Breach of Trust,Criminal Breach of Trust,PS_109,DIST_1,2025-10-21,Pending Trial,"The complainant alleged that the accused, entrusted with funds of Rs 96,000 for a property dispute, misappropriated the amount.",15.822675,74.58062
FIR_457,100050123202600001,202600001,CRIME_28,Identity Theft,Identity Theft,PS_123,DIST_1,2026-03-02,Under Investigation,"The complainant discovered that a fraudulent account was created in their name and used to obtain a loan of Rs 319,000.",12.985406,77.636562
FIR_458,100310181202600004,202600004,CRIME_1,Murder,Murder,PS_181,DIST_1,2026-02-04,Under Investigation,"The complainant reported that Suresh was found dead with injuries near Station Road, allegedly assaulted by a known acquaintance following a dispute over a financial transaction.",16.754067,77.187792
FIR_459,100020105202500002,202500002,CRIME_30,Data Theft,Data Theft,PS_105,DIST_1,2025-11-04,Under Investigation,The complainant's confidential business data was allegedly copied and misused by a former employee.,15.135079,76.935578
FIR_460,100050124202600002,202600002,CRIME_42,Drunken Driving,Drunken Driving,PS_124,DIST_1,2026-03-06,Closed (Undetected),The accused was found driving under the influence of alcohol near College Road and was apprehended by a police patrol.,12.929834,77.534149
FIR_461,100260176202500007,202500007,CRIME_11,Dowry Death,Dowry Death,PS_176,DIST_1,2025-04-22,Under Investigation,The victim Suresh died under suspicious circumstances at her matrimonial home. The complainant alleges harassment for dowry by her husband.,13.350786,77.055504
FIR_462,200080134202500001,202500001,CRIME_7,Robbery,Robbery,PS_134,DIST_1,2025-08-19,Pending Trial,The complainant was robbed of cash and a mobile phone by unidentified persons near Market area at knife-point.,13.452277,77.679344
FIR_463,300270177202400003,202400003,CRIME_28,Identity Theft,Identity Theft,PS_177,DIST_1,2024-02-27,Pending Trial,"The complainant discovered that a fraudulent account was created in their name and used to obtain a loan of Rs 331,000.",13.391421,74.690067
FIR_464,100050114202500002,202500002,CRIME_55,Chain Snatching,Chain Snatching,PS_114,DIST_1,2025-11-21,Closed (False Case),"The complainant, a woman walking near Railway Station Road, reported that two men on a motorcycle snatched her gold chain and sped away towards Bus Stand Road.",13.04337,77.6694
FIR_465,200110141202400001,202400001,CRIME_16,Child Abuse,Child Abuse,PS_141,DIST_1,2024-07-31,Charge Sheeted,The complainant reported that the minor victim was subjected to abuse by her in-laws at MG Road.,12.876505,74.803841
FIR_466,100050125202500003,202500003,CRIME_28,Identity Theft,Identity Theft,PS_125,DIST_1,2025-05-27,Convicted,"The complainant discovered that a fraudulent account was created in their name and used to obtain a loan of Rs 372,000.",12.948501,77.669483
FIR_467,100180158202500002,202500002,CRIME_8,Dacoity,Dacoity,PS_158,DIST_1,2025-06-05,Closed (False Case),"A group of armed persons robbed the complainant's shop at Church Street, decamping with cash and goods worth Rs 402,000.",12.417501,75.717948
FIR_468,300250175202500001,202500001,CRIME_35,Illegal Firearm Possession,Illegal Firearm Possession,PS_175,DIST_1,2025-05-24,Under Investigation,Police recovered an unlicensed firearm from the accused during a routine check near Ring Road.,13.915698,75.534086
FIR_469,400050117202400001,202400001,CRIME_8,Dacoity,Dacoity,PS_117,DIST_1,2024-03-24,Under Investigation,"A group of armed persons robbed the complainant's shop at Bus Stand Road, decamping with cash and goods worth Rs 301,000.",13.07119,77.606529
FIR_470,100140150202400001,202400001,CRIME_9,Burglary,Burglary,PS_150,DIST_1,2024-12-18,Under Investigation,"Unknown persons broke into the complainant's premises at APMC Yard at night and decamped with valuables worth Rs 380,000.",15.446902,75.573814
FIR_471,100050115202500006,202500006,CRIME_5,Grievous Hurt,Grievous Hurt,PS_115,DIST_1,2025-08-20,Closed (Undetected),The victim sustained grievous injuries after being attacked with a wooden stick by her husband near College Road over a financial transaction.,12.938343,77.572884
FIR_472,100030110202500001,202500001,CRIME_40,Rash Driving,Rash Driving,PS_110,DIST_1,2025-10-23,Pending Trial,"The complainant reported that the accused was driving a vehicle rashly near Railway Station Road, endangering pedestrians.",15.86009,74.526038
FIR_473,400050115202400001,202400001,CRIME_23,Cheating,Cheating,PS_115,DIST_1,2024-12-06,Pending Trial,"The complainant paid an advance of Rs 316,000 to the accused for land boundary issues which was never delivered as promised.",13.011579,77.612261
FIR_474,300050123202500002,202500002,CRIME_26,Bank Fraud,Bank Fraud,PS_123,DIST_1,2025-11-19,Under Investigation,"The complainant's bank account was debited for Rs 34,000 through fraudulent means allegedly involving the accused.",13.071489,77.574932
FIR_475,100140150202500004,202500004,CRIME_2,Attempt to Murder,Attempt to Murder,PS_150,DIST_1,2025-01-25,Pending Trial,The accused attacked Deepa with a wooden stick near APMC Yard following a quarrel over land boundary issues. The victim was rushed to hospital with grievous injuries.,15.453375,75.591718
FIR_476,100220167202400001,202400001,CRIME_17,Child Trafficking,Child Trafficking,PS_167,DIST_1,2024-03-08,Closed (Undetected),Information was received regarding a minor being transported from Main Bazaar allegedly for trafficking purposes; the child was rescued.,12.334972,76.639096
FIR_477,100300180202400002,202400002,CRIME_4,Assault,Assault,PS_180,DIST_1,2024-04-13,Charge Sheeted,"The complainant stated that her husband assaulted them near Ring Road following an argument over a financial transaction, causing hurt.",16.793947,75.7214
FIR_478,100050114202500003,202500003,CRIME_10,Vehicle Theft,Vehicle Theft,PS_114,DIST_1,2025-10-28,Pending Trial,The complainant reported that their motorcycle parked near New Extension was stolen overnight. The vehicle was not recovered at the time of registration.,13.073347,77.685969
FIR_479,100040112202500001,202500001,CRIME_3,Culpable Homicide,Culpable Homicide,PS_112,DIST_1,2025-04-15,Under Investigation,"The complainant reported that Anitha died following an altercation with her in-laws near Market area, suspected to involve an extramarital affair suspicion.",13.244196,77.57411
FIR_480,100140150202600001,202600001,CRIME_23,Cheating,Cheating,PS_150,DIST_1,2026-05-17,Under Investigation,"The complainant paid an advance of Rs 19,000 to the accused for a property dispute which was never delivered as promised.",15.415234,75.687708
FIR_481,300030109202500001,202500001,CRIME_12,Domestic Violence,Domestic Violence,PS_109,DIST_1,2025-09-29,Under Investigation,The complainant alleged repeated physical and mental harassment by his neighbour over dowry-related demands at their residence in Church Street.,15.88945,74.563661
FIR_482,400240174202500001,202500001,CRIME_12,Domestic Violence,Domestic Violence,PS_174,DIST_1,2025-05-12,Under Investigation,The complainant alleged repeated physical and mental harassment by an unidentified assailant over dowry-related demands at their residence in Ring Road.,12.757535,77.333624
FIR_483,300280178202500004,202500004,CRIME_27,Online Fraud,Online Fraud,PS_178,DIST_1,2025-06-19,Pending Trial,"The complainant received a call from an unknown person claiming to be a bank official, who obtained OTP details and transferred Rs 421,000 from the complainant's account.",14.802791,74.659527
FIR_484,100050117202500005,202500005,CRIME_1,Murder,Murder,PS_117,DIST_1,2025-02-18,Charge Sheeted,The victim Ramesh was fatally attacked with a iron rod by the accused near Market area. The motive is suspected to be land boundary issues.,13.090851,77.638275
FIR_485,100170155202500003,202500003,CRIME_37,Rioting,Rioting,PS_155,DIST_1,2025-12-31,Under Investigation,"A group of persons allegedly assembled unlawfully near Old Town and engaged in rioting, causing damage to property.",17.298747,76.878312
FIR_486,100220165202500009,202500009,CRIME_12,Domestic Violence,Domestic Violence,PS_165,DIST_1,2025-09-03,Pending Trial,The complainant alleged repeated physical and mental harassment by his neighbour over dowry-related demands at their residence in Main Bazaar.,12.316048,76.605372
FIR_487,100050117202500006,202500006,CRIME_34,Drug Peddling,Drug Peddling,PS_117,DIST_1,2025-08-18,Pending Trial,The accused was apprehended near New Extension while allegedly peddling narcotic substances to local youth.,12.973527,77.558171
FIR_488,100050125202500004,202500004,CRIME_10,Vehicle Theft,Vehicle Theft,PS_125,DIST_1,2025-10-14,Convicted,The complainant reported that their car parked near New Extension was stolen overnight. The vehicle was not recovered at the time of registration.,13.091526,77.547462
FIR_489,100190160202600001,202600001,CRIME_7,Robbery,Robbery,PS_160,DIST_1,2026-02-15,Pending Trial,The complainant was robbed of cash and a mobile phone by unidentified persons near Church Street at knife-point.,13.14849,78.165254
FIR_490,300240174202500001,202500001,CRIME_55,Chain Snatching,Chain Snatching,PS_174,DIST_1,2025-12-20,Acquitted,"The complainant, a woman walking near Temple Street, reported that two men on a motorcycle snatched her gold chain and sped away towards Station Road.",12.745238,77.220764
FIR_491,200050117202500002,202500002,CRIME_38,Unlawful Assembly,Unlawful Assembly,PS_117,DIST_1,2025-07-15,Under Investigation,"A group gathered near Market area in violation of prohibitory orders, leading to a law and order situation.",13.087549,77.559098
FIR_492,100290179202400002,202400002,CRIME_15,Acid Attack,Acid Attack,PS_179,DIST_1,2024-03-14,Under Investigation,"The victim was attacked with a corrosive substance by the accused near Ring Road, sustaining burn injuries.",15.250156,76.480898
FIR_493,100080133202400002,202400002,CRIME_1,Murder,Murder,PS_133,DIST_1,2024-11-29,Under Investigation,"The complainant reported that Manoj was found dead with injuries near Old Town, allegedly assaulted by his neighbour following a dispute over a family dispute.",13.426192,77.717557
FIR_494,300050116202500003,202500003,CRIME_35,Illegal Firearm Possession,Illegal Firearm Possession,PS_116,DIST_1,2025-02-03,Convicted,Police recovered an unlicensed firearm from the accused during a routine check near College Road.,12.948243,77.671835
FIR_495,200230173202500001,202500001,CRIME_30,Data Theft,Data Theft,PS_173,DIST_1,2025-03-31,Under Investigation,The complainant's confidential business data was allegedly copied and misused by a former employee.,16.235512,77.418611
FIR_496,100050118202400002,202400002,CRIME_9,Burglary,Burglary,PS_118,DIST_1,2024-03-26,Charge Sheeted,"Unknown persons broke into the complainant's premises at Old Town at night and decamped with valuables worth Rs 404,000.",12.959583,77.675087
FIR_497,100050124202500003,202500003,CRIME_7,Robbery,Robbery,PS_124,DIST_1,2025-11-01,Under Investigation,The complainant was robbed of cash and a mobile phone by unidentified persons near MG Road at knife-point.,12.921547,77.668543
FIR_498,100190160202500002,202500002,CRIME_7,Robbery,Robbery,PS_160,DIST_1,2025-06-20,Pending Trial,The complainant was robbed of cash and a mobile phone by unidentified persons near Old Town at knife-point.,13.093376,78.098896
FIR_499,200190159202400001,202400001,CRIME_55,Chain Snatching,Chain Snatching,PS_159,DIST_1,2024-12-17,Pending Trial,"The complainant, a woman walking near Market area, reported that two men on a motorcycle snatched her gold chain and sped away towards Railway Station Road.",13.164978,78.136653
FIR_500,100310181202500001,202500001,CRIME_18,Child Labour,Child Labour,PS_181,DIST_1,2025-03-11,Under Investigation,The complainant reported an incident related to crimes against children occurring near Bus Stand Road. Investigation is underway to ascertain further facts.,16.774406,77.156058
FIR_501,100050117202400008,202400008,CRIME_13,Sexual Harassment,Sexual Harassment,PS_117,DIST_1,2024-02-16,Under Investigation,The complainant reported that her husband made unwelcome advances and passed lewd remarks towards her near Gandhi Nagar.,12.925416,77.538859
FIR_502,100070131202600003,202600003,CRIME_6,Theft,Theft,PS_131,DIST_1,2026-06-23,Acquitted,"The complainant's mobile phone was stolen from outside their residence at Station Road, valued at approximately Rs 270,000.",11.974724,76.906344
FIR_503,100060130202500004,202500004,CRIME_31,Phishing,Phishing,PS_130,DIST_1,2025-01-10,Pending Trial,"The complainant clicked a fraudulent link received via SMS and lost Rs 419,000 from their bank account.",17.951695,77.48956
FIR_504,100110143202400002,202400002,CRIME_26,Bank Fraud,Bank Fraud,PS_143,DIST_1,2024-05-07,Charge Sheeted,"The complainant's bank account was debited for Rs 271,000 through fraudulent means allegedly involving the accused.",12.919988,74.809972
FIR_505,100050115202400009,202400009,CRIME_14,Stalking,Stalking,PS_115,DIST_1,2024-02-10,Referred to Another PS,The complainant stated that the accused has been following and contacting her repeatedly near Station Road despite objection.,12.941337,77.525029
FIR_506,100050128202600001,202600001,CRIME_21,Atrocity - Social Boycott,Atrocity - Social Boycott,PS_128,DIST_1,2026-06-02,Closed (Undetected),The complainant reported an incident related to crimes against scs/sts occurring near New Extension. Investigation is underway to ascertain further facts.,12.945314,77.544068
FIR_507,400100137202600001,202600001,CRIME_53,Defamation,Defamation,PS_137,DIST_1,2026-07-17,Convicted,The complainant reported an incident related to other ipc crimes occurring near Market area. Investigation is underway to ascertain further facts.,14.224818,76.442353
FIR_508,100050117202500007,202500007,CRIME_12,Domestic Violence,Domestic Violence,PS_117,DIST_1,2025-07-12,Under Investigation,The complainant alleged repeated physical and mental harassment by his neighbour over dowry-related demands at their residence in Railway Station Road.,13.008577,77.538805
FIR_509,100050127202500003,202500003,CRIME_48,Rape,Rape,PS_127,DIST_1,2025-08-17,Pending Trial,The victim reported being sexually assaulted by the accused known to her near Old Town.,13.043545,77.579372
FIR_510,100280178202500003,202500003,CRIME_13,Sexual Harassment,Sexual Harassment,PS_178,DIST_1,2025-08-18,Under Investigation,The complainant reported that his neighbour made unwelcome advances and passed lewd remarks towards her near Main Bazaar.,14.815264,74.732317
FIR_511,800050116202500001,202500001,CRIME_4,Assault,Assault,PS_116,DIST_1,2025-11-25,Pending Trial,"The complainant stated that a known acquaintance assaulted them near Temple Street following an argument over a business partnership, causing hurt.",12.985087,77.607936
FIR_512,100050115202500007,202500007,CRIME_28,Identity Theft,Identity Theft,PS_115,DIST_1,2025-12-11,Charge Sheeted,"The complainant discovered that a fraudulent account was created in their name and used to obtain a loan of Rs 236,000.",13.006706,77.507861
FIR_513,200180157202400001,202400001,CRIME_38,Unlawful Assembly,Unlawful Assembly,PS_157,DIST_1,2024-03-22,Charge Sheeted,"A group gathered near Main Bazaar in violation of prohibitory orders, leading to a law and order situation.",12.369526,75.706233
FIR_514,200270177202500001,202500001,CRIME_55,Chain Snatching,Chain Snatching,PS_177,DIST_1,2025-11-24,Charge Sheeted,"The complainant, a woman walking near MG Road, reported that two men on a motorcycle snatched her gold chain and sped away towards Station Road.",13.355973,74.807533
FIR_515,400050123202500001,202500001,CRIME_42,Drunken Driving,Drunken Driving,PS_123,DIST_1,2025-03-07,Pending Trial,The accused was found driving under the influence of alcohol near Station Road and was apprehended by a police patrol.,13.040127,77.553395
FIR_516,200140150202400001,202400001,CRIME_29,Cyber Stalking,Cyber Stalking,PS_150,DIST_1,2024-09-25,Closed (False Case),The complainant reported repeated harassing messages and unwanted contact from an unknown social media account.,15.441702,75.581101
FIR_517,100100137202500002,202500002,CRIME_10,Vehicle Theft,Vehicle Theft,PS_137,DIST_1,2025-12-16,Closed (Undetected),The complainant reported that their motorcycle parked near Industrial Layout was stolen overnight. The vehicle was not recovered at the time of registration.,14.260885,76.358481
FIR_518,300260176202500001,202500001,CRIME_13,Sexual Harassment,Sexual Harassment,PS_176,DIST_1,2025-12-28,Under Investigation,The complainant reported that a known acquaintance made unwelcome advances and passed lewd remarks towards her near Old Town.,13.333514,77.092914
FIR_519,100140150202500005,202500005,CRIME_25,Forgery,Forgery,PS_150,DIST_1,2025-04-13,Pending Trial,The complainant reported that the accused forged signatures on documents related to past enmity to gain wrongful benefit.,15.43027,75.600931
FIR_520,100050128202400004,202400004,CRIME_29,Cyber Stalking,Cyber Stalking,PS_128,DIST_1,2024-07-06,Charge Sheeted,The complainant reported repeated harassing messages and unwanted contact from an unknown social media account.,13.04697,77.571925
FIR_521,100040112202400002,202400002,CRIME_37,Rioting,Rioting,PS_112,DIST_1,2024-03-09,Under Investigation,"A group of persons allegedly assembled unlawfully near College Road and engaged in rioting, causing damage to property.",13.260202,77.621969
FIR_522,100100137202500003,202500003,CRIME_2,Attempt to Murder,Attempt to Murder,PS_137,DIST_1,2025-03-18,Under Investigation,The accused attacked Nagaraj with a sharp weapon near Station Road following a quarrel over past enmity. The victim was rushed to hospital with grievous injuries.,14.207677,76.456481
FIR_523,100050115202400010,202400010,CRIME_34,Drug Peddling,Drug Peddling,PS_115,DIST_1,2024-08-24,Charge Sheeted,The accused was apprehended near Church Street while allegedly peddling narcotic substances to local youth.,13.035159,77.502956
FIR_524,100050123202600002,202600002,CRIME_6,Theft,Theft,PS_123,DIST_1,2026-03-03,Under Investigation,"The complainant reported that unknown persons broke into their house at Industrial Layout and stole gold jewellery worth Rs 134,000 and cash. The incident occurred while the family was away.",13.002603,77.64987
FIR_525,100220172202500003,202500003,CRIME_10,Vehicle Theft,Vehicle Theft,PS_172,DIST_1,2025-12-14,Pending Trial,The complainant reported that their car parked near Main Bazaar was stolen overnight. The vehicle was not recovered at the time of registration.,12.311133,76.649987
FIR_526,100010103202500003,202500003,CRIME_34,Drug Peddling,Drug Peddling,PS_103,DIST_1,2025-09-27,Under Investigation,The accused was apprehended near Church Street while allegedly peddling narcotic substances to local youth.,16.221599,75.75962
FIR_527,100220165202500010,202500010,CRIME_8,Dacoity,Dacoity,PS_165,DIST_1,2025-05-16,Under Investigation,"A group of armed persons robbed the complainant's shop at MG Road, decamping with cash and goods worth Rs 370,000.",12.338177,76.649547
FIR_528,300050115202400001,202400001,CRIME_26,Bank Fraud,Bank Fraud,PS_115,DIST_1,2024-06-12,Under Investigation,"The complainant's bank account was debited for Rs 173,000 through fraudulent means allegedly involving the accused.",12.928833,77.647779
FIR_529,100030110202500002,202500002,CRIME_14,Stalking,Stalking,PS_110,DIST_1,2025-08-09,Under Investigation,The complainant stated that the accused has been following and contacting her repeatedly near Railway Station Road despite objection.,15.893779,74.501934
FIR_530,100050115202400011,202400011,CRIME_17,Child Trafficking,Child Trafficking,PS_115,DIST_1,2024-01-07,Charge Sheeted,Information was received regarding a minor being transported from Bus Stand Road allegedly for trafficking purposes; the child was rescued.,13.061791,77.550109
FIR_531,100240174202500003,202500003,CRIME_6,Theft,Theft,PS_174,DIST_1,2025-07-03,Charge Sheeted,"The complainant's laptop was stolen from outside their residence at Railway Station Road, valued at approximately Rs 442,000.",12.689829,77.32959
FIR_532,100140149202400002,202400002,CRIME_15,Acid Attack,Acid Attack,PS_149,DIST_1,2024-06-16,Under Investigation,"The victim was attacked with a corrosive substance by the accused near Market area, sustaining burn injuries.",15.431713,75.571873
FIR_533,100220165202400005,202400005,CRIME_38,Unlawful Assembly,Unlawful Assembly,PS_165,DIST_1,2024-08-24,Closed (Undetected),"A group gathered near Industrial Layout in violation of prohibitory orders, leading to a law and order situation.",12.323371,76.682828
FIR_534,300080133202600001,202600001,CRIME_32,Ganja Possession,Ganja Possession,PS_133,DIST_1,2026-05-22,Under Investigation,Police intercepted the accused near Bus Stand Road and recovered 2.6 kg of ganja from their possession.,13.434211,77.783216
FIR_535,100050128202500001,202500001,CRIME_55,Chain Snatching,Chain Snatching,PS_128,DIST_1,2025-03-22,Pending Trial,"The complainant, a woman walking near Temple Street, reported that two men on a motorcycle snatched her gold chain and sped away towards Church Street.",13.035309,77.580198
FIR_536,100050118202600002,202600002,CRIME_8,Dacoity,Dacoity,PS_118,DIST_1,2026-06-12,Under Investigation,"A group of armed persons robbed the complainant's shop at Old Town, decamping with cash and goods worth Rs 436,000.",12.994342,77.575363
FIR_537,200050128202600001,202600001,CRIME_41,Hit and Run,Hit and Run,PS_128,DIST_1,2026-01-05,Charge Sheeted,The victim was hit by an unidentified vehicle near New Extension and sustained injuries; the driver fled the scene.,12.972514,77.588917
FIR_538,100130148202400001,202400001,CRIME_54,Mischief,Mischief,PS_148,DIST_1,2024-01-30,Under Investigation,The complainant reported an incident related to other ipc crimes occurring near Market area. Investigation is underway to ascertain further facts.,15.422718,75.001808
FIR_539,100140149202500003,202500003,CRIME_32,Ganja Possession,Ganja Possession,PS_149,DIST_1,2025-05-07,Under Investigation,Police intercepted the accused near Old Town and recovered 10.9 kg of ganja from their possession.,15.386841,75.651379
FIR_540,300050115202400002,202400002,CRIME_4,Assault,Assault,PS_115,DIST_1,2024-03-30,Under Investigation,"The complainant stated that her in-laws assaulted them near Market area following an argument over a property dispute, causing hurt.",13.042029,77.511099
FIR_541,100060129202500001,202500001,CRIME_40,Rash Driving,Rash Driving,PS_129,DIST_1,2025-06-21,Under Investigation,"The complainant reported that the accused was driving a vehicle rashly near Market area, endangering pedestrians.",17.895615,77.467532
FIR_542,300050124202400001,202400001,CRIME_32,Ganja Possession,Ganja Possession,PS_124,DIST_1,2024-04-15,Pending Trial,Police intercepted the accused near Ring Road and recovered 0.8 kg of ganja from their possession.,13.082695,77.547965
FIR_543,100130148202400002,202400002,CRIME_31,Phishing,Phishing,PS_148,DIST_1,2024-02-01,Charge Sheeted,"The complainant clicked a fraudulent link received via SMS and lost Rs 294,000 from their bank account.",15.476516,75.003036
FIR_544,200090135202400001,202400001,CRIME_19,Missing Child,Missing Child,PS_135,DIST_1,2024-08-01,Pending Trial,The complainant reported that their minor child has been missing since leaving for Church Street and has not returned home.,13.300255,75.818694
FIR_545,100240174202400005,202400005,CRIME_13,Sexual Harassment,Sexual Harassment,PS_174,DIST_1,2024-12-08,Closed (Undetected),The complainant reported that his neighbour made unwelcome advances and passed lewd remarks towards her near Industrial Layout.,12.722955,77.267913
FIR_546,300120146202400001,202400001,CRIME_6,Theft,Theft,PS_146,DIST_1,2024-08-07,Under Investigation,"The complainant reported that unknown persons broke into their house at Industrial Layout and stole gold jewellery worth Rs 363,000 and cash. The incident occurred while the family was away.",14.480259,75.873
FIR_547,500100138202500001,202500001,CRIME_2,Attempt to Murder,Attempt to Murder,PS_138,DIST_1,2025-08-29,Charge Sheeted,The accused attacked Manoj with a sharp weapon near Main Bazaar following a quarrel over a business partnership. The victim was rushed to hospital with grievous injuries.,14.28949,76.440547
FIR_548,100050117202600004,202600004,CRIME_44,Illegal Tree Felling,Illegal Tree Felling,PS_117,DIST_1,2026-07-04,Under Investigation,The complainant reported an incident related to environmental offences occurring near MG Road. Investigation is underway to ascertain further facts.,13.003344,77.681205
FIR_549,100310181202600005,202600005,CRIME_31,Phishing,Phishing,PS_181,DIST_1,2026-04-04,Referred to Another PS,"The complainant clicked a fraudulent link received via SMS and lost Rs 100,000 from their bank account.",16.783803,77.116045
FIR_550,100050116202500009,202500009,CRIME_12,Domestic Violence,Domestic Violence,PS_116,DIST_1,2025-01-18,Under Investigation,The complainant alleged repeated physical and mental harassment by her husband over dowry-related demands at their residence in Station Road.,13.029328,77.523241
FIR_551,100220172202600001,202600001,CRIME_17,Child Trafficking,Child Trafficking,PS_172,DIST_1,2026-01-13,Pending Trial,Information was received regarding a minor being transported from Industrial Layout allegedly for trafficking purposes; the child was rescued.,12.312827,76.671728
FIR_552,100060130202400001,202400001,CRIME_32,Ganja Possession,Ganja Possession,PS_130,DIST_1,2024-01-05,Charge Sheeted,Police intercepted the accused near Bus Stand Road and recovered 7.9 kg of ganja from their possession.,17.926331,77.477509
FIR_553,500080133202500001,202500001,CRIME_16,Child Abuse,Child Abuse,PS_133,DIST_1,2025-08-15,Under Investigation,The complainant reported that the minor victim was subjected to abuse by her in-laws at Old Town.,13.376565,77.721356
FIR_554,100010103202600002,202600002,CRIME_15,Acid Attack,Acid Attack,PS_103,DIST_1,2026-01-24,Under Investigation,"The victim was attacked with a corrosive substance by the accused near Market area, sustaining burn injuries.",16.21008,75.728548
FIR_555,300050116202600001,202600001,CRIME_14,Stalking,Stalking,PS_116,DIST_1,2026-07-16,Convicted,The complainant stated that the accused has been following and contacting her repeatedly near APMC Yard despite objection.,13.079238,77.595137
FIR_556,100050117202500008,202500008,CRIME_6,Theft,Theft,PS_117,DIST_1,2025-07-15,Convicted,"The complainant reported that unknown persons broke into their house at Old Town and stole gold jewellery worth Rs 164,000 and cash. The incident occurred while the family was away.",12.906046,77.678128
FIR_557,400140149202500002,202500002,CRIME_5,Grievous Hurt,Grievous Hurt,PS_149,DIST_1,2025-04-30,Pending Trial,The victim sustained grievous injuries after being attacked with a sharp weapon by a known acquaintance near Temple Street over land boundary issues.,15.484427,75.627095
FIR_558,400120145202500001,202500001,CRIME_10,Vehicle Theft,Vehicle Theft,PS_145,DIST_1,2025-09-21,Under Investigation,The complainant reported that their scooter parked near Main Bazaar was stolen overnight. The vehicle was not recovered at the time of registration.,14.504302,75.869756
FIR_559,100110141202500001,202500001,CRIME_40,Rash Driving,Rash Driving,PS_141,DIST_1,2025-07-11,Under Investigation,"The complainant reported that the accused was driving a vehicle rashly near Railway Station Road, endangering pedestrians.",12.911838,74.876132
FIR_560,100260176202400006,202400006,CRIME_26,Bank Fraud,Bank Fraud,PS_176,DIST_1,2024-08-22,Under Investigation,"The complainant's bank account was debited for Rs 285,000 through fraudulent means allegedly involving the accused.",13.322343,77.101944
FIR_561,400050115202600003,202600003,CRIME_19,Missing Child,Missing Child,PS_115,DIST_1,2026-04-07,Under Investigation,The complainant reported that their minor child has been missing since leaving for Bus Stand Road and has not returned home.,13.01959,77.555294
FIR_562,100050116202500010,202500010,CRIME_6,Theft,Theft,PS_116,DIST_1,2025-09-06,Pending Trial,"The complainant reported that unknown persons broke into their house at Bus Stand Road and stole gold jewellery worth Rs 324,000 and cash. The incident occurred while the family was away.",13.026946,77.589084
FIR_563,100050116202400010,202400010,CRIME_10,Vehicle Theft,Vehicle Theft,PS_116,DIST_1,2024-06-03,Referred to Another PS,The complainant reported that their car parked near Industrial Layout was stolen overnight. The vehicle was not recovered at the time of registration.,13.003079,77.618072
FIR_564,300050115202600001,202600001,CRIME_48,Rape,Rape,PS_115,DIST_1,2026-06-19,Pending Trial,The victim reported being sexually assaulted by the accused known to her near New Extension.,13.049198,77.690649
FIR_565,100130147202600001,202600001,CRIME_41,Hit and Run,Hit and Run,PS_147,DIST_1,2026-03-23,Under Investigation,The victim was hit by an unidentified vehicle near Gandhi Nagar and sustained injuries; the driver fled the scene.,15.443293,74.971962
FIR_566,100270177202500004,202500004,CRIME_3,Culpable Homicide,Culpable Homicide,PS_177,DIST_1,2025-01-14,Abated,"The complainant reported that Nagaraj died following an altercation with a known acquaintance near Gandhi Nagar, suspected to involve a property dispute.",13.302708,74.809973
FIR_567,200050116202500001,202500001,CRIME_16,Child Abuse,Child Abuse,PS_116,DIST_1,2025-06-08,Under Investigation,The complainant reported that the minor victim was subjected to abuse by an unidentified assailant at Railway Station Road.,12.951997,77.6768
FIR_568,100110142202600001,202600001,CRIME_3,Culpable Homicide,Culpable Homicide,PS_142,DIST_1,2026-05-04,Charge Sheeted,"The complainant reported that Manoj died following an altercation with a former business partner near Station Road, suspected to involve a property dispute.",12.875712,74.820548
FIR_569,100050117202500009,202500009,CRIME_40,Rash Driving,Rash Driving,PS_117,DIST_1,2025-03-19,Under Investigation,"The complainant reported that the accused was driving a vehicle rashly near Ring Road, endangering pedestrians.",12.934704,77.530451
FIR_570,300100137202500001,202500001,CRIME_13,Sexual Harassment,Sexual Harassment,PS_137,DIST_1,2025-03-13,Under Investigation,The complainant reported that her husband made unwelcome advances and passed lewd remarks towards her near Market area.,14.266993,76.356774
FIR_571,100050116202500011,202500011,CRIME_55,Chain Snatching,Chain Snatching,PS_116,DIST_1,2025-02-08,Under Investigation,"The complainant, a woman walking near Railway Station Road, reported that two men on a motorcycle snatched her gold chain and sped away towards MG Road.",13.03497,77.682701
FIR_572,500220165202600001,202600001,CRIME_31,Phishing,Phishing,PS_165,DIST_1,2026-06-20,Under Investigation,"The complainant clicked a fraudulent link received via SMS and lost Rs 215,000 from their bank account.",12.347444,76.629053
FIR_573,100050115202500008,202500008,CRIME_1,Murder,Murder,PS_115,DIST_1,2025-05-11,Closed (False Case),The victim Manoj was fatally attacked with a iron rod by the accused near Industrial Layout. The motive is suspected to be land boundary issues.,12.909299,77.644135
FIR_574,100030106202600002,202600002,CRIME_42,Drunken Driving,Drunken Driving,PS_106,DIST_1,2026-07-16,Compromised,The accused was found driving under the influence of alcohol near Market area and was apprehended by a police patrol.,15.86648,74.511312
FIR_575,100270177202400004,202400004,CRIME_8,Dacoity,Dacoity,PS_177,DIST_1,2024-09-20,Pending Trial,"A group of armed persons robbed the complainant's shop at College Road, decamping with cash and goods worth Rs 182,000.",13.385309,74.695153
FIR_576,100020105202400002,202400002,CRIME_2,Attempt to Murder,Attempt to Murder,PS_105,DIST_1,2024-04-27,Charge Sheeted,The accused attacked Nagaraj with a iron rod near Church Street following a quarrel over an extramarital affair suspicion. The victim was rushed to hospital with grievous injuries.,15.146883,76.897111
FIR_577,200010102202500001,202500001,CRIME_3,Culpable Homicide,Culpable Homicide,PS_102,DIST_1,2025-07-27,Under Investigation,"The complainant reported that Manoj died following an altercation with her husband near MG Road, suspected to involve a property dispute.",16.186401,75.691513
FIR_578,800050127202500001,202500001,CRIME_5,Grievous Hurt,Grievous Hurt,PS_127,DIST_1,2025-11-09,Pending Trial,The victim sustained grievous injuries after being attacked with a wooden stick by an unidentified assailant near Temple Street over a family dispute.,12.981206,77.616253
FIR_579,400050122202500001,202500001,CRIME_11,Dowry Death,Dowry Death,PS_122,DIST_1,2025-05-13,Charge Sheeted,The victim Kavya died under suspicious circumstances at her matrimonial home. The complainant alleges harassment for dowry by an unidentified assailant.,13.033973,77.560553
FIR_580,400050116202400003,202400003,CRIME_2,Attempt to Murder,Attempt to Murder,PS_116,DIST_1,2024-09-24,Charge Sheeted,The accused attacked Nagaraj with a iron rod near Church Street following a quarrel over a financial transaction. The victim was rushed to hospital with grievous injuries.,13.042223,77.506588
FIR_581,100130147202400001,202400001,CRIME_36,Illegal Arms Manufacturing,Illegal Arms Manufacturing,PS_147,DIST_1,2024-03-04,Charge Sheeted,The complainant reported an incident related to arms act offences occurring near MG Road. Investigation is underway to ascertain further facts.,15.409726,75.04727
FIR_582,100170155202500004,202500004,CRIME_3,Culpable Homicide,Culpable Homicide,PS_155,DIST_1,2025-06-13,Under Investigation,"The complainant reported that Anitha died following an altercation with a former business partner near Temple Street, suspected to involve a property dispute.",17.371923,76.882917
FIR_583,100050115202400012,202400012,CRIME_31,Phishing,Phishing,PS_115,DIST_1,2024-05-30,Under Investigation,"The complainant clicked a fraudulent link received via SMS and lost Rs 226,000 from their bank account.",12.97848,77.614455
FIR_584,400270177202400001,202400001,CRIME_30,Data Theft,Data Theft,PS_177,DIST_1,2024-03-03,Pending Trial,The complainant's confidential business data was allegedly copied and misused by a former employee.,13.330618,74.796319
FIR_585,100130148202600002,202600002,CRIME_12,Domestic Violence,Domestic Violence,PS_148,DIST_1,2026-04-25,Acquitted,The complainant alleged repeated physical and mental harassment by her husband over dowry-related demands at their residence in Market area.,15.411979,75.01173
FIR_586,100050124202400001,202400001,CRIME_16,Child Abuse,Child Abuse,PS_124,DIST_1,2024-02-20,Under Investigation,The complainant reported that the minor victim was subjected to abuse by a known acquaintance at College Road.,12.981887,77.686883
FIR_587,100270177202500005,202500005,CRIME_25,Forgery,Forgery,PS_177,DIST_1,2025-05-22,Referred to Another PS,The complainant reported that the accused forged signatures on documents related to a business partnership to gain wrongful benefit.,13.284282,74.788199
FIR_588,500280178202500001,202500001,CRIME_9,Burglary,Burglary,PS_178,DIST_1,2025-08-17,Charge Sheeted,"Unknown persons broke into the complainant's premises at College Road at night and decamped with valuables worth Rs 249,000.",14.764023,74.687443
FIR_589,100050117202400009,202400009,CRIME_4,Assault,Assault,PS_117,DIST_1,2024-05-18,Pending Trial,"The complainant stated that his neighbour assaulted them near New Extension following an argument over unpaid loan, causing hurt.",12.916113,77.556125
FIR_590,100140150202400002,202400002,CRIME_17,Child Trafficking,Child Trafficking,PS_150,DIST_1,2024-07-18,Charge Sheeted,Information was received regarding a minor being transported from Main Bazaar allegedly for trafficking purposes; the child was rescued.,15.400054,75.667153
FIR_591,100220172202600002,202600002,CRIME_5,Grievous Hurt,Grievous Hurt,PS_172,DIST_1,2026-05-27,Closed (False Case),The victim sustained grievous injuries after being attacked with a sharp weapon by a known acquaintance near New Extension over land boundary issues.,12.334667,76.656108
FIR_592,300080133202600002,202600002,CRIME_12,Domestic Violence,Domestic Violence,PS_133,DIST_1,2026-01-05,Pending Trial,The complainant alleged repeated physical and mental harassment by his neighbour over dowry-related demands at their residence in Gandhi Nagar.,13.474329,77.734709
FIR_593,400030107202500001,202500001,CRIME_34,Drug Peddling,Drug Peddling,PS_107,DIST_1,2025-12-30,Compromised,The accused was apprehended near Railway Station Road while allegedly peddling narcotic substances to local youth.,15.810216,74.541883
FIR_594,100210163202500003,202500003,CRIME_1,Murder,Murder,PS_163,DIST_1,2025-12-05,Charge Sheeted,The victim Deepa was fatally attacked with a iron rod by the accused near Market area. The motive is suspected to be unpaid loan.,12.552176,76.850222
FIR_595,400140149202600001,202600001,CRIME_6,Theft,Theft,PS_149,DIST_1,2026-04-27,Under Investigation,"The complainant's mobile phone was stolen from outside their residence at College Road, valued at approximately Rs 179,000.",15.404895,75.68485
FIR_596,100050125202400001,202400001,CRIME_49,Gang Rape,Gang Rape,PS_125,DIST_1,2024-04-15,Charge Sheeted,The complainant reported an incident related to sexual offences occurring near Old Town. Investigation is underway to ascertain further facts.,13.059553,77.605528
FIR_597,100110142202400001,202400001,CRIME_9,Burglary,Burglary,PS_142,DIST_1,2024-11-23,Charge Sheeted,"Unknown persons broke into the complainant's premises at Railway Station Road at night and decamped with valuables worth Rs 226,000.",12.898464,74.844307
FIR_598,100260176202600002,202600002,CRIME_23,Cheating,Cheating,PS_176,DIST_1,2026-06-05,Under Investigation,"The complainant paid an advance of Rs 435,000 to the accused for land boundary issues which was never delivered as promised.",13.282085,77.073025
FIR_599,100070132202400002,202400002,CRIME_2,Attempt to Murder,Attempt to Murder,PS_132,DIST_1,2024-01-15,Acquitted,The accused attacked Anitha with a sharp weapon near Station Road following a quarrel over unpaid loan. The victim was rushed to hospital with grievous injuries.,11.889829,76.961027
FIR_600,300050122202500001,202500001,CRIME_15,Acid Attack,Acid Attack,PS_122,DIST_1,2025-06-05,Under Investigation,"The victim was attacked with a corrosive substance by the accused near College Road, sustaining burn injuries.",13.046523,77.509958
FIR_601,300060130202500001,202500001,CRIME_8,Dacoity,Dacoity,PS_130,DIST_1,2025-11-09,Pending Trial,"A group of armed persons robbed the complainant's shop at New Extension, decamping with cash and goods worth Rs 18,000.",17.896498,77.558482
FIR_602,300090135202500001,202500001,CRIME_11,Dowry Death,Dowry Death,PS_135,DIST_1,2025-08-23,Under Investigation,The victim Deepa died under suspicious circumstances at her matrimonial home. The complainant alleges harassment for dowry by a former business partner.,13.374528,75.749447
FIR_603,100050116202500012,202500012,CRIME_2,Attempt to Murder,Attempt to Murder,PS_116,DIST_1,2025-08-02,Convicted,The accused attacked Lakshmi with a sharp weapon near Temple Street following a quarrel over a property dispute. The victim was rushed to hospital with grievous injuries.,13.022746,77.594138
FIR_604,100220170202400003,202400003,CRIME_3,Culpable Homicide,Culpable Homicide,PS_170,DIST_1,2024-08-27,Pending Trial,"The complainant reported that Kavya died following an altercation with a known acquaintance near Church Street, suspected to involve a property dispute.",12.320693,76.646933
FIR_605,100220166202400003,202400003,CRIME_9,Burglary,Burglary,PS_166,DIST_1,2024-01-07,Under Investigation,"Unknown persons broke into the complainant's premises at Church Street at night and decamped with valuables worth Rs 406,000.",12.314996,76.688385
FIR_606,100280178202500004,202500004,CRIME_5,Grievous Hurt,Grievous Hurt,PS_178,DIST_1,2025-03-19,Closed (False Case),The victim sustained grievous injuries after being attacked with a knife by her in-laws near Ring Road over a business partnership.,14.832828,74.717977
FIR_607,100180158202600001,202600001,CRIME_14,Stalking,Stalking,PS_158,DIST_1,2026-05-16,Closed (Undetected),The complainant stated that the accused has been following and contacting her repeatedly near Temple Street despite objection.,12.477939,75.750218
FIR_608,100040112202600002,202600002,CRIME_42,Drunken Driving,Drunken Driving,PS_112,DIST_1,2026-02-14,Charge Sheeted,The accused was found driving under the influence of alcohol near Gandhi Nagar and was apprehended by a police patrol.,13.27073,77.622085
FIR_609,300050116202600002,202600002,CRIME_3,Culpable Homicide,Culpable Homicide,PS_116,DIST_1,2026-01-06,Convicted,"The complainant reported that Deepa died following an altercation with her in-laws near New Extension, suspected to involve unpaid loan.",12.961494,77.603756
FIR_610,100060130202500005,202500005,CRIME_14,Stalking,Stalking,PS_130,DIST_1,2025-07-14,Under Investigation,The complainant stated that the accused has been following and contacting her repeatedly near Main Bazaar despite objection.,17.95372,77.554276
FIR_611,100260176202400007,202400007,CRIME_8,Dacoity,Dacoity,PS_176,DIST_1,2024-04-11,Charge Sheeted,"A group of armed persons robbed the complainant's shop at Old Town, decamping with cash and goods worth Rs 188,000.",13.322249,77.133453
FIR_612,100050124202500004,202500004,CRIME_32,Ganja Possession,Ganja Possession,PS_124,DIST_1,2025-07-20,Pending Trial,Police intercepted the accused near Market area and recovered 2.9 kg of ganja from their possession.,13.081489,77.682368
FIR_613,100050115202400013,202400013,CRIME_23,Cheating,Cheating,PS_115,DIST_1,2024-03-07,Pending Trial,"The complainant paid an advance of Rs 64,000 to the accused for an extramarital affair suspicion which was never delivered as promised.",13.049311,77.507175
FIR_614,100050116202400011,202400011,CRIME_53,Defamation,Defamation,PS_116,DIST_1,2024-11-27,Under Investigation,The complainant reported an incident related to other ipc crimes occurring near MG Road. Investigation is underway to ascertain further facts.,12.994432,77.659134
FIR_615,200280178202400001,202400001,CRIME_23,Cheating,Cheating,PS_178,DIST_1,2024-06-13,Under Investigation,"The complainant paid an advance of Rs 187,000 to the accused for a family dispute which was never delivered as promised.",14.759695,74.748113
FIR_616,400170156202400001,202400001,CRIME_28,Identity Theft,Identity Theft,PS_156,DIST_1,2024-07-06,Under Investigation,"The complainant discovered that a fraudulent account was created in their name and used to obtain a loan of Rs 298,000.",17.343144,76.885431
FIR_617,100050115202500009,202500009,CRIME_10,Vehicle Theft,Vehicle Theft,PS_115,DIST_1,2025-10-08,Convicted,The complainant reported that their scooter parked near MG Road was stolen overnight. The vehicle was not recovered at the time of registration.,12.988579,77.699343
FIR_618,100140149202600001,202600001,CRIME_29,Cyber Stalking,Cyber Stalking,PS_149,DIST_1,2026-01-13,Closed (Undetected),The complainant reported repeated harassing messages and unwanted contact from an unknown social media account.,15.426512,75.681419
FIR_619,100100138202400002,202400002,CRIME_13,Sexual Harassment,Sexual Harassment,PS_138,DIST_1,2024-05-30,Under Investigation,The complainant reported that her in-laws made unwelcome advances and passed lewd remarks towards her near APMC Yard.,14.246344,76.438269
FIR_620,100080133202400003,202400003,CRIME_2,Attempt to Murder,Attempt to Murder,PS_133,DIST_1,2024-09-13,Charge Sheeted,The accused attacked Nagaraj with a iron rod near Temple Street following a quarrel over a family dispute. The victim was rushed to hospital with grievous injuries.,13.387398,77.735286
FIR_621,100160153202600002,202600002,CRIME_40,Rash Driving,Rash Driving,PS_153,DIST_1,2026-02-27,Abated,"The complainant reported that the accused was driving a vehicle rashly near Temple Street, endangering pedestrians.",14.78694,75.402023
FIR_622,100050126202500003,202500003,CRIME_42,Drunken Driving,Drunken Driving,PS_126,DIST_1,2025-08-18,Under Investigation,The accused was found driving under the influence of alcohol near Temple Street and was apprehended by a police patrol.,12.982379,77.539942
FIR_623,100080133202400004,202400004,CRIME_8,Dacoity,Dacoity,PS_133,DIST_1,2024-03-03,Charge Sheeted,"A group of armed persons robbed the complainant's shop at Old Town, decamping with cash and goods worth Rs 346,000.",13.417545,77.764998
FIR_624,200050114202600001,202600001,CRIME_33,NDPS Trafficking,NDPS Trafficking,PS_114,DIST_1,2026-07-17,Pending Trial,"A police patrol near College Road intercepted a vehicle and recovered narcotic substances weighing 7.1 kg, suspected to be in transit for sale.",13.05703,77.536431
FIR_625,100050127202400002,202400002,CRIME_1,Murder,Murder,PS_127,DIST_1,2024-11-03,Charge Sheeted,The victim Kavya was fatally attacked with a knife by the accused near Railway Station Road. The motive is suspected to be a financial transaction.,13.077586,77.565831
FIR_626,300050125202600001,202600001,CRIME_1,Murder,Murder,PS_125,DIST_1,2026-02-15,Charge Sheeted,"The complainant reported that Deepa was found dead with injuries near Railway Station Road, allegedly assaulted by his neighbour following a dispute over past enmity.",12.998195,77.625285
FIR_627,100030109202500002,202500002,CRIME_7,Robbery,Robbery,PS_109,DIST_1,2025-07-09,Under Investigation,The complainant was robbed of cash and a mobile phone by unidentified persons near Temple Street at knife-point.,15.877029,74.585187
FIR_628,300300180202400001,202400001,CRIME_23,Cheating,Cheating,PS_180,DIST_1,2024-04-26,Charge Sheeted,"The complainant paid an advance of Rs 392,000 to the accused for an extramarital affair suspicion which was never delivered as promised.",16.793388,75.675803
FIR_629,100300180202500001,202500001,CRIME_13,Sexual Harassment,Sexual Harassment,PS_180,DIST_1,2025-06-09,Charge Sheeted,The complainant reported that her in-laws made unwelcome advances and passed lewd remarks towards her near Old Town.,16.837056,75.674645
FIR_630,100250175202400003,202400003,CRIME_11,Dowry Death,Dowry Death,PS_175,DIST_1,2024-01-29,Pending Trial,The victim Lakshmi died under suspicious circumstances at her matrimonial home. The complainant alleges harassment for dowry by a former business partner.,13.901364,75.57586
FIR_631,800050118202600001,202600001,CRIME_24,Criminal Breach of Trust,Criminal Breach of Trust,PS_118,DIST_1,2026-05-02,Under Investigation,"The complainant alleged that the accused, entrusted with funds of Rs 191,000 for past enmity, misappropriated the amount.",13.049914,77.692246
FIR_632,100050124202400002,202400002,CRIME_26,Bank Fraud,Bank Fraud,PS_124,DIST_1,2024-06-30,Charge Sheeted,"The complainant's bank account was debited for Rs 141,000 through fraudulent means allegedly involving the accused.",12.96409,77.663004
FIR_633,100130148202600003,202600003,CRIME_14,Stalking,Stalking,PS_148,DIST_1,2026-07-14,Charge Sheeted,The complainant stated that the accused has been following and contacting her repeatedly near College Road despite objection.,15.401892,75.002161
FIR_634,100220165202600004,202600004,CRIME_8,Dacoity,Dacoity,PS_165,DIST_1,2026-05-12,Referred to Another PS,"A group of armed persons robbed the complainant's shop at Railway Station Road, decamping with cash and goods worth Rs 28,000.",12.340979,76.643699
FIR_635,100140150202500006,202500006,CRIME_30,Data Theft,Data Theft,PS_150,DIST_1,2025-09-29,Charge Sheeted,The complainant's confidential business data was allegedly copied and misused by a former employee.,15.48999,75.582664
FIR_636,100030110202400002,202400002,CRIME_41,Hit and Run,Hit and Run,PS_110,DIST_1,2024-05-27,Charge Sheeted,The victim was hit by an unidentified vehicle near MG Road and sustained injuries; the driver fled the scene.,15.886234,74.589444
FIR_637,100220165202500011,202500011,CRIME_23,Cheating,Cheating,PS_165,DIST_1,2025-08-20,Charge Sheeted,"The complainant paid an advance of Rs 330,000 to the accused for a business partnership which was never delivered as promised.",12.346245,76.685695
FIR_638,300230173202600001,202600001,CRIME_42,Drunken Driving,Drunken Driving,PS_173,DIST_1,2026-05-11,Pending Trial,The accused was found driving under the influence of alcohol near Station Road and was apprehended by a police patrol.,16.189734,77.30794
FIR_639,100030110202500003,202500003,CRIME_29,Cyber Stalking,Cyber Stalking,PS_110,DIST_1,2025-06-16,Under Investigation,The complainant reported repeated harassing messages and unwanted contact from an unknown social media account.,15.87392,74.57283
FIR_640,100310181202500002,202500002,CRIME_33,NDPS Trafficking,NDPS Trafficking,PS_181,DIST_1,2025-04-20,Under Investigation,"A police patrol near Old Town intercepted a vehicle and recovered narcotic substances weighing 1.3 kg, suspected to be in transit for sale.",16.826427,77.143315
FIR_641,100210164202400002,202400002,CRIME_31,Phishing,Phishing,PS_164,DIST_1,2024-09-02,Under Investigation,"The complainant clicked a fraudulent link received via SMS and lost Rs 415,000 from their bank account.",12.465483,76.904338
FIR_642,400050117202400002,202400002,CRIME_6,Theft,Theft,PS_117,DIST_1,2024-03-22,Under Investigation,"The complainant reported that unknown persons broke into their house at Church Street and stole gold jewellery worth Rs 325,000 and cash. The incident occurred while the family was away.",13.040974,77.666431
FIR_643,100050119202400002,202400002,CRIME_44,Illegal Tree Felling,Illegal Tree Felling,PS_119,DIST_1,2024-11-22,Under Investigation,The complainant reported an incident related to environmental offences occurring near Gandhi Nagar. Investigation is underway to ascertain further facts.,13.055044,77.630885
FIR_644,100050128202500002,202500002,CRIME_55,Chain Snatching,Chain Snatching,PS_128,DIST_1,2025-02-09,Under Investigation,"The complainant, a woman walking near Whitefield Main Road, reported that two men on a motorcycle snatched her gold chain and sped away towards ITPL Road. CCTV footage is being reviewed; the MO matches similar chain-snatching incidents reported recently in the city.",12.94717,77.655918
FIR_645,100050115202400014,202400014,CRIME_40,Rash Driving,Rash Driving,PS_115,DIST_1,2024-10-22,Acquitted,"The complainant reported that the accused was driving a vehicle rashly near New Extension, endangering pedestrians.",13.052852,77.606314
FIR_646,100060129202500002,202500002,CRIME_44,Illegal Tree Felling,Illegal Tree Felling,PS_129,DIST_1,2025-12-20,Under Investigation,The complainant reported an incident related to environmental offences occurring near Ring Road. Investigation is underway to ascertain further facts.,17.922841,77.491811
FIR_647,100200161202500002,202500002,CRIME_38,Unlawful Assembly,Unlawful Assembly,PS_161,DIST_1,2025-08-15,Charge Sheeted,"A group gathered near College Road in violation of prohibitory orders, leading to a law and order situation.",15.374186,76.203456
FIR_648,100180157202400001,202400001,CRIME_31,Phishing,Phishing,PS_157,DIST_1,2024-02-18,Pending Trial,"The complainant clicked a fraudulent link received via SMS and lost Rs 215,000 from their bank account.",12.389896,75.781574
FIR_649,200050117202400002,202400002,CRIME_11,Dowry Death,Dowry Death,PS_117,DIST_1,2024-09-22,Under Investigation,The victim Suresh died under suspicious circumstances at her matrimonial home. The complainant alleges harassment for dowry by a former business partner.,12.989195,77.661973
FIR_650,300180157202500001,202500001,CRIME_5,Grievous Hurt,Grievous Hurt,PS_157,DIST_1,2025-01-01,Closed (False Case),The victim sustained grievous injuries after being attacked with a wooden stick by her husband near Temple Street over a business partnership.,12.451624,75.751835
FIR_651,100170155202400004,202400004,CRIME_33,NDPS Trafficking,NDPS Trafficking,PS_155,DIST_1,2024-11-15,Under Investigation,"A police patrol near Old Town intercepted a vehicle and recovered narcotic substances weighing 1.7 kg, suspected to be in transit for sale.",17.278243,76.792552
FIR_652,100050126202500004,202500004,CRIME_6,Theft,Theft,PS_126,DIST_1,2025-01-16,Under Investigation,"The complainant reported that unknown persons broke into their house at Railway Station Road and stole gold jewellery worth Rs 201,000 and cash. The incident occurred while the family was away.",12.969036,77.568196
FIR_653,300050116202600003,202600003,CRIME_18,Child Labour,Child Labour,PS_116,DIST_1,2026-04-12,Compromised,The complainant reported an incident related to crimes against children occurring near Main Bazaar. Investigation is underway to ascertain further facts.,13.022701,77.62044
FIR_654,400050119202500001,202500001,CRIME_7,Robbery,Robbery,PS_119,DIST_1,2025-11-18,Convicted,The complainant was robbed of cash and a mobile phone by unidentified persons near Church Street at knife-point.,13.058454,77.576729
FIR_655,100030107202600002,202600002,CRIME_15,Acid Attack,Acid Attack,PS_107,DIST_1,2026-02-02,Pending Trial,"The victim was attacked with a corrosive substance by the accused near Gandhi Nagar, sustaining burn injuries.",15.818123,74.518283
FIR_656,300020104202500002,202500002,CRIME_51,Unnatural Offence,Unnatural Offence,PS_104,DIST_1,2025-03-24,Closed (False Case),The complainant reported an incident related to sexual offences occurring near Temple Street. Investigation is underway to ascertain further facts.,15.133351,76.896993
FIR_657,200270177202400001,202400001,CRIME_14,Stalking,Stalking,PS_177,DIST_1,2024-02-21,Charge Sheeted,The complainant stated that the accused has been following and contacting her repeatedly near College Road despite objection.,13.330331,74.703802
FIR_658,100110142202600002,202600002,CRIME_9,Burglary,Burglary,PS_142,DIST_1,2026-06-24,Charge Sheeted,"Unknown persons broke into the complainant's premises at Old Town at night and decamped with valuables worth Rs 44,000.",12.871858,74.817742
FIR_659,100220168202400002,202400002,CRIME_2,Attempt to Murder,Attempt to Murder,PS_168,DIST_1,2024-09-13,Closed (Undetected),The accused attacked Nagaraj with a wooden stick near Church Street following a quarrel over a family dispute. The victim was rushed to hospital with grievous injuries.,12.302336,76.628795
FIR_660,100010103202500004,202500004,CRIME_25,Forgery,Forgery,PS_103,DIST_1,2025-11-20,Charge Sheeted,The complainant reported that the accused forged signatures on documents related to a family dispute to gain wrongful benefit.,16.127521,75.644441
FIR_661,100270177202500006,202500006,CRIME_13,Sexual Harassment,Sexual Harassment,PS_177,DIST_1,2025-09-16,Under Investigation,The complainant reported that a former business partner made unwelcome advances and passed lewd remarks towards her near Gandhi Nagar.,13.335473,74.800181
FIR_662,200050117202600002,202600002,CRIME_9,Burglary,Burglary,PS_117,DIST_1,2026-07-09,Charge Sheeted,"Unknown persons broke into the complainant's premises at Gandhi Nagar at night and decamped with valuables worth Rs 39,000.",13.049443,77.658301
FIR_663,100050116202600005,202600005,CRIME_37,Rioting,Rioting,PS_116,DIST_1,2026-02-07,Charge Sheeted,"A group of persons allegedly assembled unlawfully near Gandhi Nagar and engaged in rioting, causing damage to property.",12.904203,77.512654
FIR_664,100180158202500003,202500003,CRIME_46,Forged Documents,Forged Documents,PS_158,DIST_1,2025-08-10,Pending Trial,The complainant reported that property documents related to land at College Road were forged by the accused.,12.461464,75.699277
FIR_665,500260176202400001,202400001,CRIME_30,Data Theft,Data Theft,PS_176,DIST_1,2024-04-07,Charge Sheeted,The complainant's confidential business data was allegedly copied and misused by a former employee.,13.344135,77.149056
FIR_666,100280178202600004,202600004,CRIME_8,Dacoity,Dacoity,PS_178,DIST_1,2026-07-16,Charge Sheeted,"A group of armed persons robbed the complainant's shop at Industrial Layout, decamping with cash and goods worth Rs 385,000.",14.73236,74.722444
FIR_667,200220165202400003,202400003,CRIME_12,Domestic Violence,Domestic Violence,PS_165,DIST_1,2024-06-14,Under Investigation,The complainant alleged repeated physical and mental harassment by his neighbour over dowry-related demands at their residence in Bus Stand Road.,12.325001,76.650249
FIR_668,500050116202400001,202400001,CRIME_4,Assault,Assault,PS_116,DIST_1,2024-09-11,Pending Trial,"The complainant stated that his neighbour assaulted them near MG Road following an argument over a financial transaction, causing hurt.",12.92631,77.58561
FIR_669,100290179202500002,202500002,CRIME_8,Dacoity,Dacoity,PS_179,DIST_1,2025-09-23,Charge Sheeted,"A group of armed persons robbed the complainant's shop at Ring Road, decamping with cash and goods worth Rs 434,000.",15.280758,76.433835
FIR_670,100050117202400010,202400010,CRIME_36,Illegal Arms Manufacturing,Illegal Arms Manufacturing,PS_117,DIST_1,2024-09-04,Charge Sheeted,The complainant reported an incident related to arms act offences occurring near Industrial Layout. Investigation is underway to ascertain further facts.,12.920857,77.567557
FIR_671,300210163202500001,202500001,CRIME_27,Online Fraud,Online Fraud,PS_163,DIST_1,2025-07-30,Charge Sheeted,"The complainant received a call from an unknown person claiming to be a bank official, who obtained OTP details and transferred Rs 83,000 from the complainant's account.",12.57896,76.870131
FIR_672,100050117202400011,202400011,CRIME_9,Burglary,Burglary,PS_117,DIST_1,2024-10-12,Under Investigation,"Unknown persons broke into the complainant's premises at Station Road at night and decamped with valuables worth Rs 234,000.",12.914028,77.652504
FIR_673,100210163202600001,202600001,CRIME_30,Data Theft,Data Theft,PS_163,DIST_1,2026-02-18,Pending Trial,The complainant's confidential business data was allegedly copied and misused by a former employee.,12.541522,76.914442
FIR_674,100050127202400003,202400003,CRIME_17,Child Trafficking,Child Trafficking,PS_127,DIST_1,2024-07-22,Pending Trial,Information was received regarding a minor being transported from Railway Station Road allegedly for trafficking purposes; the child was rescued.,13.083519,77.685386
FIR_675,300060130202500002,202500002,CRIME_34,Drug Peddling,Drug Peddling,PS_130,DIST_1,2025-08-03,Under Investigation,The accused was apprehended near Station Road while allegedly peddling narcotic substances to local youth.,17.92964,77.537809
FIR_676,100160154202500003,202500003,CRIME_55,Chain Snatching,Chain Snatching,PS_154,DIST_1,2025-10-07,Charge Sheeted,"The complainant, a woman walking near Ring Road, reported that two men on a motorcycle snatched her gold chain and sped away towards New Extension.",14.830483,75.399493
FIR_677,100060129202400004,202400004,CRIME_6,Theft,Theft,PS_129,DIST_1,2024-09-04,Under Investigation,"The complainant reported that unknown persons broke into their house at Gandhi Nagar and stole gold jewellery worth Rs 411,000 and cash. The incident occurred while the family was away.",17.948054,77.480054
FIR_678,300220166202500001,202500001,CRIME_14,Stalking,Stalking,PS_166,DIST_1,2025-05-30,Charge Sheeted,The complainant stated that the accused has been following and contacting her repeatedly near Church Street despite objection.,12.333268,76.653731
FIR_679,100050128202500003,202500003,CRIME_28,Identity Theft,Identity Theft,PS_128,DIST_1,2025-04-04,Under Investigation,"The complainant discovered that a fraudulent account was created in their name and used to obtain a loan of Rs 288,000.",13.027249,77.669714
FIR_680,300250175202400001,202400001,CRIME_27,Online Fraud,Online Fraud,PS_175,DIST_1,2024-04-08,Charge Sheeted,"The complainant received a call from an unknown person claiming to be a bank official, who obtained OTP details and transferred Rs 100,000 from the complainant's account.",13.876323,75.601051
FIR_681,100110140202600002,202600002,CRIME_23,Cheating,Cheating,PS_140,DIST_1,2026-05-30,Closed (Undetected),"The complainant paid an advance of Rs 20,000 to the accused for past enmity which was never delivered as promised.",12.887784,74.881702
FIR_682,100030111202600001,202600001,CRIME_23,Cheating,Cheating,PS_111,DIST_1,2026-04-22,Under Investigation,"The complainant paid an advance of Rs 172,000 to the accused for a financial transaction which was never delivered as promised.",15.81561,74.501428
FIR_683,100140149202500004,202500004,CRIME_24,Criminal Breach of Trust,Criminal Breach of Trust,PS_149,DIST_1,2025-08-24,Abated,"The complainant alleged that the accused, entrusted with funds of Rs 257,000 for an extramarital affair suspicion, misappropriated the amount.",15.465066,75.578878
FIR_684,100220171202500002,202500002,CRIME_9,Burglary,Burglary,PS_171,DIST_1,2025-08-20,Pending Trial,"Unknown persons broke into the complainant's premises at Gandhi Nagar at night and decamped with valuables worth Rs 108,000.",12.332777,76.681305
FIR_685,100030107202600003,202600003,CRIME_27,Online Fraud,Online Fraud,PS_107,DIST_1,2026-06-04,Pending Trial,"The complainant received a call from an unknown person claiming to be a bank official, who obtained OTP details and transferred Rs 96,000 from the complainant's account.",15.866595,74.579254
FIR_686,100250175202600001,202600001,CRIME_10,Vehicle Theft,Vehicle Theft,PS_175,DIST_1,2026-03-23,Under Investigation,The complainant reported that their motorcycle parked near Gandhi Nagar was stolen overnight. The vehicle was not recovered at the time of registration.,13.893427,75.554459
FIR_687,300220172202500001,202500001,CRIME_6,Theft,Theft,PS_172,DIST_1,2025-02-05,Pending Trial,"The complainant reported that unknown persons broke into their house at College Road and stole gold jewellery worth Rs 51,000 and cash. The incident occurred while the family was away.",12.329044,76.67583
FIR_688,300050115202400003,202400003,CRIME_11,Dowry Death,Dowry Death,PS_115,DIST_1,2024-07-15,Convicted,The victim Suresh died under suspicious circumstances at her matrimonial home. The complainant alleges harassment for dowry by a former business partner.,13.01354,77.511371
FIR_689,100030108202600001,202600001,CRIME_9,Burglary,Burglary,PS_108,DIST_1,2026-03-02,Charge Sheeted,"Unknown persons broke into the complainant's premises at Ring Road at night and decamped with valuables worth Rs 101,000.",15.83548,74.559257
FIR_690,200220165202500003,202500003,CRIME_7,Robbery,Robbery,PS_165,DIST_1,2025-07-10,Under Investigation,The complainant was robbed of cash and a mobile phone by unidentified persons near College Road at knife-point.,12.318647,76.686647
FIR_691,100050116202600006,202600006,CRIME_7,Robbery,Robbery,PS_116,DIST_1,2026-06-14,Under Investigation,The complainant was robbed of cash and a mobile phone by unidentified persons near Old Town at knife-point.,13.088826,77.530141
FIR_692,100050118202400003,202400003,CRIME_4,Assault,Assault,PS_118,DIST_1,2024-06-26,Under Investigation,"The complainant stated that a known acquaintance assaulted them near APMC Yard following an argument over past enmity, causing hurt.",12.933092,77.534637
FIR_693,100060130202500006,202500006,CRIME_31,Phishing,Phishing,PS_130,DIST_1,2025-03-28,Convicted,"The complainant clicked a fraudulent link received via SMS and lost Rs 160,000 from their bank account.",17.906214,77.542638
FIR_694,100010103202600003,202600003,CRIME_7,Robbery,Robbery,PS_103,DIST_1,2026-01-17,Under Investigation,The complainant was robbed of cash and a mobile phone by unidentified persons near Main Bazaar at knife-point.,16.176586,75.674389
FIR_695,100300180202400003,202400003,CRIME_7,Robbery,Robbery,PS_180,DIST_1,2024-10-21,Convicted,The complainant was robbed of cash and a mobile phone by unidentified persons near Main Bazaar at knife-point.,16.846146,75.651164
FIR_696,100280178202500005,202500005,CRIME_1,Murder,Murder,PS_178,DIST_1,2025-08-15,Under Investigation,"The complainant reported that Kavya was found dead with injuries near Station Road, allegedly assaulted by her in-laws following a dispute over a financial transaction.",14.788569,74.662365
FIR_697,100220171202500003,202500003,CRIME_4,Assault,Assault,PS_171,DIST_1,2025-05-29,Charge Sheeted,"The complainant stated that a former business partner assaulted them near Station Road following an argument over past enmity, causing hurt.",12.329194,76.658053
FIR_698,100140150202500007,202500007,CRIME_6,Theft,Theft,PS_150,DIST_1,2025-03-30,Closed (False Case),"The complainant reported that unknown persons broke into their house at Market area and stole gold jewellery worth Rs 171,000 and cash. The incident occurred while the family was away.",15.464557,75.632452
FIR_699,100120146202400002,202400002,CRIME_55,Chain Snatching,Chain Snatching,PS_146,DIST_1,2024-05-16,Closed (False Case),"The complainant, a woman walking near Railway Station Road, reported that two men on a motorcycle snatched her gold chain and sped away towards APMC Yard.",14.413637,75.920725
FIR_700,100180157202400002,202400002,CRIME_18,Child Labour,Child Labour,PS_157,DIST_1,2024-02-05,Under Investigation,The complainant reported an incident related to crimes against children occurring near College Road. Investigation is underway to ascertain further facts.,12.410192,75.761366
FIR_701,100220165202400006,202400006,CRIME_42,Drunken Driving,Drunken Driving,PS_165,DIST_1,2024-04-09,Under Investigation,The accused was found driving under the influence of alcohol near APMC Yard and was apprehended by a police patrol.,12.317458,76.641521
FIR_702,300050118202400001,202400001,CRIME_47,Land Fraud,Land Fraud,PS_118,DIST_1,2024-12-16,Compromised,The complainant reported an incident related to crimes related to documents/property occurring near Gandhi Nagar. Investigation is underway to ascertain further facts.,13.071099,77.673942
FIR_703,100050116202400012,202400012,CRIME_24,Criminal Breach of Trust,Criminal Breach of Trust,PS_116,DIST_1,2024-11-07,Pending Trial,"The complainant alleged that the accused, entrusted with funds of Rs 288,000 for land boundary issues, misappropriated the amount.",12.960131,77.524216
FIR_704,300050115202400004,202400004,CRIME_34,Drug Peddling,Drug Peddling,PS_115,DIST_1,2024-03-18,Charge Sheeted,The accused was apprehended near Ring Road while allegedly peddling narcotic substances to local youth.,13.066558,77.598473
FIR_705,100050116202400013,202400013,CRIME_12,Domestic Violence,Domestic Violence,PS_116,DIST_1,2024-09-26,Under Investigation,The complainant alleged repeated physical and mental harassment by a former business partner over dowry-related demands at their residence in Bus Stand Road.,12.908989,77.67695
FIR_706,100010103202400004,202400004,CRIME_3,Culpable Homicide,Culpable Homicide,PS_103,DIST_1,2024-06-06,Under Investigation,"The complainant reported that Deepa died following an altercation with an unidentified assailant near Market area, suspected to involve a family dispute.",16.229738,75.681737
FIR_707,300170156202400001,202400001,CRIME_7,Robbery,Robbery,PS_156,DIST_1,2024-04-20,Closed (Undetected),The complainant was robbed of cash and a mobile phone by unidentified persons near APMC Yard at knife-point.,17.376223,76.880314
FIR_708,100060130202400002,202400002,CRIME_12,Domestic Violence,Domestic Violence,PS_130,DIST_1,2024-07-22,Under Investigation,The complainant alleged repeated physical and mental harassment by an unidentified assailant over dowry-related demands at their residence in Station Road.,17.927838,77.538044
FIR_709,100300180202500002,202500002,CRIME_18,Child Labour,Child Labour,PS_180,DIST_1,2025-07-02,Charge Sheeted,The complainant reported an incident related to crimes against children occurring near Ring Road. Investigation is underway to ascertain further facts.,16.876779,75.738453
FIR_710,100050121202600002,202600002,CRIME_2,Attempt to Murder,Attempt to Murder,PS_121,DIST_1,2026-03-08,Acquitted,The accused attacked Manoj with a wooden stick near Old Town following a quarrel over past enmity. The victim was rushed to hospital with grievous injuries.,13.092887,77.577208
FIR_711,300050115202500004,202500004,CRIME_6,Theft,Theft,PS_115,DIST_1,2025-04-07,Charge Sheeted,"The complainant reported that unknown persons broke into their house at Main Bazaar and stole gold jewellery worth Rs 135,000 and cash. The incident occurred while the family was away.",12.919402,77.636273
FIR_712,100150152202400001,202400001,CRIME_3,Culpable Homicide,Culpable Homicide,PS_152,DIST_1,2024-08-07,Charge Sheeted,"The complainant reported that Lakshmi died following an altercation with an unidentified assailant near Ring Road, suspected to involve past enmity.",12.957802,76.095112
FIR_713,100270177202600001,202600001,CRIME_35,Illegal Firearm Possession,Illegal Firearm Possession,PS_177,DIST_1,2026-01-06,Pending Trial,Police recovered an unlicensed firearm from the accused during a routine check near Market area.,13.324235,74.708998
FIR_714,100050116202500013,202500013,CRIME_55,Chain Snatching,Chain Snatching,PS_116,DIST_1,2025-03-02,Charge Sheeted,"The complainant, a woman walking near Railway Station Road, reported that two men on a motorcycle snatched her gold chain and sped away towards Temple Street.",12.933247,77.612573
FIR_715,100260176202500008,202500008,CRIME_4,Assault,Assault,PS_176,DIST_1,2025-06-09,Charge Sheeted,"The complainant stated that her in-laws assaulted them near Main Bazaar following an argument over a property dispute, causing hurt.",13.281136,77.085214
FIR_716,100050117202500010,202500010,CRIME_55,Chain Snatching,Chain Snatching,PS_117,DIST_1,2025-01-21,Charge Sheeted,"The complainant, a woman walking near Whitefield Main Road, reported that two men on a motorcycle snatched her gold chain and sped away towards ITPL Road. CCTV footage is being reviewed; the MO matches similar chain-snatching incidents reported recently in the city.",13.07757,77.63704
FIR_717,800020104202500001,202500001,CRIME_41,Hit and Run,Hit and Run,PS_104,DIST_1,2025-01-06,Under Investigation,The victim was hit by an unidentified vehicle near APMC Yard and sustained injuries; the driver fled the scene.,15.088187,76.892344
FIR_718,100290179202400003,202400003,CRIME_12,Domestic Violence,Domestic Violence,PS_179,DIST_1,2024-02-10,Under Investigation,The complainant alleged repeated physical and mental harassment by a known acquaintance over dowry-related demands at their residence in New Extension.,15.180658,76.401446
FIR_719,100090136202600004,202600004,CRIME_55,Chain Snatching,Chain Snatching,PS_136,DIST_1,2026-04-18,Charge Sheeted,"The complainant, a woman walking near Temple Street, reported that two men on a motorcycle snatched her gold chain and sped away towards New Extension.",13.266476,75.740938
FIR_720,100230173202500007,202500007,CRIME_9,Burglary,Burglary,PS_173,DIST_1,2025-08-29,Under Investigation,"Unknown persons broke into the complainant's premises at Station Road at night and decamped with valuables worth Rs 222,000.",16.153653,77.313664
FIR_721,100160154202400002,202400002,CRIME_15,Acid Attack,Acid Attack,PS_154,DIST_1,2024-08-21,Under Investigation,"The victim was attacked with a corrosive substance by the accused near New Extension, sustaining burn injuries.",14.830309,75.44569
FIR_722,100080134202600002,202600002,CRIME_1,Murder,Murder,PS_134,DIST_1,2026-02-13,Under Investigation,The victim Anitha was fatally attacked with a iron rod by the accused near Industrial Layout. The motive is suspected to be a financial transaction.,13.39916,77.758513
FIR_723,300020104202500003,202500003,CRIME_3,Culpable Homicide,Culpable Homicide,PS_104,DIST_1,2025-11-23,Under Investigation,"The complainant reported that Anitha died following an altercation with a former business partner near APMC Yard, suspected to involve a family dispute.",15.126465,76.948024
FIR_724,100050117202500011,202500011,CRIME_10,Vehicle Theft,Vehicle Theft,PS_117,DIST_1,2025-12-06,Charge Sheeted,The complainant reported that their motorcycle parked near APMC Yard was stolen overnight. The vehicle was not recovered at the time of registration.,12.989689,77.617414
FIR_725,100050125202400002,202400002,CRIME_39,Promoting Enmity,Promoting Enmity,PS_125,DIST_1,2024-04-21,Under Investigation,The complainant reported an incident related to crimes against public order occurring near Industrial Layout. Investigation is underway to ascertain further facts.,12.948052,77.63006
FIR_726,100280178202400004,202400004,CRIME_11,Dowry Death,Dowry Death,PS_178,DIST_1,2024-09-24,Pending Trial,The victim Nagaraj died under suspicious circumstances at her matrimonial home. The complainant alleges harassment for dowry by a former business partner.,14.750317,74.737511
FIR_727,300050117202400002,202400002,CRIME_44,Illegal Tree Felling,Illegal Tree Felling,PS_117,DIST_1,2024-08-23,Pending Trial,The complainant reported an incident related to environmental offences occurring near Industrial Layout. Investigation is underway to ascertain further facts.,12.943724,77.622033
FIR_728,100110139202400002,202400002,CRIME_4,Assault,Assault,PS_139,DIST_1,2024-01-14,Under Investigation,"The complainant stated that his neighbour assaulted them near Bus Stand Road following an argument over a business partnership, causing hurt.",12.897425,74.874292
FIR_729,100270177202500007,202500007,CRIME_51,Unnatural Offence,Unnatural Offence,PS_177,DIST_1,2025-10-06,Under Investigation,The complainant reported an incident related to sexual offences occurring near Ring Road. Investigation is underway to ascertain further facts.,13.30789,74.731723
FIR_730,300090136202600001,202600001,CRIME_4,Assault,Assault,PS_136,DIST_1,2026-02-18,Pending Trial,"The complainant stated that an unidentified assailant assaulted them near College Road following an argument over a business partnership, causing hurt.",13.272853,75.761097
FIR_731,100260176202600003,202600003,CRIME_4,Assault,Assault,PS_176,DIST_1,2026-06-15,Under Investigation,"The complainant stated that his neighbour assaulted them near Bus Stand Road following an argument over an extramarital affair suspicion, causing hurt.",13.299471,77.159089
FIR_732,400030106202500001,202500001,CRIME_32,Ganja Possession,Ganja Possession,PS_106,DIST_1,2025-05-17,Under Investigation,Police intercepted the accused near Railway Station Road and recovered 7.9 kg of ganja from their possession.,15.873382,74.583321
FIR_733,100110139202500002,202500002,CRIME_55,Chain Snatching,Chain Snatching,PS_139,DIST_1,2025-08-09,Closed (Undetected),"The complainant, a woman walking near Station Road, reported that two men on a motorcycle snatched her gold chain and sped away towards Old Town.",12.895949,74.846565
FIR_734,500260176202600001,202600001,CRIME_41,Hit and Run,Hit and Run,PS_176,DIST_1,2026-03-10,Under Investigation,The victim was hit by an unidentified vehicle near Railway Station Road and sustained injuries; the driver fled the scene.,13.361309,77.158835
FIR_735,200280178202400002,202400002,CRIME_13,Sexual Harassment,Sexual Harassment,PS_178,DIST_1,2024-10-21,Charge Sheeted,The complainant reported that her in-laws made unwelcome advances and passed lewd remarks towards her near Church Street.,14.839743,74.687882
FIR_736,100050117202400012,202400012,CRIME_35,Illegal Firearm Possession,Illegal Firearm Possession,PS_117,DIST_1,2024-11-23,Under Investigation,Police recovered an unlicensed firearm from the accused during a routine check near Railway Station Road.,12.920014,77.645812
FIR_737,100050117202400013,202400013,CRIME_28,Identity Theft,Identity Theft,PS_117,DIST_1,2024-01-21,Charge Sheeted,"The complainant discovered that a fraudulent account was created in their name and used to obtain a loan of Rs 178,000.",12.943137,77.538835
FIR_738,300220165202600001,202600001,CRIME_33,NDPS Trafficking,NDPS Trafficking,PS_165,DIST_1,2026-02-28,Convicted,"A police patrol near College Road intercepted a vehicle and recovered narcotic substances weighing 3.4 kg, suspected to be in transit for sale.",12.34603,76.676675
FIR_739,100050117202500012,202500012,CRIME_2,Attempt to Murder,Attempt to Murder,PS_117,DIST_1,2025-10-12,Under Investigation,The accused attacked Anitha with a wooden stick near New Extension following a quarrel over a business partnership. The victim was rushed to hospital with grievous injuries.,13.071364,77.604291
FIR_740,100130147202400002,202400002,CRIME_35,Illegal Firearm Possession,Illegal Firearm Possession,PS_147,DIST_1,2024-05-24,Convicted,Police recovered an unlicensed firearm from the accused during a routine check near MG Road.,15.474458,75.05773
FIR_741,400020105202500001,202500001,CRIME_18,Child Labour,Child Labour,PS_105,DIST_1,2025-09-25,Under Investigation,The complainant reported an incident related to crimes against children occurring near Bus Stand Road. Investigation is underway to ascertain further facts.,15.188012,76.878719
FIR_742,300050124202600001,202600001,CRIME_55,Chain Snatching,Chain Snatching,PS_124,DIST_1,2026-03-15,Closed (False Case),"The complainant, a woman walking near Gandhi Nagar, reported that two men on a motorcycle snatched her gold chain and sped away towards Industrial Layout.",12.962767,77.673554
FIR_743,800070132202500001,202500001,CRIME_51,Unnatural Offence,Unnatural Offence,PS_132,DIST_1,2025-06-02,Under Investigation,The complainant reported an incident related to sexual offences occurring near New Extension. Investigation is underway to ascertain further facts.,11.896638,76.972878
FIR_744,100030109202500003,202500003,CRIME_6,Theft,Theft,PS_109,DIST_1,2025-07-19,Under Investigation,"The complainant's laptop was stolen from outside their residence at Railway Station Road, valued at approximately Rs 365,000.",15.891186,74.51877
FIR_745,100050121202500001,202500001,CRIME_28,Identity Theft,Identity Theft,PS_121,DIST_1,2025-05-09,Closed (False Case),"The complainant discovered that a fraudulent account was created in their name and used to obtain a loan of Rs 20,000.",12.956969,77.51118
FIR_746,100130147202600002,202600002,CRIME_1,Murder,Murder,PS_147,DIST_1,2026-01-22,Under Investigation,The victim Manoj was fatally attacked with a sharp weapon by the accused near Gandhi Nagar. The motive is suspected to be unpaid loan.,15.408952,75.034123
FIR_747,100180157202600001,202600001,CRIME_6,Theft,Theft,PS_157,DIST_1,2026-07-20,Under Investigation,"The complainant's two-wheeler was stolen from outside their residence at Market area, valued at approximately Rs 407,000.",12.464374,75.717939
FIR_748,100050116202500014,202500014,CRIME_28,Identity Theft,Identity Theft,PS_116,DIST_1,2025-08-12,Under Investigation,"The complainant discovered that a fraudulent account was created in their name and used to obtain a loan of Rs 380,000.",13.077617,77.527274
FIR_749,100050119202400003,202400003,CRIME_33,NDPS Trafficking,NDPS Trafficking,PS_119,DIST_1,2024-12-17,Under Investigation,"A police patrol near New Extension intercepted a vehicle and recovered narcotic substances weighing 1.3 kg, suspected to be in transit for sale.",12.908517,77.651782
FIR_750,100120146202400003,202400003,CRIME_3,Culpable Homicide,Culpable Homicide,PS_146,DIST_1,2024-05-25,Under Investigation,"The complainant reported that Manoj died following an altercation with her husband near Main Bazaar, suspected to involve unpaid loan.",14.488121,75.95751
FIR_751,100280178202500006,202500006,CRIME_22,Caste Abuse,Caste Abuse,PS_178,DIST_1,2025-07-11,Closed (False Case),The complainant reported an incident related to crimes against scs/sts occurring near Market area. Investigation is underway to ascertain further facts.,14.821891,74.699029
FIR_752,200260176202400001,202400001,CRIME_19,Missing Child,Missing Child,PS_176,DIST_1,2024-11-10,Closed (False Case),The complainant reported that their minor child has been missing since leaving for MG Road and has not returned home.,13.322769,77.057998
FIR_753,300110141202400001,202400001,CRIME_28,Identity Theft,Identity Theft,PS_141,DIST_1,2024-06-11,Under Investigation,"The complainant discovered that a fraudulent account was created in their name and used to obtain a loan of Rs 330,000.",12.861889,74.86973
FIR_754,100050115202600006,202600006,CRIME_11,Dowry Death,Dowry Death,PS_115,DIST_1,2026-06-12,Closed (Undetected),The victim Nagaraj died under suspicious circumstances at her matrimonial home. The complainant alleges harassment for dowry by her in-laws.,13.07986,77.691107
FIR_755,200050122202400002,202400002,CRIME_13,Sexual Harassment,Sexual Harassment,PS_122,DIST_1,2024-01-10,Abated,The complainant reported that a former business partner made unwelcome advances and passed lewd remarks towards her near Railway Station Road.,13.099589,77.641096
FIR_756,100050114202400001,202400001,CRIME_32,Ganja Possession,Ganja Possession,PS_114,DIST_1,2024-03-12,Closed (False Case),Police intercepted the accused near Industrial Layout and recovered 3.1 kg of ganja from their possession.,12.960264,77.534364
FIR_757,200260176202600001,202600001,CRIME_42,Drunken Driving,Drunken Driving,PS_176,DIST_1,2026-05-05,Charge Sheeted,The accused was found driving under the influence of alcohol near APMC Yard and was apprehended by a police patrol.,13.399554,77.056824
FIR_758,100270177202500008,202500008,CRIME_34,Drug Peddling,Drug Peddling,PS_177,DIST_1,2025-03-31,Closed (False Case),The accused was apprehended near Ring Road while allegedly peddling narcotic substances to local youth.,13.388559,74.741528
FIR_759,100050125202400003,202400003,CRIME_29,Cyber Stalking,Cyber Stalking,PS_125,DIST_1,2024-01-03,Under Investigation,The complainant reported repeated harassing messages and unwanted contact from an unknown social media account.,13.071449,77.617169
FIR_760,300050116202400001,202400001,CRIME_26,Bank Fraud,Bank Fraud,PS_116,DIST_1,2024-10-13,Closed (Undetected),"The complainant's bank account was debited for Rs 313,000 through fraudulent means allegedly involving the accused.",13.029541,77.631485
FIR_761,100040113202600002,202600002,CRIME_13,Sexual Harassment,Sexual Harassment,PS_113,DIST_1,2026-04-10,Under Investigation,The complainant reported that a former business partner made unwelcome advances and passed lewd remarks towards her near APMC Yard.,13.294025,77.646768
FIR_762,100220171202400003,202400003,CRIME_23,Cheating,Cheating,PS_171,DIST_1,2024-03-01,Compromised,"The complainant paid an advance of Rs 214,000 to the accused for a property dispute which was never delivered as promised.",12.314052,76.693611
FIR_763,100050124202600003,202600003,CRIME_32,Ganja Possession,Ganja Possession,PS_124,DIST_1,2026-07-07,Under Investigation,Police intercepted the accused near Railway Station Road and recovered 7.9 kg of ganja from their possession.,13.090979,77.680664
FIR_764,100050116202400014,202400014,CRIME_33,NDPS Trafficking,NDPS Trafficking,PS_116,DIST_1,2024-01-17,Compromised,"A police patrol near Bus Stand Road intercepted a vehicle and recovered narcotic substances weighing 5.3 kg, suspected to be in transit for sale.",13.031544,77.67359
FIR_765,100260176202500009,202500009,CRIME_1,Murder,Murder,PS_176,DIST_1,2025-12-22,Charge Sheeted,"The complainant reported that Manoj was found dead with injuries near Main Bazaar, allegedly assaulted by her in-laws following a dispute over a family dispute.",13.325243,77.062471
FIR_766,100310181202600006,202600006,CRIME_8,Dacoity,Dacoity,PS_181,DIST_1,2026-02-04,Closed (Undetected),"A group of armed persons robbed the complainant's shop at Market area, decamping with cash and goods worth Rs 154,000.",16.731427,77.15404
FIR_767,100100138202500002,202500002,CRIME_9,Burglary,Burglary,PS_138,DIST_1,2025-07-29,Charge Sheeted,"Unknown persons broke into the complainant's premises at Church Street at night and decamped with valuables worth Rs 179,000.",14.218089,76.422061
FIR_768,300260176202400003,202400003,CRIME_5,Grievous Hurt,Grievous Hurt,PS_176,DIST_1,2024-10-04,Under Investigation,The victim sustained grievous injuries after being attacked with a iron rod by her in-laws near Gandhi Nagar over a financial transaction.,13.363664,77.092997
FIR_769,100060129202400005,202400005,CRIME_8,Dacoity,Dacoity,PS_129,DIST_1,2024-11-17,Charge Sheeted,"A group of armed persons robbed the complainant's shop at Station Road, decamping with cash and goods worth Rs 351,000.",17.918315,77.544195
FIR_770,100210164202600002,202600002,CRIME_55,Chain Snatching,Chain Snatching,PS_164,DIST_1,2026-02-04,Charge Sheeted,"The complainant, a woman walking near Market area, reported that two men on a motorcycle snatched her gold chain and sped away towards Old Town.",12.509014,76.865006
FIR_771,100220165202500012,202500012,CRIME_36,Illegal Arms Manufacturing,Illegal Arms Manufacturing,PS_165,DIST_1,2025-07-27,Under Investigation,The complainant reported an incident related to arms act offences occurring near College Road. Investigation is underway to ascertain further facts.,12.349481,76.668109
FIR_772,100130148202600004,202600004,CRIME_24,Criminal Breach of Trust,Criminal Breach of Trust,PS_148,DIST_1,2026-07-15,Under Investigation,"The complainant alleged that the accused, entrusted with funds of Rs 154,000 for an extramarital affair suspicion, misappropriated the amount.",15.4855,74.970063
FIR_773,100060129202400006,202400006,CRIME_22,Caste Abuse,Caste Abuse,PS_129,DIST_1,2024-06-26,Pending Trial,The complainant reported an incident related to crimes against scs/sts occurring near Main Bazaar. Investigation is underway to ascertain further facts.,17.938698,77.551928
FIR_774,200050116202500002,202500002,CRIME_23,Cheating,Cheating,PS_116,DIST_1,2025-12-01,Pending Trial,"The complainant paid an advance of Rs 393,000 to the accused for an extramarital affair suspicion which was never delivered as promised.",12.922711,77.630404
FIR_775,100190160202500003,202500003,CRIME_31,Phishing,Phishing,PS_160,DIST_1,2025-08-04,Under Investigation,"The complainant clicked a fraudulent link received via SMS and lost Rs 26,000 from their bank account.",13.110764,78.170155
FIR_776,100100138202600001,202600001,CRIME_44,Illegal Tree Felling,Illegal Tree Felling,PS_138,DIST_1,2026-04-03,Closed (False Case),The complainant reported an incident related to environmental offences occurring near Station Road. Investigation is underway to ascertain further facts.,14.240882,76.400967
FIR_777,100070131202500001,202500001,CRIME_4,Assault,Assault,PS_131,DIST_1,2025-10-13,Charge Sheeted,"The complainant stated that her in-laws assaulted them near Temple Street following an argument over an extramarital affair suspicion, causing hurt.",11.908025,76.997126
FIR_778,100030110202400003,202400003,CRIME_4,Assault,Assault,PS_110,DIST_1,2024-04-29,Closed (Undetected),"The complainant stated that his neighbour assaulted them near Market area following an argument over a family dispute, causing hurt.",15.83318,74.517714
FIR_779,100220172202600003,202600003,CRIME_38,Unlawful Assembly,Unlawful Assembly,PS_172,DIST_1,2026-03-06,Charge Sheeted,"A group gathered near Gandhi Nagar in violation of prohibitory orders, leading to a law and order situation.",12.326995,76.665602
FIR_780,100050116202400015,202400015,CRIME_32,Ganja Possession,Ganja Possession,PS_116,DIST_1,2024-12-30,Charge Sheeted,Police intercepted the accused near MG Road and recovered 10.6 kg of ganja from their possession.,13.09929,77.679393
FIR_781,800100137202600001,202600001,CRIME_41,Hit and Run,Hit and Run,PS_137,DIST_1,2026-04-12,Charge Sheeted,The victim was hit by an unidentified vehicle near Station Road and sustained injuries; the driver fled the scene.,14.183593,76.434599
FIR_782,100250175202600002,202600002,CRIME_49,Gang Rape,Gang Rape,PS_175,DIST_1,2026-02-21,Under Investigation,The complainant reported an incident related to sexual offences occurring near Industrial Layout. Investigation is underway to ascertain further facts.,13.891702,75.546941
FIR_783,100260176202500010,202500010,CRIME_12,Domestic Violence,Domestic Violence,PS_176,DIST_1,2025-09-05,Under Investigation,The complainant alleged repeated physical and mental harassment by his neighbour over dowry-related demands at their residence in Market area.,13.335848,77.061819
FIR_784,100050121202500002,202500002,CRIME_46,Forged Documents,Forged Documents,PS_121,DIST_1,2025-08-17,Pending Trial,The complainant reported that property documents related to land at Bus Stand Road were forged by the accused.,12.99532,77.581917
FIR_785,100050128202400005,202400005,CRIME_3,Culpable Homicide,Culpable Homicide,PS_128,DIST_1,2024-11-01,Under Investigation,"The complainant reported that Lakshmi died following an altercation with her husband near New Extension, suspected to involve a business partnership.",13.029675,77.526504
FIR_786,100110142202400002,202400002,CRIME_13,Sexual Harassment,Sexual Harassment,PS_142,DIST_1,2024-08-20,Pending Trial,The complainant reported that her husband made unwelcome advances and passed lewd remarks towards her near Ring Road.,12.86672,74.848377
FIR_787,100230173202400005,202400005,CRIME_33,NDPS Trafficking,NDPS Trafficking,PS_173,DIST_1,2024-05-01,Charge Sheeted,"A police patrol near Temple Street intercepted a vehicle and recovered narcotic substances weighing 1.5 kg, suspected to be in transit for sale.",16.244617,77.353846
FIR_788,200170155202500001,202500001,CRIME_10,Vehicle Theft,Vehicle Theft,PS_155,DIST_1,2025-11-02,Under Investigation,The complainant reported that their motorcycle parked near Industrial Layout was stolen overnight. The vehicle was not recovered at the time of registration.,17.292432,76.877727
FIR_789,100030107202600004,202600004,CRIME_46,Forged Documents,Forged Documents,PS_107,DIST_1,2026-03-17,Compromised,The complainant reported that property documents related to land at Ring Road were forged by the accused.,15.878197,74.56807
FIR_790,100050115202400015,202400015,CRIME_7,Robbery,Robbery,PS_115,DIST_1,2024-07-07,Under Investigation,The complainant was robbed of cash and a mobile phone by unidentified persons near College Road at knife-point.,12.958148,77.529501
FIR_791,400030111202400001,202400001,CRIME_34,Drug Peddling,Drug Peddling,PS_111,DIST_1,2024-02-13,Convicted,The accused was apprehended near Gandhi Nagar while allegedly peddling narcotic substances to local youth.,15.890491,74.583702
FIR_792,200030107202500001,202500001,CRIME_42,Drunken Driving,Drunken Driving,PS_107,DIST_1,2025-03-17,Acquitted,The accused was found driving under the influence of alcohol near Main Bazaar and was apprehended by a police patrol.,15.878409,74.529058
FIR_793,100070131202400001,202400001,CRIME_30,Data Theft,Data Theft,PS_131,DIST_1,2024-06-28,Charge Sheeted,The complainant's confidential business data was allegedly copied and misused by a former employee.,11.897353,76.907193
FIR_794,300260176202400004,202400004,CRIME_55,Chain Snatching,Chain Snatching,PS_176,DIST_1,2024-04-02,Convicted,"The complainant, a woman walking near Ring Road, reported that two men on a motorcycle snatched her gold chain and sped away towards Railway Station Road.",13.359927,77.135575
FIR_795,100250175202500002,202500002,CRIME_32,Ganja Possession,Ganja Possession,PS_175,DIST_1,2025-11-20,Under Investigation,Police intercepted the accused near Ring Road and recovered 6.9 kg of ganja from their possession.,13.961213,75.553359
FIR_796,100130147202500002,202500002,CRIME_6,Theft,Theft,PS_147,DIST_1,2025-10-30,Charge Sheeted,"The complainant's laptop was stolen from outside their residence at Temple Street, valued at approximately Rs 414,000.",15.458797,75.012446
FIR_797,100030106202500002,202500002,CRIME_9,Burglary,Burglary,PS_106,DIST_1,2025-10-07,Closed (False Case),"Unknown persons broke into the complainant's premises at Old Town at night and decamped with valuables worth Rs 385,000.",15.810926,74.576227
FIR_798,100050117202600005,202600005,CRIME_24,Criminal Breach of Trust,Criminal Breach of Trust,PS_117,DIST_1,2026-07-16,Closed (Undetected),"The complainant alleged that the accused, entrusted with funds of Rs 380,000 for land boundary issues, misappropriated the amount.",13.0056,77.562151
FIR_799,300280178202500005,202500005,CRIME_10,Vehicle Theft,Vehicle Theft,PS_178,DIST_1,2025-04-25,Under Investigation,The complainant reported that their scooter parked near Old Town was stolen overnight. The vehicle was not recovered at the time of registration.,14.847975,74.732949
FIR_800,100050125202600002,202600002,CRIME_1,Murder,Murder,PS_125,DIST_1,2026-02-26,Under Investigation,The victim Ramesh was fatally attacked with a iron rod by the accused near Industrial Layout. The motive is suspected to be unpaid loan.,12.914021,77.507543
FIR_801,100160154202500004,202500004,CRIME_28,Identity Theft,Identity Theft,PS_154,DIST_1,2025-11-22,Charge Sheeted,"The complainant discovered that a fraudulent account was created in their name and used to obtain a loan of Rs 381,000.",14.772277,75.3587
FIR_802,800050117202600001,202600001,CRIME_9,Burglary,Burglary,PS_117,DIST_1,2026-07-15,Pending Trial,"Unknown persons broke into the complainant's premises at Ring Road at night and decamped with valuables worth Rs 379,000.",13.078606,77.57983
FIR_803,100220171202400004,202400004,CRIME_8,Dacoity,Dacoity,PS_171,DIST_1,2024-11-09,Pending Trial,"A group of armed persons robbed the complainant's shop at Temple Street, decamping with cash and goods worth Rs 66,000.",12.327375,76.669166
FIR_804,100260176202500011,202500011,CRIME_30,Data Theft,Data Theft,PS_176,DIST_1,2025-01-17,Charge Sheeted,The complainant's confidential business data was allegedly copied and misused by a former employee.,13.324584,77.146694
FIR_805,100030111202500001,202500001,CRIME_4,Assault,Assault,PS_111,DIST_1,2025-12-12,Pending Trial,"The complainant stated that her in-laws assaulted them near MG Road following an argument over a property dispute, causing hurt.",15.889407,74.568421
FIR_806,800310181202600001,202600001,CRIME_30,Data Theft,Data Theft,PS_181,DIST_1,2026-03-29,Under Investigation,The complainant's confidential business data was allegedly copied and misused by a former employee.,16.793033,77.151066
FIR_807,100050117202500013,202500013,CRIME_3,Culpable Homicide,Culpable Homicide,PS_117,DIST_1,2025-01-08,Under Investigation,"The complainant reported that Kavya died following an altercation with his neighbour near Ring Road, suspected to involve a financial transaction.",13.056341,77.628042
FIR_808,100190160202600002,202600002,CRIME_55,Chain Snatching,Chain Snatching,PS_160,DIST_1,2026-04-10,Pending Trial,"The complainant, a woman walking near Bus Stand Road, reported that two men on a motorcycle snatched her gold chain and sped away towards Station Road.",13.11972,78.171652
FIR_809,100030109202600001,202600001,CRIME_31,Phishing,Phishing,PS_109,DIST_1,2026-01-15,Abated,"The complainant clicked a fraudulent link received via SMS and lost Rs 87,000 from their bank account.",15.865264,74.529541
FIR_810,100110144202600001,202600001,CRIME_22,Caste Abuse,Caste Abuse,PS_144,DIST_1,2026-07-05,Pending Trial,The complainant reported an incident related to crimes against scs/sts occurring near MG Road. Investigation is underway to ascertain further facts.,12.868244,74.865868
FIR_811,100310181202600007,202600007,CRIME_16,Child Abuse,Child Abuse,PS_181,DIST_1,2026-01-22,Pending Trial,The complainant reported that the minor victim was subjected to abuse by her husband at New Extension.,16.823437,77.184925
FIR_812,100010102202400002,202400002,CRIME_40,Rash Driving,Rash Driving,PS_102,DIST_1,2024-05-13,Under Investigation,"The complainant reported that the accused was driving a vehicle rashly near College Road, endangering pedestrians.",16.230431,75.699629
FIR_813,100090135202500003,202500003,CRIME_14,Stalking,Stalking,PS_135,DIST_1,2025-11-13,Under Investigation,The complainant stated that the accused has been following and contacting her repeatedly near MG Road despite objection.,13.314207,75.744429
FIR_814,100220172202400002,202400002,CRIME_2,Attempt to Murder,Attempt to Murder,PS_172,DIST_1,2024-11-17,Under Investigation,The accused attacked Manoj with a iron rod near College Road following a quarrel over past enmity. The victim was rushed to hospital with grievous injuries.,12.343724,76.685353
FIR_815,100130148202400003,202400003,CRIME_40,Rash Driving,Rash Driving,PS_148,DIST_1,2024-12-06,Charge Sheeted,"The complainant reported that the accused was driving a vehicle rashly near Ring Road, endangering pedestrians.",15.415399,75.068932
FIR_816,100220165202400007,202400007,CRIME_10,Vehicle Theft,Vehicle Theft,PS_165,DIST_1,2024-11-05,Under Investigation,The complainant reported that their car parked near Industrial Layout was stolen overnight. The vehicle was not recovered at the time of registration.,12.346553,76.649167
FIR_817,100250175202500003,202500003,CRIME_26,Bank Fraud,Bank Fraud,PS_175,DIST_1,2025-08-07,Pending Trial,"The complainant's bank account was debited for Rs 311,000 through fraudulent means allegedly involving the accused.",13.944884,75.582703
FIR_818,200270177202400002,202400002,CRIME_3,Culpable Homicide,Culpable Homicide,PS_177,DIST_1,2024-01-28,Closed (Undetected),"The complainant reported that Deepa died following an altercation with his neighbour near Railway Station Road, suspected to involve a family dispute.",13.284803,74.77169
FIR_819,100110143202500002,202500002,CRIME_39,Promoting Enmity,Promoting Enmity,PS_143,DIST_1,2025-10-13,Acquitted,The complainant reported an incident related to crimes against public order occurring near New Extension. Investigation is underway to ascertain further facts.,12.909492,74.840711
FIR_820,100160154202500005,202500005,CRIME_21,Atrocity - Social Boycott,Atrocity - Social Boycott,PS_154,DIST_1,2025-11-01,Acquitted,The complainant reported an incident related to crimes against scs/sts occurring near Industrial Layout. Investigation is underway to ascertain further facts.,14.823059,75.4404
FIR_821,500050115202400001,202400001,CRIME_2,Attempt to Murder,Attempt to Murder,PS_115,DIST_1,2024-01-16,Under Investigation,The accused attacked Deepa with a iron rod near Bus Stand Road following a quarrel over a business partnership. The victim was rushed to hospital with grievous injuries.,13.056949,77.576449
FIR_822,100110140202600003,202600003,CRIME_12,Domestic Violence,Domestic Violence,PS_140,DIST_1,2026-06-16,Under Investigation,The complainant alleged repeated physical and mental harassment by his neighbour over dowry-related demands at their residence in Industrial Layout.,12.878063,74.864939
FIR_823,100050116202600007,202600007,CRIME_6,Theft,Theft,PS_116,DIST_1,2026-01-25,Pending Trial,"The complainant reported that unknown persons broke into their house at APMC Yard and stole gold jewellery worth Rs 198,000 and cash. The incident occurred while the family was away.",12.948063,77.691111
FIR_824,100030111202400001,202400001,CRIME_4,Assault,Assault,PS_111,DIST_1,2024-09-04,Under Investigation,"The complainant stated that a former business partner assaulted them near Railway Station Road following an argument over an extramarital affair suspicion, causing hurt.",15.875238,74.533972
FIR_825,100300180202500003,202500003,CRIME_10,Vehicle Theft,Vehicle Theft,PS_180,DIST_1,2025-10-26,Charge Sheeted,The complainant reported that their scooter parked near Gandhi Nagar was stolen overnight. The vehicle was not recovered at the time of registration.,16.852078,75.758598
FIR_826,100050116202500015,202500015,CRIME_47,Land Fraud,Land Fraud,PS_116,DIST_1,2025-04-03,Under Investigation,The complainant reported an incident related to crimes related to documents/property occurring near Bus Stand Road. Investigation is underway to ascertain further facts.,13.064891,77.618361
FIR_827,300020104202400001,202400001,CRIME_8,Dacoity,Dacoity,PS_104,DIST_1,2024-10-01,Pending Trial,"A group of armed persons robbed the complainant's shop at Bus Stand Road, decamping with cash and goods worth Rs 319,000.",15.15327,76.900811
FIR_828,100030108202500002,202500002,CRIME_35,Illegal Firearm Possession,Illegal Firearm Possession,PS_108,DIST_1,2025-09-22,Convicted,Police recovered an unlicensed firearm from the accused during a routine check near Ring Road.,15.894022,74.569258
FIR_829,100020104202500003,202500003,CRIME_12,Domestic Violence,Domestic Violence,PS_104,DIST_1,2025-11-08,Under Investigation,The complainant alleged repeated physical and mental harassment by his neighbour over dowry-related demands at their residence in Ring Road.,15.081897,76.961035
FIR_830,100170155202400005,202400005,CRIME_8,Dacoity,Dacoity,PS_155,DIST_1,2024-07-21,Under Investigation,"A group of armed persons robbed the complainant's shop at Old Town, decamping with cash and goods worth Rs 365,000.",17.353708,76.780205
FIR_831,100100138202600002,202600002,CRIME_3,Culpable Homicide,Culpable Homicide,PS_138,DIST_1,2026-06-19,Under Investigation,"The complainant reported that Deepa died following an altercation with a known acquaintance near Main Bazaar, suspected to involve a financial transaction.",14.28761,76.408651
FIR_832,100140149202400003,202400003,CRIME_5,Grievous Hurt,Grievous Hurt,PS_149,DIST_1,2024-09-28,Closed (Undetected),The victim sustained grievous injuries after being attacked with a wooden stick by an unidentified assailant near Old Town over unpaid loan.,15.482619,75.617233
FIR_833,100050117202500014,202500014,CRIME_23,Cheating,Cheating,PS_117,DIST_1,2025-02-24,Convicted,"The complainant paid an advance of Rs 29,000 to the accused for land boundary issues which was never delivered as promised.",13.043285,77.650579
FIR_834,100010102202600001,202600001,CRIME_33,NDPS Trafficking,NDPS Trafficking,PS_102,DIST_1,2026-05-29,Under Investigation,"A police patrol near Main Bazaar intercepted a vehicle and recovered narcotic substances weighing 6.4 kg, suspected to be in transit for sale.",16.178899,75.729844
FIR_835,400150151202500001,202500001,CRIME_6,Theft,Theft,PS_151,DIST_1,2025-10-31,Convicted,"The complainant reported that unknown persons broke into their house at College Road and stole gold jewellery worth Rs 207,000 and cash. The incident occurred while the family was away.",12.994979,76.040081
FIR_836,100050128202500004,202500004,CRIME_5,Grievous Hurt,Grievous Hurt,PS_128,DIST_1,2025-05-23,Compromised,The victim sustained grievous injuries after being attacked with a sharp weapon by a known acquaintance near Church Street over a family dispute.,12.933983,77.671754
FIR_837,100050117202400014,202400014,CRIME_30,Data Theft,Data Theft,PS_117,DIST_1,2024-05-23,Abated,The complainant's confidential business data was allegedly copied and misused by a former employee.,13.06027,77.614056
FIR_838,800290179202400002,202400002,CRIME_41,Hit and Run,Hit and Run,PS_179,DIST_1,2024-11-18,Under Investigation,The victim was hit by an unidentified vehicle near New Extension and sustained injuries; the driver fled the scene.,15.261821,76.450116
FIR_839,100050114202600002,202600002,CRIME_6,Theft,Theft,PS_114,DIST_1,2026-05-08,Charge Sheeted,"The complainant's mobile phone was stolen from outside their residence at Railway Station Road, valued at approximately Rs 344,000.",12.98938,77.693151
FIR_840,100030106202400003,202400003,CRIME_6,Theft,Theft,PS_106,DIST_1,2024-05-20,Under Investigation,"The complainant's laptop was stolen from outside their residence at Church Street, valued at approximately Rs 294,000.",15.868867,74.551597
FIR_841,100160154202500006,202500006,CRIME_22,Caste Abuse,Caste Abuse,PS_154,DIST_1,2025-10-20,Pending Trial,The complainant reported an incident related to crimes against scs/sts occurring near Temple Street. Investigation is underway to ascertain further facts.,14.738469,75.413457
FIR_842,300060129202600001,202600001,CRIME_28,Identity Theft,Identity Theft,PS_129,DIST_1,2026-07-11,Charge Sheeted,"The complainant discovered that a fraudulent account was created in their name and used to obtain a loan of Rs 34,000.",17.935598,77.543149
FIR_843,100050116202600008,202600008,CRIME_14,Stalking,Stalking,PS_116,DIST_1,2026-06-26,Convicted,The complainant stated that the accused has been following and contacting her repeatedly near Station Road despite objection.,12.901259,77.691016
FIR_844,400030110202500001,202500001,CRIME_32,Ganja Possession,Ganja Possession,PS_110,DIST_1,2025-09-27,Pending Trial,Police intercepted the accused near MG Road and recovered 6.5 kg of ganja from their possession.,15.866102,74.574142
FIR_845,300100137202500002,202500002,CRIME_32,Ganja Possession,Ganja Possession,PS_137,DIST_1,2025-03-12,Pending Trial,Police intercepted the accused near Railway Station Road and recovered 4.2 kg of ganja from their possession.,14.182039,76.445926
FIR_846,100050117202400015,202400015,CRIME_30,Data Theft,Data Theft,PS_117,DIST_1,2024-05-16,Under Investigation,The complainant's confidential business data was allegedly copied and misused by a former employee.,12.980997,77.546189
FIR_847,800050117202400002,202400002,CRIME_5,Grievous Hurt,Grievous Hurt,PS_117,DIST_1,2024-04-06,Charge Sheeted,The victim sustained grievous injuries after being attacked with a knife by his neighbour near Church Street over a property dispute.,13.088573,77.68368
FIR_848,100090136202400003,202400003,CRIME_40,Rash Driving,Rash Driving,PS_136,DIST_1,2024-01-10,Closed (False Case),"The complainant reported that the accused was driving a vehicle rashly near Market area, endangering pedestrians.",13.264409,75.819506
FIR_849,100050115202400016,202400016,CRIME_41,Hit and Run,Hit and Run,PS_115,DIST_1,2024-10-30,Under Investigation,The victim was hit by an unidentified vehicle near New Extension and sustained injuries; the driver fled the scene.,12.919295,77.599875
FIR_850,100050127202500004,202500004,CRIME_4,Assault,Assault,PS_127,DIST_1,2025-03-07,Charge Sheeted,"The complainant stated that a former business partner assaulted them near MG Road following an argument over an extramarital affair suspicion, causing hurt.",13.09873,77.652426
FIR_851,100210163202500004,202500004,CRIME_6,Theft,Theft,PS_163,DIST_1,2025-02-07,Under Investigation,"The complainant's laptop was stolen from outside their residence at Gandhi Nagar, valued at approximately Rs 414,000.",12.512382,76.850276
FIR_852,100050116202600009,202600009,CRIME_2,Attempt to Murder,Attempt to Murder,PS_116,DIST_1,2026-05-02,Charge Sheeted,The accused attacked Manoj with a sharp weapon near Industrial Layout following a quarrel over a family dispute. The victim was rushed to hospital with grievous injuries.,13.025344,77.610061
FIR_853,100140149202400004,202400004,CRIME_26,Bank Fraud,Bank Fraud,PS_149,DIST_1,2024-03-14,Pending Trial,"The complainant's bank account was debited for Rs 440,000 through fraudulent means allegedly involving the accused.",15.387367,75.65822
FIR_854,100050123202400001,202400001,CRIME_32,Ganja Possession,Ganja Possession,PS_123,DIST_1,2024-04-30,Closed (Undetected),Police intercepted the accused near Gandhi Nagar and recovered 5.7 kg of ganja from their possession.,12.971794,77.5355
FIR_855,100050114202500004,202500004,CRIME_8,Dacoity,Dacoity,PS_114,DIST_1,2025-05-11,Charge Sheeted,"A group of armed persons robbed the complainant's shop at MG Road, decamping with cash and goods worth Rs 140,000.",12.961188,77.563112
FIR_856,200070131202400001,202400001,CRIME_7,Robbery,Robbery,PS_131,DIST_1,2024-01-10,Under Investigation,The complainant was robbed of cash and a mobile phone by unidentified persons near Ring Road at knife-point.,11.896518,76.982869
FIR_857,100050115202400017,202400017,CRIME_14,Stalking,Stalking,PS_115,DIST_1,2024-08-17,Pending Trial,The complainant stated that the accused has been following and contacting her repeatedly near Station Road despite objection.,12.993348,77.594898
FIR_858,300030109202600001,202600001,CRIME_42,Drunken Driving,Drunken Driving,PS_109,DIST_1,2026-06-17,Abated,The accused was found driving under the influence of alcohol near Temple Street and was apprehended by a police patrol.,15.856179,74.564323
FIR_859,100260176202400008,202400008,CRIME_12,Domestic Violence,Domestic Violence,PS_176,DIST_1,2024-08-11,Referred to Another PS,The complainant alleged repeated physical and mental harassment by his neighbour over dowry-related demands at their residence in Bus Stand Road.,13.337398,77.130536
FIR_860,100200162202500002,202500002,CRIME_9,Burglary,Burglary,PS_162,DIST_1,2025-12-20,Pending Trial,"Unknown persons broke into the complainant's premises at College Road at night and decamped with valuables worth Rs 317,000.",15.293395,76.130401
FIR_861,200310181202600001,202600001,CRIME_4,Assault,Assault,PS_181,DIST_1,2026-06-29,Under Investigation,"The complainant stated that a known acquaintance assaulted them near College Road following an argument over a business partnership, causing hurt.",16.803028,77.10569
FIR_862,100110139202500003,202500003,CRIME_6,Theft,Theft,PS_139,DIST_1,2025-09-01,Charge Sheeted,"The complainant reported that unknown persons broke into their house at Temple Street and stole gold jewellery worth Rs 290,000 and cash. The incident occurred while the family was away.",12.892266,74.858562
FIR_863,100040113202400002,202400002,CRIME_55,Chain Snatching,Chain Snatching,PS_113,DIST_1,2024-02-03,Under Investigation,"The complainant, a woman walking near Ring Road, reported that two men on a motorcycle snatched her gold chain and sped away towards MG Road.",13.207238,77.552705
FIR_864,100160153202500001,202500001,CRIME_10,Vehicle Theft,Vehicle Theft,PS_153,DIST_1,2025-11-26,Under Investigation,The complainant reported that their motorcycle parked near Main Bazaar was stolen overnight. The vehicle was not recovered at the time of registration.,14.746723,75.451437
FIR_865,100030111202400002,202400002,CRIME_10,Vehicle Theft,Vehicle Theft,PS_111,DIST_1,2024-12-25,Referred to Another PS,The complainant reported that their motorcycle parked near Railway Station Road was stolen overnight. The vehicle was not recovered at the time of registration.,15.862563,74.530384
FIR_866,300050114202600001,202600001,CRIME_40,Rash Driving,Rash Driving,PS_114,DIST_1,2026-02-10,Charge Sheeted,"The complainant reported that the accused was driving a vehicle rashly near Railway Station Road, endangering pedestrians.",13.054303,77.508345
FIR_867,300280178202400002,202400002,CRIME_42,Drunken Driving,Drunken Driving,PS_178,DIST_1,2024-10-31,Charge Sheeted,The accused was found driving under the influence of alcohol near Main Bazaar and was apprehended by a police patrol.,14.733963,74.735486
FIR_868,100110142202500002,202500002,CRIME_25,Forgery,Forgery,PS_142,DIST_1,2025-12-26,Closed (Undetected),The complainant reported that the accused forged signatures on documents related to a business partnership to gain wrongful benefit.,12.914298,74.801019
FIR_869,100050117202400016,202400016,CRIME_6,Theft,Theft,PS_117,DIST_1,2024-09-12,Pending Trial,"The complainant's laptop was stolen from outside their residence at Old Town, valued at approximately Rs 280,000.",12.95964,77.614352
FIR_870,100110141202400005,202400005,CRIME_41,Hit and Run,Hit and Run,PS_141,DIST_1,2024-12-15,Charge Sheeted,The victim was hit by an unidentified vehicle near Ring Road and sustained injuries; the driver fled the scene.,12.85489,74.822746
FIR_871,300050117202400003,202400003,CRIME_15,Acid Attack,Acid Attack,PS_117,DIST_1,2024-08-31,Charge Sheeted,"The victim was attacked with a corrosive substance by the accused near Bus Stand Road, sustaining burn injuries.",12.971272,77.672034
FIR_872,100020104202500004,202500004,CRIME_55,Chain Snatching,Chain Snatching,PS_104,DIST_1,2025-06-11,Charge Sheeted,"The complainant, a woman walking near Industrial Layout, reported that two men on a motorcycle snatched her gold chain and sped away towards Industrial Layout.",15.174834,76.97151
FIR_873,100210164202500002,202500002,CRIME_55,Chain Snatching,Chain Snatching,PS_164,DIST_1,2025-04-29,Under Investigation,"The complainant, a woman walking near APMC Yard, reported that two men on a motorcycle snatched her gold chain and sped away towards MG Road.",12.557099,76.933033
FIR_874,100050125202500005,202500005,CRIME_11,Dowry Death,Dowry Death,PS_125,DIST_1,2025-06-30,Pending Trial,The victim Deepa died under suspicious circumstances at her matrimonial home. The complainant alleges harassment for dowry by a known acquaintance.,12.900463,77.559632
FIR_875,200030106202600001,202600001,CRIME_9,Burglary,Burglary,PS_106,DIST_1,2026-02-20,Abated,"Unknown persons broke into the complainant's premises at Gandhi Nagar at night and decamped with valuables worth Rs 284,000.",15.825209,74.577524
FIR_876,100050116202400016,202400016,CRIME_55,Chain Snatching,Chain Snatching,PS_116,DIST_1,2024-09-16,Charge Sheeted,"The complainant, a woman walking near MG Road, reported that two men on a motorcycle snatched her gold chain and sped away towards New Extension.",12.982217,77.522595
FIR_877,100070131202500002,202500002,CRIME_15,Acid Attack,Acid Attack,PS_131,DIST_1,2025-08-13,Under Investigation,"The victim was attacked with a corrosive substance by the accused near Station Road, sustaining burn injuries.",11.898216,76.971497
FIR_878,300230173202500001,202500001,CRIME_9,Burglary,Burglary,PS_173,DIST_1,2025-02-18,Convicted,"Unknown persons broke into the complainant's premises at Ring Road at night and decamped with valuables worth Rs 286,000.",16.264146,77.337418
FIR_879,100040112202400003,202400003,CRIME_34,Drug Peddling,Drug Peddling,PS_112,DIST_1,2024-03-09,Under Investigation,The accused was apprehended near MG Road while allegedly peddling narcotic substances to local youth.,13.242422,77.553789
FIR_880,400220169202500002,202500002,CRIME_13,Sexual Harassment,Sexual Harassment,PS_169,DIST_1,2025-11-22,Under Investigation,The complainant reported that his neighbour made unwelcome advances and passed lewd remarks towards her near Ring Road.,12.336425,76.662895
FIR_881,100160154202500007,202500007,CRIME_3,Culpable Homicide,Culpable Homicide,PS_154,DIST_1,2025-12-30,Charge Sheeted,"The complainant reported that Manoj died following an altercation with a known acquaintance near Gandhi Nagar, suspected to involve a property dispute.",14.772222,75.354821
FIR_882,100050117202400017,202400017,CRIME_51,Unnatural Offence,Unnatural Offence,PS_117,DIST_1,2024-09-13,Under Investigation,The complainant reported an incident related to sexual offences occurring near Station Road. Investigation is underway to ascertain further facts.,12.930042,77.514479
FIR_883,300290179202400003,202400003,CRIME_3,Culpable Homicide,Culpable Homicide,PS_179,DIST_1,2024-10-04,Charge Sheeted,"The complainant reported that Anitha died following an altercation with an unidentified assailant near Bus Stand Road, suspected to involve a property dispute.",15.234658,76.519543
FIR_884,100200161202400002,202400002,CRIME_20,Atrocity - Physical Assault,Atrocity - Physical Assault,PS_161,DIST_1,2024-11-12,Closed (Undetected),"The complainant, belonging to a Scheduled Caste, alleged physical assault and caste-based abuse by a former business partner near Industrial Layout.",15.326893,76.100562
FIR_885,400150151202500002,202500002,CRIME_42,Drunken Driving,Drunken Driving,PS_151,DIST_1,2025-01-17,Charge Sheeted,The accused was found driving under the influence of alcohol near Old Town and was apprehended by a police patrol.,12.996234,76.086058
FIR_886,200050116202500003,202500003,CRIME_55,Chain Snatching,Chain Snatching,PS_116,DIST_1,2025-11-27,Charge Sheeted,"The complainant, a woman walking near Ring Road, reported that two men on a motorcycle snatched her gold chain and sped away towards Temple Street.",12.997766,77.54773
FIR_887,300090135202400001,202400001,CRIME_47,Land Fraud,Land Fraud,PS_135,DIST_1,2024-08-22,Referred to Another PS,The complainant reported an incident related to crimes related to documents/property occurring near Main Bazaar. Investigation is underway to ascertain further facts.,13.299863,75.733009
FIR_888,100130147202400003,202400003,CRIME_27,Online Fraud,Online Fraud,PS_147,DIST_1,2024-04-02,Pending Trial,"The complainant received a call from an unknown person claiming to be a bank official, who obtained OTP details and transferred Rs 340,000 from the complainant's account.",15.446154,75.068617
FIR_889,100210163202500005,202500005,CRIME_14,Stalking,Stalking,PS_163,DIST_1,2025-08-09,Charge Sheeted,The complainant stated that the accused has been following and contacting her repeatedly near New Extension despite objection.,12.461726,76.907075
FIR_890,300050120202500001,202500001,CRIME_28,Identity Theft,Identity Theft,PS_120,DIST_1,2025-05-19,Convicted,"The complainant discovered that a fraudulent account was created in their name and used to obtain a loan of Rs 28,000.",13.002174,77.673651
FIR_891,100200161202400003,202400003,CRIME_41,Hit and Run,Hit and Run,PS_161,DIST_1,2024-02-19,Convicted,The victim was hit by an unidentified vehicle near Temple Street and sustained injuries; the driver fled the scene.,15.31079,76.164387
FIR_892,100200162202400002,202400002,CRIME_5,Grievous Hurt,Grievous Hurt,PS_162,DIST_1,2024-01-10,Closed (False Case),The victim sustained grievous injuries after being attacked with a knife by a known acquaintance near Temple Street over past enmity.,15.353036,76.17625
FIR_893,100130148202500004,202500004,CRIME_9,Burglary,Burglary,PS_148,DIST_1,2025-04-06,Pending Trial,"Unknown persons broke into the complainant's premises at Bus Stand Road at night and decamped with valuables worth Rs 343,000.",15.430805,75.009385
FIR_894,100270177202600002,202600002,CRIME_39,Promoting Enmity,Promoting Enmity,PS_177,DIST_1,2026-07-14,Charge Sheeted,The complainant reported an incident related to crimes against public order occurring near Gandhi Nagar. Investigation is underway to ascertain further facts.,13.327245,74.753555
FIR_895,100280178202600005,202600005,CRIME_34,Drug Peddling,Drug Peddling,PS_178,DIST_1,2026-01-31,Acquitted,The accused was apprehended near MG Road while allegedly peddling narcotic substances to local youth.,14.798214,74.750376
FIR_896,100050123202400002,202400002,CRIME_2,Attempt to Murder,Attempt to Murder,PS_123,DIST_1,2024-06-11,Under Investigation,The accused attacked Suresh with a wooden stick near Old Town following a quarrel over a family dispute. The victim was rushed to hospital with grievous injuries.,13.055167,77.649568
FIR_897,100130148202600005,202600005,CRIME_27,Online Fraud,Online Fraud,PS_148,DIST_1,2026-02-27,Charge Sheeted,"The complainant received a call from an unknown person claiming to be a bank official, who obtained OTP details and transferred Rs 45,000 from the complainant's account.",15.442561,75.001378
FIR_898,300050117202500003,202500003,CRIME_4,Assault,Assault,PS_117,DIST_1,2025-12-14,Under Investigation,"The complainant stated that a known acquaintance assaulted them near Old Town following an argument over unpaid loan, causing hurt.",12.924305,77.590785
FIR_899,100050115202400018,202400018,CRIME_55,Chain Snatching,Chain Snatching,PS_115,DIST_1,2024-08-24,Under Investigation,"The complainant, a woman walking near Temple Street, reported that two men on a motorcycle snatched her gold chain and sped away towards Gandhi Nagar.",13.090656,77.526589
FIR_900,500050115202400002,202400002,CRIME_3,Culpable Homicide,Culpable Homicide,PS_115,DIST_1,2024-05-04,Under Investigation,"The complainant reported that Ramesh died following an altercation with his neighbour near Bus Stand Road, suspected to involve an extramarital affair suspicion.",13.086466,77.527565
FIR_901,100060130202400003,202400003,CRIME_55,Chain Snatching,Chain Snatching,PS_130,DIST_1,2024-09-22,Under Investigation,"The complainant, a woman walking near Railway Station Road, reported that two men on a motorcycle snatched her gold chain and sped away towards Church Street.",17.907576,77.513364
FIR_902,800040113202500001,202500001,CRIME_12,Domestic Violence,Domestic Violence,PS_113,DIST_1,2025-07-07,Under Investigation,The complainant alleged repeated physical and mental harassment by an unidentified assailant over dowry-related demands at their residence in Church Street.,13.271501,77.635928
FIR_903,500050117202500003,202500003,CRIME_55,Chain Snatching,Chain Snatching,PS_117,DIST_1,2025-07-14,Pending Trial,"The complainant, a woman walking near Market area, reported that two men on a motorcycle snatched her gold chain and sped away towards Market area.",12.983965,77.56821
FIR_904,100050123202400003,202400003,CRIME_41,Hit and Run,Hit and Run,PS_123,DIST_1,2024-07-25,Under Investigation,The victim was hit by an unidentified vehicle near Old Town and sustained injuries; the driver fled the scene.,12.954885,77.507026
FIR_905,100060130202600001,202600001,CRIME_37,Rioting,Rioting,PS_130,DIST_1,2026-02-08,Charge Sheeted,"A group of persons allegedly assembled unlawfully near Station Road and engaged in rioting, causing damage to property.",17.922006,77.522972
FIR_906,100080133202400005,202400005,CRIME_24,Criminal Breach of Trust,Criminal Breach of Trust,PS_133,DIST_1,2024-01-03,Under Investigation,"The complainant alleged that the accused, entrusted with funds of Rs 268,000 for a family dispute, misappropriated the amount.",13.383449,77.687686
FIR_907,300080133202400001,202400001,CRIME_47,Land Fraud,Land Fraud,PS_133,DIST_1,2024-06-09,Under Investigation,The complainant reported an incident related to crimes related to documents/property occurring near Church Street. Investigation is underway to ascertain further facts.,13.403509,77.782241
FIR_908,100030108202400001,202400001,CRIME_9,Burglary,Burglary,PS_108,DIST_1,2024-06-15,Charge Sheeted,"Unknown persons broke into the complainant's premises at Gandhi Nagar at night and decamped with valuables worth Rs 73,000.",15.88622,74.500231
FIR_909,200220165202400004,202400004,CRIME_14,Stalking,Stalking,PS_165,DIST_1,2024-12-07,Under Investigation,The complainant stated that the accused has been following and contacting her repeatedly near Railway Station Road despite objection.,12.346405,76.638273
FIR_910,100300180202400004,202400004,CRIME_32,Ganja Possession,Ganja Possession,PS_180,DIST_1,2024-07-06,Closed (False Case),Police intercepted the accused near Market area and recovered 8.5 kg of ganja from their possession.,16.792771,75.704398
FIR_911,100220170202600001,202600001,CRIME_6,Theft,Theft,PS_170,DIST_1,2026-06-16,Pending Trial,"The complainant reported that unknown persons broke into their house at Temple Street and stole gold jewellery worth Rs 31,000 and cash. The incident occurred while the family was away.",12.341131,76.606079
FIR_912,100010103202400005,202400005,CRIME_42,Drunken Driving,Drunken Driving,PS_103,DIST_1,2024-04-04,Under Investigation,The accused was found driving under the influence of alcohol near New Extension and was apprehended by a police patrol.,16.201463,75.696788
FIR_913,100220165202500013,202500013,CRIME_10,Vehicle Theft,Vehicle Theft,PS_165,DIST_1,2025-10-25,Charge Sheeted,The complainant reported that their scooter parked near Gandhi Nagar was stolen overnight. The vehicle was not recovered at the time of registration.,12.336937,76.678488
FIR_914,100090135202400002,202400002,CRIME_9,Burglary,Burglary,PS_135,DIST_1,2024-01-02,Acquitted,"Unknown persons broke into the complainant's premises at Railway Station Road at night and decamped with valuables worth Rs 133,000.",13.336551,75.736107
FIR_915,100090135202400003,202400003,CRIME_42,Drunken Driving,Drunken Driving,PS_135,DIST_1,2024-07-06,Under Investigation,The accused was found driving under the influence of alcohol near MG Road and was apprehended by a police patrol.,13.314978,75.75141
FIR_916,300140149202600001,202600001,CRIME_12,Domestic Violence,Domestic Violence,PS_149,DIST_1,2026-01-05,Under Investigation,The complainant alleged repeated physical and mental harassment by an unidentified assailant over dowry-related demands at their residence in Station Road.,15.486755,75.640144
FIR_917,300310181202400002,202400002,CRIME_11,Dowry Death,Dowry Death,PS_181,DIST_1,2024-07-29,Convicted,The victim Manoj died under suspicious circumstances at her matrimonial home. The complainant alleges harassment for dowry by his neighbour.,16.826185,77.149888
FIR_918,100030106202500003,202500003,CRIME_7,Robbery,Robbery,PS_106,DIST_1,2025-09-06,Convicted,The complainant was robbed of cash and a mobile phone by unidentified persons near Bus Stand Road at knife-point.,15.874109,74.580425
FIR_919,300270177202500002,202500002,CRIME_6,Theft,Theft,PS_177,DIST_1,2025-01-18,Under Investigation,"The complainant reported that unknown persons broke into their house at APMC Yard and stole gold jewellery worth Rs 95,000 and cash. The incident occurred while the family was away.",13.30997,74.770795
FIR_920,100220167202600003,202600003,CRIME_46,Forged Documents,Forged Documents,PS_167,DIST_1,2026-07-15,Pending Trial,The complainant reported that property documents related to land at Old Town were forged by the accused.,12.301028,76.628795
FIR_921,100050117202400018,202400018,CRIME_36,Illegal Arms Manufacturing,Illegal Arms Manufacturing,PS_117,DIST_1,2024-10-23,Under Investigation,The complainant reported an incident related to arms act offences occurring near Gandhi Nagar. Investigation is underway to ascertain further facts.,12.948972,77.682391
FIR_922,100030106202500004,202500004,CRIME_34,Drug Peddling,Drug Peddling,PS_106,DIST_1,2025-07-23,Charge Sheeted,The accused was apprehended near Industrial Layout while allegedly peddling narcotic substances to local youth.,15.8071,74.573735
FIR_923,100080134202500002,202500002,CRIME_3,Culpable Homicide,Culpable Homicide,PS_134,DIST_1,2025-11-09,Under Investigation,"The complainant reported that Manoj died following an altercation with an unidentified assailant near MG Road, suspected to involve unpaid loan.",13.417944,77.734426
FIR_924,800050114202500001,202500001,CRIME_35,Illegal Firearm Possession,Illegal Firearm Possession,PS_114,DIST_1,2025-05-30,Pending Trial,Police recovered an unlicensed firearm from the accused during a routine check near APMC Yard.,13.032954,77.604921
FIR_925,100090135202500004,202500004,CRIME_19,Missing Child,Missing Child,PS_135,DIST_1,2025-03-17,Charge Sheeted,The complainant reported that their minor child has been missing since leaving for Railway Station Road and has not returned home.,13.263189,75.81093
FIR_926,100020104202400002,202400002,CRIME_3,Culpable Homicide,Culpable Homicide,PS_104,DIST_1,2024-10-31,Pending Trial,"The complainant reported that Nagaraj died following an altercation with a former business partner near APMC Yard, suspected to involve a property dispute.",15.156696,76.89785
FIR_927,300220170202400001,202400001,CRIME_41,Hit and Run,Hit and Run,PS_170,DIST_1,2024-08-21,Charge Sheeted,The victim was hit by an unidentified vehicle near Temple Street and sustained injuries; the driver fled the scene.,12.302637,76.659008
FIR_928,100060129202400007,202400007,CRIME_42,Drunken Driving,Drunken Driving,PS_129,DIST_1,2024-12-17,Under Investigation,The accused was found driving under the influence of alcohol near College Road and was apprehended by a police patrol.,17.857901,77.470257
FIR_929,100050115202400019,202400019,CRIME_24,Criminal Breach of Trust,Criminal Breach of Trust,PS_115,DIST_1,2024-07-18,Referred to Another PS,"The complainant alleged that the accused, entrusted with funds of Rs 385,000 for a business partnership, misappropriated the amount.",13.082326,77.648488
FIR_930,100210164202400003,202400003,CRIME_13,Sexual Harassment,Sexual Harassment,PS_164,DIST_1,2024-12-31,Charge Sheeted,The complainant reported that her husband made unwelcome advances and passed lewd remarks towards her near Market area.,12.530216,76.939155
FIR_931,100070131202400002,202400002,CRIME_13,Sexual Harassment,Sexual Harassment,PS_131,DIST_1,2024-12-21,Under Investigation,The complainant reported that a known acquaintance made unwelcome advances and passed lewd remarks towards her near Station Road.,11.926899,76.99945
FIR_932,100140150202500008,202500008,CRIME_13,Sexual Harassment,Sexual Harassment,PS_150,DIST_1,2025-11-22,Charge Sheeted,The complainant reported that her in-laws made unwelcome advances and passed lewd remarks towards her near Temple Street.,15.488214,75.621571
FIR_933,100030106202400004,202400004,CRIME_42,Drunken Driving,Drunken Driving,PS_106,DIST_1,2024-01-12,Pending Trial,The accused was found driving under the influence of alcohol near Temple Street and was apprehended by a police patrol.,15.808018,74.518588
FIR_934,100050117202600006,202600006,CRIME_27,Online Fraud,Online Fraud,PS_117,DIST_1,2026-01-09,Under Investigation,"The complainant received a call from an unknown person claiming to be a bank official, who obtained OTP details and transferred Rs 232,000 from the complainant's account.",13.081518,77.518365
FIR_935,100050118202500002,202500002,CRIME_4,Assault,Assault,PS_118,DIST_1,2025-11-10,Under Investigation,"The complainant stated that his neighbour assaulted them near Industrial Layout following an argument over a business partnership, causing hurt.",13.034761,77.51731
FIR_936,100220172202500004,202500004,CRIME_10,Vehicle Theft,Vehicle Theft,PS_172,DIST_1,2025-12-11,Pending Trial,The complainant reported that their scooter parked near Market area was stolen overnight. The vehicle was not recovered at the time of registration.,12.328378,76.609106
FIR_937,300050115202500005,202500005,CRIME_37,Rioting,Rioting,PS_115,DIST_1,2025-01-02,Under Investigation,"A group of persons allegedly assembled unlawfully near College Road and engaged in rioting, causing damage to property.",13.050397,77.636988
FIR_938,100050118202500003,202500003,CRIME_55,Chain Snatching,Chain Snatching,PS_118,DIST_1,2025-03-14,Charge Sheeted,"The complainant, a woman walking near Whitefield Main Road, reported that two men on a motorcycle snatched her gold chain and sped away towards ITPL Road. CCTV footage is being reviewed; the MO matches similar chain-snatching incidents reported recently in the city.",13.032441,77.557363
FIR_939,100040112202400004,202400004,CRIME_4,Assault,Assault,PS_112,DIST_1,2024-08-20,Charge Sheeted,"The complainant stated that a known acquaintance assaulted them near Ring Road following an argument over a family dispute, causing hurt.",13.190097,77.643848
FIR_940,100040113202400003,202400003,CRIME_2,Attempt to Murder,Attempt to Murder,PS_113,DIST_1,2024-01-14,Charge Sheeted,The accused attacked Suresh with a sharp weapon near Church Street following a quarrel over unpaid loan. The victim was rushed to hospital with grievous injuries.,13.245879,77.61058
FIR_941,100050117202500015,202500015,CRIME_27,Online Fraud,Online Fraud,PS_117,DIST_1,2025-06-27,Charge Sheeted,"The complainant received a call from an unknown person claiming to be a bank official, who obtained OTP details and transferred Rs 33,000 from the complainant's account.",13.030052,77.589378
FIR_942,100050117202400019,202400019,CRIME_33,NDPS Trafficking,NDPS Trafficking,PS_117,DIST_1,2024-11-23,Charge Sheeted,"A police patrol near Main Bazaar intercepted a vehicle and recovered narcotic substances weighing 11.6 kg, suspected to be in transit for sale.",12.968557,77.646034
FIR_943,800130148202500001,202500001,CRIME_15,Acid Attack,Acid Attack,PS_148,DIST_1,2025-08-31,Pending Trial,"The victim was attacked with a corrosive substance by the accused near Temple Street, sustaining burn injuries.",15.440868,75.03766
FIR_944,100170155202400006,202400006,CRIME_2,Attempt to Murder,Attempt to Murder,PS_155,DIST_1,2024-08-17,Under Investigation,The accused attacked Ramesh with a knife near New Extension following a quarrel over land boundary issues. The victim was rushed to hospital with grievous injuries.,17.300083,76.889728
FIR_945,100160153202500002,202500002,CRIME_55,Chain Snatching,Chain Snatching,PS_153,DIST_1,2025-10-27,Closed (Undetected),"The complainant, a woman walking near Main Bazaar, reported that two men on a motorcycle snatched her gold chain and sped away towards Church Street.",14.788956,75.377401
FIR_946,100250175202400004,202400004,CRIME_28,Identity Theft,Identity Theft,PS_175,DIST_1,2024-10-26,Pending Trial,"The complainant discovered that a fraudulent account was created in their name and used to obtain a loan of Rs 302,000.",13.88559,75.533208
FIR_947,100110144202400002,202400002,CRIME_14,Stalking,Stalking,PS_144,DIST_1,2024-08-17,Under Investigation,The complainant stated that the accused has been following and contacting her repeatedly near College Road despite objection.,12.913077,74.81429
FIR_948,200110144202400001,202400001,CRIME_9,Burglary,Burglary,PS_144,DIST_1,2024-06-25,Closed (False Case),"Unknown persons broke into the complainant's premises at Bus Stand Road at night and decamped with valuables worth Rs 382,000.",12.886144,74.81537
FIR_949,100040113202500002,202500002,CRIME_37,Rioting,Rioting,PS_113,DIST_1,2025-08-29,Under Investigation,"A group of persons allegedly assembled unlawfully near Temple Street and engaged in rioting, causing damage to property.",13.295679,77.642253
FIR_950,100110140202600004,202600004,CRIME_16,Child Abuse,Child Abuse,PS_140,DIST_1,2026-01-03,Charge Sheeted,The complainant reported that the minor victim was subjected to abuse by his neighbour at Industrial Layout.,12.907221,74.834332
FIR_951,100050127202400004,202400004,CRIME_1,Murder,Murder,PS_127,DIST_1,2024-06-05,Charge Sheeted,"The complainant reported that Deepa was found dead with injuries near Ring Road, allegedly assaulted by an unidentified assailant following a dispute over a business partnership.",12.987797,77.66711
FIR_952,100220171202500004,202500004,CRIME_6,Theft,Theft,PS_171,DIST_1,2025-07-07,Under Investigation,"The complainant reported that unknown persons broke into their house at New Extension and stole gold jewellery worth Rs 343,000 and cash. The incident occurred while the family was away.",12.319254,76.649292
FIR_953,100260176202400009,202400009,CRIME_2,Attempt to Murder,Attempt to Murder,PS_176,DIST_1,2024-08-18,Under Investigation,The accused attacked Ramesh with a knife near Church Street following a quarrel over a family dispute. The victim was rushed to hospital with grievous injuries.,13.308535,77.159614
FIR_954,100050117202500016,202500016,CRIME_19,Missing Child,Missing Child,PS_117,DIST_1,2025-02-19,Closed (False Case),The complainant reported that their minor child has been missing since leaving for Gandhi Nagar and has not returned home.,13.055309,77.680185
FIR_955,100100138202600003,202600003,CRIME_15,Acid Attack,Acid Attack,PS_138,DIST_1,2026-04-21,Closed (False Case),"The victim was attacked with a corrosive substance by the accused near Gandhi Nagar, sustaining burn injuries.",14.264279,76.400992
FIR_956,100290179202500003,202500003,CRIME_23,Cheating,Cheating,PS_179,DIST_1,2025-05-09,Abated,"The complainant paid an advance of Rs 185,000 to the accused for an extramarital affair suspicion which was never delivered as promised.",15.203685,76.430933
FIR_957,100290179202500004,202500004,CRIME_36,Illegal Arms Manufacturing,Illegal Arms Manufacturing,PS_179,DIST_1,2025-08-01,Abated,The complainant reported an incident related to arms act offences occurring near New Extension. Investigation is underway to ascertain further facts.,15.264041,76.518832
FIR_958,200260176202400002,202400002,CRIME_15,Acid Attack,Acid Attack,PS_176,DIST_1,2024-06-01,Pending Trial,"The victim was attacked with a corrosive substance by the accused near College Road, sustaining burn injuries.",13.294488,77.099269
FIR_959,100240174202600001,202600001,CRIME_33,NDPS Trafficking,NDPS Trafficking,PS_174,DIST_1,2026-03-03,Closed (False Case),"A police patrol near Temple Street intercepted a vehicle and recovered narcotic substances weighing 11.5 kg, suspected to be in transit for sale.",12.736538,77.244099
FIR_960,100050114202400002,202400002,CRIME_9,Burglary,Burglary,PS_114,DIST_1,2024-10-04,Charge Sheeted,"Unknown persons broke into the complainant's premises at Main Bazaar at night and decamped with valuables worth Rs 346,000.",12.994585,77.581581
FIR_961,100300180202500004,202500004,CRIME_8,Dacoity,Dacoity,PS_180,DIST_1,2025-12-03,Compromised,"A group of armed persons robbed the complainant's shop at Bus Stand Road, decamping with cash and goods worth Rs 295,000.",16.839527,75.694621
FIR_962,100050116202600010,202600010,CRIME_55,Chain Snatching,Chain Snatching,PS_116,DIST_1,2026-04-29,Acquitted,"The complainant, a woman walking near Market area, reported that two men on a motorcycle snatched her gold chain and sped away towards Bus Stand Road.",13.046597,77.571365
FIR_963,100060129202500003,202500003,CRIME_18,Child Labour,Child Labour,PS_129,DIST_1,2025-09-10,Closed (False Case),The complainant reported an incident related to crimes against children occurring near Station Road. Investigation is underway to ascertain further facts.,17.904975,77.47015
FIR_964,100020105202400003,202400003,CRIME_8,Dacoity,Dacoity,PS_105,DIST_1,2024-09-27,Under Investigation,"A group of armed persons robbed the complainant's shop at Bus Stand Road, decamping with cash and goods worth Rs 223,000.",15.173991,76.94053
FIR_965,100090136202400004,202400004,CRIME_42,Drunken Driving,Drunken Driving,PS_136,DIST_1,2024-03-08,Under Investigation,The accused was found driving under the influence of alcohol near Church Street and was apprehended by a police patrol.,13.344298,75.757147
FIR_966,100050117202600007,202600007,CRIME_45,Wildlife Poaching,Wildlife Poaching,PS_117,DIST_1,2026-03-21,Under Investigation,The complainant reported an incident related to environmental offences occurring near Railway Station Road. Investigation is underway to ascertain further facts.,13.025057,77.597038
FIR_967,500050120202500001,202500001,CRIME_28,Identity Theft,Identity Theft,PS_120,DIST_1,2025-02-23,Under Investigation,"The complainant discovered that a fraudulent account was created in their name and used to obtain a loan of Rs 176,000.",12.915949,77.538794
FIR_968,100290179202400004,202400004,CRIME_9,Burglary,Burglary,PS_179,DIST_1,2024-02-23,Closed (Undetected),"Unknown persons broke into the complainant's premises at Industrial Layout at night and decamped with valuables worth Rs 143,000.",15.249143,76.505049
FIR_969,100050117202400020,202400020,CRIME_42,Drunken Driving,Drunken Driving,PS_117,DIST_1,2024-10-06,Under Investigation,The accused was found driving under the influence of alcohol near College Road and was apprehended by a police patrol.,12.974173,77.653613
FIR_970,100260176202500012,202500012,CRIME_7,Robbery,Robbery,PS_176,DIST_1,2025-04-29,Pending Trial,The complainant was robbed of cash and a mobile phone by unidentified persons near Temple Street at knife-point.,13.345109,77.129094
FIR_971,500150152202400001,202400001,CRIME_34,Drug Peddling,Drug Peddling,PS_152,DIST_1,2024-05-24,Charge Sheeted,The accused was apprehended near Old Town while allegedly peddling narcotic substances to local youth.,12.966361,76.055944
FIR_972,100160154202400003,202400003,CRIME_39,Promoting Enmity,Promoting Enmity,PS_154,DIST_1,2024-04-01,Under Investigation,The complainant reported an incident related to crimes against public order occurring near Gandhi Nagar. Investigation is underway to ascertain further facts.,14.842158,75.373587
FIR_973,100110143202600002,202600002,CRIME_7,Robbery,Robbery,PS_143,DIST_1,2026-05-08,Pending Trial,The complainant was robbed of cash and a mobile phone by unidentified persons near Church Street at knife-point.,12.864337,74.887058
FIR_974,200210164202500001,202500001,CRIME_3,Culpable Homicide,Culpable Homicide,PS_164,DIST_1,2025-04-17,Closed (Undetected),"The complainant reported that Ramesh died following an altercation with an unidentified assailant near Bus Stand Road, suspected to involve a property dispute.",12.536634,76.956604
FIR_975,100050116202400017,202400017,CRIME_27,Online Fraud,Online Fraud,PS_116,DIST_1,2024-06-09,Convicted,"The complainant received a call from an unknown person claiming to be a bank official, who obtained OTP details and transferred Rs 444,000 from the complainant's account.",13.055732,77.640855
FIR_976,100100137202500004,202500004,CRIME_10,Vehicle Theft,Vehicle Theft,PS_137,DIST_1,2025-11-23,Referred to Another PS,The complainant reported that their scooter parked near Main Bazaar was stolen overnight. The vehicle was not recovered at the time of registration.,14.258735,76.408839
FIR_977,100050117202500017,202500017,CRIME_10,Vehicle Theft,Vehicle Theft,PS_117,DIST_1,2025-10-31,Charge Sheeted,The complainant reported that their car parked near Station Road was stolen overnight. The vehicle was not recovered at the time of registration.,13.002095,77.547221
FIR_978,100130147202400004,202400004,CRIME_26,Bank Fraud,Bank Fraud,PS_147,DIST_1,2024-05-09,Under Investigation,"The complainant's bank account was debited for Rs 248,000 through fraudulent means allegedly involving the accused.",15.454486,75.015544
FIR_979,100300180202400005,202400005,CRIME_40,Rash Driving,Rash Driving,PS_180,DIST_1,2024-12-16,Abated,"The complainant reported that the accused was driving a vehicle rashly near Temple Street, endangering pedestrians.",16.803247,75.761517
FIR_980,100020105202500003,202500003,CRIME_32,Ganja Possession,Ganja Possession,PS_105,DIST_1,2025-03-12,Convicted,Police intercepted the accused near Industrial Layout and recovered 7.0 kg of ganja from their possession.,15.101664,76.937362
FIR_981,100080134202600003,202600003,CRIME_10,Vehicle Theft,Vehicle Theft,PS_134,DIST_1,2026-03-08,Under Investigation,The complainant reported that their scooter parked near Ring Road was stolen overnight. The vehicle was not recovered at the time of registration.,13.388132,77.711919
FIR_982,100030108202500003,202500003,CRIME_6,Theft,Theft,PS_108,DIST_1,2025-09-19,Closed (False Case),"The complainant's mobile phone was stolen from outside their residence at Station Road, valued at approximately Rs 49,000.",15.858634,74.515763
FIR_983,100050117202400021,202400021,CRIME_34,Drug Peddling,Drug Peddling,PS_117,DIST_1,2024-09-12,Under Investigation,The accused was apprehended near Railway Station Road while allegedly peddling narcotic substances to local youth.,12.921348,77.582615
FIR_984,100010103202600004,202600004,CRIME_11,Dowry Death,Dowry Death,PS_103,DIST_1,2026-01-04,Under Investigation,The victim Deepa died under suspicious circumstances at her matrimonial home. The complainant alleges harassment for dowry by his neighbour.,16.163117,75.647499
FIR_985,100140150202400003,202400003,CRIME_11,Dowry Death,Dowry Death,PS_150,DIST_1,2024-03-20,Charge Sheeted,The victim Deepa died under suspicious circumstances at her matrimonial home. The complainant alleges harassment for dowry by her in-laws.,15.460441,75.585731
FIR_986,100050114202400003,202400003,CRIME_40,Rash Driving,Rash Driving,PS_114,DIST_1,2024-12-17,Closed (Undetected),"The complainant reported that the accused was driving a vehicle rashly near Market area, endangering pedestrians.",12.984371,77.617416
FIR_987,400270177202500001,202500001,CRIME_30,Data Theft,Data Theft,PS_177,DIST_1,2025-05-20,Pending Trial,The complainant's confidential business data was allegedly copied and misused by a former employee.,13.37895,74.765687
FIR_988,100070132202500002,202500002,CRIME_12,Domestic Violence,Domestic Violence,PS_132,DIST_1,2025-05-04,Convicted,The complainant alleged repeated physical and mental harassment by an unidentified assailant over dowry-related demands at their residence in College Road.,11.876734,76.945429
FIR_989,100050116202400018,202400018,CRIME_32,Ganja Possession,Ganja Possession,PS_116,DIST_1,2024-05-10,Pending Trial,Police intercepted the accused near APMC Yard and recovered 7.5 kg of ganja from their possession.,13.093044,77.533824
FIR_990,100050115202500010,202500010,CRIME_7,Robbery,Robbery,PS_115,DIST_1,2025-07-02,Closed (False Case),The complainant was robbed of cash and a mobile phone by unidentified persons near APMC Yard at knife-point.,12.961234,77.592411
FIR_991,100050118202500004,202500004,CRIME_27,Online Fraud,Online Fraud,PS_118,DIST_1,2025-06-08,Under Investigation,"The complainant received a call from an unknown person claiming to be a bank official, who obtained OTP details and transferred Rs 183,000 from the complainant's account.",12.91713,77.510088
FIR_992,100120145202400003,202400003,CRIME_9,Burglary,Burglary,PS_145,DIST_1,2024-12-25,Referred to Another PS,"Unknown persons broke into the complainant's premises at Ring Road at night and decamped with valuables worth Rs 257,000.",14.445052,75.958091
FIR_993,200050116202500004,202500004,CRIME_18,Child Labour,Child Labour,PS_116,DIST_1,2025-02-25,Compromised,The complainant reported an incident related to crimes against children occurring near Old Town. Investigation is underway to ascertain further facts.,13.093561,77.542324
FIR_994,100260176202400010,202400010,CRIME_8,Dacoity,Dacoity,PS_176,DIST_1,2024-03-25,Under Investigation,"A group of armed persons robbed the complainant's shop at New Extension, decamping with cash and goods worth Rs 316,000.",13.347731,77.124526
FIR_995,100130147202500003,202500003,CRIME_22,Caste Abuse,Caste Abuse,PS_147,DIST_1,2025-03-27,Charge Sheeted,The complainant reported an incident related to crimes against scs/sts occurring near College Road. Investigation is underway to ascertain further facts.,15.428617,75.027783
FIR_996,100080133202400006,202400006,CRIME_9,Burglary,Burglary,PS_133,DIST_1,2024-10-28,Closed (Undetected),"Unknown persons broke into the complainant's premises at Railway Station Road at night and decamped with valuables worth Rs 17,000.",13.449196,77.788823
FIR_997,100110144202400003,202400003,CRIME_46,Forged Documents,Forged Documents,PS_144,DIST_1,2024-06-11,Closed (Undetected),The complainant reported that property documents related to land at Old Town were forged by the accused.,12.880502,74.872341
FIR_998,100290179202600002,202600002,CRIME_2,Attempt to Murder,Attempt to Murder,PS_179,DIST_1,2026-03-13,Abated,The accused attacked Ramesh with a knife near Bus Stand Road following a quarrel over land boundary issues. The victim was rushed to hospital with grievous injuries.,15.225993,76.411781
FIR_999,800050116202500002,202500002,CRIME_14,Stalking,Stalking,PS_116,DIST_1,2025-01-01,Under Investigation,The complainant stated that the accused has been following and contacting her repeatedly near College Road despite objection.,13.023698,77.552436
FIR_1000,100220169202500002,202500002,CRIME_11,Dowry Death,Dowry Death,PS_169,DIST_1,2025-06-13,Charge Sheeted,The victim Deepa died under suspicious circumstances at her matrimonial home. The complainant alleges harassment for dowry by a known acquaintance.,12.315048,76.657441
