id,name_en,name_kn,age,gender,district_id,risk_score,is_repeat_offender
PERSON_ACCUSED_1,Venkatesh Hegde,Venkatesh Hegde,27,Male,DIST_1,45,
PERSON_ACCUSED_2,Thimmappa Hiremath,Thimmappa Hiremath,27,Male,DIST_1,45,
PERSON_ACCUSED_3,Kiran Naidu,Kiran Naidu,31,Male,DIST_1,45,
PERSON_ACCUSED_4,Mohammed Bangera,Mohammed Bangera,36,Male,DIST_1,45,
PERSON_ACCUSED_5,Umesh Shenoy,Umesh Shenoy,35,Male,DIST_1,45,
PERSON_ACCUSED_6,Gopal Hiremath,Gopal Hiremath,32,Male,DIST_1,45,
PERSON_ACCUSED_7,Ravi alias Katthi Ravi,Ravi alias Katthi Ravi,24,Male,DIST_1,81,1
PERSON_ACCUSED_8,Abdul Swamy,Abdul Swamy,23,Male,DIST_1,45,
PERSON_ACCUSED_9,Rashid Shetty,Rashid Shetty,35,Male,DIST_1,45,
PERSON_ACCUSED_10,Mahadev Salian,Mahadev Salian,23,Male,DIST_1,45,
PERSON_ACCUSED_11,Nadeem Joshi,Nadeem Joshi,23,Male,DIST_1,45,
PERSON_ACCUSED_12,Deepak Kumar alias Cyber Deepak,Deepak Kumar alias Cyber Deepak,26,Male,DIST_1,81,1
PERSON_ACCUSED_13,Umesh Sayyad,Umesh Sayyad,22,Male,DIST_1,45,
PERSON_ACCUSED_14,Vijaykumar Ansari,Vijaykumar Ansari,34,Male,DIST_1,45,
PERSON_ACCUSED_15,Kumar Menon,Kumar Menon,38,Male,DIST_1,45,
PERSON_ACCUSED_16,Girish Patel,Girish Patel,32,Male,DIST_1,45,
PERSON_ACCUSED_17,Hanumantha Kamath,Hanumantha Kamath,44,Male,DIST_1,45,
PERSON_ACCUSED_18,Rangaswamy Patel,Rangaswamy Patel,25,Male,DIST_1,45,
PERSON_ACCUSED_19,Vani Char,Vani Char,32,Female,DIST_1,45,
PERSON_ACCUSED_20,Noor Nair,Noor Nair,26,Female,DIST_1,45,
PERSON_ACCUSED_21,Iqbal Hubli,Iqbal Hubli,24,Male,DIST_1,45,
PERSON_ACCUSED_22,Raju alias Bullet Raju,Raju alias Bullet Raju,39,Male,DIST_1,97,1
PERSON_ACCUSED_23,Nadeem Murthy,Nadeem Murthy,21,Male,DIST_1,45,
PERSON_ACCUSED_24,Chandrashekar Patel,Chandrashekar Patel,33,Male,DIST_1,45,
PERSON_ACCUSED_25,Arshad Kulkarni,Arshad Kulkarni,37,Male,DIST_1,45,
PERSON_ACCUSED_26,Vijaykumar Suvarna,Vijaykumar Suvarna,33,Male,DIST_1,45,
PERSON_ACCUSED_27,Chandru Inamdar,Chandru Inamdar,27,Male,DIST_1,45,
PERSON_ACCUSED_28,Dinesh Bellary,Dinesh Bellary,25,Male,DIST_1,45,
PERSON_ACCUSED_29,Prasad alias Rowdy Prasad,Prasad alias Rowdy Prasad,31,Male,DIST_1,45,
PERSON_ACCUSED_30,Basavaraj Patel,Basavaraj Patel,29,Male,DIST_1,45,
PERSON_ACCUSED_31,Imran Siddiqui,Imran Siddiqui,34,Male,DIST_1,45,
PERSON_ACCUSED_32,Ganesh Achar,Ganesh Achar,22,Male,DIST_1,45,
PERSON_ACCUSED_33,Anwar Menon,Anwar Menon,18,Male,DIST_1,45,
PERSON_ACCUSED_34,Rashid Achar,Rashid Achar,21,Male,DIST_1,45,
PERSON_ACCUSED_35,Jameel Pai,Jameel Pai,32,Male,DIST_1,45,
PERSON_ACCUSED_36,Imran Maniyar,Imran Maniyar,33,Male,DIST_1,45,
PERSON_ACCUSED_37,Gopal Swamy,Gopal Swamy,18,Male,DIST_1,45,
PERSON_ACCUSED_38,Basheer Khan,Basheer Khan,29,Male,DIST_1,45,
PERSON_ACCUSED_39,Mahesh Swamy,Mahesh Swamy,36,Male,DIST_1,45,
PERSON_ACCUSED_40,Dinesh Maniyar,Dinesh Maniyar,38,Male,DIST_1,45,
PERSON_ACCUSED_41,Raghavendra Shetty,Raghavendra Shetty,34,Male,DIST_1,45,
PERSON_ACCUSED_42,Prasad Baig,Prasad Baig,22,Male,DIST_1,45,
PERSON_ACCUSED_43,Chandru Khan,Chandru Khan,32,Male,DIST_1,45,
PERSON_ACCUSED_44,Ismail Menon,Ismail Menon,19,Male,DIST_1,45,
PERSON_ACCUSED_45,Jagadish Shaikh,Jagadish Shaikh,31,Male,DIST_1,45,
PERSON_ACCUSED_46,Umesh Joshi,Umesh Joshi,39,Male,DIST_1,45,
PERSON_ACCUSED_47,Nagaraj Bhat,Nagaraj Bhat,27,Male,DIST_1,45,
PERSON_ACCUSED_48,Manju Joshi,Manju Joshi,30,Male,DIST_1,45,
PERSON_ACCUSED_49,Roshan Patel,Roshan Patel,21,Female,DIST_1,45,
PERSON_ACCUSED_50,Mahadev Patil,Mahadev Patil,19,Male,DIST_1,45,
PERSON_ACCUSED_51,Rashid Hegde,Rashid Hegde,40,Male,DIST_1,45,
PERSON_ACCUSED_52,Rangaswamy Ansari,Rangaswamy Ansari,18,Male,DIST_1,45,
PERSON_ACCUSED_53,Aslam Inamdar,Aslam Inamdar,30,Male,DIST_1,45,
PERSON_ACCUSED_54,Hanumantha Hegde,Hanumantha Hegde,18,Male,DIST_1,45,
PERSON_ACCUSED_55,Akbar Bhat,Akbar Bhat,19,Male,DIST_1,45,
PERSON_ACCUSED_56,Kumar Gowda,Kumar Gowda,30,Male,DIST_1,45,
PERSON_ACCUSED_57,Aslam Suvarna,Aslam Suvarna,31,Male,DIST_1,45,
PERSON_ACCUSED_58,Ganesh Murthy,Ganesh Murthy,28,Male,DIST_1,45,
PERSON_ACCUSED_59,Ganesh Kulkarni,Ganesh Kulkarni,21,Male,DIST_1,45,
PERSON_ACCUSED_60,Mahadev Devadiga,Mahadev Devadiga,21,Male,DIST_1,45,
PERSON_ACCUSED_61,Hussain Inamdar,Hussain Inamdar,27,Male,DIST_1,45,
PERSON_ACCUSED_62,Ganesh Nayak,Ganesh Nayak,27,Male,DIST_1,45,
PERSON_ACCUSED_63,Nagaraj Nayak,Nagaraj Nayak,40,Male,DIST_1,45,
PERSON_ACCUSED_64,Siddappa Menon,Siddappa Menon,37,Male,DIST_1,45,
PERSON_ACCUSED_65,Chandru alias Chinna,Chandru alias Chinna,30,Male,DIST_1,89,1
PERSON_ACCUSED_66,Saleem Menon,Saleem Menon,23,Male,DIST_1,45,
PERSON_ACCUSED_67,Nandini Siddiqui,Nandini Siddiqui,37,Female,DIST_1,45,
PERSON_ACCUSED_68,Mohan Nair,Mohan Nair,30,Male,DIST_1,45,
PERSON_ACCUSED_69,Santosh Ahmed,Santosh Ahmed,34,Male,DIST_1,45,
PERSON_ACCUSED_70,Manju Khan,Manju Khan,33,Male,DIST_1,45,
PERSON_ACCUSED_71,Yogesh Achar,Yogesh Achar,37,Male,DIST_1,45,
PERSON_ACCUSED_72,Dinesh Ali,Dinesh Ali,26,Male,DIST_1,45,
PERSON_ACCUSED_73,Vinay Gowda,Vinay Gowda,40,Male,DIST_1,45,
PERSON_ACCUSED_74,Jameel Bellary,Jameel Bellary,27,Male,DIST_1,45,
PERSON_ACCUSED_75,Basavaraj Sheikh,Basavaraj Sheikh,32,Male,DIST_1,45,
PERSON_ACCUSED_76,Kiran Maniyar,Kiran Maniyar,41,Male,DIST_1,45,
PERSON_ACCUSED_77,Ravi Inamdar,Ravi Inamdar,18,Male,DIST_1,45,
PERSON_ACCUSED_78,Ismail Qureshi,Ismail Qureshi,44,Male,DIST_1,45,
PERSON_ACCUSED_79,Anwar Suvarna,Anwar Suvarna,29,Male,DIST_1,45,
PERSON_ACCUSED_80,Mahadev Nayak,Mahadev Nayak,29,Male,DIST_1,45,
PERSON_ACCUSED_81,Mohan M Nair,Mohan M Nair,24,Male,DIST_1,45,
PERSON_ACCUSED_82,Anil Kulkarni,Anil Kulkarni,22,Male,DIST_1,45,
PERSON_ACCUSED_83,Prasad Patil,Prasad Patil,27,Male,DIST_1,45,
PERSON_ACCUSED_84,Abdul Reddy,Abdul Reddy,29,Male,DIST_1,45,
PERSON_ACCUSED_85,Rakesh Siddiqui,Rakesh Siddiqui,27,Male,DIST_1,45,
PERSON_ACCUSED_86,Shivakumar Char,Shivakumar Char,29,Male,DIST_1,45,
PERSON_ACCUSED_87,Shivakumar Menon,Shivakumar Menon,36,Male,DIST_1,45,
PERSON_ACCUSED_88,Aslam Naidu,Aslam Naidu,35,Male,DIST_1,45,
PERSON_ACCUSED_89,Anil Swamy,Anil Swamy,27,Male,DIST_1,45,
PERSON_ACCUSED_90,Suresh Kini,Suresh Kini,18,Male,DIST_1,45,
PERSON_ACCUSED_91,Shankar Mulla,Shankar Mulla,25,Male,DIST_1,45,
PERSON_ACCUSED_92,Yogesh Shetty,Yogesh Shetty,39,Male,DIST_1,45,
PERSON_ACCUSED_93,Vijaykumar Naidu,Vijaykumar Naidu,29,Male,DIST_1,45,
PERSON_ACCUSED_94,Imran Patel,Imran Patel,34,Male,DIST_1,45,
PERSON_ACCUSED_95,Iqbal Menon,Iqbal Menon,25,Male,DIST_1,45,
PERSON_ACCUSED_96,Ravi Poojary,Ravi Poojary,33,Male,DIST_1,45,
PERSON_ACCUSED_97,Kiran Poojary,Kiran Poojary,25,Male,DIST_1,45,
PERSON_ACCUSED_98,Lokesh Prabhu,Lokesh Prabhu,37,Male,DIST_1,45,
PERSON_ACCUSED_99,Deepak Hiremath,Deepak Hiremath,18,Male,DIST_1,45,
PERSON_ACCUSED_100,Shivakumar Nayak,Shivakumar Nayak,30,Male,DIST_1,45,
PERSON_ACCUSED_101,Akbar Nayak,Akbar Nayak,29,Male,DIST_1,45,
PERSON_ACCUSED_102,Santhosh Baig,Santhosh Baig,43,Male,DIST_1,45,
PERSON_ACCUSED_103,Mallesh Bangera,Mallesh Bangera,31,Male,DIST_1,45,
PERSON_ACCUSED_104,Kempe Khan,Kempe Khan,36,Male,DIST_1,45,
PERSON_ACCUSED_105,Venkatesh Khan,Venkatesh Khan,26,Male,DIST_1,45,
PERSON_ACCUSED_106,Suresh Murthy,Suresh Murthy,28,Male,DIST_1,45,
PERSON_ACCUSED_107,Suresh B Kini,Suresh B Kini,22,Male,DIST_1,45,
PERSON_ACCUSED_108,Mallesh Rao,Mallesh Rao,29,Male,DIST_1,45,
PERSON_ACCUSED_109,Chandru Sayyad,Chandru Sayyad,30,Male,DIST_1,45,
PERSON_ACCUSED_110,Yogesh Poojary,Yogesh Poojary,30,Male,DIST_1,45,
PERSON_ACCUSED_111,Divya Suvarna,Divya Suvarna,29,Female,DIST_1,45,
PERSON_ACCUSED_112,Kumar Naidu,Kumar Naidu,30,Male,DIST_1,45,
PERSON_ACCUSED_113,Byre Achar,Byre Achar,25,Male,DIST_1,45,
PERSON_ACCUSED_114,Mallesh Nair,Mallesh Nair,35,Male,DIST_1,45,
PERSON_ACCUSED_115,Jameel Hiremath,Jameel Hiremath,21,Male,DIST_1,45,
PERSON_ACCUSED_116,Madhu Bhat,Madhu Bhat,31,Male,DIST_1,45,
PERSON_ACCUSED_118,Kumar Qureshi,Kumar Qureshi,37,Male,DIST_1,45,
PERSON_ACCUSED_119,Ningappa Hiremath,Ningappa Hiremath,35,Male,DIST_1,45,
PERSON_ACCUSED_120,Dinesh Nair,Dinesh Nair,18,Male,DIST_1,45,
PERSON_ACCUSED_121,Saleem Joshi,Saleem Joshi,36,Male,DIST_1,45,
PERSON_ACCUSED_122,Mohammed Naidu,Mohammed Naidu,33,Male,DIST_1,45,
PERSON_ACCUSED_123,Kempe Rao,Kempe Rao,35,Male,DIST_1,45,
PERSON_ACCUSED_124,Madhu Ali,Madhu Ali,28,Male,DIST_1,45,
PERSON_ACCUSED_125,Manjunath Menon,Manjunath Menon,29,Male,DIST_1,45,
PERSON_ACCUSED_126,Chandru Nayak,Chandru Nayak,18,Male,DIST_1,45,
PERSON_ACCUSED_127,Prasad Sheikh,Prasad Sheikh,39,Male,DIST_1,45,
PERSON_ACCUSED_128,Nadeem Patil,Nadeem Patil,31,Male,DIST_1,45,
PERSON_ACCUSED_129,Faisal Nadaf,Faisal Nadaf,19,Male,DIST_1,45,
PERSON_ACCUSED_130,Ramesh Kamath,Ramesh Kamath,25,Male,DIST_1,45,
PERSON_ACCUSED_131,Raghavendra J Shetty,Raghavendra J Shetty,31,Male,DIST_1,45,
PERSON_ACCUSED_132,Faiz Shetty,Faiz Shetty,28,Male,DIST_1,45,
PERSON_ACCUSED_133,Imran Bangera,Imran Bangera,25,Male,DIST_1,45,
PERSON_ACCUSED_134,Saleem Suvarna,Saleem Suvarna,40,Male,DIST_1,45,
PERSON_ACCUSED_135,Aslam Menon,Aslam Menon,26,Male,DIST_1,45,
PERSON_ACCUSED_136,Thimmappa Salian,Thimmappa Salian,25,Male,DIST_1,45,
PERSON_ACCUSED_137,Ashok Rao,Ashok Rao,28,Male,DIST_1,45,
PERSON_ACCUSED_138,Syed Bellary,Syed Bellary,25,Male,DIST_1,45,
PERSON_ACCUSED_139,Suma Desai,Suma Desai,20,Female,DIST_1,45,
PERSON_ACCUSED_140,Gopal Nair,Gopal Nair,29,Male,DIST_1,45,
PERSON_ACCUSED_141,Aslam Qureshi,Aslam Qureshi,27,Male,DIST_1,45,
PERSON_ACCUSED_142,Ismail Nayak,Ismail Nayak,18,Male,DIST_1,45,
PERSON_ACCUSED_143,Prasad Char,Prasad Char,27,Male,DIST_1,45,
PERSON_ACCUSED_144,Deepak Naidu,Deepak Naidu,29,Male,DIST_1,45,
PERSON_ACCUSED_145,Arshad Char,Arshad Char,35,Male,DIST_1,45,
PERSON_ACCUSED_146,Santhosh Reddy,Santhosh Reddy,31,Male,DIST_1,45,
PERSON_ACCUSED_147,Faisal Shaikh,Faisal Shaikh,23,Male,DIST_1,45,
PERSON_ACCUSED_148,Mahesh Ahmed,Mahesh Ahmed,20,Male,DIST_1,45,
PERSON_ACCUSED_149,Zubaida Nadaf,Zubaida Nadaf,30,Female,DIST_1,45,
PERSON_ACCUSED_150,Rashid Kotian,Rashid Kotian,24,Male,DIST_1,45,
PERSON_ACCUSED_151,Mallesh Murthy,Mallesh Murthy,37,Male,DIST_1,45,
PERSON_ACCUSED_152,Rajesh Menon,Rajesh Menon,21,Male,DIST_1,45,
PERSON_ACCUSED_153,Nasreen Sheikh,Nasreen Sheikh,28,Female,DIST_1,45,
PERSON_ACCUSED_154,Rehana Kotian,Rehana Kotian,20,Female,DIST_1,45,
PERSON_ACCUSED_155,Arshad Bangera,Arshad Bangera,30,Male,DIST_1,45,
PERSON_ACCUSED_156,Manju Ahmed,Manju Ahmed,26,Male,DIST_1,45,
PERSON_ACCUSED_157,Darshan Khan,Darshan Khan,29,Male,DIST_1,45,
PERSON_ACCUSED_158,Satish Patel,Satish Patel,21,Male,DIST_1,45,
PERSON_ACCUSED_159,Lakshmi Ahmed,Lakshmi Ahmed,35,Female,DIST_1,45,
PERSON_ACCUSED_160,Hanumantha Hiremath,Hanumantha Hiremath,27,Male,DIST_1,45,
PERSON_ACCUSED_161,Gururaj Achar,Gururaj Achar,24,Male,DIST_1,45,
PERSON_ACCUSED_162,Rakesh alias Rocky,Rakesh alias Rocky,29,Male,DIST_1,81,1
PERSON_ACCUSED_163,Ashok Patel,Ashok Patel,31,Male,DIST_1,45,
PERSON_ACCUSED_164,Rajesh Char,Rajesh Char,26,Male,DIST_1,45,
PERSON_ACCUSED_165,Imran Mulla,Imran Mulla,27,Male,DIST_1,45,
PERSON_ACCUSED_166,Kempe Baig,Kempe Baig,28,Male,DIST_1,45,
PERSON_ACCUSED_167,Rangaswamy Pai,Rangaswamy Pai,32,Male,DIST_1,45,
PERSON_ACCUSED_168,Abdul Shaikh,Abdul Shaikh,18,Male,DIST_1,45,
PERSON_ACCUSED_169,Srinivas Shetty,Srinivas Shetty,38,Male,DIST_1,45,
PERSON_ACCUSED_170,Gururaj Sheikh,Gururaj Sheikh,29,Male,DIST_1,45,
PERSON_ACCUSED_171,Darshan Nair,Darshan Nair,32,Male,DIST_1,45,
PERSON_ACCUSED_172,Raghavendra Suvarna,Raghavendra Suvarna,36,Male,DIST_1,45,
PERSON_ACCUSED_173,Nadeem Baig,Nadeem Baig,23,Male,DIST_1,45,
PERSON_ACCUSED_174,Mahadev Sheikh,Mahadev Sheikh,27,Male,DIST_1,45,
PERSON_ACCUSED_175,Dinesh Achar,Dinesh Achar,23,Male,DIST_1,45,
PERSON_ACCUSED_176,Thimmappa Nadaf,Thimmappa Nadaf,37,Male,DIST_1,45,
PERSON_ACCUSED_177,Shabbir Salian,Shabbir Salian,31,Male,DIST_1,45,
PERSON_ACCUSED_178,Shabbir Nair,Shabbir Nair,29,Male,DIST_1,45,
PERSON_ACCUSED_179,Mallesh Kotian,Mallesh Kotian,34,Male,DIST_1,45,
PERSON_ACCUSED_180,Basheer Kini,Basheer Kini,29,Male,DIST_1,45,
PERSON_ACCUSED_181,Mahadeva Char,Mahadeva Char,29,Male,DIST_1,45,
PERSON_ACCUSED_182,Nasreen Devadiga,Nasreen Devadiga,22,Female,DIST_1,45,
PERSON_ACCUSED_183,Arshad Swamy,Arshad Swamy,37,Male,DIST_1,45,
PERSON_ACCUSED_184,Harish Hosur,Harish Hosur,45,Male,DIST_1,45,
PERSON_ACCUSED_185,Irfan Nadaf,Irfan Nadaf,25,Male,DIST_1,45,
PERSON_ACCUSED_186,Deepak N Hiremath,Deepak N Hiremath,18,Male,DIST_1,45,
PERSON_ACCUSED_187,Saleem W Menon,Saleem W Menon,20,Male,DIST_1,45,
PERSON_ACCUSED_188,Ravi Hegde,Ravi Hegde,20,Male,DIST_1,45,
PERSON_ACCUSED_189,Girish Nayak,Girish Nayak,33,Male,DIST_1,45,
PERSON_ACCUSED_190,Darshan Shaikh,Darshan Shaikh,29,Male,DIST_1,45,
PERSON_ACCUSED_191,Jameel Ali,Jameel Ali,18,Male,DIST_1,45,
PERSON_ACCUSED_192,Santhosh Rao,Santhosh Rao,42,Male,DIST_1,45,
PERSON_ACCUSED_193,Mohammed Maniyar,Mohammed Maniyar,28,Male,DIST_1,45,
PERSON_ACCUSED_194,Chandrashekar Shetty,Chandrashekar Shetty,33,Male,DIST_1,45,
PERSON_ACCUSED_195,Gopal Baig,Gopal Baig,29,Male,DIST_1,45,
PERSON_ACCUSED_196,Basavaraj Char,Basavaraj Char,19,Male,DIST_1,45,
PERSON_ACCUSED_197,Nagendra Hubli,Nagendra Hubli,35,Male,DIST_1,45,
PERSON_ACCUSED_198,Kempe Kamath,Kempe Kamath,28,Male,DIST_1,45,
PERSON_ACCUSED_199,Mohan Nadaf,Mohan Nadaf,37,Male,DIST_1,45,
PERSON_ACCUSED_200,Pradeep Patil,Pradeep Patil,37,Male,DIST_1,45,
PERSON_ACCUSED_201,Abdul Inamdar,Abdul Inamdar,30,Male,DIST_1,45,
PERSON_ACCUSED_202,Jameel Ahmed,Jameel Ahmed,18,Male,DIST_1,45,
PERSON_ACCUSED_203,Arshad Ali,Arshad Ali,28,Male,DIST_1,45,
PERSON_ACCUSED_204,Ramesh Bangera,Ramesh Bangera,18,Male,DIST_1,45,
PERSON_ACCUSED_205,Nadeem D Murthy,Nadeem D Murthy,25,Male,DIST_1,45,
PERSON_ACCUSED_206,Suresh Desai,Suresh Desai,22,Male,DIST_1,45,
PERSON_ACCUSED_207,Yusuf Achar,Yusuf Achar,31,Male,DIST_1,45,
PERSON_ACCUSED_208,Arshad Nair,Arshad Nair,18,Male,DIST_1,45,
PERSON_ACCUSED_209,Irfan Siddiqui,Irfan Siddiqui,18,Male,DIST_1,45,
PERSON_ACCUSED_210,Dinesh Nadaf,Dinesh Nadaf,29,Male,DIST_1,45,
PERSON_ACCUSED_211,Ningappa Hubli,Ningappa Hubli,46,Male,DIST_1,45,
PERSON_ACCUSED_212,Anitha Kamath,Anitha Kamath,24,Female,DIST_1,45,
PERSON_ACCUSED_213,Prasad Kamath,Prasad Kamath,32,Male,DIST_1,45,
PERSON_ACCUSED_214,Deepak Maniyar,Deepak Maniyar,32,Male,DIST_1,45,
PERSON_ACCUSED_215,Umesh Reddy,Umesh Reddy,30,Male,DIST_1,45,
PERSON_ACCUSED_216,Chandrashekar Nadaf,Chandrashekar Nadaf,33,Male,DIST_1,45,
PERSON_ACCUSED_217,Amina Shetty,Amina Shetty,18,Female,DIST_1,45,
PERSON_ACCUSED_218,Shivakumar Desai,Shivakumar Desai,31,Male,DIST_1,45,
PERSON_ACCUSED_219,Irfan Baig,Irfan Baig,30,Male,DIST_1,45,
PERSON_ACCUSED_220,Santhosh Sayyad,Santhosh Sayyad,30,Male,DIST_1,45,
PERSON_ACCUSED_221,Mahesh Kotian,Mahesh Kotian,34,Male,DIST_1,45,
PERSON_ACCUSED_222,Ashok Suvarna,Ashok Suvarna,24,Male,DIST_1,45,
PERSON_ACCUSED_223,Hanumantha Qureshi,Hanumantha Qureshi,36,Male,DIST_1,45,
PERSON_ACCUSED_224,Manju V Khan,Manju V Khan,18,Male,DIST_1,45,
PERSON_ACCUSED_225,Manjunath Bellary,Manjunath Bellary,23,Male,DIST_1,45,
PERSON_ACCUSED_226,Divya Inamdar,Divya Inamdar,38,Female,DIST_1,45,
PERSON_ACCUSED_227,Shabbir P Nair,Shabbir P Nair,28,Male,DIST_1,45,
PERSON_ACCUSED_228,Prasad A Char,Prasad A Char,39,Male,DIST_1,45,
PERSON_ACCUSED_229,Shivu Kamath,Shivu Kamath,32,Male,DIST_1,45,
PERSON_ACCUSED_230,Vinay Ahmed,Vinay Ahmed,21,Male,DIST_1,45,
PERSON_ACCUSED_231,Rashid Menon,Rashid Menon,37,Male,DIST_1,45,
PERSON_ACCUSED_232,Harish Bhat,Harish Bhat,26,Male,DIST_1,45,
PERSON_ACCUSED_233,Hussain Naidu,Hussain Naidu,34,Male,DIST_1,45,
PERSON_ACCUSED_234,Prasad Bangera,Prasad Bangera,29,Male,DIST_1,45,
PERSON_ACCUSED_235,Anil Ali,Anil Ali,40,Male,DIST_1,45,
PERSON_ACCUSED_236,Manjunath Rao,Manjunath Rao,20,Male,DIST_1,45,
PERSON_ACCUSED_237,Madhu Qureshi,Madhu Qureshi,33,Male,DIST_1,45,
PERSON_ACCUSED_238,Kempe Char,Kempe Char,29,Male,DIST_1,45,
PERSON_ACCUSED_239,Vijaykumar Achar,Vijaykumar Achar,31,Male,DIST_1,45,
PERSON_ACCUSED_240,Mallesh S Nair,Mallesh S Nair,33,Male,DIST_1,45,
PERSON_ACCUSED_241,Mohammed Hubli,Mohammed Hubli,38,Male,DIST_1,45,
PERSON_ACCUSED_242,Murali Naidu,Murali Naidu,29,Male,DIST_1,45,
PERSON_ACCUSED_243,Arun alias Arni,Arun alias Arni,39,Male,DIST_1,45,
PERSON_ACCUSED_244,Raghavendra Hosur,Raghavendra Hosur,20,Male,DIST_1,45,
PERSON_ACCUSED_245,Faiz Hiremath,Faiz Hiremath,34,Male,DIST_1,45,
PERSON_ACCUSED_246,Rizwan Ali,Rizwan Ali,32,Male,DIST_1,45,
PERSON_ACCUSED_247,Irfan Gowda,Irfan Gowda,39,Male,DIST_1,45,
PERSON_ACCUSED_248,Aslam Khan,Aslam Khan,33,Male,DIST_1,45,
PERSON_ACCUSED_249,Lata Swamy,Lata Swamy,21,Female,DIST_1,45,
PERSON_ACCUSED_250,Rajesh Achar,Rajesh Achar,29,Male,DIST_1,45,
PERSON_ACCUSED_251,Venkatesh Hosur,Venkatesh Hosur,33,Male,DIST_1,45,
PERSON_ACCUSED_252,Santhosh Hiremath,Santhosh Hiremath,24,Male,DIST_1,45,
PERSON_ACCUSED_253,Mahadeva Maniyar,Mahadeva Maniyar,24,Male,DIST_1,45,
PERSON_ACCUSED_254,Vishwanath Reddy,Vishwanath Reddy,23,Male,DIST_1,45,
PERSON_ACCUSED_255,Abdul Kini,Abdul Kini,28,Male,DIST_1,45,
PERSON_ACCUSED_256,Kiran Nadaf,Kiran Nadaf,39,Male,DIST_1,45,
PERSON_ACCUSED_257,Manjunath Pai,Manjunath Pai,20,Male,DIST_1,45,
PERSON_ACCUSED_258,Iqbal Char,Iqbal Char,36,Male,DIST_1,45,
PERSON_ACCUSED_259,Shivu Swamy,Shivu Swamy,28,Male,DIST_1,45,
PERSON_ACCUSED_260,Basheer Nadaf,Basheer Nadaf,36,Male,DIST_1,45,
PERSON_ACCUSED_261,Rakesh Hosur,Rakesh Hosur,18,Male,DIST_1,45,
PERSON_ACCUSED_262,Kempe Hiremath,Kempe Hiremath,28,Male,DIST_1,45,
PERSON_ACCUSED_263,Vinay Inamdar,Vinay Inamdar,22,Male,DIST_1,45,
PERSON_ACCUSED_264,Kumar Patil,Kumar Patil,35,Male,DIST_1,45,
PERSON_ACCUSED_265,Mallesh Bellary,Mallesh Bellary,32,Male,DIST_1,45,
PERSON_ACCUSED_266,Shabbir Inamdar,Shabbir Inamdar,27,Male,DIST_1,45,
PERSON_ACCUSED_267,Rajesh R Menon,Rajesh R Menon,18,Male,DIST_1,45,
PERSON_ACCUSED_268,Dinesh Kulkarni,Dinesh Kulkarni,29,Male,DIST_1,45,
PERSON_ACCUSED_269,Vishwanath Suvarna,Vishwanath Suvarna,26,Male,DIST_1,45,
PERSON_ACCUSED_270,Mohan Baig,Mohan Baig,37,Male,DIST_1,45,
PERSON_ACCUSED_271,Mohammed Shenoy,Mohammed Shenoy,24,Male,DIST_1,45,
PERSON_ACCUSED_273,Arshad Reddy,Arshad Reddy,18,Male,DIST_1,45,
PERSON_ACCUSED_274,Basavaraj alias Basya,Basavaraj alias Basya,28,Male,DIST_1,89,1
PERSON_ACCUSED_275,Chandrashekar J Shetty,Chandrashekar J Shetty,39,Male,DIST_1,45,
PERSON_ACCUSED_276,Iqbal Bhat,Iqbal Bhat,33,Male,DIST_1,45,
PERSON_ACCUSED_277,Satish Kamath,Satish Kamath,20,Male,DIST_1,45,
PERSON_ACCUSED_278,Faiz Murthy,Faiz Murthy,21,Male,DIST_1,45,
PERSON_ACCUSED_279,Satish Hubli,Satish Hubli,33,Male,DIST_1,45,
PERSON_ACCUSED_280,Iqbal Inamdar,Iqbal Inamdar,25,Male,DIST_1,45,
PERSON_ACCUSED_281,Ningappa Prabhu,Ningappa Prabhu,40,Male,DIST_1,45,
PERSON_ACCUSED_282,Akbar Patil,Akbar Patil,34,Male,DIST_1,45,
PERSON_ACCUSED_283,Lokesh Hiremath,Lokesh Hiremath,26,Male,DIST_1,45,
PERSON_ACCUSED_284,Kiran alias Kiri,Kiran alias Kiri,21,Male,DIST_1,89,1
PERSON_ACCUSED_285,Rakesh Hiremath,Rakesh Hiremath,32,Male,DIST_1,45,
PERSON_ACCUSED_286,Irfan Poojary,Irfan Poojary,36,Male,DIST_1,45,
PERSON_ACCUSED_288,Mohammed Qureshi,Mohammed Qureshi,31,Male,DIST_1,45,
PERSON_ACCUSED_289,Suresh Gowda,Suresh Gowda,18,Male,DIST_1,45,
PERSON_ACCUSED_290,Gopal Joshi,Gopal Joshi,32,Male,DIST_1,45,
PERSON_ACCUSED_291,Faiz Kotian,Faiz Kotian,34,Male,DIST_1,45,
PERSON_ACCUSED_292,Irfan Inamdar,Irfan Inamdar,34,Male,DIST_1,45,
PERSON_ACCUSED_293,Aslam T Khan,Aslam T Khan,22,Male,DIST_1,45,
PERSON_ACCUSED_294,Manja alias Ganja Manja,Manja alias Ganja Manja,33,Male,DIST_1,81,1
PERSON_ACCUSED_295,Jameel Reddy,Jameel Reddy,23,Male,DIST_1,45,
PERSON_ACCUSED_296,Faisal alias Fizz,Faisal alias Fizz,34,Male,DIST_1,81,1
PERSON_ACCUSED_297,Deepak Prabhu,Deepak Prabhu,36,Male,DIST_1,45,
PERSON_ACCUSED_298,Mallesh Mulla,Mallesh Mulla,28,Male,DIST_1,45,
PERSON_ACCUSED_299,Gururaj Maniyar,Gururaj Maniyar,27,Male,DIST_1,45,
PERSON_ACCUSED_300,Ratna Inamdar,Ratna Inamdar,30,Female,DIST_1,45,
PERSON_ACCUSED_301,Roopa Kulkarni,Roopa Kulkarni,28,Female,DIST_1,45,
PERSON_ACCUSED_302,Harish Sheikh,Harish Sheikh,25,Male,DIST_1,45,
PERSON_ACCUSED_303,Suresh D Murthy,Suresh D Murthy,24,Male,DIST_1,45,
PERSON_ACCUSED_304,Rehana Baig,Rehana Baig,28,Female,DIST_1,45,
PERSON_ACCUSED_305,Ismail Kulkarni,Ismail Kulkarni,19,Male,DIST_1,45,
PERSON_ACCUSED_306,Bhagya Kotian,Bhagya Kotian,36,Female,DIST_1,45,
PERSON_ACCUSED_307,Revathi Char,Revathi Char,27,Female,DIST_1,45,
PERSON_ACCUSED_308,Nagaraj A Nayak,Nagaraj A Nayak,20,Male,DIST_1,45,
PERSON_ACCUSED_309,Ravi Nadaf,Ravi Nadaf,29,Male,DIST_1,45,
PERSON_ACCUSED_310,Chandru Nair,Chandru Nair,29,Male,DIST_1,45,
PERSON_ACCUSED_311,Faisal Qureshi,Faisal Qureshi,30,Male,DIST_1,45,
PERSON_ACCUSED_312,Basheer Mulla,Basheer Mulla,29,Male,DIST_1,45,
PERSON_ACCUSED_313,Rajesh Bellary,Rajesh Bellary,28,Male,DIST_1,45,
PERSON_ACCUSED_314,Murali Hegde,Murali Hegde,29,Male,DIST_1,45,
PERSON_ACCUSED_315,Nadeem Bellary,Nadeem Bellary,33,Male,DIST_1,45,
PERSON_ACCUSED_316,Shabana Joshi,Shabana Joshi,26,Female,DIST_1,45,
PERSON_ACCUSED_317,Manjunath Prabhu,Manjunath Prabhu,35,Male,DIST_1,45,
PERSON_ACCUSED_318,Nadeem Ansari,Nadeem Ansari,32,Male,DIST_1,45,
PERSON_ACCUSED_319,Aslam Kamath,Aslam Kamath,26,Male,DIST_1,45,
PERSON_ACCUSED_320,Mahesh Shetty,Mahesh Shetty,35,Male,DIST_1,45,
PERSON_ACCUSED_321,Mahadev Bangera,Mahadev Bangera,26,Male,DIST_1,45,
PERSON_ACCUSED_322,Ramesh Poojary,Ramesh Poojary,18,Male,DIST_1,45,
PERSON_ACCUSED_323,Aslam Salian,Aslam Salian,27,Male,DIST_1,45,
PERSON_ACCUSED_324,Prakash Kini,Prakash Kini,34,Male,DIST_1,45,
PERSON_ACCUSED_325,Murali Nair,Murali Nair,26,Male,DIST_1,45,
PERSON_ACCUSED_326,Prakash Gowda,Prakash Gowda,22,Male,DIST_1,45,
PERSON_ACCUSED_327,Gururaj Sayyad,Gururaj Sayyad,24,Male,DIST_1,45,
PERSON_ACCUSED_328,Harish Bellary,Harish Bellary,32,Male,DIST_1,45,
PERSON_ACCUSED_329,Pradeep Siddiqui,Pradeep Siddiqui,23,Male,DIST_1,45,
PERSON_ACCUSED_330,Aslam Hosur,Aslam Hosur,30,Male,DIST_1,45,
PERSON_ACCUSED_331,Venkatesh Poojary,Venkatesh Poojary,21,Male,DIST_1,45,
PERSON_ACCUSED_332,Mohan P Nair,Mohan P Nair,30,Male,DIST_1,45,
PERSON_ACCUSED_333,Irfan Maniyar,Irfan Maniyar,28,Male,DIST_1,45,
PERSON_ACCUSED_334,Yusuf Bangera,Yusuf Bangera,32,Male,DIST_1,45,
PERSON_ACCUSED_335,Saleem Desai,Saleem Desai,20,Male,DIST_1,45,
PERSON_ACCUSED_336,Basheer Baig,Basheer Baig,21,Male,DIST_1,45,
PERSON_ACCUSED_337,Saleem Mulla,Saleem Mulla,26,Male,DIST_1,45,
PERSON_ACCUSED_338,Syed Siddiqui,Syed Siddiqui,26,Male,DIST_1,45,
PERSON_ACCUSED_339,Kempe Achar,Kempe Achar,40,Male,DIST_1,45,
PERSON_ACCUSED_340,Prakash Patel,Prakash Patel,31,Male,DIST_1,45,
PERSON_ACCUSED_341,Naveen Swamy,Naveen Swamy,21,Male,DIST_1,45,
PERSON_ACCUSED_342,Gururaj Swamy,Gururaj Swamy,35,Male,DIST_1,45,
PERSON_ACCUSED_343,Mahadev Ali,Mahadev Ali,23,Male,DIST_1,45,
PERSON_ACCUSED_344,Basheer Achar,Basheer Achar,18,Male,DIST_1,45,
PERSON_ACCUSED_345,Ramesh Patel,Ramesh Patel,28,Male,DIST_1,45,
PERSON_ACCUSED_346,Deepak Patil,Deepak Patil,31,Male,DIST_1,45,
PERSON_ACCUSED_347,Vijaykumar Pai,Vijaykumar Pai,24,Male,DIST_1,45,
PERSON_ACCUSED_348,Puttaswamy Sayyad,Puttaswamy Sayyad,34,Male,DIST_1,45,
PERSON_ACCUSED_349,Murali Qureshi,Murali Qureshi,28,Male,DIST_1,45,
PERSON_ACCUSED_350,Prakash Rao,Prakash Rao,21,Male,DIST_1,45,
PERSON_ACCUSED_351,Mahadeva Hosur,Mahadeva Hosur,31,Male,DIST_1,45,
PERSON_ACCUSED_352,Aslam Bangera,Aslam Bangera,20,Male,DIST_1,45,
PERSON_ACCUSED_353,Geetha Qureshi,Geetha Qureshi,25,Female,DIST_1,45,
PERSON_ACCUSED_354,Manjula Kotian,Manjula Kotian,30,Female,DIST_1,45,
PERSON_ACCUSED_355,Prasad Maniyar,Prasad Maniyar,18,Male,DIST_1,45,
PERSON_ACCUSED_356,Srinivas Swamy,Srinivas Swamy,32,Male,DIST_1,45,
PERSON_ACCUSED_357,Jagadish Suvarna,Jagadish Suvarna,19,Male,DIST_1,45,
PERSON_ACCUSED_358,Nagaraj Kamath,Nagaraj Kamath,25,Male,DIST_1,45,
PERSON_ACCUSED_359,Rashid Murthy,Rashid Murthy,28,Male,DIST_1,45,
PERSON_ACCUSED_360,Rakesh Suvarna,Rakesh Suvarna,28,Male,DIST_1,45,
PERSON_ACCUSED_361,Manjunath Patil,Manjunath Patil,28,Male,DIST_1,45,
PERSON_ACCUSED_362,Harish Sayyad,Harish Sayyad,27,Male,DIST_1,45,
PERSON_ACCUSED_363,Mahadev Char,Mahadev Char,18,Male,DIST_1,45,
PERSON_ACCUSED_364,Deepak Hosur,Deepak Hosur,37,Male,DIST_1,45,
PERSON_ACCUSED_365,Shankar Baig,Shankar Baig,25,Male,DIST_1,45,
PERSON_ACCUSED_366,Nagendra Gowda,Nagendra Gowda,29,Male,DIST_1,45,
PERSON_ACCUSED_367,Rizwan Achar,Rizwan Achar,19,Male,DIST_1,45,
PERSON_ACCUSED_368,Prasad Sayyad,Prasad Sayyad,29,Male,DIST_1,45,
PERSON_ACCUSED_369,Prakash Salian,Prakash Salian,46,Male,DIST_1,45,
PERSON_ACCUSED_370,Ratna Poojary,Ratna Poojary,40,Female,DIST_1,45,
PERSON_ACCUSED_371,Basheer Ansari,Basheer Ansari,39,Male,DIST_1,45,
PERSON_ACCUSED_372,Shivakumar Hegde,Shivakumar Hegde,33,Male,DIST_1,45,
PERSON_ACCUSED_373,Raghavendra Pai,Raghavendra Pai,28,Male,DIST_1,45,
PERSON_ACCUSED_374,Suresh Shaikh,Suresh Shaikh,29,Male,DIST_1,45,
PERSON_ACCUSED_375,Nagaraj Inamdar,Nagaraj Inamdar,30,Male,DIST_1,45,
PERSON_ACCUSED_376,Ningappa Reddy,Ningappa Reddy,31,Male,DIST_1,45,
PERSON_ACCUSED_377,Chandru Patil,Chandru Patil,30,Male,DIST_1,45,
PERSON_ACCUSED_378,Aslam A Kamath,Aslam A Kamath,30,Male,DIST_1,45,
PERSON_ACCUSED_379,Gururaj Kotian,Gururaj Kotian,18,Male,DIST_1,45,
PERSON_ACCUSED_380,Shivu Baig,Shivu Baig,30,Male,DIST_1,45,
PERSON_ACCUSED_381,Mahadeva Patel,Mahadeva Patel,27,Male,DIST_1,45,
PERSON_ACCUSED_382,Naveen alias Natti Naveen,Naveen alias Natti Naveen,33,Male,DIST_1,89,1
PERSON_ACCUSED_383,Santhosh Sheikh,Santhosh Sheikh,24,Male,DIST_1,45,
PERSON_ACCUSED_384,Kiran Swamy,Kiran Swamy,31,Male,DIST_1,45,
PERSON_ACCUSED_385,Nagendra Prabhu,Nagendra Prabhu,41,Male,DIST_1,45,
PERSON_ACCUSED_386,Yusuf Maniyar,Yusuf Maniyar,19,Male,DIST_1,45,
PERSON_ACCUSED_387,Mahadeva Prabhu,Mahadeva Prabhu,34,Male,DIST_1,45,
PERSON_ACCUSED_388,Girish Maniyar,Girish Maniyar,25,Male,DIST_1,45,
PERSON_ACCUSED_389,Siddappa Hiremath,Siddappa Hiremath,36,Male,DIST_1,45,
PERSON_ACCUSED_390,Shabbir Bangera,Shabbir Bangera,35,Male,DIST_1,45,
PERSON_ACCUSED_391,Umesh Patil,Umesh Patil,38,Male,DIST_1,45,
PERSON_ACCUSED_392,Rakesh Menon,Rakesh Menon,23,Male,DIST_1,45,
PERSON_ACCUSED_393,Naveen Kini,Naveen Kini,45,Male,DIST_1,45,
PERSON_ACCUSED_394,Pradeep Hosur,Pradeep Hosur,33,Male,DIST_1,45,
PERSON_ACCUSED_395,Jayamma Shetty,Jayamma Shetty,35,Female,DIST_1,45,
PERSON_ACCUSED_396,Harish J Sayyad,Harish J Sayyad,20,Male,DIST_1,45,
PERSON_ACCUSED_397,Arshad Kotian,Arshad Kotian,31,Male,DIST_1,45,
PERSON_ACCUSED_398,Satish Salian,Satish Salian,27,Male,DIST_1,45,
PERSON_ACCUSED_399,Parveen Ali,Parveen Ali,32,Female,DIST_1,45,
PERSON_ACCUSED_400,Ratna Reddy,Ratna Reddy,24,Female,DIST_1,45,
PERSON_ACCUSED_401,Manjunath R Menon,Manjunath R Menon,42,Male,DIST_1,45,
PERSON_ACCUSED_402,Sharada Siddiqui,Sharada Siddiqui,27,Female,DIST_1,45,
PERSON_ACCUSED_403,Rajesh Poojary,Rajesh Poojary,22,Male,DIST_1,45,
PERSON_ACCUSED_404,Lokesh alias Looti Lokesh,Lokesh alias Looti Lokesh,23,Male,DIST_1,81,1
PERSON_ACCUSED_406,Noor Gowda,Noor Gowda,33,Female,DIST_1,45,
PERSON_ACCUSED_407,Arshad Kini,Arshad Kini,36,Male,DIST_1,45,
PERSON_ACCUSED_408,Faisal K Nadaf,Faisal K Nadaf,28,Male,DIST_1,45,
PERSON_ACCUSED_409,Jameel Rao,Jameel Rao,30,Male,DIST_1,45,
PERSON_ACCUSED_410,Mahesh Pai,Mahesh Pai,31,Male,DIST_1,45,
PERSON_ACCUSED_411,Murali Rao,Murali Rao,30,Male,DIST_1,45,
PERSON_ACCUSED_412,Puttaswamy R Sayyad,Puttaswamy R Sayyad,27,Male,DIST_1,45,
PERSON_ACCUSED_413,Manjunath Mulla,Manjunath Mulla,25,Male,DIST_1,45,
PERSON_ACCUSED_414,Yusuf Poojary,Yusuf Poojary,29,Male,DIST_1,45,
PERSON_ACCUSED_415,Keshav Hosur,Keshav Hosur,30,Male,DIST_1,45,
PERSON_ACCUSED_416,Nagesh alias Naaga,Nagesh alias Naaga,34,Male,DIST_1,45,
PERSON_ACCUSED_417,Ramesh Hegde,Ramesh Hegde,32,Male,DIST_1,45,
PERSON_ACCUSED_418,Umesh Menon,Umesh Menon,31,Male,DIST_1,45,
PERSON_ACCUSED_419,Darshan Reddy,Darshan Reddy,32,Male,DIST_1,45,
PERSON_ACCUSED_420,Thimmappa B Nadaf,Thimmappa B Nadaf,18,Male,DIST_1,45,
PERSON_ACCUSED_421,Umesh Y Shenoy,Umesh Y Shenoy,32,Male,DIST_1,45,
PERSON_ACCUSED_422,Aslam Hiremath,Aslam Hiremath,31,Male,DIST_1,45,
PERSON_ACCUSED_423,Ningappa Bellary,Ningappa Bellary,33,Male,DIST_1,45,
PERSON_ACCUSED_424,Imran Rao,Imran Rao,25,Male,DIST_1,45,
PERSON_ACCUSED_425,Chandru Qureshi,Chandru Qureshi,25,Male,DIST_1,45,
PERSON_ACCUSED_426,Darshan Sayyad,Darshan Sayyad,18,Male,DIST_1,45,
PERSON_ACCUSED_427,Satish Shaikh,Satish Shaikh,24,Male,DIST_1,45,
PERSON_ACCUSED_428,Ravi Reddy,Ravi Reddy,20,Male,DIST_1,45,
PERSON_ACCUSED_429,Mohammed Sharif,Mohammed Sharif,38,Male,DIST_1,97,1
PERSON_ACCUSED_430,Yusuf Kulkarni,Yusuf Kulkarni,18,Male,DIST_1,45,
PERSON_ACCUSED_431,Manoj Patil,Manoj Patil,30,Male,DIST_1,81,1
PERSON_ACCUSED_432,Mumtaz Maniyar,Mumtaz Maniyar,39,Female,DIST_1,45,
PERSON_ACCUSED_433,Ramesh Hosur,Ramesh Hosur,25,Male,DIST_1,45,
PERSON_ACCUSED_434,Siddappa Kulkarni,Siddappa Kulkarni,21,Male,DIST_1,45,
PERSON_ACCUSED_435,Yogesh Patil,Yogesh Patil,18,Male,DIST_1,45,
PERSON_ACCUSED_436,Manju Ali,Manju Ali,28,Male,DIST_1,45,
PERSON_ACCUSED_437,Vinay Siddiqui,Vinay Siddiqui,32,Male,DIST_1,45,
PERSON_ACCUSED_438,Raghavendra Ahmed,Raghavendra Ahmed,31,Male,DIST_1,45,
PERSON_ACCUSED_439,Jagadish Mulla,Jagadish Mulla,29,Male,DIST_1,45,
PERSON_ACCUSED_440,Mahadeva Shetty,Mahadeva Shetty,24,Male,DIST_1,45,
PERSON_ACCUSED_442,Syed Patel,Syed Patel,31,Male,DIST_1,45,
PERSON_ACCUSED_443,Lakshmi Ansari,Lakshmi Ansari,29,Female,DIST_1,45,
PERSON_ACCUSED_444,Nadeem Reddy,Nadeem Reddy,18,Male,DIST_1,45,
PERSON_ACCUSED_445,Murali Sayyad,Murali Sayyad,22,Male,DIST_1,45,
PERSON_ACCUSED_446,Naveen Prabhu,Naveen Prabhu,28,Male,DIST_1,45,
PERSON_ACCUSED_447,Anil Sayyad,Anil Sayyad,40,Male,DIST_1,45,
PERSON_ACCUSED_448,Yogesh Hubli,Yogesh Hubli,29,Male,DIST_1,45,
PERSON_ACCUSED_449,Jagadish Desai,Jagadish Desai,33,Male,DIST_1,45,
PERSON_ACCUSED_450,Shankar Kini,Shankar Kini,23,Male,DIST_1,45,
PERSON_ACCUSED_451,Girish Char,Girish Char,33,Male,DIST_1,45,
PERSON_ACCUSED_452,Girish Salian,Girish Salian,30,Male,DIST_1,45,
PERSON_ACCUSED_453,Anil Bangera,Anil Bangera,26,Male,DIST_1,45,
PERSON_ACCUSED_454,Umesh Sheikh,Umesh Sheikh,35,Male,DIST_1,45,
PERSON_ACCUSED_455,Umesh Shaikh,Umesh Shaikh,33,Male,DIST_1,45,
PERSON_ACCUSED_456,Roshan Desai,Roshan Desai,27,Female,DIST_1,45,
PERSON_ACCUSED_457,Yusuf Khan,Yusuf Khan,39,Male,DIST_1,89,1
PERSON_ACCUSED_458,Mahesh Patil,Mahesh Patil,25,Male,DIST_1,45,
PERSON_ACCUSED_460,Thimmappa Mulla,Thimmappa Mulla,30,Male,DIST_1,45,
PERSON_ACCUSED_461,Chandrashekar Gowda,Chandrashekar Gowda,20,Male,DIST_1,45,
PERSON_ACCUSED_462,Santhosh Kotian,Santhosh Kotian,37,Male,DIST_1,45,
PERSON_ACCUSED_463,Venkatesh Murthy,Venkatesh Murthy,26,Male,DIST_1,45,
PERSON_ACCUSED_464,Ningappa Desai,Ningappa Desai,33,Male,DIST_1,45,
PERSON_ACCUSED_465,Shabbir Gowda,Shabbir Gowda,33,Male,DIST_1,45,
PERSON_ACCUSED_466,Mahadev Kini,Mahadev Kini,21,Male,DIST_1,45,
PERSON_ACCUSED_467,Ismail Baig,Ismail Baig,18,Male,DIST_1,45,
PERSON_ACCUSED_468,Ismail Achar,Ismail Achar,23,Male,DIST_1,45,
PERSON_ACCUSED_469,Aslam V Inamdar,Aslam V Inamdar,27,Male,DIST_1,45,
PERSON_ACCUSED_470,Satish Joshi,Satish Joshi,26,Male,DIST_1,45,
PERSON_ACCUSED_471,Raghavendra Gowda,Raghavendra Gowda,35,Male,DIST_1,45,
PERSON_ACCUSED_472,Rizwan C Achar,Rizwan C Achar,32,Male,DIST_1,45,
PERSON_ACCUSED_473,Harish alias Rowdy Harish,Harish alias Rowdy Harish,31,Male,DIST_1,81,1
PERSON_ACCUSED_474,Chandru Naidu,Chandru Naidu,33,Male,DIST_1,45,
PERSON_ACCUSED_475,Ganesh Hegde,Ganesh Hegde,38,Male,DIST_1,45,
PERSON_ACCUSED_476,Shankar Desai,Shankar Desai,39,Male,DIST_1,45,
PERSON_ACCUSED_477,Byre Nadaf,Byre Nadaf,25,Male,DIST_1,45,
PERSON_ACCUSED_478,Bharathi Ansari,Bharathi Ansari,27,Female,DIST_1,45,
PERSON_ACCUSED_479,Darshan D Khan,Darshan D Khan,28,Male,DIST_1,45,
PERSON_ACCUSED_480,Syed Maniyar,Syed Maniyar,25,Male,DIST_1,45,
PERSON_ACCUSED_481,Suresh Nayak,Suresh Nayak,27,Male,DIST_1,45,
PERSON_ACCUSED_482,Girish Ahmed,Girish Ahmed,31,Male,DIST_1,45,
PERSON_ACCUSED_483,Aslam V Kamath,Aslam V Kamath,26,Male,DIST_1,45,
PERSON_ACCUSED_484,Mohammed Char,Mohammed Char,28,Male,DIST_1,45,
PERSON_ACCUSED_485,Nagaraj Sayyad,Nagaraj Sayyad,35,Male,DIST_1,45,
PERSON_ACCUSED_486,Vinay Joshi,Vinay Joshi,33,Male,DIST_1,45,
PERSON_ACCUSED_487,Girish Patil,Girish Patil,29,Male,DIST_1,45,
PERSON_ACCUSED_488,Ashok Qureshi,Ashok Qureshi,18,Male,DIST_1,45,
PERSON_ACCUSED_489,Saraswathi Kotian,Saraswathi Kotian,20,Female,DIST_1,45,
PERSON_ACCUSED_490,Shivu Reddy,Shivu Reddy,28,Male,DIST_1,45,
PERSON_ACCUSED_491,Abdul Char,Abdul Char,32,Male,DIST_1,45,
PERSON_ACCUSED_492,Raghavendra Baig,Raghavendra Baig,28,Male,DIST_1,45,
PERSON_ACCUSED_493,Satish Swamy,Satish Swamy,28,Male,DIST_1,45,
PERSON_ACCUSED_494,Rangaswamy Reddy,Rangaswamy Reddy,32,Male,DIST_1,45,
PERSON_ACCUSED_495,Nagendra Ansari,Nagendra Ansari,27,Male,DIST_1,45,
PERSON_ACCUSED_496,Anil Inamdar,Anil Inamdar,36,Male,DIST_1,45,
PERSON_ACCUSED_497,Rakesh Patel,Rakesh Patel,28,Male,DIST_1,45,
PERSON_ACCUSED_498,Kumar Nadaf,Kumar Nadaf,26,Male,DIST_1,45,
PERSON_ACCUSED_499,Venkatesh Swamy,Venkatesh Swamy,35,Male,DIST_1,45,
PERSON_ACCUSED_500,Santosh Reddy,Santosh Reddy,35,Male,DIST_1,45,
PERSON_ACCUSED_501,Muniyappa alias Muni,Muniyappa alias Muni,34,Male,DIST_1,81,1
PERSON_ACCUSED_502,Anil R Swamy,Anil R Swamy,28,Male,DIST_1,45,
PERSON_ACCUSED_503,Srinivas alias Nari Srinivas,Srinivas alias Nari Srinivas,24,Male,DIST_1,97,1
PERSON_ACCUSED_504,Anil Nadaf,Anil Nadaf,25,Male,DIST_1,45,
PERSON_ACCUSED_505,Nagaraj Swamy,Nagaraj Swamy,29,Male,DIST_1,45,
PERSON_ACCUSED_506,Thimmappa Kini,Thimmappa Kini,39,Male,DIST_1,45,
PERSON_ACCUSED_507,Ramesh Mulla,Ramesh Mulla,23,Male,DIST_1,45,
PERSON_ACCUSED_509,Pushpa Shenoy,Pushpa Shenoy,32,Female,DIST_1,45,
PERSON_ACCUSED_510,Ningappa Pai,Ningappa Pai,18,Male,DIST_1,45,
PERSON_ACCUSED_511,Dinesh Sheikh,Dinesh Sheikh,20,Male,DIST_1,45,
PERSON_ACCUSED_512,Prakash Mulla,Prakash Mulla,25,Male,DIST_1,45,
PERSON_ACCUSED_513,Shankar Qureshi,Shankar Qureshi,28,Male,DIST_1,45,
PERSON_ACCUSED_514,Prakash Prabhu,Prakash Prabhu,24,Male,DIST_1,45,
PERSON_ACCUSED_515,Hussain Shetty,Hussain Shetty,18,Male,DIST_1,45,
PERSON_ACCUSED_516,Saleem Kulkarni,Saleem Kulkarni,34,Male,DIST_1,45,
PERSON_ACCUSED_517,Hanumantha H Hiremath,Hanumantha H Hiremath,38,Male,DIST_1,45,
PERSON_ACCUSED_518,Ravi Siddiqui,Ravi Siddiqui,28,Male,DIST_1,45,
PERSON_ACCUSED_519,Shankar Murthy,Shankar Murthy,18,Male,DIST_1,45,
PERSON_ACCUSED_520,Vijaykumar Devadiga,Vijaykumar Devadiga,30,Male,DIST_1,45,
PERSON_ACCUSED_521,Faiz Reddy,Faiz Reddy,24,Male,DIST_1,45,
PERSON_ACCUSED_522,Thimmappa Bangera,Thimmappa Bangera,23,Male,DIST_1,45,
PERSON_ACCUSED_523,Nagaraj Salian,Nagaraj Salian,26,Male,DIST_1,45,
PERSON_ACCUSED_524,Rashid N Kotian,Rashid N Kotian,26,Male,DIST_1,45,
PERSON_ACCUSED_525,Shivakumar Hubli,Shivakumar Hubli,31,Male,DIST_1,45,
PERSON_ACCUSED_526,Manju Ansari,Manju Ansari,31,Male,DIST_1,45,
PERSON_ACCUSED_527,Byre Bangera,Byre Bangera,18,Male,DIST_1,45,
PERSON_ACCUSED_528,Nandini Sayyad,Nandini Sayyad,25,Female,DIST_1,45,
PERSON_ACCUSED_529,Thimmappa Shenoy,Thimmappa Shenoy,20,Male,DIST_1,45,
PERSON_ACCUSED_530,Mahadev Bhat,Mahadev Bhat,25,Male,DIST_1,45,
PERSON_ACCUSED_531,Vishwanath Salian,Vishwanath Salian,23,Male,DIST_1,45,
PERSON_ACCUSED_532,Puttaswamy Murthy,Puttaswamy Murthy,31,Male,DIST_1,45,
PERSON_ACCUSED_533,Santhosh Shaikh,Santhosh Shaikh,26,Male,DIST_1,45,
PERSON_ACCUSED_534,Basheer L Nadaf,Basheer L Nadaf,31,Male,DIST_1,45,
PERSON_ACCUSED_535,Rangaswamy Rao,Rangaswamy Rao,23,Male,DIST_1,45,
PERSON_ACCUSED_536,Nagaraj Ahmed,Nagaraj Ahmed,34,Male,DIST_1,45,
PERSON_ACCUSED_537,Jameel Mulla,Jameel Mulla,21,Male,DIST_1,45,
PERSON_ACCUSED_538,Mahadeva Ali,Mahadeva Ali,28,Male,DIST_1,45,
PERSON_ACCUSED_539,Shivu Sayyad,Shivu Sayyad,18,Male,DIST_1,45,
PERSON_ACCUSED_540,Prasad Desai,Prasad Desai,21,Male,DIST_1,45,
PERSON_ACCUSED_541,Vinay E Joshi,Vinay E Joshi,23,Male,DIST_1,45,
PERSON_ACCUSED_542,Mahadev Achar,Mahadev Achar,34,Male,DIST_1,45,
PERSON_ACCUSED_543,Shivakumar Poojary,Shivakumar Poojary,27,Male,DIST_1,45,
PERSON_ACCUSED_544,Kumar Shetty,Kumar Shetty,29,Male,DIST_1,45,
PERSON_ACCUSED_545,Naveen Patil,Naveen Patil,33,Male,DIST_1,45,
PERSON_ACCUSED_546,Saleem N Suvarna,Saleem N Suvarna,35,Male,DIST_1,45,
PERSON_ACCUSED_547,Srinivas Poojary,Srinivas Poojary,18,Male,DIST_1,45,
PERSON_ACCUSED_548,Ismail Mulla,Ismail Mulla,30,Male,DIST_1,45,
PERSON_ACCUSED_549,Madhu Pai,Madhu Pai,22,Male,DIST_1,45,
PERSON_ACCUSED_550,Srinivas Maniyar,Srinivas Maniyar,26,Male,DIST_1,45,
PERSON_ACCUSED_551,Iqbal Kini,Iqbal Kini,18,Male,DIST_1,45,
PERSON_ACCUSED_552,Prema Patel,Prema Patel,25,Female,DIST_1,45,
PERSON_ACCUSED_553,Srinivas Bangera,Srinivas Bangera,32,Male,DIST_1,45,
PERSON_ACCUSED_554,Ashok Patil,Ashok Patil,27,Male,DIST_1,45,
PERSON_ACCUSED_555,Nagendra Swamy,Nagendra Swamy,18,Male,DIST_1,45,
PERSON_ACCUSED_556,Irfan A Nadaf,Irfan A Nadaf,25,Male,DIST_1,45,
PERSON_ACCUSED_557,Yusuf Hubli,Yusuf Hubli,34,Male,DIST_1,45,
PERSON_ACCUSED_558,Pradeep Qureshi,Pradeep Qureshi,30,Male,DIST_1,45,
PERSON_ACCUSED_559,Jagadish Patel,Jagadish Patel,25,Male,DIST_1,45,
PERSON_ACCUSED_560,Ganesh Joshi,Ganesh Joshi,26,Male,DIST_1,45,
PERSON_ACCUSED_561,Nagendra H Swamy,Nagendra H Swamy,35,Male,DIST_1,45,
PERSON_ACCUSED_562,Srinivas Achar,Srinivas Achar,25,Male,DIST_1,45,
PERSON_ACCUSED_563,Yogesh Reddy,Yogesh Reddy,18,Male,DIST_1,45,
PERSON_ACCUSED_564,Anwar Bhat,Anwar Bhat,38,Male,DIST_1,45,
PERSON_ACCUSED_565,Shankar Devadiga,Shankar Devadiga,26,Male,DIST_1,45,
PERSON_ACCUSED_566,Shivu Kulkarni,Shivu Kulkarni,27,Male,DIST_1,45,
PERSON_ACCUSED_567,Shabbir alias Shabba,Shabbir alias Shabba,27,Male,DIST_1,81,1
PERSON_ACCUSED_568,Shivakumar V Menon,Shivakumar V Menon,34,Male,DIST_1,45,
PERSON_ACCUSED_570,Suresh Mulla,Suresh Mulla,25,Male,DIST_1,45,
PERSON_ACCUSED_572,Hanumantha Ahmed,Hanumantha Ahmed,22,Male,DIST_1,45,
PERSON_ACCUSED_573,Saleem Shenoy,Saleem Shenoy,28,Male,DIST_1,45,
PERSON_ACCUSED_574,Suresh alias Chain Suresh,Suresh alias Chain Suresh,24,Male,DIST_1,81,1
PERSON_ACCUSED_575,Mahadeva Nayak,Mahadeva Nayak,21,Male,DIST_1,45,
PERSON_ACCUSED_576,Basheer Hosur,Basheer Hosur,28,Male,DIST_1,45,
PERSON_ACCUSED_577,Shamsher alias Bullet,Shamsher alias Bullet,39,Male,DIST_1,81,1
PERSON_ACCUSED_578,Santosh Poojary,Santosh Poojary,21,Male,DIST_1,45,
PERSON_ACCUSED_579,Raghavendra Nair,Raghavendra Nair,23,Male,DIST_1,45,
PERSON_ACCUSED_580,Faiz Pai,Faiz Pai,20,Male,DIST_1,45,
PERSON_ACCUSED_581,Imran Reddy,Imran Reddy,34,Male,DIST_1,45,
PERSON_ACCUSED_582,Mohan Ansari,Mohan Ansari,21,Male,DIST_1,45,
PERSON_ACCUSED_583,Zubaida Naidu,Zubaida Naidu,39,Female,DIST_1,45,
PERSON_ACCUSED_584,Santhosh Kini,Santhosh Kini,18,Male,DIST_1,45,
PERSON_ACCUSED_585,Ningappa R Pai,Ningappa R Pai,30,Male,DIST_1,45,
PERSON_ACCUSED_586,Byre L Bangera,Byre L Bangera,24,Male,DIST_1,45,
PERSON_ACCUSED_587,Nagendra Reddy,Nagendra Reddy,29,Male,DIST_1,45,
PERSON_ACCUSED_588,Nagaraj Ali,Nagaraj Ali,29,Male,DIST_1,45,
PERSON_ACCUSED_589,Irfan Patil,Irfan Patil,33,Male,DIST_1,45,
PERSON_ACCUSED_590,Jagadish Kamath,Jagadish Kamath,18,Male,DIST_1,45,
PERSON_ACCUSED_591,Hanumantha Murthy,Hanumantha Murthy,27,Male,DIST_1,45,
PERSON_ACCUSED_592,Raghavendra Maniyar,Raghavendra Maniyar,27,Male,DIST_1,45,
PERSON_ACCUSED_593,Mohan Nayak,Mohan Nayak,26,Male,DIST_1,45,
PERSON_ACCUSED_594,Hussain Hubli,Hussain Hubli,34,Male,DIST_1,45,
PERSON_ACCUSED_595,Girish Bangera,Girish Bangera,18,Male,DIST_1,45,
PERSON_ACCUSED_596,Faisal C Nadaf,Faisal C Nadaf,23,Male,DIST_1,45,
PERSON_ACCUSED_597,Vijaykumar Bhat,Vijaykumar Bhat,29,Male,DIST_1,45,
PERSON_ACCUSED_598,Kiran Shenoy,Kiran Shenoy,30,Male,DIST_1,45,
PERSON_ACCUSED_599,Hanumantha Y Qureshi,Hanumantha Y Qureshi,22,Male,DIST_1,45,
PERSON_ACCUSED_600,Faisal Suvarna,Faisal Suvarna,28,Male,DIST_1,45,
PERSON_ACCUSED_601,Shabbir Shenoy,Shabbir Shenoy,23,Male,DIST_1,45,
PERSON_ACCUSED_602,Girish Joshi,Girish Joshi,37,Male,DIST_1,45,
PERSON_ACCUSED_603,Ningappa W Desai,Ningappa W Desai,34,Male,DIST_1,45,
PERSON_ACCUSED_604,Rizwan Qureshi,Rizwan Qureshi,37,Male,DIST_1,45,
PERSON_ACCUSED_605,Mohammed Nadaf,Mohammed Nadaf,35,Male,DIST_1,45,
PERSON_ACCUSED_606,Harish Shenoy,Harish Shenoy,29,Male,DIST_1,45,
PERSON_ACCUSED_607,Faiz Shenoy,Faiz Shenoy,30,Male,DIST_1,45,
PERSON_ACCUSED_608,Priya Bangera,Priya Bangera,35,Female,DIST_1,45,
PERSON_ACCUSED_609,Nagaraj Kotian,Nagaraj Kotian,45,Male,DIST_1,45,
PERSON_ACCUSED_610,Hussain Suvarna,Hussain Suvarna,34,Male,DIST_1,45,
PERSON_ACCUSED_611,Shankar Bhat,Shankar Bhat,34,Male,DIST_1,45,
PERSON_ACCUSED_612,Mahesh Gowda,Mahesh Gowda,34,Male,DIST_1,45,
PERSON_ACCUSED_613,Nadeem Desai,Nadeem Desai,30,Male,DIST_1,45,
PERSON_ACCUSED_614,Basheer U Mulla,Basheer U Mulla,31,Male,DIST_1,45,
PERSON_ACCUSED_615,Imran Shaikh,Imran Shaikh,30,Male,DIST_1,45,
PERSON_ACCUSED_616,Faisal Nair,Faisal Nair,31,Male,DIST_1,45,
PERSON_ACCUSED_617,Sunitha Bangera,Sunitha Bangera,29,Female,DIST_1,45,
PERSON_ACCUSED_618,Gopal Menon,Gopal Menon,20,Male,DIST_1,45,
PERSON_ACCUSED_619,Girish Nadaf,Girish Nadaf,32,Male,DIST_1,45,
PERSON_ACCUSED_620,Geetha Char,Geetha Char,32,Female,DIST_1,45,
PERSON_ACCUSED_621,Hussain Bellary,Hussain Bellary,19,Male,DIST_1,45,
PERSON_ACCUSED_622,Rangaswamy Shenoy,Rangaswamy Shenoy,28,Male,DIST_1,45,
PERSON_ACCUSED_623,Rangaswamy Sayyad,Rangaswamy Sayyad,23,Male,DIST_1,45,
PERSON_ACCUSED_624,Faisal Achar,Faisal Achar,19,Male,DIST_1,45,
PERSON_ACCUSED_625,Ashok Achar,Ashok Achar,35,Male,DIST_1,45,
PERSON_ACCUSED_626,Yusuf Kini,Yusuf Kini,27,Male,DIST_1,45,
PERSON_ACCUSED_627,Chandrashekar Ali,Chandrashekar Ali,21,Male,DIST_1,45,
PERSON_ACCUSED_628,Abdul Joshi,Abdul Joshi,18,Male,DIST_1,45,
PERSON_ACCUSED_629,Srinivas S Bangera,Srinivas S Bangera,24,Male,DIST_1,45,
PERSON_ACCUSED_630,Naveen Gowda,Naveen Gowda,22,Male,DIST_1,45,
PERSON_ACCUSED_631,Shivu Nayak,Shivu Nayak,23,Male,DIST_1,45,
PERSON_ACCUSED_632,Gopal Murthy,Gopal Murthy,40,Male,DIST_1,45,
PERSON_ACCUSED_633,Murali Achar,Murali Achar,26,Male,DIST_1,45,
PERSON_ACCUSED_634,Shivakumar Kotian,Shivakumar Kotian,25,Male,DIST_1,45,
PERSON_ACCUSED_635,Mohammed Shaikh,Mohammed Shaikh,26,Male,DIST_1,45,
PERSON_ACCUSED_636,Ravi Kamath,Ravi Kamath,24,Male,DIST_1,45,
PERSON_ACCUSED_637,Keshav Hiremath,Keshav Hiremath,29,Male,DIST_1,45,
PERSON_ACCUSED_638,Raghavendra Ali,Raghavendra Ali,27,Male,DIST_1,45,
PERSON_ACCUSED_639,Srinivas Patil,Srinivas Patil,24,Male,DIST_1,45,
PERSON_ACCUSED_640,Vinay Kini,Vinay Kini,34,Male,DIST_1,45,
PERSON_ACCUSED_641,Gururaj Patel,Gururaj Patel,44,Male,DIST_1,45,
PERSON_ACCUSED_642,Aslam Kulkarni,Aslam Kulkarni,30,Male,DIST_1,45,
PERSON_ACCUSED_643,Umesh S Reddy,Umesh S Reddy,21,Male,DIST_1,45,
PERSON_ACCUSED_644,Deepak J Naidu,Deepak J Naidu,31,Male,DIST_1,45,
PERSON_ACCUSED_645,Prakash Siddiqui,Prakash Siddiqui,38,Male,DIST_1,45,
PERSON_ACCUSED_646,Imran E Rao,Imran E Rao,27,Male,DIST_1,45,
PERSON_ACCUSED_647,Kumar Patel,Kumar Patel,33,Male,DIST_1,45,
PERSON_ACCUSED_648,Byre Siddiqui,Byre Siddiqui,31,Male,DIST_1,45,
PERSON_ACCUSED_649,Pradeep Shetty,Pradeep Shetty,19,Male,DIST_1,45,
PERSON_ACCUSED_650,Rizwan Prabhu,Rizwan Prabhu,27,Male,DIST_1,45,
PERSON_ACCUSED_651,Abdul Desai,Abdul Desai,32,Male,DIST_1,45,
PERSON_ACCUSED_652,Hussain Achar,Hussain Achar,35,Male,DIST_1,45,
PERSON_ACCUSED_653,Hanumantha Pai,Hanumantha Pai,23,Male,DIST_1,45,
PERSON_ACCUSED_654,Amina Patel,Amina Patel,21,Female,DIST_1,45,
PERSON_ACCUSED_655,Imran Ahmed alias Immi,Imran Ahmed alias Immi,39,Male,DIST_1,89,1
PERSON_ACCUSED_656,Ratna Devadiga,Ratna Devadiga,21,Female,DIST_1,45,
PERSON_ACCUSED_657,Iqbal Kulkarni,Iqbal Kulkarni,27,Male,DIST_1,45,
PERSON_ACCUSED_658,Amina Nadaf,Amina Nadaf,23,Female,DIST_1,45,
PERSON_ACCUSED_659,Ganesh Qureshi,Ganesh Qureshi,18,Male,DIST_1,45,
PERSON_ACCUSED_660,Mohan Naidu,Mohan Naidu,29,Male,DIST_1,45,
PERSON_ACCUSED_661,Zubaida Maniyar,Zubaida Maniyar,23,Female,DIST_1,45,
PERSON_ACCUSED_662,Vijaykumar Murthy,Vijaykumar Murthy,26,Male,DIST_1,45,
PERSON_ACCUSED_663,Vijaykumar Sheikh,Vijaykumar Sheikh,25,Male,DIST_1,45,
PERSON_ACCUSED_664,Syed Salian,Syed Salian,35,Male,DIST_1,45,
PERSON_ACCUSED_665,Yogesh Patel,Yogesh Patel,19,Male,DIST_1,45,
PERSON_ACCUSED_667,Ramesh Sayyad,Ramesh Sayyad,30,Male,DIST_1,45,
PERSON_ACCUSED_668,Deepak Devadiga,Deepak Devadiga,23,Male,DIST_1,45,
PERSON_ACCUSED_669,Ratna Shaikh,Ratna Shaikh,23,Female,DIST_1,45,
PERSON_ACCUSED_670,Imran K Bangera,Imran K Bangera,30,Male,DIST_1,45,
PERSON_ACCUSED_671,Gururaj Devadiga,Gururaj Devadiga,18,Male,DIST_1,45,
PERSON_ACCUSED_672,Murali Shenoy,Murali Shenoy,20,Male,DIST_1,45,
PERSON_ACCUSED_673,Madhu Shetty,Madhu Shetty,34,Male,DIST_1,45,
PERSON_ACCUSED_674,Chandrashekar Shenoy,Chandrashekar Shenoy,28,Male,DIST_1,45,
PERSON_ACCUSED_675,Aslam N Inamdar,Aslam N Inamdar,29,Male,DIST_1,45,
PERSON_ACCUSED_676,Prema Nair,Prema Nair,33,Female,DIST_1,45,
PERSON_ACCUSED_677,Ganesh Ali,Ganesh Ali,35,Male,DIST_1,45,
PERSON_ACCUSED_678,Darshan Swamy,Darshan Swamy,27,Male,DIST_1,45,
PERSON_ACCUSED_679,Manjunath Nadaf,Manjunath Nadaf,24,Male,DIST_1,45,
PERSON_ACCUSED_680,Chandru Maniyar,Chandru Maniyar,32,Male,DIST_1,45,
PERSON_ACCUSED_681,Saleem Char,Saleem Char,26,Male,DIST_1,45,
PERSON_ACCUSED_682,Santosh Nair,Santosh Nair,31,Male,DIST_1,45,
PERSON_ACCUSED_683,Shabbir Bellary,Shabbir Bellary,41,Male,DIST_1,45,
PERSON_ACCUSED_684,Yusuf Baig,Yusuf Baig,27,Male,DIST_1,45,
PERSON_ACCUSED_685,Kiran Bellary,Kiran Bellary,29,Male,DIST_1,45,
PERSON_ACCUSED_686,Byre Joshi,Byre Joshi,20,Male,DIST_1,45,
PERSON_ACCUSED_687,Puttaswamy Inamdar,Puttaswamy Inamdar,26,Male,DIST_1,45,
PERSON_ACCUSED_688,Lokesh Patil,Lokesh Patil,33,Male,DIST_1,45,
PERSON_ACCUSED_689,Ismail V Qureshi,Ismail V Qureshi,27,Male,DIST_1,45,
PERSON_ACCUSED_690,Hussain Joshi,Hussain Joshi,32,Male,DIST_1,45,
PERSON_ACCUSED_691,Anwar K Menon,Anwar K Menon,33,Male,DIST_1,45,
PERSON_ACCUSED_692,Srinivas Devadiga,Srinivas Devadiga,27,Male,DIST_1,45,
PERSON_ACCUSED_693,Basheer Char,Basheer Char,19,Male,DIST_1,45,
PERSON_ACCUSED_694,Manjunath Sheikh,Manjunath Sheikh,27,Male,DIST_1,45,
PERSON_ACCUSED_695,Abdul Maniyar,Abdul Maniyar,21,Male,DIST_1,45,
PERSON_ACCUSED_696,Prema Shaikh,Prema Shaikh,33,Female,DIST_1,45,
PERSON_ACCUSED_697,Anwar Hosur,Anwar Hosur,20,Male,DIST_1,45,
PERSON_ACCUSED_698,Shankar Rao,Shankar Rao,18,Male,DIST_1,45,
PERSON_ACCUSED_699,Sharada Swamy,Sharada Swamy,39,Female,DIST_1,45,
PERSON_ACCUSED_700,Raghavendra Nayak,Raghavendra Nayak,28,Male,DIST_1,45,
PERSON_ACCUSED_701,Manju M Khan,Manju M Khan,29,Male,DIST_1,45,
PERSON_ACCUSED_702,Faisal Sayyad,Faisal Sayyad,21,Male,DIST_1,45,
PERSON_ACCUSED_703,Anwar Swamy,Anwar Swamy,23,Male,DIST_1,45,
PERSON_ACCUSED_704,Anil Shetty,Anil Shetty,34,Male,DIST_1,45,
PERSON_ACCUSED_705,Byre Hubli,Byre Hubli,34,Male,DIST_1,45,
PERSON_ACCUSED_706,Ravi Murthy,Ravi Murthy,30,Male,DIST_1,45,
PERSON_ACCUSED_707,Hanumantha M Murthy,Hanumantha M Murthy,29,Male,DIST_1,45,
PERSON_ACCUSED_708,Ganesh R Kulkarni,Ganesh R Kulkarni,31,Male,DIST_1,45,
PERSON_ACCUSED_709,Jameel Bangera,Jameel Bangera,24,Male,DIST_1,45,
PERSON_ACCUSED_710,Anwar Kini,Anwar Kini,32,Male,DIST_1,45,
PERSON_ACCUSED_711,Basheer Nair,Basheer Nair,37,Male,DIST_1,45,
PERSON_ACCUSED_712,Anitha Patel,Anitha Patel,18,Female,DIST_1,45,
PERSON_ACCUSED_713,Rakesh Baig,Rakesh Baig,33,Male,DIST_1,45,
PERSON_ACCUSED_714,Prasad Nadaf,Prasad Nadaf,27,Male,DIST_1,45,
PERSON_ACCUSED_715,Harish Ahmed,Harish Ahmed,26,Male,DIST_1,45,
PERSON_ACCUSED_716,Manjunath Kulkarni,Manjunath Kulkarni,30,Male,DIST_1,45,
PERSON_ACCUSED_717,Shankar Shaikh,Shankar Shaikh,33,Male,DIST_1,45,
PERSON_ACCUSED_718,Siddappa Joshi,Siddappa Joshi,40,Male,DIST_1,45,
PERSON_ACCUSED_719,Santhosh Kulkarni,Santhosh Kulkarni,25,Male,DIST_1,45,
PERSON_ACCUSED_720,Basavaraj Hubli,Basavaraj Hubli,30,Male,DIST_1,45,
PERSON_ACCUSED_721,Faiz Inamdar,Faiz Inamdar,20,Male,DIST_1,45,
PERSON_ACCUSED_722,Dinesh Ahmed,Dinesh Ahmed,31,Male,DIST_1,45,
PERSON_ACCUSED_723,Keshav Sayyad,Keshav Sayyad,40,Male,DIST_1,45,
PERSON_ACCUSED_724,Mahadeva J Patel,Mahadeva J Patel,31,Male,DIST_1,45,
PERSON_ACCUSED_725,Gururaj Ansari,Gururaj Ansari,27,Male,DIST_1,45,
PERSON_ACCUSED_726,Syed Menon,Syed Menon,27,Male,DIST_1,45,
PERSON_ACCUSED_727,Satish alias Satta Satish,Satish alias Satta Satish,38,Male,DIST_1,89,1
PERSON_ACCUSED_728,Siddappa Hubli,Siddappa Hubli,33,Male,DIST_1,45,
PERSON_ACCUSED_729,Keshav Reddy,Keshav Reddy,31,Male,DIST_1,45,
PERSON_ACCUSED_730,Rakesh Reddy,Rakesh Reddy,18,Male,DIST_1,45,
PERSON_ACCUSED_731,Basheer Siddiqui,Basheer Siddiqui,26,Male,DIST_1,45,
PERSON_ACCUSED_732,Sharada Kini,Sharada Kini,23,Female,DIST_1,45,
PERSON_ACCUSED_733,Shankar G Bhat,Shankar G Bhat,31,Male,DIST_1,45,
PERSON_ACCUSED_735,Satish Gowda,Satish Gowda,38,Male,DIST_1,45,
PERSON_ACCUSED_736,Deepak Kini,Deepak Kini,28,Male,DIST_1,45,
PERSON_ACCUSED_737,Venkatesh Desai,Venkatesh Desai,33,Male,DIST_1,45,
PERSON_ACCUSED_738,Kumar Hiremath,Kumar Hiremath,28,Male,DIST_1,45,
PERSON_ACCUSED_739,Vijaykumar Shaikh,Vijaykumar Shaikh,19,Male,DIST_1,45,
PERSON_ACCUSED_740,Mahadev Poojary,Mahadev Poojary,32,Male,DIST_1,45,
PERSON_ACCUSED_741,Geetha Prabhu,Geetha Prabhu,41,Female,DIST_1,45,
PERSON_ACCUSED_742,Kiran Kamath,Kiran Kamath,29,Male,DIST_1,45,
PERSON_ACCUSED_743,Jagadish Kulkarni,Jagadish Kulkarni,28,Male,DIST_1,45,
PERSON_ACCUSED_744,Raghavendra Desai,Raghavendra Desai,24,Male,DIST_1,45,
PERSON_ACCUSED_745,Syed Char,Syed Char,24,Male,DIST_1,45,
PERSON_ACCUSED_746,Girish Hosur,Girish Hosur,27,Male,DIST_1,45,
PERSON_ACCUSED_747,Anil Ahmed,Anil Ahmed,32,Male,DIST_1,45,
PERSON_ACCUSED_748,Ravi Sheikh,Ravi Sheikh,27,Male,DIST_1,45,
PERSON_ACCUSED_749,Basavaraj Hegde,Basavaraj Hegde,33,Male,DIST_1,45,
PERSON_ACCUSED_750,Shankar Char,Shankar Char,18,Male,DIST_1,45,
PERSON_ACCUSED_751,Jagadish Reddy,Jagadish Reddy,30,Male,DIST_1,45,
PERSON_ACCUSED_752,Santhosh U Hiremath,Santhosh U Hiremath,30,Male,DIST_1,45,
PERSON_ACCUSED_753,Mohammed Ansari,Mohammed Ansari,29,Male,DIST_1,45,
PERSON_ACCUSED_754,Imran Kamath,Imran Kamath,26,Male,DIST_1,45,
PERSON_ACCUSED_755,Jameel Achar,Jameel Achar,21,Male,DIST_1,45,
PERSON_ACCUSED_756,Pushpa Salian,Pushpa Salian,33,Female,DIST_1,45,
PERSON_ACCUSED_757,Ningappa Murthy,Ningappa Murthy,21,Male,DIST_1,45,
PERSON_ACCUSED_758,Mohammed Ali,Mohammed Ali,26,Male,DIST_1,45,
PERSON_ACCUSED_759,Umesh Murthy,Umesh Murthy,18,Male,DIST_1,45,
PERSON_ACCUSED_760,Nagaraj Sheikh,Nagaraj Sheikh,28,Male,DIST_1,45,
PERSON_ACCUSED_761,Irfan Bellary,Irfan Bellary,25,Male,DIST_1,45,
PERSON_ACCUSED_762,Faiz Maniyar,Faiz Maniyar,34,Male,DIST_1,45,
PERSON_ACCUSED_763,Faisal Bhat,Faisal Bhat,36,Male,DIST_1,45,
PERSON_ACCUSED_764,Prakash Achar,Prakash Achar,26,Male,DIST_1,45,
PERSON_ACCUSED_765,Vijaykumar Khan,Vijaykumar Khan,44,Male,DIST_1,45,
PERSON_ACCUSED_766,Akbar Shetty,Akbar Shetty,38,Male,DIST_1,45,
PERSON_ACCUSED_767,Thimmappa Inamdar,Thimmappa Inamdar,23,Male,DIST_1,45,
PERSON_ACCUSED_768,Prakash Pai,Prakash Pai,37,Male,DIST_1,45,
PERSON_ACCUSED_769,Siddappa Ali,Siddappa Ali,33,Male,DIST_1,45,
PERSON_ACCUSED_770,Fatima Murthy,Fatima Murthy,23,Female,DIST_1,45,
PERSON_ACCUSED_771,Lokesh Nadaf,Lokesh Nadaf,21,Male,DIST_1,45,
PERSON_ACCUSED_772,Jameel Kamath,Jameel Kamath,24,Male,DIST_1,45,
PERSON_ACCUSED_773,Suresh Achar,Suresh Achar,31,Male,DIST_1,45,
PERSON_ACCUSED_774,Imran Salian,Imran Salian,27,Male,DIST_1,45,
PERSON_ACCUSED_775,Umesh Char,Umesh Char,29,Male,DIST_1,45,
PERSON_ACCUSED_776,Puttaswamy E Murthy,Puttaswamy E Murthy,37,Male,DIST_1,45,
PERSON_ACCUSED_778,Prasad Y Sheikh,Prasad Y Sheikh,33,Male,DIST_1,45,
PERSON_ACCUSED_779,Mohan Bhat,Mohan Bhat,37,Male,DIST_1,45,
PERSON_ACCUSED_780,Kumar Bhat,Kumar Bhat,37,Male,DIST_1,45,
PERSON_ACCUSED_781,Asha Hubli,Asha Hubli,29,Female,DIST_1,45,
PERSON_ACCUSED_782,Faiz Khan,Faiz Khan,30,Male,DIST_1,45,
PERSON_ACCUSED_783,Jameel Sheikh,Jameel Sheikh,28,Male,DIST_1,45,
PERSON_ACCUSED_784,Parveen Char,Parveen Char,36,Female,DIST_1,45,
PERSON_ACCUSED_785,Jagadish Siddiqui,Jagadish Siddiqui,29,Male,DIST_1,45,
PERSON_ACCUSED_786,Prakash L Siddiqui,Prakash L Siddiqui,29,Male,DIST_1,45,
PERSON_ACCUSED_787,Mallesh Suvarna,Mallesh Suvarna,19,Male,DIST_1,45,
PERSON_ACCUSED_789,Kempe Ali,Kempe Ali,27,Male,DIST_1,45,
PERSON_ACCUSED_790,Shankar L Qureshi,Shankar L Qureshi,25,Male,DIST_1,45,
PERSON_ACCUSED_791,Imran Prabhu,Imran Prabhu,28,Male,DIST_1,45,
PERSON_ACCUSED_792,Vishwanath Char,Vishwanath Char,36,Male,DIST_1,45,
PERSON_ACCUSED_793,Rajesh Bangera,Rajesh Bangera,27,Male,DIST_1,45,
PERSON_ACCUSED_794,Rajesh Murthy,Rajesh Murthy,28,Male,DIST_1,45,
PERSON_ACCUSED_795,Rashid Maniyar,Rashid Maniyar,35,Male,DIST_1,45,
PERSON_ACCUSED_796,Geetha Sheikh,Geetha Sheikh,36,Female,DIST_1,45,
PERSON_ACCUSED_797,Santhosh B Kulkarni,Santhosh B Kulkarni,42,Male,DIST_1,45,
PERSON_ACCUSED_798,Keshav Kamath,Keshav Kamath,35,Male,DIST_1,45,
PERSON_ACCUSED_799,Byre R Joshi,Byre R Joshi,27,Male,DIST_1,45,
PERSON_ACCUSED_800,Rangaswamy P Ansari,Rangaswamy P Ansari,22,Male,DIST_1,45,
PERSON_ACCUSED_801,Umesh Shetty,Umesh Shetty,25,Male,DIST_1,45,
PERSON_ACCUSED_802,Prakash J Kini,Prakash J Kini,25,Male,DIST_1,45,
PERSON_ACCUSED_803,Vinay Rao,Vinay Rao,38,Male,DIST_1,45,
PERSON_ACCUSED_804,Suresh Y Desai,Suresh Y Desai,30,Male,DIST_1,45,
PERSON_ACCUSED_805,Rashid Ahmed,Rashid Ahmed,30,Male,DIST_1,45,
PERSON_ACCUSED_806,Harish F Sayyad,Harish F Sayyad,27,Male,DIST_1,45,
PERSON_ACCUSED_807,Rangaswamy F Rao,Rangaswamy F Rao,26,Male,DIST_1,45,
PERSON_ACCUSED_808,Jagadish Inamdar,Jagadish Inamdar,25,Male,DIST_1,45,
PERSON_ACCUSED_809,Jagadish Ahmed,Jagadish Ahmed,21,Male,DIST_1,45,
PERSON_ACCUSED_810,Byre Ahmed,Byre Ahmed,18,Male,DIST_1,45,
PERSON_ACCUSED_811,Papanna alias Paapi,Papanna alias Paapi,24,Male,DIST_1,81,1
PERSON_ACCUSED_812,Venkatesh Rao,Venkatesh Rao,22,Male,DIST_1,45,
PERSON_ACCUSED_813,Ganesh Khan,Ganesh Khan,29,Male,DIST_1,45,
PERSON_ACCUSED_814,Shivu Hubli,Shivu Hubli,26,Male,DIST_1,45,
PERSON_ACCUSED_815,Ramesh Shetty,Ramesh Shetty,28,Male,DIST_1,45,
PERSON_ACCUSED_816,Imran Menon,Imran Menon,35,Male,DIST_1,45,
PERSON_ACCUSED_817,Abdul L Joshi,Abdul L Joshi,42,Male,DIST_1,45,
PERSON_ACCUSED_818,Iqbal Bangera,Iqbal Bangera,31,Male,DIST_1,45,
PERSON_ACCUSED_819,Pradeep Inamdar,Pradeep Inamdar,18,Male,DIST_1,45,
PERSON_ACCUSED_820,Anil K Kulkarni,Anil K Kulkarni,28,Male,DIST_1,45,
PERSON_ACCUSED_821,Ganesh Siddiqui,Ganesh Siddiqui,20,Male,DIST_1,45,
PERSON_ACCUSED_822,Raghavendra Patil,Raghavendra Patil,39,Male,DIST_1,45,
PERSON_ACCUSED_823,Basavaraj C Hubli,Basavaraj C Hubli,23,Male,DIST_1,45,
PERSON_ACCUSED_824,Girish K Nayak,Girish K Nayak,31,Male,DIST_1,45,
PERSON_ACCUSED_825,Akbar Patel,Akbar Patel,33,Male,DIST_1,45,
PERSON_ACCUSED_826,Mohammed Siddiqui,Mohammed Siddiqui,28,Male,DIST_1,45,
PERSON_ACCUSED_827,Santhosh W Sheikh,Santhosh W Sheikh,25,Male,DIST_1,45,
PERSON_ACCUSED_828,Saleem Rao,Saleem Rao,22,Male,DIST_1,45,
PERSON_ACCUSED_829,Akbar Nadaf,Akbar Nadaf,23,Male,DIST_1,45,
PERSON_ACCUSED_831,Harish Nair,Harish Nair,28,Male,DIST_1,45,
PERSON_ACCUSED_832,Basavaraj Inamdar,Basavaraj Inamdar,27,Male,DIST_1,45,
PERSON_ACCUSED_833,Ramesh Shenoy,Ramesh Shenoy,29,Male,DIST_1,45,
PERSON_ACCUSED_834,Zainab Char,Zainab Char,29,Female,DIST_1,45,
PERSON_ACCUSED_835,Mahesh L Gowda,Mahesh L Gowda,31,Male,DIST_1,45,
PERSON_ACCUSED_836,Gopal Achar,Gopal Achar,35,Male,DIST_1,45,
PERSON_ACCUSED_837,Nadeem Sayyad,Nadeem Sayyad,39,Male,DIST_1,45,
PERSON_ACCUSED_838,Darshan Baig,Darshan Baig,19,Male,DIST_1,45,
PERSON_ACCUSED_839,Shabbir Char,Shabbir Char,40,Male,DIST_1,45,
PERSON_ACCUSED_840,Ismail Siddiqui,Ismail Siddiqui,23,Male,DIST_1,45,
PERSON_ACCUSED_841,Byre Char,Byre Char,21,Male,DIST_1,45,
PERSON_ACCUSED_842,Byre H Joshi,Byre H Joshi,31,Male,DIST_1,45,
PERSON_ACCUSED_843,Faiz Siddiqui,Faiz Siddiqui,18,Male,DIST_1,45,
PERSON_ACCUSED_844,Santosh Kulkarni,Santosh Kulkarni,24,Male,DIST_1,45,
PERSON_ACCUSED_845,Faiz Kini,Faiz Kini,19,Male,DIST_1,45,
PERSON_ACCUSED_846,Faisal Ahmed,Faisal Ahmed,34,Male,DIST_1,45,
PERSON_ACCUSED_847,Raghavendra Bangera,Raghavendra Bangera,29,Male,DIST_1,45,
PERSON_ACCUSED_848,Chandrashekar Nair,Chandrashekar Nair,18,Male,DIST_1,45,
PERSON_ACCUSED_849,Prakash Bhat,Prakash Bhat,32,Male,DIST_1,45,
PERSON_ACCUSED_850,Faiz Char,Faiz Char,28,Male,DIST_1,45,
PERSON_ACCUSED_851,Mahesh Mulla,Mahesh Mulla,30,Male,DIST_1,45,
PERSON_ACCUSED_852,Akbar Maniyar,Akbar Maniyar,37,Male,DIST_1,45,
PERSON_ACCUSED_853,Zainab Qureshi,Zainab Qureshi,26,Female,DIST_1,45,
PERSON_ACCUSED_854,Ravi Khan,Ravi Khan,32,Male,DIST_1,45,
PERSON_ACCUSED_855,Basavaraj Bangera,Basavaraj Bangera,26,Male,DIST_1,45,
PERSON_ACCUSED_856,Priya Suvarna,Priya Suvarna,18,Female,DIST_1,45,
PERSON_ACCUSED_857,Faisal Maniyar,Faisal Maniyar,25,Male,DIST_1,45,
PERSON_ACCUSED_858,Anwar Char,Anwar Char,23,Male,DIST_1,45,
PERSON_ACCUSED_859,Mahesh Ansari,Mahesh Ansari,35,Male,DIST_1,45,
PERSON_ACCUSED_860,Chandrashekar Patil,Chandrashekar Patil,24,Male,DIST_1,45,
PERSON_ACCUSED_861,Santhosh Nayak,Santhosh Nayak,22,Male,DIST_1,45,
PERSON_ACCUSED_862,Faiz Nadaf,Faiz Nadaf,30,Male,DIST_1,45,
PERSON_ACCUSED_863,Irfan Ansari,Irfan Ansari,35,Male,DIST_1,45,
PERSON_ACCUSED_864,Manju Shenoy,Manju Shenoy,27,Male,DIST_1,45,
PERSON_ACCUSED_865,Rangaswamy Nadaf,Rangaswamy Nadaf,33,Male,DIST_1,45,
PERSON_ACCUSED_867,Jagadish Nadaf,Jagadish Nadaf,37,Male,DIST_1,45,
PERSON_ACCUSED_868,Padma Siddiqui,Padma Siddiqui,23,Female,DIST_1,45,
PERSON_ACCUSED_869,Rashid Rao,Rashid Rao,32,Male,DIST_1,45,
PERSON_ACCUSED_870,Faiz Sheikh,Faiz Sheikh,23,Male,DIST_1,45,
PERSON_ACCUSED_871,Shankar L Kini,Shankar L Kini,30,Male,DIST_1,45,
PERSON_ACCUSED_872,Iqbal Gowda,Iqbal Gowda,28,Male,DIST_1,45,
PERSON_ACCUSED_873,Manju Swamy,Manju Swamy,35,Male,DIST_1,45,
PERSON_ACCUSED_874,Faisal Prabhu,Faisal Prabhu,23,Male,DIST_1,45,
PERSON_ACCUSED_875,Yusuf Devadiga,Yusuf Devadiga,24,Male,DIST_1,45,
PERSON_ACCUSED_876,Ningappa Patel,Ningappa Patel,34,Male,DIST_1,45,
PERSON_ACCUSED_877,Syed Naidu,Syed Naidu,28,Male,DIST_1,45,
PERSON_ACCUSED_878,Shivu Mulla,Shivu Mulla,20,Male,DIST_1,45,
PERSON_ACCUSED_879,Lokesh Baig,Lokesh Baig,26,Male,DIST_1,45,
PERSON_ACCUSED_880,Pradeep C Hosur,Pradeep C Hosur,22,Male,DIST_1,45,
PERSON_ACCUSED_881,Nandini Qureshi,Nandini Qureshi,23,Female,DIST_1,45,
PERSON_ACCUSED_882,Chandru Joshi,Chandru Joshi,30,Male,DIST_1,45,
PERSON_ACCUSED_883,Mahadev Khan,Mahadev Khan,26,Male,DIST_1,45,
PERSON_ACCUSED_884,Chitra Ahmed,Chitra Ahmed,25,Female,DIST_1,45,
PERSON_ACCUSED_885,Suresh Salian,Suresh Salian,34,Male,DIST_1,45,
PERSON_ACCUSED_886,Puttaswamy Kamath,Puttaswamy Kamath,27,Male,DIST_1,45,
PERSON_ACCUSED_887,Hussain Char,Hussain Char,28,Male,DIST_1,45,
PERSON_ACCUSED_888,Venkatesh Kamath,Venkatesh Kamath,22,Male,DIST_1,45,
PERSON_ACCUSED_889,Shanthala Shetty,Shanthala Shetty,28,Female,DIST_1,45,
PERSON_ACCUSED_890,Dinesh Bangera,Dinesh Bangera,33,Male,DIST_1,45,
PERSON_ACCUSED_891,Hussain Reddy,Hussain Reddy,34,Male,DIST_1,45,
PERSON_ACCUSED_892,Lokesh Shenoy,Lokesh Shenoy,24,Male,DIST_1,45,
PERSON_ACCUSED_893,Harish Gowda,Harish Gowda,27,Male,DIST_1,45,
PERSON_ACCUSED_894,Nagaraj Kini,Nagaraj Kini,20,Male,DIST_1,45,
PERSON_ACCUSED_895,Arshad Baig,Arshad Baig,26,Male,DIST_1,45,
PERSON_ACCUSED_896,Suresh Baig,Suresh Baig,22,Male,DIST_1,45,
PERSON_ACCUSED_897,Darshan alias Daaru Darshan,Darshan alias Daaru Darshan,38,Male,DIST_1,81,1
PERSON_ACCUSED_898,Naveen E Gowda,Naveen E Gowda,24,Male,DIST_1,45,
PERSON_ACCUSED_899,Lakshmi Reddy,Lakshmi Reddy,23,Female,DIST_1,45,
PERSON_ACCUSED_900,Vinay alias Auto Vinay,Vinay alias Auto Vinay,22,Male,DIST_1,81,1
PERSON_ACCUSED_901,Nagaraj Mulla,Nagaraj Mulla,31,Male,DIST_1,45,
PERSON_ACCUSED_902,Suresh Sheikh,Suresh Sheikh,21,Male,DIST_1,45,
PERSON_ACCUSED_904,Jameel Shenoy,Jameel Shenoy,35,Male,DIST_1,45,
PERSON_ACCUSED_905,Darshan Salian,Darshan Salian,45,Male,DIST_1,45,
PERSON_ACCUSED_906,Basheer Hiremath,Basheer Hiremath,30,Male,DIST_1,45,
PERSON_ACCUSED_907,Arshad Shaikh,Arshad Shaikh,31,Male,DIST_1,45,
PERSON_ACCUSED_908,Puttaswamy Nair,Puttaswamy Nair,35,Male,DIST_1,45,
PERSON_ACCUSED_909,Basavaraj Ansari,Basavaraj Ansari,39,Male,DIST_1,45,
PERSON_ACCUSED_910,Mohammed P Char,Mohammed P Char,32,Male,DIST_1,45,
PERSON_ACCUSED_911,Faisal Kulkarni,Faisal Kulkarni,29,Male,DIST_1,45,
PERSON_ACCUSED_912,Vijaykumar Reddy,Vijaykumar Reddy,27,Male,DIST_1,45,
PERSON_ACCUSED_913,Lokesh Swamy,Lokesh Swamy,33,Male,DIST_1,45,
PERSON_ACCUSED_914,Nagaraj Bangera,Nagaraj Bangera,26,Male,DIST_1,45,
PERSON_ACCUSED_916,Basheer Bangera,Basheer Bangera,20,Male,DIST_1,45,
PERSON_ACCUSED_917,Jagadish Char,Jagadish Char,18,Male,DIST_1,45,
PERSON_ACCUSED_918,Anil Nayak,Anil Nayak,32,Male,DIST_1,45,
PERSON_ACCUSED_919,Kiran Siddiqui,Kiran Siddiqui,29,Male,DIST_1,45,
PERSON_ACCUSED_920,Kempe F Achar,Kempe F Achar,31,Male,DIST_1,45,
PERSON_ACCUSED_921,Saraswathi Nayak,Saraswathi Nayak,26,Female,DIST_1,45,
PERSON_ACCUSED_923,Iqbal Ansari,Iqbal Ansari,26,Male,DIST_1,45,
PERSON_ACCUSED_924,Ningappa Naidu,Ningappa Naidu,32,Male,DIST_1,45,
PERSON_ACCUSED_925,Manju K Ahmed,Manju K Ahmed,24,Male,DIST_1,45,
PERSON_ACCUSED_926,Gopal Poojary,Gopal Poojary,42,Male,DIST_1,45,
PERSON_ACCUSED_927,Mahesh Desai,Mahesh Desai,24,Male,DIST_1,45,
PERSON_ACCUSED_928,Keshav Gowda,Keshav Gowda,25,Male,DIST_1,45,
PERSON_ACCUSED_929,Madhu Maniyar,Madhu Maniyar,32,Male,DIST_1,45,
PERSON_ACCUSED_930,Suresh Char,Suresh Char,30,Male,DIST_1,45,
PERSON_ACCUSED_931,Ramesh Inamdar,Ramesh Inamdar,34,Male,DIST_1,45,
PERSON_ACCUSED_932,Anil Shaikh,Anil Shaikh,22,Male,DIST_1,45,
PERSON_ACCUSED_933,Mohammed Joshi,Mohammed Joshi,40,Male,DIST_1,45,
PERSON_ACCUSED_934,Nasreen Murthy,Nasreen Murthy,36,Female,DIST_1,45,
PERSON_ACCUSED_935,Srinivas Ahmed,Srinivas Ahmed,25,Male,DIST_1,45,
PERSON_ACCUSED_936,Chandrashekar Siddiqui,Chandrashekar Siddiqui,29,Male,DIST_1,45,
PERSON_ACCUSED_937,Nadeem Kamath,Nadeem Kamath,24,Male,DIST_1,45,
PERSON_ACCUSED_938,Anwar Shaikh,Anwar Shaikh,37,Male,DIST_1,45,
PERSON_ACCUSED_939,Keshav Rao,Keshav Rao,26,Male,DIST_1,45,
PERSON_ACCUSED_940,Faiz Kamath,Faiz Kamath,23,Male,DIST_1,45,
PERSON_ACCUSED_941,Shivakumar Kini,Shivakumar Kini,23,Male,DIST_1,45,
PERSON_ACCUSED_942,Saleem Ali,Saleem Ali,24,Male,DIST_1,45,
PERSON_ACCUSED_943,Mallesh Pai,Mallesh Pai,27,Male,DIST_1,45,
PERSON_ACCUSED_944,Mohammed Desai,Mohammed Desai,31,Male,DIST_1,45,
PERSON_ACCUSED_945,Mahadeva Hubli,Mahadeva Hubli,25,Male,DIST_1,45,
PERSON_ACCUSED_946,Saleem Maniyar,Saleem Maniyar,24,Male,DIST_1,45,
PERSON_ACCUSED_947,Chandru M Nayak,Chandru M Nayak,28,Male,DIST_1,45,
PERSON_ACCUSED_948,Rashid Pai,Rashid Pai,25,Male,DIST_1,45,
PERSON_ACCUSED_949,Santosh Shetty,Santosh Shetty,25,Male,DIST_1,45,
PERSON_ACCUSED_950,Syed Kotian,Syed Kotian,42,Male,DIST_1,45,
PERSON_ACCUSED_951,Girish Devadiga,Girish Devadiga,29,Male,DIST_1,45,
PERSON_ACCUSED_952,Ravi G Nadaf,Ravi G Nadaf,32,Male,DIST_1,45,
PERSON_ACCUSED_953,Umesh Nair,Umesh Nair,20,Male,DIST_1,45,
PERSON_ACCUSED_954,Pooja Prabhu,Pooja Prabhu,18,Female,DIST_1,45,
PERSON_ACCUSED_955,Basheer Patil,Basheer Patil,38,Male,DIST_1,45,
PERSON_ACCUSED_956,Raghavendra Prabhu,Raghavendra Prabhu,21,Male,DIST_1,45,
PERSON_ACCUSED_957,Basheer F Nair,Basheer F Nair,30,Male,DIST_1,45,
PERSON_ACCUSED_958,Ravi F Kamath,Ravi F Kamath,34,Male,DIST_1,45,
PERSON_ACCUSED_959,Girish Kamath,Girish Kamath,26,Male,DIST_1,45,
PERSON_ACCUSED_960,Abdul Kotian,Abdul Kotian,22,Male,DIST_1,45,
PERSON_ACCUSED_961,Darshan S Nair,Darshan S Nair,18,Male,DIST_1,45,
PERSON_ACCUSED_962,Nagendra Salian,Nagendra Salian,28,Male,DIST_1,45,
PERSON_ACCUSED_963,Ashok Char,Ashok Char,28,Male,DIST_1,45,
PERSON_ACCUSED_964,Dinesh C Sheikh,Dinesh C Sheikh,22,Male,DIST_1,45,
PERSON_ACCUSED_965,Roopa Sheikh,Roopa Sheikh,30,Female,DIST_1,45,
PERSON_ACCUSED_966,Lokesh Salian,Lokesh Salian,40,Male,DIST_1,45,
PERSON_ACCUSED_967,Vinay Reddy,Vinay Reddy,18,Male,DIST_1,45,
PERSON_ACCUSED_968,Rashid Sheikh,Rashid Sheikh,36,Male,DIST_1,45,
PERSON_ACCUSED_969,Irfan Qureshi,Irfan Qureshi,27,Male,DIST_1,45,
PERSON_ACCUSED_970,Abdul V Desai,Abdul V Desai,26,Male,DIST_1,45,
PERSON_ACCUSED_971,Vinay Char,Vinay Char,39,Male,DIST_1,45,
PERSON_ACCUSED_972,Rajesh Ahmed,Rajesh Ahmed,22,Male,DIST_1,45,
PERSON_ACCUSED_973,Yogesh Char,Yogesh Char,26,Male,DIST_1,45,
PERSON_ACCUSED_974,Murali Hosur,Murali Hosur,24,Male,DIST_1,45,
PERSON_ACCUSED_975,Yusuf Shaikh,Yusuf Shaikh,21,Male,DIST_1,45,
PERSON_ACCUSED_976,Mahadev M Sheikh,Mahadev M Sheikh,28,Male,DIST_1,45,
PERSON_ACCUSED_977,Syed Kini,Syed Kini,18,Male,DIST_1,45,
PERSON_ACCUSED_978,Rashid Shenoy,Rashid Shenoy,24,Male,DIST_1,45,
PERSON_ACCUSED_979,Ganesh Sheikh,Ganesh Sheikh,34,Male,DIST_1,45,
PERSON_ACCUSED_980,Mahadeva Patil,Mahadeva Patil,34,Male,DIST_1,45,
PERSON_ACCUSED_981,Hussain Shaikh,Hussain Shaikh,19,Male,DIST_1,45,
PERSON_ACCUSED_982,Faisal Patil,Faisal Patil,23,Male,DIST_1,45,
PERSON_ACCUSED_983,Iqbal Qureshi,Iqbal Qureshi,26,Male,DIST_1,45,
PERSON_ACCUSED_984,Mallesh Hegde,Mallesh Hegde,36,Male,DIST_1,45,
PERSON_ACCUSED_985,Saleem Hubli,Saleem Hubli,38,Male,DIST_1,45,
PERSON_ACCUSED_986,Prasad Kini,Prasad Kini,24,Male,DIST_1,45,
PERSON_ACCUSED_987,Santosh S Nair,Santosh S Nair,31,Male,DIST_1,45,
PERSON_ACCUSED_988,Shankar Khan,Shankar Khan,18,Male,DIST_1,45,
PERSON_ACCUSED_989,Umesh Maniyar,Umesh Maniyar,32,Male,DIST_1,45,
PERSON_ACCUSED_990,Hanumantha Kulkarni,Hanumantha Kulkarni,28,Male,DIST_1,45,
PERSON_ACCUSED_991,Irfan Nayak,Irfan Nayak,25,Male,DIST_1,45,
PERSON_ACCUSED_992,Rashid Joshi,Rashid Joshi,34,Male,DIST_1,45,
PERSON_ACCUSED_993,Rajesh Hosur,Rajesh Hosur,41,Male,DIST_1,45,
PERSON_ACCUSED_994,Manjula Patel,Manjula Patel,27,Female,DIST_1,45,
PERSON_ACCUSED_996,Yusuf V Shaikh,Yusuf V Shaikh,33,Male,DIST_1,45,
PERSON_ACCUSED_997,Vishwanath Rao,Vishwanath Rao,19,Male,DIST_1,45,
PERSON_ACCUSED_998,Mahadeva Baig,Mahadeva Baig,23,Male,DIST_1,45,
PERSON_ACCUSED_999,Kempe Sheikh,Kempe Sheikh,26,Male,DIST_1,45,
PERSON_ACCUSED_1000,Faisal L Shaikh,Faisal L Shaikh,31,Male,DIST_1,45,
PERSON_ACCUSED_1001,Irfan Naidu,Irfan Naidu,23,Male,DIST_1,45,
PERSON_ACCUSED_1002,Keshav Bhat,Keshav Bhat,18,Male,DIST_1,45,
PERSON_ACCUSED_1003,Dinesh Naidu,Dinesh Naidu,31,Male,DIST_1,45,
PERSON_ACCUSED_1004,Anwar Hegde,Anwar Hegde,35,Male,DIST_1,45,
PERSON_ACCUSED_1005,Irfan Swamy,Irfan Swamy,34,Male,DIST_1,45,
PERSON_ACCUSED_1006,Keshav Shenoy,Keshav Shenoy,34,Male,DIST_1,45,
PERSON_ACCUSED_1007,Kempe Shetty,Kempe Shetty,28,Male,DIST_1,45,
PERSON_ACCUSED_1008,Irfan Rao,Irfan Rao,26,Male,DIST_1,45,
PERSON_ACCUSED_1009,Vijaykumar Shetty,Vijaykumar Shetty,23,Male,DIST_1,45,
PERSON_ACCUSED_1010,Girish Sayyad,Girish Sayyad,32,Male,DIST_1,45,
PERSON_ACCUSED_1011,Pradeep L Patil,Pradeep L Patil,30,Male,DIST_1,45,
PERSON_ACCUSED_1012,Revathi Salian,Revathi Salian,31,Female,DIST_1,45,
PERSON_ACCUSED_1013,Deepak Menon,Deepak Menon,21,Male,DIST_1,45,
PERSON_ACCUSED_1014,Jameel V Bangera,Jameel V Bangera,26,Male,DIST_1,45,
PERSON_ACCUSED_1015,Darshan Joshi,Darshan Joshi,21,Male,DIST_1,45,
PERSON_ACCUSED_1016,Madhu Ahmed,Madhu Ahmed,29,Male,DIST_1,45,
PERSON_ACCUSED_1017,Byre Hegde,Byre Hegde,29,Male,DIST_1,45,
PERSON_ACCUSED_1018,Chandrashekar Hegde,Chandrashekar Hegde,35,Male,DIST_1,45,
PERSON_ACCUSED_1019,Murali Salian,Murali Salian,27,Male,DIST_1,45,
PERSON_ACCUSED_1020,Kiran Nayak,Kiran Nayak,24,Male,DIST_1,45,
PERSON_ACCUSED_1021,Puttaswamy Joshi,Puttaswamy Joshi,29,Male,DIST_1,45,
PERSON_ACCUSED_1022,Deepak Kotian,Deepak Kotian,28,Male,DIST_1,45,
PERSON_ACCUSED_1023,Mohammed Suvarna,Mohammed Suvarna,27,Male,DIST_1,45,
PERSON_ACCUSED_1024,Jameel Devadiga,Jameel Devadiga,32,Male,DIST_1,45,
PERSON_ACCUSED_1025,Ashok Devadiga,Ashok Devadiga,29,Male,DIST_1,45,
PERSON_ACCUSED_1026,Rizwan Hegde,Rizwan Hegde,33,Male,DIST_1,45,
PERSON_ACCUSED_1027,Lokesh C Hiremath,Lokesh C Hiremath,26,Male,DIST_1,45,
PERSON_ACCUSED_1028,Suresh Siddiqui,Suresh Siddiqui,27,Male,DIST_1,45,
PERSON_ACCUSED_1029,Chandru Kamath,Chandru Kamath,26,Male,DIST_1,45,
PERSON_ACCUSED_1030,Iqbal P Hubli,Iqbal P Hubli,31,Male,DIST_1,45,
PERSON_ACCUSED_1031,Nagaraj Poojary,Nagaraj Poojary,36,Male,DIST_1,45,
PERSON_ACCUSED_1032,Ratna Gowda,Ratna Gowda,38,Female,DIST_1,45,
PERSON_ACCUSED_1033,Girish Gowda,Girish Gowda,31,Male,DIST_1,45,
PERSON_ACCUSED_1034,Deepak D Kotian,Deepak D Kotian,24,Male,DIST_1,45,
PERSON_ACCUSED_1035,Prasad Mulla,Prasad Mulla,29,Male,DIST_1,45,
PERSON_ACCUSED_1036,Satish Sheikh,Satish Sheikh,37,Male,DIST_1,45,
PERSON_ACCUSED_1037,Girish Naidu,Girish Naidu,36,Male,DIST_1,45,
PERSON_ACCUSED_1038,Imran J Bangera,Imran J Bangera,27,Male,DIST_1,45,
PERSON_ACCUSED_1039,Hussain Ali,Hussain Ali,28,Male,DIST_1,45,
PERSON_ACCUSED_1040,Saraswathi U Kotian,Saraswathi U Kotian,36,Female,DIST_1,45,
PERSON_ACCUSED_1041,Nagendra Siddiqui,Nagendra Siddiqui,24,Male,DIST_1,45,
PERSON_ACCUSED_1042,Kiran H Nayak,Kiran H Nayak,30,Male,DIST_1,45,
PERSON_ACCUSED_1043,Madhu R Ahmed,Madhu R Ahmed,18,Male,DIST_1,45,
PERSON_ACCUSED_1044,Kumar Y Naidu,Kumar Y Naidu,21,Male,DIST_1,45,
PERSON_ACCUSED_1045,Parveen Baig,Parveen Baig,29,Female,DIST_1,45,
PERSON_ACCUSED_1046,Sultana Salian,Sultana Salian,40,Female,DIST_1,45,
PERSON_ACCUSED_1047,Srinivas B Maniyar,Srinivas B Maniyar,27,Male,DIST_1,45,
PERSON_ACCUSED_1049,Rizwan Patil,Rizwan Patil,37,Male,DIST_1,45,
PERSON_ACCUSED_1050,Santosh Baig,Santosh Baig,26,Male,DIST_1,45,
PERSON_ACCUSED_1051,Akbar Desai,Akbar Desai,25,Male,DIST_1,45,
PERSON_ACCUSED_1052,Girish K Bangera,Girish K Bangera,23,Male,DIST_1,45,
PERSON_ACCUSED_1053,Mahesh A Desai,Mahesh A Desai,18,Male,DIST_1,45,
PERSON_ACCUSED_1054,Yusuf Nayak,Yusuf Nayak,32,Male,DIST_1,45,
PERSON_ACCUSED_1055,Nasreen A Devadiga,Nasreen A Devadiga,24,Female,DIST_1,45,
PERSON_ACCUSED_1056,Anil E Bangera,Anil E Bangera,35,Male,DIST_1,45,
PERSON_ACCUSED_1057,Prasad Y Patil,Prasad Y Patil,33,Male,DIST_1,45,
PERSON_ACCUSED_1059,Satish Hegde,Satish Hegde,18,Male,DIST_1,45,
PERSON_ACCUSED_1060,Chandru Swamy,Chandru Swamy,28,Male,DIST_1,45,
PERSON_ACCUSED_1061,Nagendra Patil,Nagendra Patil,22,Male,DIST_1,45,
PERSON_ACCUSED_1062,Aslam Sayyad,Aslam Sayyad,26,Male,DIST_1,45,
PERSON_ACCUSED_1063,Ismail F Kulkarni,Ismail F Kulkarni,21,Male,DIST_1,45,
PERSON_ACCUSED_1064,Nadeem C Ansari,Nadeem C Ansari,33,Male,DIST_1,45,
PERSON_ACCUSED_1065,Abdul Sayyad,Abdul Sayyad,28,Male,DIST_1,45,
PERSON_ACCUSED_1066,Mahadeva Murthy,Mahadeva Murthy,36,Male,DIST_1,45,
PERSON_ACCUSED_1067,Arshad Pai,Arshad Pai,34,Male,DIST_1,45,
PERSON_ACCUSED_1068,Rangaswamy Inamdar,Rangaswamy Inamdar,27,Male,DIST_1,45,
PERSON_ACCUSED_1069,Lokesh Patel,Lokesh Patel,20,Male,DIST_1,45,
PERSON_ACCUSED_1070,Imran Hubli,Imran Hubli,31,Male,DIST_1,45,
PERSON_ACCUSED_1071,Umesh Bellary,Umesh Bellary,34,Male,DIST_1,45,
PERSON_ACCUSED_1072,Girish Achar,Girish Achar,33,Male,DIST_1,45,
PERSON_ACCUSED_1073,Suresh Ahmed,Suresh Ahmed,20,Male,DIST_1,45,
PERSON_ACCUSED_1074,Ashok Khan,Ashok Khan,33,Male,DIST_1,45,
PERSON_ACCUSED_1075,Ashok Kulkarni,Ashok Kulkarni,30,Male,DIST_1,45,
PERSON_ACCUSED_1076,Mallesh Nadaf,Mallesh Nadaf,37,Male,DIST_1,45,
PERSON_ACCUSED_1077,Shivakumar Murthy,Shivakumar Murthy,29,Male,DIST_1,45,
PERSON_ACCUSED_1078,Naveen Bangera,Naveen Bangera,34,Male,DIST_1,45,
PERSON_ACCUSED_1079,Thimmappa Maniyar,Thimmappa Maniyar,30,Male,DIST_1,45,
PERSON_ACCUSED_1080,Arshad Sheikh,Arshad Sheikh,25,Male,DIST_1,45,
PERSON_ACCUSED_1081,Vinay Pai,Vinay Pai,27,Male,DIST_1,45,
PERSON_ACCUSED_1082,Imran Joshi,Imran Joshi,28,Male,DIST_1,45,
PERSON_ACCUSED_1083,Ismail Gowda,Ismail Gowda,31,Male,DIST_1,45,
PERSON_ACCUSED_1084,Gururaj Bhat,Gururaj Bhat,20,Male,DIST_1,45,
PERSON_ACCUSED_1085,Siddappa Ansari,Siddappa Ansari,31,Male,DIST_1,45,
PERSON_ACCUSED_1086,Arshad Salian,Arshad Salian,30,Male,DIST_1,45,
PERSON_ACCUSED_1087,Akbar Prabhu,Akbar Prabhu,31,Male,DIST_1,45,
PERSON_ACCUSED_1088,Umesh Nayak,Umesh Nayak,24,Male,DIST_1,45,
PERSON_ACCUSED_1089,Lokesh Kamath,Lokesh Kamath,22,Male,DIST_1,45,
PERSON_ACCUSED_1090,Santhosh S Nayak,Santhosh S Nayak,27,Male,DIST_1,45,
PERSON_ACCUSED_1091,Vishwanath Baig,Vishwanath Baig,23,Male,DIST_1,45,
PERSON_ACCUSED_1092,Ramesh Pai,Ramesh Pai,36,Male,DIST_1,45,
PERSON_ACCUSED_1093,Chandrashekar Devadiga,Chandrashekar Devadiga,27,Male,DIST_1,45,
PERSON_ACCUSED_1096,Manju Bellary,Manju Bellary,41,Male,DIST_1,45,
PERSON_ACCUSED_1097,Anil Achar,Anil Achar,27,Male,DIST_1,45,
PERSON_ACCUSED_1098,Mahadeva Kini,Mahadeva Kini,34,Male,DIST_1,45,
PERSON_ACCUSED_1099,Aslam C Hosur,Aslam C Hosur,32,Male,DIST_1,45,
PERSON_ACCUSED_1100,Basavaraj J Sheikh,Basavaraj J Sheikh,27,Male,DIST_1,45,
PERSON_ACCUSED_1101,Mallesh Prabhu,Mallesh Prabhu,18,Male,DIST_1,45,
PERSON_ACCUSED_1102,Umesh Devadiga,Umesh Devadiga,28,Male,DIST_1,45,
PERSON_ACCUSED_1103,Darshan Kamath,Darshan Kamath,29,Male,DIST_1,45,
PERSON_ACCUSED_1104,Rajesh Ansari,Rajesh Ansari,35,Male,DIST_1,45,
PERSON_ACCUSED_1105,Manju Maniyar,Manju Maniyar,25,Male,DIST_1,45,
PERSON_ACCUSED_1106,Srinivas Shenoy,Srinivas Shenoy,38,Male,DIST_1,45,
PERSON_ACCUSED_1107,Darshan Sheikh,Darshan Sheikh,27,Male,DIST_1,45,
PERSON_ACCUSED_1108,Suresh Rao,Suresh Rao,30,Male,DIST_1,45,
PERSON_ACCUSED_1109,Ganesh Kamath,Ganesh Kamath,30,Male,DIST_1,45,
PERSON_ACCUSED_1110,Anitha Char,Anitha Char,18,Female,DIST_1,45,
PERSON_ACCUSED_1111,Arshad K Bangera,Arshad K Bangera,25,Male,DIST_1,45,
PERSON_ACCUSED_1112,Lokesh U Prabhu,Lokesh U Prabhu,33,Male,DIST_1,45,
PERSON_ACCUSED_1113,Akbar Mulla,Akbar Mulla,18,Male,DIST_1,45,
PERSON_ACCUSED_1114,Shivakumar Gowda,Shivakumar Gowda,30,Male,DIST_1,45,
PERSON_ACCUSED_1115,Srinivas Hubli,Srinivas Hubli,35,Male,DIST_1,45,
PERSON_ACCUSED_1116,Ningappa Shaikh,Ningappa Shaikh,39,Male,DIST_1,45,
PERSON_ACCUSED_1117,Gururaj D Patel,Gururaj D Patel,30,Male,DIST_1,45,
PERSON_ACCUSED_1118,Ismail Swamy,Ismail Swamy,19,Male,DIST_1,45,
PERSON_ACCUSED_1119,Manju Shetty,Manju Shetty,29,Male,DIST_1,45,
PERSON_ACCUSED_1120,Saleem Bhat,Saleem Bhat,19,Male,DIST_1,45,
PERSON_ACCUSED_1121,Faisal Swamy,Faisal Swamy,24,Male,DIST_1,45,
PERSON_ACCUSED_1122,Nagendra Ahmed,Nagendra Ahmed,33,Male,DIST_1,45,
PERSON_ACCUSED_1123,Byre Hosur,Byre Hosur,18,Male,DIST_1,45,
PERSON_ACCUSED_1124,Vijaykumar Desai,Vijaykumar Desai,36,Male,DIST_1,45,
PERSON_ACCUSED_1125,Saleem Devadiga,Saleem Devadiga,26,Male,DIST_1,45,
PERSON_ACCUSED_1126,Venkatesh Char,Venkatesh Char,25,Male,DIST_1,45,
PERSON_ACCUSED_1127,Vishwanath Bhat,Vishwanath Bhat,30,Male,DIST_1,45,
PERSON_ACCUSED_1128,Mahadeva Gowda,Mahadeva Gowda,18,Male,DIST_1,45,
PERSON_ACCUSED_1129,Madhu Gowda,Madhu Gowda,29,Male,DIST_1,45,
PERSON_ACCUSED_1130,Basavaraj Naidu,Basavaraj Naidu,29,Male,DIST_1,45,
PERSON_ACCUSED_1131,Ashok Joshi,Ashok Joshi,28,Male,DIST_1,45,
PERSON_ACCUSED_1133,Mahadev Joshi,Mahadev Joshi,28,Male,DIST_1,45,
PERSON_ACCUSED_1134,Shabbir A Gowda,Shabbir A Gowda,18,Male,DIST_1,45,
PERSON_ACCUSED_1135,Gururaj Nayak,Gururaj Nayak,18,Male,DIST_1,45,
PERSON_ACCUSED_1136,Pradeep Gowda,Pradeep Gowda,24,Male,DIST_1,45,
PERSON_ACCUSED_1137,Murali Patel,Murali Patel,41,Male,DIST_1,45,
PERSON_ACCUSED_1138,Faisal Murthy,Faisal Murthy,25,Male,DIST_1,45,
PERSON_ACCUSED_1139,Mahadev Inamdar,Mahadev Inamdar,33,Male,DIST_1,45,
PERSON_ACCUSED_1140,Irfan Patel,Irfan Patel,34,Male,DIST_1,45,
PERSON_ACCUSED_1141,Murali Gowda,Murali Gowda,28,Male,DIST_1,45,
PERSON_ACCUSED_1142,Vinay Hubli,Vinay Hubli,20,Male,DIST_1,45,
PERSON_ACCUSED_1143,Shivu alias Sand Shivu,Shivu alias Sand Shivu,32,Male,DIST_1,81,1
PERSON_ACCUSED_1144,Nadeem Nair,Nadeem Nair,30,Male,DIST_1,45,
PERSON_ACCUSED_1145,Prasad Salian,Prasad Salian,26,Male,DIST_1,45,
PERSON_ACCUSED_1146,Aslam Kotian,Aslam Kotian,42,Male,DIST_1,45,
PERSON_ACCUSED_1147,Harish Joshi,Harish Joshi,33,Male,DIST_1,45,
PERSON_ACCUSED_1148,Chandrashekar Menon,Chandrashekar Menon,37,Male,DIST_1,45,
PERSON_ACCUSED_1149,Mahesh Khan,Mahesh Khan,22,Male,DIST_1,45,
PERSON_ACCUSED_1150,Basheer M Ansari,Basheer M Ansari,25,Male,DIST_1,45,
PERSON_ACCUSED_1151,Madhu Kotian,Madhu Kotian,37,Male,DIST_1,45,
PERSON_ACCUSED_1152,Rangaswamy Naidu,Rangaswamy Naidu,18,Male,DIST_1,45,
PERSON_ACCUSED_1153,Prasad Shaikh,Prasad Shaikh,23,Male,DIST_1,45,
PERSON_ACCUSED_1154,Naveen Hosur,Naveen Hosur,25,Male,DIST_1,45,
PERSON_ACCUSED_1155,Hanumantha Menon,Hanumantha Menon,33,Male,DIST_1,45,
PERSON_ACCUSED_1156,Lokesh Bellary,Lokesh Bellary,37,Male,DIST_1,45,
PERSON_ACCUSED_1157,Srinivas P Bangera,Srinivas P Bangera,25,Male,DIST_1,45,
PERSON_ACCUSED_1158,Nadeem Swamy,Nadeem Swamy,28,Male,DIST_1,45,
PERSON_ACCUSED_1159,Basavaraj Swamy,Basavaraj Swamy,26,Male,DIST_1,45,
PERSON_ACCUSED_1161,Faiz E Murthy,Faiz E Murthy,26,Male,DIST_1,45,
PERSON_ACCUSED_1162,Akbar Menon,Akbar Menon,28,Male,DIST_1,45,
PERSON_ACCUSED_1163,Rangaswamy Bangera,Rangaswamy Bangera,30,Male,DIST_1,45,
PERSON_ACCUSED_1164,Saleem T Shenoy,Saleem T Shenoy,18,Male,DIST_1,45,
PERSON_ACCUSED_1165,Deepak Pai,Deepak Pai,19,Male,DIST_1,45,
PERSON_ACCUSED_1166,Darshan Ali,Darshan Ali,29,Male,DIST_1,45,
PERSON_ACCUSED_1167,Kavitha Shenoy,Kavitha Shenoy,25,Female,DIST_1,45,
PERSON_ACCUSED_1168,Basavaraj Gowda,Basavaraj Gowda,31,Male,DIST_1,45,
PERSON_ACCUSED_1169,Basheer Swamy,Basheer Swamy,30,Male,DIST_1,45,
PERSON_ACCUSED_1170,Madhu Rao,Madhu Rao,31,Male,DIST_1,45,
PERSON_ACCUSED_1171,Faisal Y Achar,Faisal Y Achar,23,Male,DIST_1,45,
PERSON_ACCUSED_1172,Vijaya Patel,Vijaya Patel,18,Female,DIST_1,45,
PERSON_ACCUSED_1173,Ganesh Shetty,Ganesh Shetty,22,Male,DIST_1,45,
PERSON_ACCUSED_1174,Hussain H Achar,Hussain H Achar,18,Male,DIST_1,45,
PERSON_ACCUSED_1175,Rajesh Swamy,Rajesh Swamy,27,Male,DIST_1,45,
PERSON_ACCUSED_1176,Rizwan Murthy,Rizwan Murthy,29,Male,DIST_1,45,
PERSON_ACCUSED_1177,Raghavendra Bhat,Raghavendra Bhat,39,Male,DIST_1,45,
PERSON_ACCUSED_1178,Roopa Patel,Roopa Patel,30,Female,DIST_1,45,
PERSON_ACCUSED_1179,Kiran Hegde,Kiran Hegde,35,Male,DIST_1,45,
PERSON_ACCUSED_1180,Prasad Ahmed,Prasad Ahmed,25,Male,DIST_1,45,
PERSON_ACCUSED_1181,Byre Kamath,Byre Kamath,39,Male,DIST_1,45,
PERSON_ACCUSED_1182,Prasad Hubli,Prasad Hubli,29,Male,DIST_1,45,
PERSON_ACCUSED_1183,Raghavendra Murthy,Raghavendra Murthy,41,Male,DIST_1,45,
PERSON_ACCUSED_1184,Vani Desai,Vani Desai,32,Female,DIST_1,45,
PERSON_ACCUSED_1185,Hanumantha Rao,Hanumantha Rao,25,Male,DIST_1,45,
PERSON_ACCUSED_1186,Madhu Joshi,Madhu Joshi,40,Male,DIST_1,45,
PERSON_ACCUSED_1187,Faisal K Kulkarni,Faisal K Kulkarni,18,Male,DIST_1,45,
PERSON_ACCUSED_1188,Rangaswamy Hiremath,Rangaswamy Hiremath,29,Male,DIST_1,45,
PERSON_ACCUSED_1189,Syed Devadiga,Syed Devadiga,22,Male,DIST_1,45,
PERSON_ACCUSED_1190,Shankar Kamath,Shankar Kamath,26,Male,DIST_1,45,
PERSON_ACCUSED_1191,Mahadev Shaikh,Mahadev Shaikh,28,Male,DIST_1,45,
PERSON_ACCUSED_1192,Kamala Menon,Kamala Menon,25,Female,DIST_1,45,
PERSON_ACCUSED_1193,Yasmin Salian,Yasmin Salian,18,Female,DIST_1,45,
PERSON_ACCUSED_1194,Amina Bangera,Amina Bangera,28,Female,DIST_1,45,
PERSON_ACCUSED_1195,Meena Siddiqui,Meena Siddiqui,32,Female,DIST_1,45,
PERSON_ACCUSED_1196,Santhosh Ahmed,Santhosh Ahmed,24,Male,DIST_1,45,
PERSON_ACCUSED_1198,Yusuf Bellary,Yusuf Bellary,32,Male,DIST_1,45,
PERSON_ACCUSED_1199,Rajesh Shaikh,Rajesh Shaikh,24,Male,DIST_1,45,
PERSON_ACCUSED_1200,Venkatesh Shetty,Venkatesh Shetty,33,Male,DIST_1,45,
PERSON_ACCUSED_1201,Suresh Kotian,Suresh Kotian,30,Male,DIST_1,45,
PERSON_ACCUSED_1202,Mahadeva Swamy,Mahadeva Swamy,18,Male,DIST_1,45,
PERSON_ACCUSED_1203,Srinivas Kulkarni,Srinivas Kulkarni,20,Male,DIST_1,45,
PERSON_ACCUSED_1204,Ashok Baig,Ashok Baig,26,Male,DIST_1,45,
PERSON_ACCUSED_1205,Ganesh C Murthy,Ganesh C Murthy,35,Male,DIST_1,45,
PERSON_ACCUSED_1206,Hussain M Inamdar,Hussain M Inamdar,20,Male,DIST_1,45,
PERSON_ACCUSED_1207,Lokesh F Patel,Lokesh F Patel,19,Male,DIST_1,45,
PERSON_ACCUSED_1208,Yogesh Ansari,Yogesh Ansari,20,Male,DIST_1,45,
PERSON_ACCUSED_1209,Vijaykumar Rao,Vijaykumar Rao,34,Male,DIST_1,45,
PERSON_ACCUSED_1210,Arshad C Baig,Arshad C Baig,20,Male,DIST_1,45,
PERSON_ACCUSED_1211,Chandru A Joshi,Chandru A Joshi,21,Male,DIST_1,45,
PERSON_ACCUSED_1212,Vinay Mulla,Vinay Mulla,23,Male,DIST_1,45,
PERSON_ACCUSED_1213,Yogesh Kotian,Yogesh Kotian,31,Male,DIST_1,45,
PERSON_ACCUSED_1214,Ravi T Khan,Ravi T Khan,24,Male,DIST_1,45,
PERSON_ACCUSED_1215,Thimmappa Ahmed,Thimmappa Ahmed,28,Male,DIST_1,45,
PERSON_ACCUSED_1216,Basavaraj Shenoy,Basavaraj Shenoy,24,Male,DIST_1,45,
PERSON_ACCUSED_1217,Mahesh F Shetty,Mahesh F Shetty,31,Male,DIST_1,45,
PERSON_ACCUSED_1218,Kumar Shaikh,Kumar Shaikh,31,Male,DIST_1,45,
PERSON_ACCUSED_1219,Rajesh Maniyar,Rajesh Maniyar,23,Male,DIST_1,45,
PERSON_ACCUSED_1220,Pradeep Reddy,Pradeep Reddy,31,Male,DIST_1,45,
PERSON_ACCUSED_1221,Saleem Nair,Saleem Nair,26,Male,DIST_1,45,
PERSON_ACCUSED_1222,Mahesh Sayyad,Mahesh Sayyad,36,Male,DIST_1,45,
PERSON_ACCUSED_1223,Faiz Salian,Faiz Salian,26,Male,DIST_1,45,
PERSON_ACCUSED_1225,Kumar Rao,Kumar Rao,32,Male,DIST_1,45,
PERSON_ACCUSED_1226,Nadeem Sheikh,Nadeem Sheikh,30,Male,DIST_1,45,
PERSON_ACCUSED_1227,Gururaj Hosur,Gururaj Hosur,30,Male,DIST_1,45,
PERSON_ACCUSED_1228,Venkatesh Kulkarni,Venkatesh Kulkarni,27,Male,DIST_1,45,
PERSON_ACCUSED_1230,Naveen Rao,Naveen Rao,39,Male,DIST_1,45,
PERSON_ACCUSED_1231,Imran Inamdar,Imran Inamdar,24,Male,DIST_1,45,
PERSON_ACCUSED_1232,Basheer Devadiga,Basheer Devadiga,33,Male,DIST_1,45,
PERSON_ACCUSED_1233,Suresh Ali,Suresh Ali,19,Male,DIST_1,45,
PERSON_ACCUSED_1234,Darshan Mulla,Darshan Mulla,31,Male,DIST_1,45,
PERSON_ACCUSED_1235,Manjunath Maniyar,Manjunath Maniyar,26,Male,DIST_1,45,
PERSON_ACCUSED_1236,Iqbal Pai,Iqbal Pai,36,Male,DIST_1,45,
PERSON_ACCUSED_1237,Madhu Poojary,Madhu Poojary,34,Male,DIST_1,45,
PERSON_ACCUSED_1238,Sharada H Kini,Sharada H Kini,27,Female,DIST_1,45,
PERSON_ACCUSED_1239,Vishwanath Sayyad,Vishwanath Sayyad,27,Male,DIST_1,45,
PERSON_ACCUSED_1240,Saleem R Mulla,Saleem R Mulla,25,Male,DIST_1,45,
PERSON_ACCUSED_1241,Ramesh Prabhu,Ramesh Prabhu,29,Male,DIST_1,45,
PERSON_ACCUSED_1242,Satish Pai,Satish Pai,18,Male,DIST_1,45,
PERSON_ACCUSED_1243,Thimmappa Rao,Thimmappa Rao,31,Male,DIST_1,45,
PERSON_ACCUSED_1244,Shabbir Prabhu,Shabbir Prabhu,21,Male,DIST_1,45,
PERSON_ACCUSED_1245,Geetha Swamy,Geetha Swamy,26,Female,DIST_1,45,
PERSON_ACCUSED_1246,Aslam Ali,Aslam Ali,23,Male,DIST_1,45,
PERSON_ACCUSED_1247,Sunitha Prabhu,Sunitha Prabhu,18,Female,DIST_1,45,
PERSON_ACCUSED_1248,Vinay Desai,Vinay Desai,32,Male,DIST_1,45,
PERSON_ACCUSED_1249,Thimmappa Baig,Thimmappa Baig,31,Male,DIST_1,45,
PERSON_ACCUSED_1250,Yogesh Baig,Yogesh Baig,29,Male,DIST_1,45,
PERSON_ACCUSED_1251,Nadeem Poojary,Nadeem Poojary,28,Male,DIST_1,45,
PERSON_ACCUSED_1252,Siddappa Gowda,Siddappa Gowda,18,Male,DIST_1,45,
PERSON_ACCUSED_1253,Lokesh Shaikh,Lokesh Shaikh,32,Male,DIST_1,45,
PERSON_ACCUSED_1254,Girish F Bangera,Girish F Bangera,32,Male,DIST_1,45,
PERSON_ACCUSED_1255,Vijaykumar Bangera,Vijaykumar Bangera,39,Male,DIST_1,45,
PERSON_ACCUSED_1256,Ashok M Baig,Ashok M Baig,30,Male,DIST_1,45,
PERSON_ACCUSED_1257,Prasad S Bangera,Prasad S Bangera,22,Male,DIST_1,45,
PERSON_ACCUSED_1258,Darshan Patil,Darshan Patil,32,Male,DIST_1,45,
PERSON_ACCUSED_1259,Vijaykumar Joshi,Vijaykumar Joshi,19,Male,DIST_1,45,
PERSON_ACCUSED_1260,Mahadeva Hegde,Mahadeva Hegde,43,Male,DIST_1,45,
PERSON_ACCUSED_1261,Ganesh Devadiga,Ganesh Devadiga,27,Male,DIST_1,45,
PERSON_ACCUSED_1262,Ramesh A Prabhu,Ramesh A Prabhu,31,Male,DIST_1,45,
PERSON_ACCUSED_1263,Rakesh Shetty,Rakesh Shetty,23,Male,DIST_1,45,
PERSON_ACCUSED_1264,Mumtaz Hiremath,Mumtaz Hiremath,38,Female,DIST_1,45,
PERSON_ACCUSED_1265,Shankar Bellary,Shankar Bellary,26,Male,DIST_1,45,
PERSON_ACCUSED_1266,Yusuf Ahmed,Yusuf Ahmed,26,Male,DIST_1,45,
PERSON_ACCUSED_1267,Rashid Swamy,Rashid Swamy,19,Male,DIST_1,45,
PERSON_ACCUSED_1268,Harish Naidu,Harish Naidu,33,Male,DIST_1,45,
PERSON_ACCUSED_1269,Suresh Inamdar,Suresh Inamdar,22,Male,DIST_1,45,
PERSON_ACCUSED_1270,Venkatesh H Kamath,Venkatesh H Kamath,29,Male,DIST_1,45,
PERSON_ACCUSED_1271,Mahesh Poojary,Mahesh Poojary,26,Male,DIST_1,45,
PERSON_ACCUSED_1272,Nadeem Salian,Nadeem Salian,21,Male,DIST_1,45,
PERSON_ACCUSED_1273,Pradeep Sayyad,Pradeep Sayyad,36,Male,DIST_1,45,
PERSON_ACCUSED_1274,Shabbir Kini,Shabbir Kini,30,Male,DIST_1,45,
PERSON_ACCUSED_1275,Nadeem Hegde,Nadeem Hegde,41,Male,DIST_1,45,
PERSON_ACCUSED_1276,Nagendra Suvarna,Nagendra Suvarna,23,Male,DIST_1,45,
PERSON_ACCUSED_1277,Rangaswamy Suvarna,Rangaswamy Suvarna,39,Male,DIST_1,45,
PERSON_ACCUSED_1278,Vijaykumar Kamath,Vijaykumar Kamath,33,Male,DIST_1,45,
PERSON_ACCUSED_1279,Nadeem Kini,Nadeem Kini,18,Male,DIST_1,45,
PERSON_ACCUSED_1281,Deepak Ahmed,Deepak Ahmed,30,Male,DIST_1,45,
PERSON_ACCUSED_1282,Mallesh L Suvarna,Mallesh L Suvarna,18,Male,DIST_1,45,
PERSON_ACCUSED_1283,Ismail Suvarna,Ismail Suvarna,34,Male,DIST_1,45,
PERSON_ACCUSED_1284,Vinay Poojary,Vinay Poojary,35,Male,DIST_1,45,
PERSON_ACCUSED_1285,Nagaraj Shaikh,Nagaraj Shaikh,18,Male,DIST_1,45,
PERSON_ACCUSED_1286,Chandru Char,Chandru Char,39,Male,DIST_1,45,
PERSON_ACCUSED_1287,Puttaswamy M Nair,Puttaswamy M Nair,26,Male,DIST_1,45,
PERSON_ACCUSED_1289,Kempe Pai,Kempe Pai,31,Male,DIST_1,45,
PERSON_ACCUSED_1290,Suresh Naidu,Suresh Naidu,31,Male,DIST_1,45,
PERSON_ACCUSED_1291,Shivakumar R Kotian,Shivakumar R Kotian,29,Male,DIST_1,45,
PERSON_ACCUSED_1293,Abdul Ahmed,Abdul Ahmed,25,Male,DIST_1,45,
PERSON_ACCUSED_1294,Satish Prabhu,Satish Prabhu,32,Male,DIST_1,45,
PERSON_ACCUSED_1295,Keshav Hubli,Keshav Hubli,31,Male,DIST_1,45,
PERSON_ACCUSED_1296,Bhagya Naidu,Bhagya Naidu,30,Female,DIST_1,45,
PERSON_ACCUSED_1297,Prakash Hubli,Prakash Hubli,33,Male,DIST_1,45,
PERSON_ACCUSED_1298,Gopal Sayyad,Gopal Sayyad,25,Male,DIST_1,45,
PERSON_ACCUSED_1299,Ismail L Achar,Ismail L Achar,29,Male,DIST_1,45,
PERSON_ACCUSED_1300,Dinesh Mulla,Dinesh Mulla,30,Male,DIST_1,45,
PERSON_ACCUSED_1301,Umesh Baig,Umesh Baig,42,Male,DIST_1,45,
PERSON_ACCUSED_1303,Manju R Shetty,Manju R Shetty,27,Male,DIST_1,45,
PERSON_ACCUSED_1304,Ashok Mulla,Ashok Mulla,28,Male,DIST_1,45,
PERSON_ACCUSED_1305,Abdul Patil,Abdul Patil,29,Male,DIST_1,45,
PERSON_ACCUSED_1306,Santosh Maniyar,Santosh Maniyar,24,Male,DIST_1,45,
PERSON_ACCUSED_1307,Pradeep Prabhu,Pradeep Prabhu,18,Male,DIST_1,45,
PERSON_ACCUSED_1308,Girish Khan,Girish Khan,34,Male,DIST_1,45,
PERSON_ACCUSED_1309,Faiz Prabhu,Faiz Prabhu,35,Male,DIST_1,45,
PERSON_ACCUSED_1310,Hanumantha T Hiremath,Hanumantha T Hiremath,20,Male,DIST_1,45,
PERSON_ACCUSED_1311,Rizwan Bangera,Rizwan Bangera,34,Male,DIST_1,45,
PERSON_ACCUSED_1312,Madhu H Poojary,Madhu H Poojary,29,Male,DIST_1,45,
PERSON_ACCUSED_1313,Kiran T Naidu,Kiran T Naidu,31,Male,DIST_1,45,
PERSON_ACCUSED_1314,Nandini Patel,Nandini Patel,26,Female,DIST_1,45,
PERSON_ACCUSED_1315,Rajesh Kamath,Rajesh Kamath,26,Male,DIST_1,45,
PERSON_ACCUSED_1316,Venkatesh G Kamath,Venkatesh G Kamath,18,Male,DIST_1,45,
PERSON_ACCUSED_1317,Gopal Devadiga,Gopal Devadiga,34,Male,DIST_1,45,
PERSON_ACCUSED_1318,Chandru Suvarna,Chandru Suvarna,28,Male,DIST_1,45,
PERSON_ACCUSED_1319,Kiran Hiremath,Kiran Hiremath,21,Male,DIST_1,45,
PERSON_ACCUSED_1320,Hanumantha Joshi,Hanumantha Joshi,34,Male,DIST_1,45,
PERSON_ACCUSED_1321,Saleem Hiremath,Saleem Hiremath,22,Male,DIST_1,45,
PERSON_ACCUSED_1322,Pradeep E Inamdar,Pradeep E Inamdar,30,Male,DIST_1,45,
PERSON_ACCUSED_1323,Santosh Achar,Santosh Achar,33,Male,DIST_1,45,
PERSON_ACCUSED_1324,Mahadeva D Prabhu,Mahadeva D Prabhu,35,Male,DIST_1,45,
PERSON_ACCUSED_1325,Prakash M Pai,Prakash M Pai,42,Male,DIST_1,45,
PERSON_ACCUSED_1326,Syed Rao,Syed Rao,20,Male,DIST_1,45,
PERSON_ACCUSED_1327,Shivakumar Bellary,Shivakumar Bellary,29,Male,DIST_1,45,
PERSON_ACCUSED_1328,Yogesh Hosur,Yogesh Hosur,33,Male,DIST_1,45,
PERSON_ACCUSED_1329,Pradeep Patel,Pradeep Patel,24,Male,DIST_1,45,
PERSON_ACCUSED_1330,Suresh Nair,Suresh Nair,32,Male,DIST_1,45,
PERSON_ACCUSED_1331,Lakshmi Kulkarni,Lakshmi Kulkarni,29,Female,DIST_1,45,
PERSON_ACCUSED_1332,Umesh Inamdar,Umesh Inamdar,30,Male,DIST_1,45,
PERSON_ACCUSED_1333,Ismail A Baig,Ismail A Baig,25,Male,DIST_1,45,
PERSON_ACCUSED_1334,Dinesh Hosur,Dinesh Hosur,34,Male,DIST_1,45,
PERSON_ACCUSED_1335,Prakash Reddy,Prakash Reddy,28,Male,DIST_1,45,
PERSON_ACCUSED_1337,Chandru G Naidu,Chandru G Naidu,31,Male,DIST_1,45,
PERSON_ACCUSED_1338,Rajesh G Bangera,Rajesh G Bangera,29,Male,DIST_1,45,
PERSON_ACCUSED_1339,Venkatesh K Shetty,Venkatesh K Shetty,31,Male,DIST_1,45,
PERSON_ACCUSED_1340,Santosh P Achar,Santosh P Achar,18,Male,DIST_1,45,
PERSON_ACCUSED_1341,Ashok H Patel,Ashok H Patel,34,Male,DIST_1,45,
PERSON_ACCUSED_1342,Ningappa Char,Ningappa Char,42,Male,DIST_1,45,
PERSON_ACCUSED_1343,Naveen Baig,Naveen Baig,30,Male,DIST_1,45,
PERSON_ACCUSED_1344,Harish Patel,Harish Patel,22,Male,DIST_1,45,
PERSON_ACCUSED_1345,Prasad Reddy,Prasad Reddy,18,Male,DIST_1,45,
PERSON_ACCUSED_1346,Kiran W Siddiqui,Kiran W Siddiqui,37,Male,DIST_1,45,
PERSON_ACCUSED_1348,Hussain Desai,Hussain Desai,26,Male,DIST_1,45,
PERSON_ACCUSED_1349,Harish Swamy,Harish Swamy,28,Male,DIST_1,45,
PERSON_ACCUSED_1350,Umesh Ahmed,Umesh Ahmed,34,Male,DIST_1,45,
PERSON_ACCUSED_1351,Shankar Patel,Shankar Patel,38,Male,DIST_1,45,
PERSON_ACCUSED_1352,Manjunath Hubli,Manjunath Hubli,24,Male,DIST_1,45,
PERSON_ACCUSED_1353,Prema B Nair,Prema B Nair,32,Female,DIST_1,45,
PERSON_ACCUSED_1354,Dinesh Ansari,Dinesh Ansari,22,Male,DIST_1,45,
PERSON_ACCUSED_1355,Vishwanath Pai,Vishwanath Pai,31,Male,DIST_1,45,
PERSON_ACCUSED_1356,Santosh Sheikh,Santosh Sheikh,23,Male,DIST_1,45,
PERSON_ACCUSED_1358,Yusuf Inamdar,Yusuf Inamdar,27,Male,DIST_1,45,
PERSON_ACCUSED_1359,Ramesh Kotian,Ramesh Kotian,23,Male,DIST_1,45,
PERSON_ACCUSED_1360,Byre A Hubli,Byre A Hubli,34,Male,DIST_1,45,
PERSON_ACCUSED_1361,Santhosh Naidu,Santhosh Naidu,22,Male,DIST_1,45,
PERSON_ACCUSED_1362,Arshad Gowda,Arshad Gowda,29,Male,DIST_1,45,
PERSON_ACCUSED_1363,Vishwanath Qureshi,Vishwanath Qureshi,36,Male,DIST_1,45,
PERSON_ACCUSED_1364,Umesh M Patil,Umesh M Patil,25,Male,DIST_1,45,
PERSON_ACCUSED_1365,Naveen Siddiqui,Naveen Siddiqui,41,Male,DIST_1,45,
PERSON_ACCUSED_1366,Prasad V Ahmed,Prasad V Ahmed,24,Male,DIST_1,45,
PERSON_ACCUSED_1367,Shankar Shenoy,Shankar Shenoy,25,Male,DIST_1,45,
PERSON_ACCUSED_1368,Suma Kulkarni,Suma Kulkarni,26,Female,DIST_1,45,
PERSON_ACCUSED_1369,Ravi Shetty,Ravi Shetty,33,Male,DIST_1,45,
PERSON_ACCUSED_1370,Jagadish Ansari,Jagadish Ansari,27,Male,DIST_1,45,
PERSON_ACCUSED_1371,Ganesh H Siddiqui,Ganesh H Siddiqui,19,Male,DIST_1,45,
PERSON_ACCUSED_1372,Asha Kini,Asha Kini,43,Female,DIST_1,45,
PERSON_ACCUSED_1373,Pradeep Sheikh,Pradeep Sheikh,28,Male,DIST_1,45,
PERSON_ACCUSED_1374,Nadeem K Baig,Nadeem K Baig,27,Male,DIST_1,45,
PERSON_ACCUSED_1375,Chandrashekar Bhat,Chandrashekar Bhat,30,Male,DIST_1,45,
PERSON_ACCUSED_1376,Puttaswamy N Joshi,Puttaswamy N Joshi,33,Male,DIST_1,45,
PERSON_ACCUSED_1377,Irfan M Naidu,Irfan M Naidu,26,Male,DIST_1,45,
PERSON_ACCUSED_1378,Irfan H Ansari,Irfan H Ansari,27,Male,DIST_1,45,
PERSON_ACCUSED_1379,Srinivas Hegde,Srinivas Hegde,34,Male,DIST_1,45,
PERSON_ACCUSED_1380,Anwar Reddy,Anwar Reddy,19,Male,DIST_1,45,
PERSON_ACCUSED_1381,Keshav Siddiqui,Keshav Siddiqui,24,Male,DIST_1,45,
PERSON_ACCUSED_1382,Deepak Reddy,Deepak Reddy,36,Male,DIST_1,45,
PERSON_ACCUSED_1383,Kumar S Patil,Kumar S Patil,29,Male,DIST_1,45,
PERSON_ACCUSED_1384,Aslam Poojary,Aslam Poojary,36,Male,DIST_1,45,
PERSON_ACCUSED_1385,Umesh Qureshi,Umesh Qureshi,30,Male,DIST_1,45,
PERSON_ACCUSED_1386,Srinivas Ansari,Srinivas Ansari,29,Male,DIST_1,45,
PERSON_ACCUSED_1387,Yusuf Rao,Yusuf Rao,31,Male,DIST_1,45,
PERSON_ACCUSED_1388,Umesh Bangera,Umesh Bangera,35,Male,DIST_1,45,
PERSON_ACCUSED_1389,Jagadish N Desai,Jagadish N Desai,28,Male,DIST_1,45,
PERSON_ACCUSED_1390,Kempe Hosur,Kempe Hosur,26,Male,DIST_1,45,
PERSON_ACCUSED_1391,Faisal Bangera,Faisal Bangera,36,Male,DIST_1,45,
PERSON_ACCUSED_1392,Suresh A Murthy,Suresh A Murthy,39,Male,DIST_1,45,
PERSON_ACCUSED_1394,Satish Naidu,Satish Naidu,22,Male,DIST_1,45,
PERSON_ACCUSED_1395,Aslam Char,Aslam Char,32,Male,DIST_1,45,
PERSON_ACCUSED_1396,Keshav Swamy,Keshav Swamy,39,Male,DIST_1,45,
PERSON_ACCUSED_1397,Mohan Char,Mohan Char,19,Male,DIST_1,45,
PERSON_ACCUSED_1398,Madhu Shenoy,Madhu Shenoy,38,Male,DIST_1,45,
PERSON_ACCUSED_1400,Mahesh Hosur,Mahesh Hosur,32,Male,DIST_1,45,
PERSON_ACCUSED_1401,Iqbal Rao,Iqbal Rao,29,Male,DIST_1,45,
PERSON_ACCUSED_1402,Manjunath Khan,Manjunath Khan,26,Male,DIST_1,45,
PERSON_ACCUSED_1403,Iqbal Swamy,Iqbal Swamy,20,Male,DIST_1,45,
PERSON_ACCUSED_1404,Hussain Swamy,Hussain Swamy,29,Male,DIST_1,45,
PERSON_ACCUSED_1405,Rangaswamy Hegde,Rangaswamy Hegde,28,Male,DIST_1,45,
PERSON_ACCUSED_1406,Naveen Sayyad,Naveen Sayyad,18,Male,DIST_1,45,
PERSON_ACCUSED_1407,Arshad Nayak,Arshad Nayak,22,Male,DIST_1,45,
PERSON_ACCUSED_1408,Ramesh Hubli,Ramesh Hubli,21,Male,DIST_1,45,
PERSON_ACCUSED_1409,Imran Ali,Imran Ali,27,Male,DIST_1,45,
PERSON_ACCUSED_1410,Rashid Bhat,Rashid Bhat,29,Male,DIST_1,45,
PERSON_ACCUSED_1411,Chitra Sheikh,Chitra Sheikh,37,Female,DIST_1,45,
PERSON_ACCUSED_1412,Jayamma Shenoy,Jayamma Shenoy,21,Female,DIST_1,45,
PERSON_ACCUSED_1413,Vishwanath Kini,Vishwanath Kini,39,Male,DIST_1,45,
PERSON_ACCUSED_1414,Arshad K Shaikh,Arshad K Shaikh,18,Male,DIST_1,45,
PERSON_ACCUSED_1415,Manjula Ali,Manjula Ali,26,Female,DIST_1,45,
PERSON_ACCUSED_1416,Darshan Inamdar,Darshan Inamdar,42,Male,DIST_1,45,
PERSON_ACCUSED_1417,Vishwanath Kamath,Vishwanath Kamath,32,Male,DIST_1,45,
PERSON_ACCUSED_1418,Abdul N Swamy,Abdul N Swamy,38,Male,DIST_1,45,
PERSON_ACCUSED_1419,Dinesh Prabhu,Dinesh Prabhu,36,Male,DIST_1,45,
PERSON_ACCUSED_1420,Anwar M Char,Anwar M Char,29,Male,DIST_1,45,
PERSON_ACCUSED_1421,Keshav Inamdar,Keshav Inamdar,31,Male,DIST_1,45,
PERSON_ACCUSED_1422,Anwar Bangera,Anwar Bangera,40,Male,DIST_1,45,
PERSON_ACCUSED_1423,Kiran Gowda,Kiran Gowda,31,Male,DIST_1,45,
PERSON_ACCUSED_1424,Irfan Achar,Irfan Achar,32,Male,DIST_1,45,
PERSON_ACCUSED_1425,Pradeep Char,Pradeep Char,33,Male,DIST_1,45,
PERSON_ACCUSED_1426,Manju Menon,Manju Menon,18,Male,DIST_1,45,
PERSON_ACCUSED_1427,Lokesh Achar,Lokesh Achar,21,Male,DIST_1,45,
PERSON_ACCUSED_1428,Gururaj Char,Gururaj Char,33,Male,DIST_1,45,
PERSON_ACCUSED_1429,Yogesh V Patel,Yogesh V Patel,29,Male,DIST_1,45,
PERSON_ACCUSED_1430,Venkatesh Gowda,Venkatesh Gowda,34,Male,DIST_1,45,
PERSON_ACCUSED_1431,Ningappa Shetty,Ningappa Shetty,25,Male,DIST_1,45,
PERSON_ACCUSED_1432,Pradeep J Gowda,Pradeep J Gowda,23,Male,DIST_1,45,
PERSON_ACCUSED_1433,Manjunath M Sheikh,Manjunath M Sheikh,38,Male,DIST_1,45,
PERSON_ACCUSED_1434,Umesh S Patil,Umesh S Patil,21,Male,DIST_1,45,
PERSON_ACCUSED_1435,Satish Siddiqui,Satish Siddiqui,28,Male,DIST_1,45,
PERSON_ACCUSED_1436,Rajesh Patel,Rajesh Patel,27,Male,DIST_1,45,
PERSON_ACCUSED_1437,Yusuf E Achar,Yusuf E Achar,26,Male,DIST_1,45,
PERSON_ACCUSED_1438,Chandru Hegde,Chandru Hegde,32,Male,DIST_1,45,
PERSON_ACCUSED_1439,Ramesh Nadaf,Ramesh Nadaf,23,Male,DIST_1,45,
PERSON_ACCUSED_1440,Basavaraj Khan,Basavaraj Khan,25,Male,DIST_1,45,
PERSON_ACCUSED_1441,Pradeep N Hosur,Pradeep N Hosur,27,Male,DIST_1,45,
PERSON_ACCUSED_1442,Thimmappa Reddy,Thimmappa Reddy,29,Male,DIST_1,45,
PERSON_ACCUSED_1443,Yogesh Kulkarni,Yogesh Kulkarni,25,Male,DIST_1,45,
PERSON_ACCUSED_1444,Darshan Gowda,Darshan Gowda,30,Male,DIST_1,45,
PERSON_ACCUSED_1445,Kumar Hosur,Kumar Hosur,25,Male,DIST_1,45,
PERSON_ACCUSED_1446,Ningappa Nair,Ningappa Nair,35,Male,DIST_1,45,
PERSON_ACCUSED_1447,Santosh Bhat,Santosh Bhat,35,Male,DIST_1,45,
PERSON_ACCUSED_1448,Ganesh Gowda,Ganesh Gowda,21,Male,DIST_1,45,
PERSON_ACCUSED_1449,Puttaswamy alias Land Puttu,Puttaswamy alias Land Puttu,31,Male,DIST_1,45,
PERSON_ACCUSED_1450,Gururaj Nair,Gururaj Nair,30,Male,DIST_1,45,
PERSON_ACCUSED_1451,Kumar Sayyad,Kumar Sayyad,24,Male,DIST_1,45,
PERSON_ACCUSED_1452,Yogesh Nayak,Yogesh Nayak,20,Male,DIST_1,45,
PERSON_ACCUSED_1453,Kumar Pai,Kumar Pai,40,Male,DIST_1,45,
PERSON_ACCUSED_1454,Rizwan Poojary,Rizwan Poojary,18,Male,DIST_1,45,
PERSON_ACCUSED_1455,Thimmappa Shetty,Thimmappa Shetty,31,Male,DIST_1,45,
PERSON_ACCUSED_1456,Hussain F Bellary,Hussain F Bellary,24,Male,DIST_1,45,
PERSON_ACCUSED_1457,Nagaraj Hosur,Nagaraj Hosur,18,Male,DIST_1,45,
PERSON_ACCUSED_1458,Vinay T Rao,Vinay T Rao,31,Male,DIST_1,45,
PERSON_ACCUSED_1459,Basavaraj S Hegde,Basavaraj S Hegde,22,Male,DIST_1,45,
PERSON_ACCUSED_1460,Umesh F Shetty,Umesh F Shetty,25,Male,DIST_1,45,
PERSON_ACCUSED_1461,Harish Menon,Harish Menon,27,Male,DIST_1,45,
PERSON_ACCUSED_1462,Imran Char,Imran Char,29,Male,DIST_1,45,
PERSON_ACCUSED_1463,Kiran Nair,Kiran Nair,26,Male,DIST_1,45,
PERSON_ACCUSED_1464,Murali J Patel,Murali J Patel,31,Male,DIST_1,45,
PERSON_ACCUSED_1465,Venkatesh M Char,Venkatesh M Char,21,Male,DIST_1,45,
PERSON_ACCUSED_1466,Harish Salian,Harish Salian,29,Male,DIST_1,45,
PERSON_ACCUSED_1467,Deepak U Devadiga,Deepak U Devadiga,22,Male,DIST_1,45,
PERSON_ACCUSED_1468,Kumar Khan,Kumar Khan,27,Male,DIST_1,45,
PERSON_ACCUSED_1469,Srinivas Y Patil,Srinivas Y Patil,36,Male,DIST_1,45,
PERSON_ACCUSED_1470,Satish Kotian,Satish Kotian,37,Male,DIST_1,45,
PERSON_ACCUSED_1472,Faisal Kamath,Faisal Kamath,26,Male,DIST_1,45,
PERSON_ACCUSED_1473,Dinesh J Maniyar,Dinesh J Maniyar,32,Male,DIST_1,45,
PERSON_ACCUSED_1474,Aslam A Qureshi,Aslam A Qureshi,27,Male,DIST_1,45,
PERSON_ACCUSED_1475,Abdul C Ahmed,Abdul C Ahmed,40,Male,DIST_1,45,
PERSON_ACCUSED_1476,Kempe Reddy,Kempe Reddy,31,Male,DIST_1,45,
PERSON_ACCUSED_1477,Mahesh Bellary,Mahesh Bellary,34,Male,DIST_1,45,
PERSON_ACCUSED_1478,Faiz J Khan,Faiz J Khan,21,Male,DIST_1,45,
PERSON_ACCUSED_1479,Ashok Hegde,Ashok Hegde,22,Male,DIST_1,45,
PERSON_ACCUSED_1480,Mallesh Ansari,Mallesh Ansari,30,Male,DIST_1,45,
PERSON_ACCUSED_1481,Vani Pai,Vani Pai,24,Female,DIST_1,45,
PERSON_ACCUSED_1482,Murali Desai,Murali Desai,34,Male,DIST_1,45,
PERSON_ACCUSED_1483,Ravi K Poojary,Ravi K Poojary,41,Male,DIST_1,45,
PERSON_ACCUSED_1485,Gururaj Khan,Gururaj Khan,22,Male,DIST_1,45,
PERSON_ACCUSED_1486,Siddappa Reddy,Siddappa Reddy,20,Male,DIST_1,45,
PERSON_ACCUSED_1487,Mohammed F Nadaf,Mohammed F Nadaf,28,Male,DIST_1,45,
PERSON_ACCUSED_1488,Shivu Kini,Shivu Kini,37,Male,DIST_1,45,
PERSON_ACCUSED_1489,Mahadev Ansari,Mahadev Ansari,36,Male,DIST_1,45,
PERSON_ACCUSED_1490,Naveen Poojary,Naveen Poojary,27,Male,DIST_1,45,
PERSON_ACCUSED_1491,Kempe L Shetty,Kempe L Shetty,28,Male,DIST_1,45,
PERSON_ACCUSED_1492,Srinivas Nair,Srinivas Nair,29,Male,DIST_1,45,
PERSON_ACCUSED_1493,Chandrashekar Kulkarni,Chandrashekar Kulkarni,33,Male,DIST_1,45,
PERSON_ACCUSED_1494,Girish N Naidu,Girish N Naidu,22,Male,DIST_1,45,
PERSON_ACCUSED_1495,Vijaykumar Baig,Vijaykumar Baig,29,Male,DIST_1,45,
PERSON_ACCUSED_1496,Vani Prabhu,Vani Prabhu,30,Female,DIST_1,45,
PERSON_ACCUSED_1497,Nagendra Hegde,Nagendra Hegde,32,Male,DIST_1,45,
PERSON_ACCUSED_1498,Faiz Nair,Faiz Nair,29,Male,DIST_1,45,
PERSON_ACCUSED_1499,Faiz W Kini,Faiz W Kini,21,Male,DIST_1,45,
PERSON_ACCUSED_1500,Santosh Patel,Santosh Patel,36,Male,DIST_1,45,
PERSON_COMP_1,Roopa Rao H,Roopa Rao H,30,Female,DIST_1,10,
PERSON_COMP_2,Venkatesh Bhat,Venkatesh Bhat,23,Male,DIST_1,10,
PERSON_COMP_3,Ashok Char A,Ashok Char A,35,Male,DIST_1,10,
PERSON_COMP_4,Manju Hiremath M,Manju Hiremath M,31,Male,DIST_1,10,
PERSON_COMP_5,Mahadeva Poojary U,Mahadeva Poojary U,27,Male,DIST_1,10,
PERSON_COMP_6,Mohan Hosur D,Mohan Hosur D,32,Male,DIST_1,10,
PERSON_COMP_7,Kiran Patil,Kiran Patil,34,Male,DIST_1,10,
PERSON_COMP_8,Nagendra Desai,Nagendra Desai,35,Male,DIST_1,10,
PERSON_COMP_9,Kamala Hosur L,Kamala Hosur L,53,Female,DIST_1,10,
PERSON_COMP_10,Gopal Pai,Gopal Pai,44,Male,DIST_1,10,
PERSON_COMP_11,Jayamma Bangera,Jayamma Bangera,21,Female,DIST_1,10,
PERSON_COMP_12,Roshan Mulla F,Roshan Mulla F,57,Female,DIST_1,10,
PERSON_COMP_13,Nagendra Gowda,Nagendra Gowda,36,Male,DIST_1,10,
PERSON_COMP_14,Usha Gowda F,Usha Gowda F,34,Female,DIST_1,10,
PERSON_COMP_15,Byre Hubli D,Byre Hubli D,42,Male,DIST_1,10,
PERSON_COMP_16,Joseph Murthy,Joseph Murthy,30,Male,DIST_1,10,
PERSON_COMP_17,Rehana Patel,Rehana Patel,52,Female,DIST_1,10,
PERSON_COMP_18,Murali Swamy,Murali Swamy,43,Male,DIST_1,10,
PERSON_COMP_19,Girish Kulkarni,Girish Kulkarni,49,Male,DIST_1,10,
PERSON_COMP_20,Harish Nayak T,Harish Nayak T,32,Male,DIST_1,10,
PERSON_COMP_21,Ramesh Patil,Ramesh Patil,37,Male,DIST_1,10,
PERSON_COMP_22,Suresh Swamy S,Suresh Swamy S,35,Male,DIST_1,10,
PERSON_COMP_23,Santosh Bhat,Santosh Bhat,47,Male,DIST_1,10,
PERSON_COMP_24,Bharathi Reddy,Bharathi Reddy,44,Female,DIST_1,10,
PERSON_COMP_25,Roopa Nair R,Roopa Nair R,41,Female,DIST_1,10,
PERSON_COMP_26,Noor Maniyar Y,Noor Maniyar Y,45,Female,DIST_1,10,
PERSON_COMP_27,Priya Kulkarni,Priya Kulkarni,48,Female,DIST_1,10,
PERSON_COMP_28,Michael Rao,Michael Rao,25,Male,DIST_1,10,
PERSON_COMP_29,Nandini Bellary,Nandini Bellary,38,Female,DIST_1,10,
PERSON_COMP_30,Mahadev Char,Mahadev Char,40,Male,DIST_1,10,
PERSON_COMP_31,Kamala Nayak H,Kamala Nayak H,47,Female,DIST_1,10,
PERSON_COMP_32,Shankar Hiremath,Shankar Hiremath,34,Male,DIST_1,10,
PERSON_COMP_33,Rangaswamy Pai,Rangaswamy Pai,32,Male,DIST_1,10,
PERSON_COMP_34,Lokesh Hiremath G,Lokesh Hiremath G,49,Male,DIST_1,10,
PERSON_COMP_35,Thimmappa Hubli R,Thimmappa Hubli R,21,Male,DIST_1,10,
PERSON_COMP_36,Roopa Hiremath,Roopa Hiremath,23,Female,DIST_1,10,
PERSON_COMP_37,Darshan Kini,Darshan Kini,41,Male,DIST_1,10,
PERSON_COMP_38,Parveen Sheikh P,Parveen Sheikh P,48,Female,DIST_1,10,
PERSON_COMP_39,Nagendra Nair R,Nagendra Nair R,34,Male,DIST_1,10,
PERSON_COMP_40,Prakash Nair U,Prakash Nair U,36,Male,DIST_1,10,
PERSON_COMP_41,Zubaida Patel,Zubaida Patel,33,Female,DIST_1,10,
PERSON_COMP_42,Suma Char,Suma Char,27,Female,DIST_1,10,
PERSON_COMP_43,Manjula Devadiga,Manjula Devadiga,42,Female,DIST_1,10,
PERSON_COMP_44,Priya Desai,Priya Desai,23,Female,DIST_1,10,
PERSON_COMP_45,Saleem Khan,Saleem Khan,33,Male,DIST_1,10,
PERSON_COMP_46,Ratna Kini,Ratna Kini,31,Female,DIST_1,10,
PERSON_COMP_47,Sunitha Shetty,Sunitha Shetty,44,Female,DIST_1,10,
PERSON_COMP_48,Nandini Hiremath V,Nandini Hiremath V,43,Female,DIST_1,10,
PERSON_COMP_49,Iqbal Patel,Iqbal Patel,36,Male,DIST_1,10,
PERSON_COMP_50,Arshad Ansari,Arshad Ansari,40,Male,DIST_1,10,
PERSON_COMP_51,Madhu Salian P,Madhu Salian P,30,Male,DIST_1,10,
PERSON_COMP_52,Dinesh Kamath P,Dinesh Kamath P,23,Male,DIST_1,10,
PERSON_COMP_53,Dinesh Char,Dinesh Char,34,Male,DIST_1,10,
PERSON_COMP_54,Rosemary Reddy K,Rosemary Reddy K,32,Male,DIST_1,10,
PERSON_COMP_55,Satish Devadiga,Satish Devadiga,45,Male,DIST_1,10,
PERSON_COMP_56,Mallesh Rao,Mallesh Rao,31,Male,DIST_1,10,
PERSON_COMP_57,Lata Joshi,Lata Joshi,41,Female,DIST_1,10,
PERSON_COMP_58,Shivu Kotian R,Shivu Kotian R,36,Male,DIST_1,10,
PERSON_COMP_59,Harish Hiremath,Harish Hiremath,38,Male,DIST_1,10,
PERSON_COMP_60,Darshan Bellary,Darshan Bellary,23,Male,DIST_1,10,
PERSON_COMP_61,Geetha Kulkarni N,Geetha Kulkarni N,45,Female,DIST_1,10,
PERSON_COMP_62,Puttaswamy Naidu,Puttaswamy Naidu,41,Male,DIST_1,10,
PERSON_COMP_63,Kempe Devadiga N,Kempe Devadiga N,26,Male,DIST_1,10,
PERSON_COMP_64,Mohan Kini,Mohan Kini,35,Male,DIST_1,10,
PERSON_COMP_65,Zainab Ansari,Zainab Ansari,45,Female,DIST_1,10,
PERSON_COMP_66,Pushpa Hiremath,Pushpa Hiremath,39,Female,DIST_1,10,
PERSON_COMP_67,Irfan Maniyar P,Irfan Maniyar P,39,Male,DIST_1,10,
PERSON_COMP_68,Gopal Shetty,Gopal Shetty,38,Male,DIST_1,10,
PERSON_COMP_69,Naveen Nayak E,Naveen Nayak E,33,Male,DIST_1,10,
PERSON_COMP_70,Shivakumar Char,Shivakumar Char,35,Male,DIST_1,10,
PERSON_COMP_71,Mohan Bangera,Mohan Bangera,42,Male,DIST_1,10,
PERSON_COMP_72,Pradeep Nayak W,Pradeep Nayak W,36,Male,DIST_1,10,
PERSON_COMP_73,Siddappa Kotian,Siddappa Kotian,37,Male,DIST_1,10,
PERSON_COMP_74,Satish Murthy,Satish Murthy,37,Male,DIST_1,10,
PERSON_COMP_75,Ratna Prabhu,Ratna Prabhu,24,Female,DIST_1,10,
PERSON_COMP_76,Rosemary Nayak R,Rosemary Nayak R,41,Male,DIST_1,10,
PERSON_COMP_77,Suresh Shenoy S,Suresh Shenoy S,40,Male,DIST_1,10,
PERSON_COMP_78,Nagaraj Joshi,Nagaraj Joshi,31,Male,DIST_1,10,
PERSON_COMP_79,Swathi Menon,Swathi Menon,38,Female,DIST_1,10,
PERSON_COMP_80,Prasad Shenoy,Prasad Shenoy,34,Male,DIST_1,10,
PERSON_COMP_81,Ganesh Nayak J,Ganesh Nayak J,36,Male,DIST_1,10,
PERSON_COMP_82,Divya Bellary,Divya Bellary,31,Female,DIST_1,10,
PERSON_COMP_83,Ravi Hosur U,Ravi Hosur U,40,Male,DIST_1,10,
PERSON_COMP_84,Prema Bellary A,Prema Bellary A,38,Female,DIST_1,10,
PERSON_COMP_85,Naveen Nayak,Naveen Nayak,41,Male,DIST_1,10,
PERSON_COMP_86,Rangaswamy Hegde,Rangaswamy Hegde,31,Male,DIST_1,10,
PERSON_COMP_87,Kavitha Salian,Kavitha Salian,30,Female,DIST_1,10,
PERSON_COMP_88,Jagadish Rao,Jagadish Rao,40,Male,DIST_1,10,
PERSON_COMP_89,Nagendra Patil F,Nagendra Patil F,42,Male,DIST_1,10,
PERSON_COMP_90,Siddappa Desai R,Siddappa Desai R,44,Male,DIST_1,10,
PERSON_COMP_91,Jayamma Nayak,Jayamma Nayak,27,Female,DIST_1,10,
PERSON_COMP_92,Mahadev Bellary V,Mahadev Bellary V,35,Male,DIST_1,10,
PERSON_COMP_93,Chandrashekar Menon U,Chandrashekar Menon U,39,Male,DIST_1,10,
PERSON_COMP_94,Thimmappa Naidu,Thimmappa Naidu,39,Male,DIST_1,10,
PERSON_COMP_95,Naveen Menon,Naveen Menon,42,Male,DIST_1,10,
PERSON_COMP_96,Shankar Rao L,Shankar Rao L,35,Male,DIST_1,10,
PERSON_COMP_97,Lata Shetty,Lata Shetty,31,Female,DIST_1,10,
PERSON_COMP_98,Madhu Pai,Madhu Pai,39,Male,DIST_1,10,
PERSON_COMP_99,Ashok Reddy,Ashok Reddy,40,Male,DIST_1,10,
PERSON_COMP_100,Suma K Char,Suma K Char,47,Female,DIST_1,10,
PERSON_COMP_101,Satish Nayak,Satish Nayak,35,Male,DIST_1,10,
PERSON_COMP_102,Priya Joshi,Priya Joshi,34,Female,DIST_1,10,
PERSON_COMP_103,Ravi Patil,Ravi Patil,35,Male,DIST_1,10,
PERSON_COMP_104,Shabbir Shaikh K,Shabbir Shaikh K,51,Male,DIST_1,10,
PERSON_COMP_105,Ashok Salian U,Ashok Salian U,31,Male,DIST_1,10,
PERSON_COMP_106,Basavaraj Kamath,Basavaraj Kamath,39,Male,DIST_1,10,
PERSON_COMP_107,Geetha Suvarna,Geetha Suvarna,41,Female,DIST_1,10,
PERSON_COMP_108,Mohammed Nadaf R,Mohammed Nadaf R,37,Male,DIST_1,10,
PERSON_COMP_109,Sunitha Kini,Sunitha Kini,32,Female,DIST_1,10,
PERSON_COMP_110,Swathi Shetty,Swathi Shetty,32,Female,DIST_1,10,
PERSON_COMP_111,Jayamma Rao C,Jayamma Rao C,38,Female,DIST_1,10,
PERSON_COMP_112,Mahadeva Shenoy B,Mahadeva Shenoy B,26,Male,DIST_1,10,
PERSON_COMP_113,Rajesh Achar,Rajesh Achar,51,Male,DIST_1,10,
PERSON_COMP_114,Sunitha Pai,Sunitha Pai,45,Female,DIST_1,10,
PERSON_COMP_115,Nasreen Ahmed,Nasreen Ahmed,31,Female,DIST_1,10,
PERSON_COMP_116,Mahesh Salian,Mahesh Salian,40,Male,DIST_1,10,
PERSON_COMP_117,Venkatesh Bangera K,Venkatesh Bangera K,36,Male,DIST_1,10,
PERSON_COMP_118,Mallesh Bellary,Mallesh Bellary,47,Male,DIST_1,10,
PERSON_COMP_119,Roopa Rao J,Roopa Rao J,46,Female,DIST_1,10,
PERSON_COMP_120,Shankar Devadiga K,Shankar Devadiga K,31,Male,DIST_1,10,
PERSON_COMP_121,Mahadev Hosur,Mahadev Hosur,40,Male,DIST_1,10,
PERSON_COMP_122,Usha Patil D,Usha Patil D,32,Female,DIST_1,10,
PERSON_COMP_123,Lata Poojary,Lata Poojary,44,Female,DIST_1,10,
PERSON_COMP_124,Santhosh Poojary N,Santhosh Poojary N,42,Male,DIST_1,10,
PERSON_COMP_125,Yusuf Patel,Yusuf Patel,31,Male,DIST_1,10,
PERSON_COMP_126,Rekha Suvarna B,Rekha Suvarna B,29,Female,DIST_1,10,
PERSON_COMP_127,Santosh Murthy U,Santosh Murthy U,46,Male,DIST_1,10,
PERSON_COMP_128,Revathi Menon,Revathi Menon,30,Female,DIST_1,10,
PERSON_COMP_129,Raghavendra Reddy Y,Raghavendra Reddy Y,34,Male,DIST_1,10,
PERSON_COMP_130,Manju Naidu,Manju Naidu,40,Male,DIST_1,10,
PERSON_COMP_131,Rizwan Shaikh U,Rizwan Shaikh U,41,Male,DIST_1,10,
PERSON_COMP_132,Geetha Swamy,Geetha Swamy,52,Female,DIST_1,10,
PERSON_COMP_133,Saleem Shaikh M,Saleem Shaikh M,35,Male,DIST_1,10,
PERSON_COMP_134,Murali Poojary,Murali Poojary,42,Male,DIST_1,10,
PERSON_COMP_135,Michael Nayak T,Michael Nayak T,36,Male,DIST_1,10,
PERSON_COMP_136,Harish Patil,Harish Patil,36,Male,DIST_1,10,
PERSON_COMP_137,Puttaswamy Kamath,Puttaswamy Kamath,30,Male,DIST_1,10,
PERSON_COMP_138,Faisal Inamdar Y,Faisal Inamdar Y,44,Male,DIST_1,10,
PERSON_COMP_139,Santhosh Pai L,Santhosh Pai L,28,Male,DIST_1,10,
PERSON_COMP_140,Mary Naidu,Mary Naidu,45,Male,DIST_1,10,
PERSON_COMP_141,Nagendra Reddy E,Nagendra Reddy E,29,Male,DIST_1,10,
PERSON_COMP_142,Byre Reddy,Byre Reddy,33,Male,DIST_1,10,
PERSON_COMP_143,Ganesh Rao S,Ganesh Rao S,32,Male,DIST_1,10,
PERSON_COMP_144,Murali Naidu,Murali Naidu,45,Male,DIST_1,10,
PERSON_COMP_145,Manjula Shenoy K,Manjula Shenoy K,53,Female,DIST_1,10,
PERSON_COMP_146,Suresh Salian T,Suresh Salian T,38,Male,DIST_1,10,
PERSON_COMP_147,Yogesh Hegde,Yogesh Hegde,41,Male,DIST_1,10,
PERSON_COMP_148,Manju Menon,Manju Menon,35,Male,DIST_1,10,
PERSON_COMP_149,Chandrashekar Hubli V,Chandrashekar Hubli V,45,Male,DIST_1,10,
PERSON_COMP_150,Mahadeva Kamath J,Mahadeva Kamath J,40,Male,DIST_1,10,
PERSON_COMP_151,Ganesh Kotian,Ganesh Kotian,27,Male,DIST_1,10,
PERSON_COMP_152,Meena Kamath,Meena Kamath,33,Female,DIST_1,10,
PERSON_COMP_153,Shobha Char A,Shobha Char A,41,Female,DIST_1,10,
PERSON_COMP_154,Ismail Ansari V,Ismail Ansari V,28,Male,DIST_1,10,
PERSON_COMP_155,Meena Kotian,Meena Kotian,31,Female,DIST_1,10,
PERSON_COMP_156,David Reddy,David Reddy,31,Male,DIST_1,10,
PERSON_COMP_157,Siddappa Achar,Siddappa Achar,48,Male,DIST_1,10,
PERSON_COMP_158,Gopal Kamath,Gopal Kamath,34,Male,DIST_1,10,
PERSON_COMP_159,Rangaswamy Hosur,Rangaswamy Hosur,32,Male,DIST_1,10,
PERSON_COMP_160,Byre Hegde Y,Byre Hegde Y,34,Male,DIST_1,10,
PERSON_COMP_161,Mallesh Shetty,Mallesh Shetty,25,Male,DIST_1,10,
PERSON_COMP_162,Pradeep Kini D,Pradeep Kini D,42,Male,DIST_1,10,
PERSON_COMP_163,Sharada Char,Sharada Char,26,Female,DIST_1,10,
PERSON_COMP_164,Manjula Patil,Manjula Patil,50,Female,DIST_1,10,
PERSON_COMP_165,Mahadev Murthy,Mahadev Murthy,33,Male,DIST_1,10,
PERSON_COMP_166,Anitha Hubli W,Anitha Hubli W,46,Female,DIST_1,10,
PERSON_COMP_167,Jagadish Hegde,Jagadish Hegde,33,Male,DIST_1,10,
PERSON_COMP_168,Chandrashekar Bhat,Chandrashekar Bhat,31,Male,DIST_1,10,
PERSON_COMP_169,Jameel Khan U,Jameel Khan U,29,Male,DIST_1,10,
PERSON_COMP_170,Shivu Char,Shivu Char,24,Male,DIST_1,10,
PERSON_COMP_171,Shivu Bellary,Shivu Bellary,38,Male,DIST_1,10,
PERSON_COMP_172,Shabana Qureshi,Shabana Qureshi,24,Female,DIST_1,10,
PERSON_COMP_173,Jameel Ansari,Jameel Ansari,34,Male,DIST_1,10,
PERSON_COMP_174,Prema Rao,Prema Rao,40,Female,DIST_1,10,
PERSON_COMP_175,Mallesh Kotian R,Mallesh Kotian R,42,Male,DIST_1,10,
PERSON_COMP_176,Kumar Kotian B,Kumar Kotian B,44,Male,DIST_1,10,
PERSON_COMP_177,Thimmappa Kini D,Thimmappa Kini D,39,Male,DIST_1,10,
PERSON_COMP_178,Sharada Gowda,Sharada Gowda,34,Female,DIST_1,10,
PERSON_COMP_179,Manju Nair,Manju Nair,42,Male,DIST_1,10,
PERSON_COMP_180,Imran Maniyar,Imran Maniyar,41,Male,DIST_1,10,
PERSON_COMP_181,Mahadeva Nair E,Mahadeva Nair E,44,Male,DIST_1,10,
PERSON_COMP_182,Ratna Kotian T,Ratna Kotian T,38,Female,DIST_1,10,
PERSON_COMP_183,Basheer Sheikh N,Basheer Sheikh N,37,Male,DIST_1,10,
PERSON_COMP_184,Manjula Swamy,Manjula Swamy,30,Female,DIST_1,10,
PERSON_COMP_185,Usha Prabhu,Usha Prabhu,28,Female,DIST_1,10,
PERSON_COMP_186,Ningappa Shetty G,Ningappa Shetty G,27,Male,DIST_1,10,
PERSON_COMP_187,Abdul Sayyad,Abdul Sayyad,34,Male,DIST_1,10,
PERSON_COMP_188,Jayamma R Bangera,Jayamma R Bangera,33,Female,DIST_1,10,
PERSON_COMP_189,Bhagya Hosur,Bhagya Hosur,41,Female,DIST_1,10,
PERSON_COMP_190,Shobha Bellary C,Shobha Bellary C,26,Female,DIST_1,10,
PERSON_COMP_191,Rakesh Shenoy B,Rakesh Shenoy B,31,Male,DIST_1,10,
PERSON_COMP_192,Lokesh Char,Lokesh Char,32,Male,DIST_1,10,
PERSON_COMP_193,Shabana Sayyad C,Shabana Sayyad C,33,Female,DIST_1,10,
PERSON_COMP_194,Ashok Patil R,Ashok Patil R,32,Male,DIST_1,10,
PERSON_COMP_195,Venkatesh Achar D,Venkatesh Achar D,30,Male,DIST_1,10,
PERSON_COMP_196,Mahadeva Suvarna,Mahadeva Suvarna,38,Male,DIST_1,10,
PERSON_COMP_197,Nagaraj Kamath,Nagaraj Kamath,32,Male,DIST_1,10,
PERSON_COMP_198,Kiran Achar,Kiran Achar,27,Male,DIST_1,10,
PERSON_COMP_199,Venkatesh Poojary S,Venkatesh Poojary S,31,Male,DIST_1,10,
PERSON_COMP_200,Bhagya Devadiga S,Bhagya Devadiga S,35,Female,DIST_1,10,
PERSON_COMP_201,Harish Pai,Harish Pai,35,Male,DIST_1,10,
PERSON_COMP_202,Jayamma Kotian,Jayamma Kotian,31,Female,DIST_1,10,
PERSON_COMP_203,Chandru Desai L,Chandru Desai L,27,Male,DIST_1,10,
PERSON_COMP_204,Ravi Hubli,Ravi Hubli,52,Male,DIST_1,10,
PERSON_COMP_205,Padma Kini,Padma Kini,43,Female,DIST_1,10,
PERSON_COMP_206,Gopal Kulkarni,Gopal Kulkarni,29,Male,DIST_1,10,
PERSON_COMP_207,Asha Hubli,Asha Hubli,24,Female,DIST_1,10,
PERSON_COMP_208,Naveen Pai,Naveen Pai,39,Male,DIST_1,10,
PERSON_COMP_209,Byre Shenoy,Byre Shenoy,41,Male,DIST_1,10,
PERSON_COMP_210,Prakash Rao H,Prakash Rao H,37,Male,DIST_1,10,
PERSON_COMP_211,Padma Kamath,Padma Kamath,48,Female,DIST_1,10,
PERSON_COMP_212,Chandrashekar Naidu,Chandrashekar Naidu,33,Male,DIST_1,10,
PERSON_COMP_213,Hanumantha Reddy,Hanumantha Reddy,36,Male,DIST_1,10,
PERSON_COMP_214,Ningappa Hiremath E,Ningappa Hiremath E,47,Male,DIST_1,10,
PERSON_COMP_215,Mahesh Poojary,Mahesh Poojary,35,Male,DIST_1,10,
PERSON_COMP_216,Shivakumar Swamy,Shivakumar Swamy,37,Male,DIST_1,10,
PERSON_COMP_217,Geetha Bhat,Geetha Bhat,31,Female,DIST_1,10,
PERSON_COMP_218,Nasreen Shaikh,Nasreen Shaikh,33,Female,DIST_1,10,
PERSON_COMP_219,Rekha Kini W,Rekha Kini W,29,Female,DIST_1,10,
PERSON_COMP_220,Santosh Hubli D,Santosh Hubli D,37,Male,DIST_1,10,
PERSON_COMP_221,Chitra Desai,Chitra Desai,36,Female,DIST_1,10,
PERSON_COMP_222,Fatima Shaikh H,Fatima Shaikh H,28,Female,DIST_1,10,
PERSON_COMP_223,Santosh Kotian G,Santosh Kotian G,40,Male,DIST_1,10,
PERSON_COMP_224,Madhu Prabhu L,Madhu Prabhu L,21,Male,DIST_1,10,
PERSON_COMP_225,John Murthy M,John Murthy M,19,Male,DIST_1,10,
PERSON_COMP_226,Revathi Suvarna,Revathi Suvarna,39,Female,DIST_1,10,
PERSON_COMP_227,Zainab Mulla D,Zainab Mulla D,22,Female,DIST_1,10,
PERSON_COMP_228,Vijaya Menon C,Vijaya Menon C,33,Female,DIST_1,10,
PERSON_COMP_229,Irfan Baig U,Irfan Baig U,47,Male,DIST_1,10,
PERSON_COMP_230,Vani Kini D,Vani Kini D,45,Female,DIST_1,10,
PERSON_COMP_231,Padma Devadiga,Padma Devadiga,29,Female,DIST_1,10,
PERSON_COMP_232,Anitha Desai B,Anitha Desai B,25,Female,DIST_1,10,
PERSON_COMP_233,Anthony Rao F,Anthony Rao F,39,Female,DIST_1,10,
PERSON_COMP_234,Manjunath Kini W,Manjunath Kini W,33,Male,DIST_1,10,
PERSON_COMP_235,Kempe Kotian,Kempe Kotian,33,Male,DIST_1,10,
PERSON_COMP_236,Dinesh Bellary L,Dinesh Bellary L,38,Male,DIST_1,10,
PERSON_COMP_237,Rashid Ansari,Rashid Ansari,34,Male,DIST_1,10,
PERSON_COMP_238,Rosemary Nayak N,Rosemary Nayak N,44,Male,DIST_1,10,
PERSON_COMP_239,Umesh Joshi Y,Umesh Joshi Y,41,Male,DIST_1,10,
PERSON_COMP_240,Arshad Nadaf,Arshad Nadaf,39,Male,DIST_1,10,
PERSON_COMP_241,Naveen Murthy E,Naveen Murthy E,18,Male,DIST_1,10,
PERSON_COMP_242,Revathi Joshi,Revathi Joshi,44,Female,DIST_1,10,
PERSON_COMP_243,Prema Patil,Prema Patil,41,Female,DIST_1,10,
PERSON_COMP_244,Harish G Nayak,Harish G Nayak,36,Male,DIST_1,10,
PERSON_COMP_245,Pooja Devadiga E,Pooja Devadiga E,35,Female,DIST_1,10,
PERSON_COMP_246,Revathi Patil,Revathi Patil,38,Female,DIST_1,10,
PERSON_COMP_247,Siddappa Prabhu,Siddappa Prabhu,45,Male,DIST_1,10,
PERSON_COMP_248,Radha Menon,Radha Menon,39,Female,DIST_1,10,
PERSON_COMP_249,Srinivas Swamy,Srinivas Swamy,34,Male,DIST_1,10,
PERSON_COMP_250,Ashok Naidu A,Ashok Naidu A,32,Male,DIST_1,10,
PERSON_COMP_251,Suma Pai H,Suma Pai H,34,Female,DIST_1,10,
PERSON_COMP_252,Mohammed Patel,Mohammed Patel,42,Male,DIST_1,10,
PERSON_COMP_253,Hanumantha Joshi,Hanumantha Joshi,37,Male,DIST_1,10,
PERSON_COMP_254,Asha Desai,Asha Desai,30,Female,DIST_1,10,
PERSON_COMP_255,Shankar Joshi,Shankar Joshi,36,Male,DIST_1,10,
PERSON_COMP_256,Ningappa Achar,Ningappa Achar,41,Male,DIST_1,10,
PERSON_COMP_257,Madhu Salian,Madhu Salian,39,Male,DIST_1,10,
PERSON_COMP_258,Kempe Desai,Kempe Desai,31,Male,DIST_1,10,
PERSON_COMP_259,Paul Swamy,Paul Swamy,30,Female,DIST_1,10,
PERSON_COMP_260,Rakesh Bhat U,Rakesh Bhat U,36,Male,DIST_1,10,
PERSON_COMP_261,Lata Kulkarni V,Lata Kulkarni V,22,Female,DIST_1,10,
PERSON_COMP_262,Grace Nayak,Grace Nayak,39,Male,DIST_1,10,
PERSON_COMP_263,Asha Salian L,Asha Salian L,27,Female,DIST_1,10,
PERSON_COMP_264,Priya Kamath,Priya Kamath,40,Female,DIST_1,10,
PERSON_COMP_265,Venkatesh Hiremath E,Venkatesh Hiremath E,28,Male,DIST_1,10,
PERSON_COMP_266,Vijaykumar Suvarna,Vijaykumar Suvarna,34,Male,DIST_1,10,
PERSON_COMP_267,Faisal Nadaf,Faisal Nadaf,33,Male,DIST_1,10,
PERSON_COMP_268,Ratna Reddy,Ratna Reddy,38,Female,DIST_1,10,
PERSON_COMP_269,Rashid Baig A,Rashid Baig A,40,Male,DIST_1,10,
PERSON_COMP_270,Madhu Prabhu,Madhu Prabhu,33,Male,DIST_1,10,
PERSON_COMP_271,Srinivas Bellary J,Srinivas Bellary J,51,Male,DIST_1,10,
PERSON_COMP_272,Suma Bhat E,Suma Bhat E,39,Female,DIST_1,10,
PERSON_COMP_273,Anwar Shaikh N,Anwar Shaikh N,38,Male,DIST_1,10,
PERSON_COMP_274,Basavaraj Hegde,Basavaraj Hegde,49,Male,DIST_1,10,
PERSON_COMP_275,Nagaraj Suvarna,Nagaraj Suvarna,44,Male,DIST_1,10,
PERSON_COMP_276,Shabana Patel,Shabana Patel,29,Female,DIST_1,10,
PERSON_COMP_277,Vinay Hosur,Vinay Hosur,45,Male,DIST_1,10,
PERSON_COMP_278,Ashok Bangera,Ashok Bangera,32,Male,DIST_1,10,
PERSON_COMP_279,Vinay Kini,Vinay Kini,28,Male,DIST_1,10,
PERSON_COMP_280,Girish Desai D,Girish Desai D,46,Male,DIST_1,10,
PERSON_COMP_281,Joseph Patil L,Joseph Patil L,39,Female,DIST_1,10,
PERSON_COMP_282,Mohan Hegde,Mohan Hegde,29,Male,DIST_1,10,
PERSON_COMP_283,Darshan Murthy N,Darshan Murthy N,37,Male,DIST_1,10,
PERSON_COMP_284,Nagaraj Achar E,Nagaraj Achar E,31,Male,DIST_1,10,
PERSON_COMP_285,Nagaraj Kamath U,Nagaraj Kamath U,38,Male,DIST_1,10,
PERSON_COMP_286,Suma N Char,Suma N Char,37,Female,DIST_1,10,
PERSON_COMP_287,Santosh Hubli J,Santosh Hubli J,35,Male,DIST_1,10,
PERSON_COMP_288,Roopa Hubli D,Roopa Hubli D,38,Female,DIST_1,10,
PERSON_COMP_289,Sharada Kini,Sharada Kini,25,Female,DIST_1,10,
PERSON_COMP_290,Naveen Kamath,Naveen Kamath,43,Male,DIST_1,10,
PERSON_COMP_291,Yogesh Joshi,Yogesh Joshi,35,Male,DIST_1,10,
PERSON_COMP_292,Saraswathi Naidu,Saraswathi Naidu,43,Female,DIST_1,10,
PERSON_COMP_293,Vani Suvarna C,Vani Suvarna C,42,Female,DIST_1,10,
PERSON_COMP_294,Manju Prabhu,Manju Prabhu,42,Male,DIST_1,10,
PERSON_COMP_295,Fatima Sayyad,Fatima Sayyad,49,Female,DIST_1,10,
PERSON_COMP_296,Padma Shetty M,Padma Shetty M,35,Female,DIST_1,10,
PERSON_COMP_297,Bharathi Gowda P,Bharathi Gowda P,42,Female,DIST_1,10,
PERSON_COMP_298,Chitra Kotian R,Chitra Kotian R,41,Female,DIST_1,10,
PERSON_COMP_299,Nagaraj Nayak,Nagaraj Nayak,43,Male,DIST_1,10,
PERSON_COMP_300,Sharada Menon D,Sharada Menon D,27,Female,DIST_1,10,
PERSON_COMP_301,Bharathi Char,Bharathi Char,49,Female,DIST_1,10,
PERSON_COMP_302,Pradeep Bangera,Pradeep Bangera,32,Male,DIST_1,10,
PERSON_COMP_303,Nandini Menon,Nandini Menon,31,Female,DIST_1,10,
PERSON_COMP_304,Roshan Maniyar D,Roshan Maniyar D,33,Female,DIST_1,10,
PERSON_COMP_305,Chandrashekar Kamath,Chandrashekar Kamath,29,Male,DIST_1,10,
PERSON_COMP_306,Rekha Hegde,Rekha Hegde,32,Female,DIST_1,10,
PERSON_COMP_307,Lokesh Salian E,Lokesh Salian E,34,Male,DIST_1,10,
PERSON_COMP_308,Saraswathi Char,Saraswathi Char,40,Female,DIST_1,10,
PERSON_COMP_309,Ramesh Suvarna M,Ramesh Suvarna M,47,Male,DIST_1,10,
PERSON_COMP_310,Thimmappa Menon,Thimmappa Menon,48,Male,DIST_1,10,
PERSON_COMP_311,Saleem Ansari J,Saleem Ansari J,34,Male,DIST_1,10,
PERSON_COMP_312,Deepak Poojary,Deepak Poojary,50,Male,DIST_1,10,
PERSON_COMP_313,Bharathi Joshi P,Bharathi Joshi P,29,Female,DIST_1,10,
PERSON_COMP_314,Suma Kulkarni,Suma Kulkarni,65,Female,DIST_1,10,
PERSON_COMP_315,Rajesh Swamy,Rajesh Swamy,40,Male,DIST_1,10,
PERSON_COMP_316,Mahadeva Hosur K,Mahadeva Hosur K,24,Male,DIST_1,10,
PERSON_COMP_317,Fatima Sheikh P,Fatima Sheikh P,40,Female,DIST_1,10,
PERSON_COMP_318,Sultana Siddiqui,Sultana Siddiqui,35,Female,DIST_1,10,
PERSON_COMP_319,Keshav Hegde,Keshav Hegde,27,Male,DIST_1,10,
PERSON_COMP_320,Byre Hegde,Byre Hegde,45,Male,DIST_1,10,
PERSON_COMP_321,Kamala Kulkarni U,Kamala Kulkarni U,51,Female,DIST_1,10,
PERSON_COMP_322,Dinesh Kini S,Dinesh Kini S,35,Male,DIST_1,10,
PERSON_COMP_323,Venkatesh Nayak,Venkatesh Nayak,41,Male,DIST_1,10,
PERSON_COMP_324,Ningappa Hubli,Ningappa Hubli,36,Male,DIST_1,10,
PERSON_COMP_325,Madhu Char M,Madhu Char M,47,Male,DIST_1,10,
PERSON_COMP_326,Naveen Patil G,Naveen Patil G,41,Male,DIST_1,10,
PERSON_COMP_327,Shanthala Nair,Shanthala Nair,35,Female,DIST_1,10,
PERSON_COMP_328,Roopa Salian K,Roopa Salian K,29,Female,DIST_1,10,
PERSON_COMP_329,Yogesh Gowda T,Yogesh Gowda T,34,Male,DIST_1,10,
PERSON_COMP_330,Agnes Reddy,Agnes Reddy,35,Female,DIST_1,10,
PERSON_COMP_331,Shobha Swamy P,Shobha Swamy P,38,Female,DIST_1,10,
PERSON_COMP_332,Savitri Hubli,Savitri Hubli,48,Female,DIST_1,10,
PERSON_COMP_333,Dinesh Joshi,Dinesh Joshi,34,Male,DIST_1,10,
PERSON_COMP_334,Chandru Kamath,Chandru Kamath,38,Male,DIST_1,10,
PERSON_COMP_335,Ashok Prabhu,Ashok Prabhu,50,Male,DIST_1,10,
PERSON_COMP_336,Lokesh Bellary N,Lokesh Bellary N,34,Male,DIST_1,10,
PERSON_COMP_337,Srinivas Murthy U,Srinivas Murthy U,36,Male,DIST_1,10,
PERSON_COMP_338,Meena Hubli Y,Meena Hubli Y,44,Female,DIST_1,10,
PERSON_COMP_339,Shanthala Pai P,Shanthala Pai P,36,Female,DIST_1,10,
PERSON_COMP_340,Rajesh Suvarna A,Rajesh Suvarna A,36,Male,DIST_1,10,
PERSON_COMP_341,Divya Nayak E,Divya Nayak E,38,Female,DIST_1,10,
PERSON_COMP_342,Siddappa Suvarna,Siddappa Suvarna,36,Male,DIST_1,10,
PERSON_COMP_343,Murali Rao J,Murali Rao J,46,Male,DIST_1,10,
PERSON_COMP_344,Aslam Qureshi B,Aslam Qureshi B,31,Male,DIST_1,10,
PERSON_COMP_345,Mumtaz Nadaf,Mumtaz Nadaf,35,Female,DIST_1,10,
PERSON_COMP_346,Imran Ansari,Imran Ansari,33,Male,DIST_1,10,
PERSON_COMP_347,Siddappa Pai N,Siddappa Pai N,46,Male,DIST_1,10,
PERSON_COMP_348,Jagadish Joshi K,Jagadish Joshi K,28,Male,DIST_1,10,
PERSON_COMP_349,Saleem Baig U,Saleem Baig U,45,Male,DIST_1,10,
PERSON_COMP_350,Fatima N Sayyad,Fatima N Sayyad,38,Female,DIST_1,10,
PERSON_COMP_351,Hanumantha Murthy S,Hanumantha Murthy S,37,Male,DIST_1,10,
PERSON_COMP_352,Puttaswamy Rao C,Puttaswamy Rao C,34,Male,DIST_1,10,
PERSON_COMP_353,Vijaykumar Bellary E,Vijaykumar Bellary E,37,Male,DIST_1,10,
PERSON_COMP_354,Nandini Swamy C,Nandini Swamy C,44,Female,DIST_1,10,
PERSON_COMP_355,Santosh Nayak,Santosh Nayak,19,Male,DIST_1,10,
PERSON_COMP_356,Santhosh Shetty K,Santhosh Shetty K,33,Male,DIST_1,10,
PERSON_COMP_357,Kumar Kotian,Kumar Kotian,44,Male,DIST_1,10,
PERSON_COMP_358,Noor Patel,Noor Patel,39,Female,DIST_1,10,
PERSON_COMP_359,Roopa Bhat H,Roopa Bhat H,41,Female,DIST_1,10,
PERSON_COMP_360,Venkatesh Patil,Venkatesh Patil,31,Male,DIST_1,10,
PERSON_COMP_361,Manjula Nayak,Manjula Nayak,46,Female,DIST_1,10,
PERSON_COMP_362,Saraswathi Shenoy P,Saraswathi Shenoy P,40,Female,DIST_1,10,
PERSON_COMP_363,Yusuf Patel W,Yusuf Patel W,32,Male,DIST_1,10,
PERSON_COMP_364,Gopal Joshi,Gopal Joshi,30,Male,DIST_1,10,
PERSON_COMP_365,Vijaya Prabhu,Vijaya Prabhu,29,Female,DIST_1,10,
PERSON_COMP_366,Venkatesh Hosur H,Venkatesh Hosur H,35,Male,DIST_1,10,
PERSON_COMP_367,Akbar Ahmed,Akbar Ahmed,38,Male,DIST_1,10,
PERSON_COMP_368,Zainab Maniyar,Zainab Maniyar,43,Female,DIST_1,10,
PERSON_COMP_369,Chitra Kamath H,Chitra Kamath H,42,Female,DIST_1,10,
PERSON_COMP_370,Cecilia Nayak,Cecilia Nayak,27,Female,DIST_1,10,
PERSON_COMP_371,Venkatesh Prabhu,Venkatesh Prabhu,54,Male,DIST_1,10,
PERSON_COMP_372,Sarah Gowda,Sarah Gowda,38,Female,DIST_1,10,
PERSON_COMP_373,Parveen Qureshi,Parveen Qureshi,45,Female,DIST_1,10,
PERSON_COMP_374,Rakesh Nair F,Rakesh Nair F,36,Male,DIST_1,10,
PERSON_COMP_375,Vijaya Desai,Vijaya Desai,31,Female,DIST_1,10,
PERSON_COMP_376,Kumar Shetty V,Kumar Shetty V,26,Male,DIST_1,10,
PERSON_COMP_377,Bharathi Suvarna,Bharathi Suvarna,45,Female,DIST_1,10,
PERSON_COMP_378,Nadeem Ali Y,Nadeem Ali Y,47,Male,DIST_1,10,
PERSON_COMP_379,Lakshmi Reddy,Lakshmi Reddy,28,Female,DIST_1,10,
PERSON_COMP_380,Manjunath Prabhu,Manjunath Prabhu,46,Male,DIST_1,10,
PERSON_COMP_381,Gayathri Bellary,Gayathri Bellary,43,Female,DIST_1,10,
PERSON_COMP_382,Manjula Prabhu C,Manjula Prabhu C,38,Female,DIST_1,10,
PERSON_COMP_383,Pushpa Rao,Pushpa Rao,28,Female,DIST_1,10,
PERSON_COMP_384,Rekha Joshi,Rekha Joshi,55,Female,DIST_1,10,
PERSON_COMP_385,Girish Hegde A,Girish Hegde A,34,Male,DIST_1,10,
PERSON_COMP_386,Naveen Nayak C,Naveen Nayak C,48,Male,DIST_1,10,
PERSON_COMP_387,Mohan Achar U,Mohan Achar U,32,Male,DIST_1,10,
PERSON_COMP_388,Yogesh Reddy,Yogesh Reddy,43,Male,DIST_1,10,
PERSON_COMP_389,Santosh Desai,Santosh Desai,24,Male,DIST_1,10,
PERSON_COMP_390,Saleem Ali,Saleem Ali,33,Male,DIST_1,10,
PERSON_COMP_391,Bhagya Murthy,Bhagya Murthy,47,Female,DIST_1,10,
PERSON_COMP_392,Ayesha Mulla P,Ayesha Mulla P,46,Female,DIST_1,10,
PERSON_COMP_393,Ayesha Siddiqui C,Ayesha Siddiqui C,29,Female,DIST_1,10,
PERSON_COMP_394,Chitra Devadiga,Chitra Devadiga,34,Female,DIST_1,10,
PERSON_COMP_395,Manjunath Rao,Manjunath Rao,34,Male,DIST_1,10,
PERSON_COMP_396,Yogesh Prabhu S,Yogesh Prabhu S,36,Male,DIST_1,10,
PERSON_COMP_397,Basavaraj Bangera,Basavaraj Bangera,43,Male,DIST_1,10,
PERSON_COMP_398,Rehana Sheikh K,Rehana Sheikh K,33,Female,DIST_1,10,
PERSON_COMP_399,Sharada Kamath K,Sharada Kamath K,37,Female,DIST_1,10,
PERSON_COMP_400,Jameel Maniyar,Jameel Maniyar,45,Male,DIST_1,10,
PERSON_COMP_401,Kamala Swamy,Kamala Swamy,39,Female,DIST_1,10,
PERSON_COMP_402,Usha Reddy B,Usha Reddy B,29,Female,DIST_1,10,
PERSON_COMP_403,Faisal Inamdar,Faisal Inamdar,39,Male,DIST_1,10,
PERSON_COMP_404,Basheer Qureshi,Basheer Qureshi,39,Male,DIST_1,10,
PERSON_COMP_405,Pushpa Char N,Pushpa Char N,45,Female,DIST_1,10,
PERSON_COMP_406,Lokesh Naidu,Lokesh Naidu,27,Male,DIST_1,10,
PERSON_COMP_407,Lakshmi Desai F,Lakshmi Desai F,37,Female,DIST_1,10,
PERSON_COMP_408,Usha Hiremath M,Usha Hiremath M,51,Female,DIST_1,10,
PERSON_COMP_409,Ramesh Kotian,Ramesh Kotian,57,Male,DIST_1,10,
PERSON_COMP_410,Naveen Patil,Naveen Patil,37,Male,DIST_1,10,
PERSON_COMP_411,Mallesh Hubli,Mallesh Hubli,41,Male,DIST_1,10,
PERSON_COMP_412,Zubaida Mulla,Zubaida Mulla,46,Female,DIST_1,10,
PERSON_COMP_413,Kumar Salian,Kumar Salian,37,Male,DIST_1,10,
PERSON_COMP_414,Keshav Prabhu,Keshav Prabhu,28,Male,DIST_1,10,
PERSON_COMP_415,Hussain Baig,Hussain Baig,35,Male,DIST_1,10,
PERSON_COMP_416,Sarah Naidu,Sarah Naidu,46,Male,DIST_1,10,
PERSON_COMP_417,Prema Hiremath,Prema Hiremath,30,Female,DIST_1,10,
PERSON_COMP_418,Priya Bhat,Priya Bhat,33,Female,DIST_1,10,
PERSON_COMP_419,Ravi Bhat E,Ravi Bhat E,25,Male,DIST_1,10,
PERSON_COMP_420,Aslam Qureshi C,Aslam Qureshi C,56,Male,DIST_1,10,
PERSON_COMP_421,Prema Char F,Prema Char F,25,Female,DIST_1,10,
PERSON_COMP_422,Radha Gowda,Radha Gowda,38,Female,DIST_1,10,
PERSON_COMP_423,Mahesh Naidu T,Mahesh Naidu T,33,Male,DIST_1,10,
PERSON_COMP_424,Rangaswamy Char V,Rangaswamy Char V,28,Male,DIST_1,10,
PERSON_COMP_425,Bhagya Kini,Bhagya Kini,27,Female,DIST_1,10,
PERSON_COMP_426,Venkatesh Desai N,Venkatesh Desai N,42,Male,DIST_1,10,
PERSON_COMP_427,Shivakumar Poojary,Shivakumar Poojary,34,Male,DIST_1,10,
PERSON_COMP_428,Pushpa Y Rao,Pushpa Y Rao,25,Female,DIST_1,10,
PERSON_COMP_429,Naveen Murthy J,Naveen Murthy J,41,Male,DIST_1,10,
PERSON_COMP_430,Kiran Swamy,Kiran Swamy,48,Male,DIST_1,10,
PERSON_COMP_431,Chandrashekar Bhat D,Chandrashekar Bhat D,27,Male,DIST_1,10,
PERSON_COMP_432,Chandrashekar Kulkarni U,Chandrashekar Kulkarni U,29,Male,DIST_1,10,
PERSON_COMP_433,Thimmappa Suvarna D,Thimmappa Suvarna D,39,Male,DIST_1,10,
PERSON_COMP_434,Anil Pai K,Anil Pai K,40,Male,DIST_1,10,
PERSON_COMP_435,Amina Nadaf L,Amina Nadaf L,48,Female,DIST_1,10,
PERSON_COMP_436,Shivu Hosur R,Shivu Hosur R,47,Male,DIST_1,10,
PERSON_COMP_437,Usha Hosur,Usha Hosur,43,Female,DIST_1,10,
PERSON_COMP_438,Padma Rao B,Padma Rao B,28,Female,DIST_1,10,
PERSON_COMP_439,Vijaya Naidu N,Vijaya Naidu N,48,Female,DIST_1,10,
PERSON_COMP_440,Harish Shetty,Harish Shetty,26,Male,DIST_1,10,
PERSON_COMP_441,Shabbir Nadaf,Shabbir Nadaf,18,Male,DIST_1,10,
PERSON_COMP_442,Naveen Shenoy H,Naveen Shenoy H,29,Male,DIST_1,10,
PERSON_COMP_443,Yusuf Khan,Yusuf Khan,55,Male,DIST_1,10,
PERSON_COMP_444,Shankar L Joshi,Shankar L Joshi,39,Male,DIST_1,10,
PERSON_COMP_445,Vijaykumar Hegde,Vijaykumar Hegde,24,Male,DIST_1,10,
PERSON_COMP_446,Gopal Naidu,Gopal Naidu,41,Male,DIST_1,10,
PERSON_COMP_447,Shivu Hubli W,Shivu Hubli W,45,Male,DIST_1,10,
PERSON_COMP_448,Anwar Qureshi,Anwar Qureshi,31,Male,DIST_1,10,
PERSON_COMP_449,Shivakumar Rao,Shivakumar Rao,38,Male,DIST_1,10,
PERSON_COMP_450,Bharathi Shetty,Bharathi Shetty,32,Female,DIST_1,10,
PERSON_COMP_451,Sunitha Bhat,Sunitha Bhat,44,Female,DIST_1,10,
PERSON_COMP_452,Gayathri Nayak P,Gayathri Nayak P,53,Female,DIST_1,10,
PERSON_COMP_453,Joseph Swamy S,Joseph Swamy S,37,Female,DIST_1,10,
PERSON_COMP_454,Mumtaz Shaikh,Mumtaz Shaikh,28,Female,DIST_1,10,
PERSON_COMP_455,Shankar Kotian,Shankar Kotian,43,Male,DIST_1,10,
PERSON_COMP_456,Harish Swamy K,Harish Swamy K,32,Male,DIST_1,10,
PERSON_COMP_457,Lata Kamath,Lata Kamath,33,Female,DIST_1,10,
PERSON_COMP_458,Saraswathi Kotian E,Saraswathi Kotian E,20,Female,DIST_1,10,
PERSON_COMP_459,Zainab Shaikh,Zainab Shaikh,49,Female,DIST_1,10,
PERSON_COMP_460,Mohammed Ansari,Mohammed Ansari,33,Male,DIST_1,10,
PERSON_COMP_461,Mahadeva Hiremath F,Mahadeva Hiremath F,39,Male,DIST_1,10,
PERSON_COMP_462,Shivu Desai,Shivu Desai,40,Male,DIST_1,10,
PERSON_COMP_463,Arshad B Nadaf,Arshad B Nadaf,44,Male,DIST_1,10,
PERSON_COMP_464,Mahesh Menon J,Mahesh Menon J,34,Male,DIST_1,10,
PERSON_COMP_465,Ratna Bhat,Ratna Bhat,41,Female,DIST_1,10,
PERSON_COMP_466,Shanthala Salian T,Shanthala Salian T,18,Female,DIST_1,10,
PERSON_COMP_467,Ramesh Kini,Ramesh Kini,20,Male,DIST_1,10,
PERSON_COMP_468,Iqbal Sheikh,Iqbal Sheikh,41,Male,DIST_1,10,
PERSON_COMP_469,Akbar Ansari H,Akbar Ansari H,46,Male,DIST_1,10,
PERSON_COMP_470,Vishwanath Poojary L,Vishwanath Poojary L,41,Male,DIST_1,10,
PERSON_COMP_471,Lakshmi Nayak,Lakshmi Nayak,34,Female,DIST_1,10,
PERSON_COMP_472,Sarah Rao,Sarah Rao,30,Female,DIST_1,10,
PERSON_COMP_473,Santhosh Poojary T,Santhosh Poojary T,29,Male,DIST_1,10,
PERSON_COMP_474,Padma Gowda D,Padma Gowda D,37,Female,DIST_1,10,
PERSON_COMP_475,Bharathi Kulkarni,Bharathi Kulkarni,26,Female,DIST_1,10,
PERSON_COMP_476,David Gowda,David Gowda,35,Female,DIST_1,10,
PERSON_COMP_477,Nagendra Patil,Nagendra Patil,33,Male,DIST_1,10,
PERSON_COMP_478,Ratna Gowda D,Ratna Gowda D,35,Female,DIST_1,10,
PERSON_COMP_479,Meena Shenoy,Meena Shenoy,41,Female,DIST_1,10,
PERSON_COMP_480,Ismail Maniyar,Ismail Maniyar,36,Male,DIST_1,10,
PERSON_COMP_481,Mahadeva Murthy U,Mahadeva Murthy U,33,Male,DIST_1,10,
PERSON_COMP_482,David Naidu U,David Naidu U,52,Female,DIST_1,10,
PERSON_COMP_483,Jagadish Shenoy G,Jagadish Shenoy G,41,Male,DIST_1,10,
PERSON_COMP_484,Gururaj Reddy D,Gururaj Reddy D,53,Male,DIST_1,10,
PERSON_COMP_485,Mahadeva Patil,Mahadeva Patil,37,Male,DIST_1,10,
PERSON_COMP_486,Shivu Patil K,Shivu Patil K,42,Male,DIST_1,10,
PERSON_COMP_487,Prakash Poojary V,Prakash Poojary V,44,Male,DIST_1,10,
PERSON_COMP_488,Divya Poojary,Divya Poojary,20,Female,DIST_1,10,
PERSON_COMP_489,Swathi Rao K,Swathi Rao K,42,Female,DIST_1,10,
PERSON_COMP_490,Siddappa Patil Y,Siddappa Patil Y,47,Male,DIST_1,10,
PERSON_COMP_491,Roshan Shaikh,Roshan Shaikh,38,Female,DIST_1,10,
PERSON_COMP_492,Ganesh Bellary N,Ganesh Bellary N,39,Male,DIST_1,10,
PERSON_COMP_493,Kempe Char H,Kempe Char H,38,Male,DIST_1,10,
PERSON_COMP_494,Basheer Khan S,Basheer Khan S,33,Male,DIST_1,10,
PERSON_COMP_495,Prasad Poojary G,Prasad Poojary G,25,Male,DIST_1,10,
PERSON_COMP_496,Divya Hiremath,Divya Hiremath,48,Female,DIST_1,10,
PERSON_COMP_497,Mallesh Patil,Mallesh Patil,30,Male,DIST_1,10,
PERSON_COMP_498,Aslam Inamdar,Aslam Inamdar,37,Male,DIST_1,10,
PERSON_COMP_499,Deepak Kulkarni Y,Deepak Kulkarni Y,40,Male,DIST_1,10,
PERSON_COMP_500,Priya Prabhu D,Priya Prabhu D,41,Female,DIST_1,10,
PERSON_COMP_501,Prema Char E,Prema Char E,43,Female,DIST_1,10,
PERSON_COMP_502,George Murthy,George Murthy,44,Male,DIST_1,10,
PERSON_COMP_503,Anitha Kulkarni,Anitha Kulkarni,18,Female,DIST_1,10,
PERSON_COMP_504,Saraswathi Kotian,Saraswathi Kotian,45,Female,DIST_1,10,
PERSON_COMP_505,Ganesh Salian,Ganesh Salian,35,Male,DIST_1,10,
PERSON_COMP_506,Gururaj Prabhu D,Gururaj Prabhu D,40,Male,DIST_1,10,
PERSON_COMP_507,Anitha Prabhu,Anitha Prabhu,29,Female,DIST_1,10,
PERSON_COMP_508,Vani Poojary,Vani Poojary,24,Female,DIST_1,10,
PERSON_COMP_509,George Hegde,George Hegde,27,Male,DIST_1,10,
PERSON_COMP_510,Ganesh Hegde,Ganesh Hegde,31,Male,DIST_1,10,
PERSON_COMP_511,Dinesh Gowda,Dinesh Gowda,34,Male,DIST_1,10,
PERSON_COMP_512,Jayamma Hiremath E,Jayamma Hiremath E,36,Female,DIST_1,10,
PERSON_COMP_513,Kumar Kulkarni,Kumar Kulkarni,26,Male,DIST_1,10,
PERSON_COMP_514,Murali Bangera M,Murali Bangera M,44,Male,DIST_1,10,
PERSON_COMP_515,Padma Rao,Padma Rao,39,Female,DIST_1,10,
PERSON_COMP_516,Lakshmi Hegde Y,Lakshmi Hegde Y,45,Female,DIST_1,10,
PERSON_COMP_517,Anitha Shetty M,Anitha Shetty M,35,Female,DIST_1,10,
PERSON_COMP_518,Keshav Suvarna F,Keshav Suvarna F,20,Male,DIST_1,10,
PERSON_COMP_519,Roshan Shaikh B,Roshan Shaikh B,26,Female,DIST_1,10,
PERSON_COMP_520,Nagaraj Hosur,Nagaraj Hosur,37,Male,DIST_1,10,
PERSON_COMP_521,Jagadish Patil,Jagadish Patil,46,Male,DIST_1,10,
PERSON_COMP_522,Ganesh Bhat,Ganesh Bhat,33,Male,DIST_1,10,
PERSON_COMP_523,Nagendra T Patil,Nagendra T Patil,33,Male,DIST_1,10,
PERSON_COMP_524,Mumtaz Ali,Mumtaz Ali,55,Female,DIST_1,10,
PERSON_COMP_525,Usha Pai,Usha Pai,49,Female,DIST_1,10,
PERSON_COMP_526,Nadeem Siddiqui H,Nadeem Siddiqui H,28,Male,DIST_1,10,
PERSON_COMP_527,Ismail Mulla C,Ismail Mulla C,37,Male,DIST_1,10,
PERSON_COMP_528,Gururaj Bhat,Gururaj Bhat,31,Male,DIST_1,10,
PERSON_COMP_529,Parveen Patel G,Parveen Patel G,41,Female,DIST_1,10,
PERSON_COMP_530,Joseph Swamy,Joseph Swamy,31,Male,DIST_1,10,
PERSON_COMP_531,Ningappa Hosur,Ningappa Hosur,18,Male,DIST_1,10,
PERSON_COMP_532,Naveen Shetty P,Naveen Shetty P,39,Male,DIST_1,10,
PERSON_COMP_533,Bhagya Pai,Bhagya Pai,37,Female,DIST_1,10,
PERSON_COMP_534,Gururaj Hiremath,Gururaj Hiremath,38,Male,DIST_1,10,
PERSON_COMP_535,Revathi Devadiga,Revathi Devadiga,35,Female,DIST_1,10,
PERSON_COMP_536,Ganesh Rao,Ganesh Rao,31,Male,DIST_1,10,
PERSON_COMP_537,Aslam Sayyad E,Aslam Sayyad E,45,Male,DIST_1,10,
PERSON_COMP_538,Rekha Hiremath S,Rekha Hiremath S,38,Female,DIST_1,10,
PERSON_COMP_539,Naveen Rao J,Naveen Rao J,31,Male,DIST_1,10,
PERSON_COMP_540,Vijaya Bhat D,Vijaya Bhat D,40,Female,DIST_1,10,
PERSON_COMP_541,Vinay Kotian L,Vinay Kotian L,25,Male,DIST_1,10,
PERSON_COMP_542,Keshav Kini F,Keshav Kini F,38,Male,DIST_1,10,
PERSON_COMP_543,Saleem Qureshi L,Saleem Qureshi L,35,Male,DIST_1,10,
PERSON_COMP_544,Umesh Menon,Umesh Menon,43,Male,DIST_1,10,
PERSON_COMP_545,Jagadish G Hegde,Jagadish G Hegde,39,Male,DIST_1,10,
PERSON_COMP_546,Manjunath Hiremath C,Manjunath Hiremath C,41,Male,DIST_1,10,
PERSON_COMP_547,Sharada Swamy K,Sharada Swamy K,47,Female,DIST_1,10,
PERSON_COMP_548,Ratna Hosur,Ratna Hosur,48,Female,DIST_1,10,
PERSON_COMP_549,Usha Nair,Usha Nair,27,Female,DIST_1,10,
PERSON_COMP_550,Basheer Siddiqui,Basheer Siddiqui,36,Male,DIST_1,10,
PERSON_COMP_551,Basheer Sheikh,Basheer Sheikh,37,Male,DIST_1,10,
PERSON_COMP_552,Mahadeva Desai,Mahadeva Desai,38,Male,DIST_1,10,
PERSON_COMP_553,Saleem Baig,Saleem Baig,35,Male,DIST_1,10,
PERSON_COMP_554,Pradeep Hosur,Pradeep Hosur,27,Male,DIST_1,10,
PERSON_COMP_555,Saraswathi Swamy,Saraswathi Swamy,35,Female,DIST_1,10,
PERSON_COMP_556,Ratna Naidu B,Ratna Naidu B,48,Female,DIST_1,10,
PERSON_COMP_557,Ganesh E Hegde,Ganesh E Hegde,43,Male,DIST_1,10,
PERSON_COMP_558,Basavaraj Kini,Basavaraj Kini,38,Male,DIST_1,10,
PERSON_COMP_559,Naveen Achar U,Naveen Achar U,43,Male,DIST_1,10,
PERSON_COMP_560,Saleem Nadaf R,Saleem Nadaf R,51,Male,DIST_1,10,
PERSON_COMP_561,Revathi Prabhu,Revathi Prabhu,23,Female,DIST_1,10,
PERSON_COMP_562,Shanthala Hiremath,Shanthala Hiremath,50,Female,DIST_1,10,
PERSON_COMP_563,Shivakumar Joshi,Shivakumar Joshi,33,Male,DIST_1,10,
PERSON_COMP_564,Shabbir Sayyad B,Shabbir Sayyad B,33,Male,DIST_1,10,
PERSON_COMP_565,Syed Mulla S,Syed Mulla S,25,Male,DIST_1,10,
PERSON_COMP_566,Dinesh Rao,Dinesh Rao,26,Male,DIST_1,10,
PERSON_COMP_567,Anwar Nadaf,Anwar Nadaf,42,Male,DIST_1,10,
PERSON_COMP_568,Asha Suvarna,Asha Suvarna,48,Female,DIST_1,10,
PERSON_COMP_569,Mahadev Char W,Mahadev Char W,41,Male,DIST_1,10,
PERSON_COMP_570,Mohan Achar,Mohan Achar,39,Male,DIST_1,10,
PERSON_COMP_571,Madhu Salian C,Madhu Salian C,42,Male,DIST_1,10,
PERSON_COMP_572,Prasad Patil D,Prasad Patil D,48,Male,DIST_1,10,
PERSON_COMP_573,Manjunath Shetty G,Manjunath Shetty G,25,Male,DIST_1,10,
PERSON_COMP_574,Meena Gowda W,Meena Gowda W,31,Female,DIST_1,10,
PERSON_COMP_575,Abdul Qureshi Y,Abdul Qureshi Y,21,Male,DIST_1,10,
PERSON_COMP_576,Mumtaz Ahmed B,Mumtaz Ahmed B,31,Female,DIST_1,10,
PERSON_COMP_577,Srinivas Salian H,Srinivas Salian H,41,Male,DIST_1,10,
PERSON_COMP_578,Manjunath Shenoy,Manjunath Shenoy,46,Male,DIST_1,10,
PERSON_COMP_579,Nagendra Bangera,Nagendra Bangera,27,Male,DIST_1,10,
PERSON_COMP_580,Zubaida Maniyar,Zubaida Maniyar,37,Female,DIST_1,10,
PERSON_COMP_581,Yogesh Kulkarni,Yogesh Kulkarni,31,Male,DIST_1,10,
PERSON_COMP_582,Mahadeva Naidu B,Mahadeva Naidu B,44,Male,DIST_1,10,
PERSON_COMP_583,Venkatesh Hosur L,Venkatesh Hosur L,45,Male,DIST_1,10,
PERSON_COMP_584,Umesh Joshi J,Umesh Joshi J,33,Male,DIST_1,10,
PERSON_COMP_585,Rakesh Patil,Rakesh Patil,35,Male,DIST_1,10,
PERSON_COMP_586,Rekha Shetty,Rekha Shetty,24,Female,DIST_1,10,
PERSON_COMP_587,Raghavendra Nair,Raghavendra Nair,24,Male,DIST_1,10,
PERSON_COMP_588,Radha Reddy Y,Radha Reddy Y,45,Female,DIST_1,10,
PERSON_COMP_589,Ganesh Murthy,Ganesh Murthy,49,Male,DIST_1,10,
PERSON_COMP_590,Dinesh Bangera K,Dinesh Bangera K,41,Male,DIST_1,10,
PERSON_COMP_591,Anil Hegde,Anil Hegde,31,Male,DIST_1,10,
PERSON_COMP_592,Mahesh Joshi V,Mahesh Joshi V,42,Male,DIST_1,10,
PERSON_COMP_593,Shivakumar Devadiga,Shivakumar Devadiga,31,Male,DIST_1,10,
PERSON_COMP_594,Shivu Menon,Shivu Menon,41,Male,DIST_1,10,
PERSON_COMP_595,Geetha Hegde,Geetha Hegde,39,Female,DIST_1,10,
PERSON_COMP_596,Rehana Ali D,Rehana Ali D,39,Female,DIST_1,10,
PERSON_COMP_597,Sunitha Prabhu,Sunitha Prabhu,21,Female,DIST_1,10,
PERSON_COMP_598,Irfan Baig,Irfan Baig,21,Male,DIST_1,10,
PERSON_COMP_599,Lakshmi Patil,Lakshmi Patil,33,Female,DIST_1,10,
PERSON_COMP_600,Radha Desai,Radha Desai,41,Female,DIST_1,10,
PERSON_COMP_601,Zainab C Ansari,Zainab C Ansari,41,Female,DIST_1,10,
PERSON_COMP_602,Vishwanath Suvarna,Vishwanath Suvarna,46,Male,DIST_1,10,
PERSON_COMP_603,Vijaykumar Kotian,Vijaykumar Kotian,37,Male,DIST_1,10,
PERSON_COMP_604,Deepak Desai,Deepak Desai,40,Male,DIST_1,10,
PERSON_COMP_605,Kavitha Devadiga W,Kavitha Devadiga W,38,Female,DIST_1,10,
PERSON_COMP_606,Puttaswamy Bhat E,Puttaswamy Bhat E,42,Male,DIST_1,10,
PERSON_COMP_607,Prema L Char,Prema L Char,46,Female,DIST_1,10,
PERSON_COMP_608,Vani Devadiga L,Vani Devadiga L,41,Female,DIST_1,10,
PERSON_COMP_609,Geetha D Bhat,Geetha D Bhat,39,Female,DIST_1,10,
PERSON_COMP_610,Kavitha Naidu,Kavitha Naidu,39,Female,DIST_1,10,
PERSON_COMP_611,Darshan Poojary,Darshan Poojary,40,Male,DIST_1,10,
PERSON_COMP_612,Chandru Hosur,Chandru Hosur,44,Male,DIST_1,10,
PERSON_COMP_613,Sharada Suvarna F,Sharada Suvarna F,32,Female,DIST_1,10,
PERSON_COMP_614,Shobha Bangera,Shobha Bangera,24,Female,DIST_1,10,
PERSON_COMP_615,Dinesh Shetty,Dinesh Shetty,29,Male,DIST_1,10,
PERSON_COMP_616,Nagendra Salian B,Nagendra Salian B,36,Male,DIST_1,10,
PERSON_COMP_617,Murali Bellary K,Murali Bellary K,30,Male,DIST_1,10,
PERSON_COMP_618,Harish Hegde,Harish Hegde,39,Male,DIST_1,10,
PERSON_COMP_619,David Rao,David Rao,30,Female,DIST_1,10,
PERSON_COMP_620,Sunitha Kamath,Sunitha Kamath,42,Female,DIST_1,10,
PERSON_COMP_621,Sharada Poojary D,Sharada Poojary D,48,Female,DIST_1,10,
PERSON_COMP_622,Gayathri Char,Gayathri Char,44,Female,DIST_1,10,
PERSON_COMP_623,Saraswathi Reddy,Saraswathi Reddy,32,Female,DIST_1,10,
PERSON_COMP_624,Lakshmi Hiremath G,Lakshmi Hiremath G,41,Female,DIST_1,10,
PERSON_COMP_625,Aslam Patel,Aslam Patel,40,Male,DIST_1,10,
PERSON_COMP_626,Divya Kulkarni,Divya Kulkarni,48,Female,DIST_1,10,
PERSON_COMP_627,Prema Hubli,Prema Hubli,36,Female,DIST_1,10,
PERSON_COMP_628,Kiran R Achar,Kiran R Achar,40,Male,DIST_1,10,
PERSON_COMP_629,Syed Sayyad N,Syed Sayyad N,29,Male,DIST_1,10,
PERSON_COMP_630,Bhagya Kulkarni,Bhagya Kulkarni,42,Female,DIST_1,10,
PERSON_COMP_631,Nagaraj Prabhu,Nagaraj Prabhu,36,Male,DIST_1,10,
PERSON_COMP_632,Yusuf Qureshi V,Yusuf Qureshi V,27,Male,DIST_1,10,
PERSON_COMP_633,Pradeep Achar,Pradeep Achar,42,Male,DIST_1,10,
PERSON_COMP_634,Jagadish Kulkarni,Jagadish Kulkarni,34,Male,DIST_1,10,
PERSON_COMP_635,Keshav Kulkarni,Keshav Kulkarni,43,Male,DIST_1,10,
PERSON_COMP_636,Shivakumar Kini A,Shivakumar Kini A,38,Male,DIST_1,10,
PERSON_COMP_637,Manjula Prabhu L,Manjula Prabhu L,49,Female,DIST_1,10,
PERSON_COMP_638,Zubaida Ali,Zubaida Ali,31,Female,DIST_1,10,
PERSON_COMP_639,Noor Ansari L,Noor Ansari L,47,Female,DIST_1,10,
PERSON_COMP_640,Manjula Salian A,Manjula Salian A,39,Female,DIST_1,10,
PERSON_COMP_641,Byre Hubli,Byre Hubli,36,Male,DIST_1,10,
PERSON_COMP_642,Rangaswamy Kulkarni,Rangaswamy Kulkarni,31,Male,DIST_1,10,
PERSON_COMP_643,Harish Kotian C,Harish Kotian C,46,Male,DIST_1,10,
PERSON_COMP_644,Shobha Murthy,Shobha Murthy,39,Female,DIST_1,10,
PERSON_COMP_645,Suresh Shetty,Suresh Shetty,26,Male,DIST_1,10,
PERSON_COMP_646,Anitha Kini,Anitha Kini,40,Female,DIST_1,10,
PERSON_COMP_647,Ashok Hubli V,Ashok Hubli V,34,Male,DIST_1,10,
PERSON_COMP_648,Irfan F Baig,Irfan F Baig,34,Male,DIST_1,10,
PERSON_COMP_649,Lata Kamath M,Lata Kamath M,35,Female,DIST_1,10,
PERSON_COMP_650,Srinivas Menon,Srinivas Menon,55,Male,DIST_1,10,
PERSON_COMP_651,Jayamma Bangera C,Jayamma Bangera C,42,Female,DIST_1,10,
PERSON_COMP_652,Ratna Hegde G,Ratna Hegde G,47,Female,DIST_1,10,
PERSON_COMP_653,Mahadev Pai,Mahadev Pai,43,Male,DIST_1,10,
PERSON_COMP_654,John Hegde W,John Hegde W,41,Male,DIST_1,10,
PERSON_COMP_655,Yasmin Ali,Yasmin Ali,46,Female,DIST_1,10,
PERSON_COMP_656,Faiz Ansari,Faiz Ansari,39,Male,DIST_1,10,
PERSON_COMP_657,Rekha Pai,Rekha Pai,31,Female,DIST_1,10,
PERSON_COMP_658,Jayamma Nair V,Jayamma Nair V,42,Female,DIST_1,10,
PERSON_COMP_659,Prema Suvarna,Prema Suvarna,45,Female,DIST_1,10,
PERSON_COMP_660,Manju Rao,Manju Rao,44,Male,DIST_1,10,
PERSON_COMP_661,Pushpa Hegde,Pushpa Hegde,38,Female,DIST_1,10,
PERSON_COMP_662,Sharada Bellary,Sharada Bellary,42,Female,DIST_1,10,
PERSON_COMP_663,Dinesh Hubli V,Dinesh Hubli V,53,Male,DIST_1,10,
PERSON_COMP_664,Lokesh Bangera,Lokesh Bangera,29,Male,DIST_1,10,
PERSON_COMP_665,Mohammed Nadaf,Mohammed Nadaf,18,Male,DIST_1,10,
PERSON_COMP_666,Keshav Kamath,Keshav Kamath,30,Male,DIST_1,10,
PERSON_COMP_667,Mahesh Salian E,Mahesh Salian E,41,Male,DIST_1,10,
PERSON_COMP_668,Savitri Murthy Y,Savitri Murthy Y,32,Female,DIST_1,10,
PERSON_COMP_669,Pradeep Devadiga Y,Pradeep Devadiga Y,48,Male,DIST_1,10,
PERSON_COMP_670,Sharada Salian,Sharada Salian,25,Female,DIST_1,10,
PERSON_COMP_671,Suma Kotian,Suma Kotian,35,Female,DIST_1,10,
PERSON_COMP_672,Naveen Hegde V,Naveen Hegde V,55,Male,DIST_1,10,
PERSON_COMP_673,Satish Hegde,Satish Hegde,27,Male,DIST_1,10,
PERSON_COMP_674,Ratna Hubli,Ratna Hubli,36,Female,DIST_1,10,
PERSON_COMP_675,Mallesh Prabhu,Mallesh Prabhu,31,Male,DIST_1,10,
PERSON_COMP_676,Manju Hubli,Manju Hubli,34,Male,DIST_1,10,
PERSON_COMP_677,Madhu Bellary B,Madhu Bellary B,41,Male,DIST_1,10,
PERSON_COMP_678,Yusuf Sheikh E,Yusuf Sheikh E,28,Male,DIST_1,10,
PERSON_COMP_679,Geetha Menon,Geetha Menon,34,Female,DIST_1,10,
PERSON_COMP_680,Prakash Murthy C,Prakash Murthy C,41,Male,DIST_1,10,
PERSON_COMP_681,Rakesh Char,Rakesh Char,40,Male,DIST_1,10,
PERSON_COMP_682,Priya Hubli N,Priya Hubli N,49,Female,DIST_1,10,
PERSON_COMP_683,Radha Prabhu,Radha Prabhu,37,Female,DIST_1,10,
PERSON_COMP_684,Gayathri Rao T,Gayathri Rao T,47,Female,DIST_1,10,
PERSON_COMP_685,Divya Kini,Divya Kini,36,Female,DIST_1,10,
PERSON_COMP_686,Murali Bhat V,Murali Bhat V,51,Male,DIST_1,10,
PERSON_COMP_687,Thimmappa Patil A,Thimmappa Patil A,41,Male,DIST_1,10,
PERSON_COMP_688,Shivu Hegde A,Shivu Hegde A,38,Male,DIST_1,10,
PERSON_COMP_689,Shanthala Nayak,Shanthala Nayak,46,Female,DIST_1,10,
PERSON_COMP_690,Mumtaz Baig D,Mumtaz Baig D,43,Female,DIST_1,10,
PERSON_COMP_691,Divya Nair,Divya Nair,34,Female,DIST_1,10,
PERSON_COMP_692,Manjula Reddy N,Manjula Reddy N,27,Female,DIST_1,10,
PERSON_COMP_693,Mahesh Bangera,Mahesh Bangera,41,Male,DIST_1,10,
PERSON_COMP_694,Darshan Hiremath,Darshan Hiremath,45,Male,DIST_1,10,
PERSON_COMP_695,Mallesh Suvarna,Mallesh Suvarna,44,Male,DIST_1,10,
PERSON_COMP_696,Yogesh Gowda,Yogesh Gowda,46,Male,DIST_1,10,
PERSON_COMP_697,Murali Patil,Murali Patil,37,Male,DIST_1,10,
PERSON_COMP_698,Raghavendra Kini,Raghavendra Kini,37,Male,DIST_1,10,
PERSON_COMP_699,Sarah Naidu U,Sarah Naidu U,44,Female,DIST_1,10,
PERSON_COMP_700,Rangaswamy Salian,Rangaswamy Salian,27,Male,DIST_1,10,
PERSON_COMP_701,Jagadish Bhat,Jagadish Bhat,41,Male,DIST_1,10,
PERSON_COMP_702,Rangaswamy Suvarna,Rangaswamy Suvarna,41,Male,DIST_1,10,
PERSON_COMP_703,Vishwanath Shetty B,Vishwanath Shetty B,33,Male,DIST_1,10,
PERSON_COMP_704,Mumtaz H Shaikh,Mumtaz H Shaikh,40,Female,DIST_1,10,
PERSON_COMP_705,Mahadev Shetty,Mahadev Shetty,38,Male,DIST_1,10,
PERSON_COMP_706,Nasreen Maniyar W,Nasreen Maniyar W,48,Female,DIST_1,10,
PERSON_COMP_707,Ganesh Patil,Ganesh Patil,40,Male,DIST_1,10,
PERSON_COMP_708,Prema Swamy,Prema Swamy,30,Female,DIST_1,10,
PERSON_COMP_709,Shivakumar Hosur C,Shivakumar Hosur C,42,Male,DIST_1,10,
PERSON_COMP_710,George Shetty D,George Shetty D,44,Male,DIST_1,10,
PERSON_COMP_711,Puttaswamy Bellary Y,Puttaswamy Bellary Y,26,Male,DIST_1,10,
PERSON_COMP_712,Santosh Joshi,Santosh Joshi,44,Male,DIST_1,10,
PERSON_COMP_713,Nagaraj Hubli,Nagaraj Hubli,37,Male,DIST_1,10,
PERSON_COMP_714,Lokesh Desai U,Lokesh Desai U,38,Male,DIST_1,10,
PERSON_COMP_715,Vinay Prabhu E,Vinay Prabhu E,33,Male,DIST_1,10,
PERSON_COMP_716,Pradeep Pai W,Pradeep Pai W,38,Male,DIST_1,10,
PERSON_COMP_717,Swathi Kotian,Swathi Kotian,49,Female,DIST_1,10,
PERSON_COMP_718,Shankar Desai,Shankar Desai,48,Male,DIST_1,10,
PERSON_COMP_719,Mohan Desai,Mohan Desai,46,Male,DIST_1,10,
PERSON_COMP_720,Ravi Pai M,Ravi Pai M,42,Male,DIST_1,10,
PERSON_COMP_721,Pushpa Hosur V,Pushpa Hosur V,47,Female,DIST_1,10,
PERSON_COMP_722,Faisal Shaikh,Faisal Shaikh,49,Male,DIST_1,10,
PERSON_COMP_723,Prasad Suvarna,Prasad Suvarna,41,Male,DIST_1,10,
PERSON_COMP_724,Vijaykumar Kamath,Vijaykumar Kamath,34,Male,DIST_1,10,
PERSON_COMP_725,Joseph Rao,Joseph Rao,40,Female,DIST_1,10,
PERSON_COMP_726,Pradeep Rao,Pradeep Rao,37,Male,DIST_1,10,
PERSON_COMP_727,Suresh Swamy,Suresh Swamy,34,Male,DIST_1,10,
PERSON_COMP_728,Prema Naidu,Prema Naidu,42,Female,DIST_1,10,
PERSON_COMP_729,Keshav Pai M,Keshav Pai M,37,Male,DIST_1,10,
PERSON_COMP_730,Ratna Kulkarni J,Ratna Kulkarni J,37,Female,DIST_1,10,
PERSON_COMP_731,Pushpa Nayak M,Pushpa Nayak M,31,Female,DIST_1,10,
PERSON_COMP_732,Revathi Swamy,Revathi Swamy,43,Female,DIST_1,10,
PERSON_COMP_733,Puttaswamy Kulkarni,Puttaswamy Kulkarni,38,Male,DIST_1,10,
PERSON_COMP_734,Raghavendra Menon M,Raghavendra Menon M,25,Male,DIST_1,10,
PERSON_COMP_735,Srinivas Bellary,Srinivas Bellary,31,Male,DIST_1,10,
PERSON_COMP_736,Ayesha Ahmed R,Ayesha Ahmed R,40,Female,DIST_1,10,
PERSON_COMP_737,Geetha Suvarna D,Geetha Suvarna D,40,Female,DIST_1,10,
PERSON_COMP_738,Naveen Shenoy,Naveen Shenoy,42,Male,DIST_1,10,
PERSON_COMP_739,Thimmappa Kini H,Thimmappa Kini H,32,Male,DIST_1,10,
PERSON_COMP_740,Harish K Pai,Harish K Pai,41,Male,DIST_1,10,
PERSON_COMP_741,Arshad Sayyad M,Arshad Sayyad M,40,Male,DIST_1,10,
PERSON_COMP_742,Saraswathi Achar,Saraswathi Achar,34,Female,DIST_1,10,
PERSON_COMP_743,Shobha Swamy B,Shobha Swamy B,31,Female,DIST_1,10,
PERSON_COMP_744,Ratna Char R,Ratna Char R,40,Female,DIST_1,10,
PERSON_COMP_745,Agnes Hegde,Agnes Hegde,49,Male,DIST_1,10,
PERSON_COMP_746,Prema Murthy,Prema Murthy,54,Female,DIST_1,10,
PERSON_COMP_747,Gayathri Swamy S,Gayathri Swamy S,36,Female,DIST_1,10,
PERSON_COMP_748,Gopal Bhat W,Gopal Bhat W,34,Male,DIST_1,10,
PERSON_COMP_749,Sharada Hegde U,Sharada Hegde U,45,Female,DIST_1,10,
PERSON_COMP_750,Kumar Murthy,Kumar Murthy,36,Male,DIST_1,10,
PERSON_COMP_751,Harish Hegde K,Harish Hegde K,41,Male,DIST_1,10,
PERSON_COMP_752,Mallesh Nair,Mallesh Nair,53,Male,DIST_1,10,
PERSON_COMP_753,Priya Kini K,Priya Kini K,55,Female,DIST_1,10,
PERSON_COMP_754,Agnes Murthy,Agnes Murthy,45,Male,DIST_1,10,
PERSON_COMP_755,Basavaraj Hubli,Basavaraj Hubli,41,Male,DIST_1,10,
PERSON_COMP_756,Thimmappa Prabhu Y,Thimmappa Prabhu Y,32,Male,DIST_1,10,
PERSON_COMP_757,Gopal A Joshi,Gopal A Joshi,42,Male,DIST_1,10,
PERSON_COMP_758,Sunitha D Prabhu,Sunitha D Prabhu,42,Female,DIST_1,10,
PERSON_COMP_759,Prakash Kamath,Prakash Kamath,26,Male,DIST_1,10,
PERSON_COMP_760,Hanumantha Bellary,Hanumantha Bellary,40,Male,DIST_1,10,
PERSON_COMP_761,Ashok Rao,Ashok Rao,34,Male,DIST_1,10,
PERSON_COMP_762,Ayesha Ansari M,Ayesha Ansari M,35,Female,DIST_1,10,
PERSON_COMP_763,Santosh Kini S,Santosh Kini S,41,Male,DIST_1,10,
PERSON_COMP_764,Mumtaz Maniyar,Mumtaz Maniyar,35,Female,DIST_1,10,
PERSON_COMP_765,Vani Pai,Vani Pai,41,Female,DIST_1,10,
PERSON_COMP_766,Ningappa Kini R,Ningappa Kini R,36,Male,DIST_1,10,
PERSON_COMP_767,Kavitha Hubli E,Kavitha Hubli E,40,Female,DIST_1,10,
PERSON_COMP_768,Jayamma Shetty,Jayamma Shetty,40,Female,DIST_1,10,
PERSON_COMP_769,Sunitha C Shetty,Sunitha C Shetty,37,Female,DIST_1,10,
PERSON_COMP_770,Savitri Hegde M,Savitri Hegde M,39,Female,DIST_1,10,
PERSON_COMP_771,Murali Joshi T,Murali Joshi T,35,Male,DIST_1,10,
PERSON_COMP_772,Rajesh Gowda,Rajesh Gowda,37,Male,DIST_1,10,
PERSON_COMP_773,Umesh Achar,Umesh Achar,20,Male,DIST_1,10,
PERSON_COMP_774,Ashok Kamath D,Ashok Kamath D,44,Male,DIST_1,10,
PERSON_COMP_775,Hussain Nadaf,Hussain Nadaf,44,Male,DIST_1,10,
PERSON_COMP_776,Sharada Desai,Sharada Desai,39,Female,DIST_1,10,
PERSON_COMP_777,Prema Achar S,Prema Achar S,49,Female,DIST_1,10,
PERSON_COMP_778,Kumar Rao N,Kumar Rao N,38,Male,DIST_1,10,
PERSON_COMP_779,Manju Bangera G,Manju Bangera G,48,Male,DIST_1,10,
PERSON_COMP_780,Kamala Shenoy Y,Kamala Shenoy Y,47,Female,DIST_1,10,
PERSON_COMP_781,Manjunath Nayak R,Manjunath Nayak R,37,Male,DIST_1,10,
PERSON_COMP_782,Gururaj Salian A,Gururaj Salian A,46,Male,DIST_1,10,
PERSON_COMP_783,Madhu Suvarna,Madhu Suvarna,39,Male,DIST_1,10,
PERSON_COMP_784,Srinivas Naidu,Srinivas Naidu,33,Male,DIST_1,10,
PERSON_COMP_785,George Nayak L,George Nayak L,36,Male,DIST_1,10,
PERSON_COMP_786,Ravi N Hubli,Ravi N Hubli,38,Male,DIST_1,10,
PERSON_COMP_787,Prema Prabhu,Prema Prabhu,23,Female,DIST_1,10,
PERSON_COMP_788,Raghavendra Bellary,Raghavendra Bellary,40,Male,DIST_1,10,
PERSON_COMP_789,Mohammed Sayyad V,Mohammed Sayyad V,43,Male,DIST_1,10,
PERSON_COMP_790,Vijaykumar Joshi,Vijaykumar Joshi,33,Male,DIST_1,10,
PERSON_COMP_791,Padma Naidu L,Padma Naidu L,35,Female,DIST_1,10,
PERSON_COMP_792,Puttaswamy Naidu S,Puttaswamy Naidu S,37,Male,DIST_1,10,
PERSON_COMP_793,Manjunath Kulkarni,Manjunath Kulkarni,33,Male,DIST_1,10,
PERSON_COMP_794,Swathi Patil,Swathi Patil,45,Female,DIST_1,10,
PERSON_COMP_795,Kumar Desai,Kumar Desai,24,Male,DIST_1,10,
PERSON_COMP_796,Prasad Prabhu,Prasad Prabhu,24,Male,DIST_1,10,
PERSON_COMP_797,Arshad Siddiqui,Arshad Siddiqui,34,Male,DIST_1,10,
PERSON_COMP_798,Ningappa Naidu,Ningappa Naidu,32,Male,DIST_1,10,
PERSON_COMP_799,Santhosh Pai,Santhosh Pai,36,Male,DIST_1,10,
PERSON_COMP_800,Anthony Swamy,Anthony Swamy,48,Female,DIST_1,10,
PERSON_COMP_801,Kempe Nair,Kempe Nair,25,Male,DIST_1,10,
PERSON_COMP_802,Sunitha Joshi F,Sunitha Joshi F,45,Female,DIST_1,10,
PERSON_COMP_803,Satish Suvarna,Satish Suvarna,30,Male,DIST_1,10,
PERSON_COMP_804,Madhu Achar J,Madhu Achar J,35,Male,DIST_1,10,
PERSON_COMP_805,Zubaida Shaikh C,Zubaida Shaikh C,37,Female,DIST_1,10,
PERSON_COMP_806,Shabana Ahmed E,Shabana Ahmed E,40,Female,DIST_1,10,
PERSON_COMP_807,Murali Hiremath,Murali Hiremath,34,Male,DIST_1,10,
PERSON_COMP_808,Saleem Inamdar,Saleem Inamdar,38,Male,DIST_1,10,
PERSON_COMP_809,Anil Reddy,Anil Reddy,30,Male,DIST_1,10,
PERSON_COMP_810,Ningappa Murthy,Ningappa Murthy,38,Male,DIST_1,10,
PERSON_COMP_811,Gayathri Reddy,Gayathri Reddy,33,Female,DIST_1,10,
PERSON_COMP_812,Rosemary Nayak D,Rosemary Nayak D,25,Male,DIST_1,10,
PERSON_COMP_813,Chandru Joshi C,Chandru Joshi C,33,Male,DIST_1,10,
PERSON_COMP_814,Abdul Sheikh,Abdul Sheikh,52,Male,DIST_1,10,
PERSON_COMP_815,Manjula Nair,Manjula Nair,47,Female,DIST_1,10,
PERSON_COMP_816,Santhosh Kamath,Santhosh Kamath,28,Male,DIST_1,10,
PERSON_COMP_817,Dinesh Swamy,Dinesh Swamy,43,Male,DIST_1,10,
PERSON_COMP_818,Murali W Swamy,Murali W Swamy,38,Male,DIST_1,10,
PERSON_COMP_819,Anil Achar,Anil Achar,32,Male,DIST_1,10,
PERSON_COMP_820,Thimmappa Desai,Thimmappa Desai,25,Male,DIST_1,10,
PERSON_COMP_821,Satish Bhat C,Satish Bhat C,36,Male,DIST_1,10,
PERSON_COMP_822,Padma Nayak,Padma Nayak,52,Female,DIST_1,10,
PERSON_COMP_823,Mary H Naidu,Mary H Naidu,36,Female,DIST_1,10,
PERSON_COMP_824,Manju Kulkarni G,Manju Kulkarni G,33,Male,DIST_1,10,
PERSON_COMP_825,Geetha Naidu,Geetha Naidu,36,Female,DIST_1,10,
PERSON_COMP_826,Ramesh Prabhu,Ramesh Prabhu,43,Male,DIST_1,10,
PERSON_COMP_827,Jayamma Hiremath,Jayamma Hiremath,46,Female,DIST_1,10,
PERSON_COMP_828,Madhu Shetty,Madhu Shetty,42,Male,DIST_1,10,
PERSON_COMP_829,Ravi Shetty,Ravi Shetty,32,Male,DIST_1,10,
PERSON_COMP_830,Jayamma Murthy T,Jayamma Murthy T,35,Female,DIST_1,10,
PERSON_COMP_831,Divya P Poojary,Divya P Poojary,34,Female,DIST_1,10,
PERSON_COMP_832,Shankar Suvarna,Shankar Suvarna,53,Male,DIST_1,10,
PERSON_COMP_833,Pushpa Bhat,Pushpa Bhat,41,Female,DIST_1,10,
PERSON_COMP_834,Swathi R Shetty,Swathi R Shetty,42,Female,DIST_1,10,
PERSON_COMP_835,Byre Murthy,Byre Murthy,40,Male,DIST_1,10,
PERSON_COMP_836,Suresh Gowda V,Suresh Gowda V,40,Male,DIST_1,10,
PERSON_COMP_837,Vinay Rao,Vinay Rao,39,Male,DIST_1,10,
PERSON_COMP_838,Thimmappa Kamath,Thimmappa Kamath,36,Male,DIST_1,10,
PERSON_COMP_839,Divya Gowda,Divya Gowda,36,Female,DIST_1,10,
PERSON_COMP_840,Prema G Swamy,Prema G Swamy,39,Female,DIST_1,10,
PERSON_COMP_841,Hussain Shaikh,Hussain Shaikh,32,Male,DIST_1,10,
PERSON_COMP_842,Padma Salian,Padma Salian,43,Female,DIST_1,10,
PERSON_COMP_843,Jayamma Hubli S,Jayamma Hubli S,46,Female,DIST_1,10,
PERSON_COMP_844,Mohan Prabhu,Mohan Prabhu,32,Male,DIST_1,10,
PERSON_COMP_845,Girish Nair F,Girish Nair F,45,Male,DIST_1,10,
PERSON_COMP_846,Bhagya Hegde,Bhagya Hegde,42,Female,DIST_1,10,
PERSON_COMP_847,Rekha Joshi E,Rekha Joshi E,31,Female,DIST_1,10,
PERSON_COMP_848,Manjunath Pai,Manjunath Pai,37,Male,DIST_1,10,
PERSON_COMP_849,Venkatesh Nayak T,Venkatesh Nayak T,37,Male,DIST_1,10,
PERSON_COMP_850,Shankar Pai,Shankar Pai,29,Male,DIST_1,10,
PERSON_COMP_851,Saraswathi Kulkarni,Saraswathi Kulkarni,42,Female,DIST_1,10,
PERSON_COMP_852,Ramesh Char D,Ramesh Char D,49,Male,DIST_1,10,
PERSON_COMP_853,Rakesh Suvarna,Rakesh Suvarna,33,Male,DIST_1,10,
PERSON_COMP_854,Anitha Swamy,Anitha Swamy,50,Female,DIST_1,10,
PERSON_COMP_855,Revathi Prabhu A,Revathi Prabhu A,31,Female,DIST_1,10,
PERSON_COMP_856,Geetha Prabhu R,Geetha Prabhu R,29,Female,DIST_1,10,
PERSON_COMP_857,Swathi Prabhu,Swathi Prabhu,46,Female,DIST_1,10,
PERSON_COMP_858,Jayamma Devadiga D,Jayamma Devadiga D,39,Female,DIST_1,10,
PERSON_COMP_859,Kumar Suvarna S,Kumar Suvarna S,25,Male,DIST_1,10,
PERSON_COMP_860,Jayamma Kamath A,Jayamma Kamath A,36,Female,DIST_1,10,
PERSON_COMP_861,Sultana Qureshi W,Sultana Qureshi W,30,Female,DIST_1,10,
PERSON_COMP_862,Puttaswamy Kini,Puttaswamy Kini,40,Male,DIST_1,10,
PERSON_COMP_863,Radha Devadiga,Radha Devadiga,43,Female,DIST_1,10,
PERSON_COMP_864,Rehana Nadaf,Rehana Nadaf,28,Female,DIST_1,10,
PERSON_COMP_865,Manjunath Devadiga,Manjunath Devadiga,46,Male,DIST_1,10,
PERSON_COMP_866,Gururaj Kotian F,Gururaj Kotian F,34,Male,DIST_1,10,
PERSON_COMP_867,Chandrashekar Hiremath H,Chandrashekar Hiremath H,51,Male,DIST_1,10,
PERSON_COMP_868,Jameel Shaikh,Jameel Shaikh,37,Male,DIST_1,10,
PERSON_COMP_869,Shanthala Rao,Shanthala Rao,40,Female,DIST_1,10,
PERSON_COMP_870,Byre Kulkarni D,Byre Kulkarni D,27,Male,DIST_1,10,
PERSON_COMP_871,Rakesh Rao,Rakesh Rao,42,Male,DIST_1,10,
PERSON_COMP_872,Ramesh Joshi,Ramesh Joshi,43,Male,DIST_1,10,
PERSON_COMP_873,Umesh Joshi P,Umesh Joshi P,45,Male,DIST_1,10,
PERSON_COMP_874,Usha Poojary,Usha Poojary,48,Female,DIST_1,10,
PERSON_COMP_875,Meena Hegde,Meena Hegde,33,Female,DIST_1,10,
PERSON_COMP_876,Prakash Reddy,Prakash Reddy,44,Male,DIST_1,10,
PERSON_COMP_877,Amina Siddiqui,Amina Siddiqui,46,Female,DIST_1,10,
PERSON_COMP_878,Mallesh Murthy,Mallesh Murthy,30,Male,DIST_1,10,
PERSON_COMP_879,Gopal Menon,Gopal Menon,32,Male,DIST_1,10,
PERSON_COMP_880,Mohan Swamy L,Mohan Swamy L,23,Male,DIST_1,10,
PERSON_COMP_881,Ashok Char L,Ashok Char L,53,Male,DIST_1,10,
PERSON_COMP_882,Pooja Nayak,Pooja Nayak,40,Female,DIST_1,10,
PERSON_COMP_883,Shivakumar Menon Y,Shivakumar Menon Y,34,Male,DIST_1,10,
PERSON_COMP_884,Ratna Desai,Ratna Desai,49,Female,DIST_1,10,
PERSON_COMP_885,Radha Joshi,Radha Joshi,45,Female,DIST_1,10,
PERSON_COMP_886,Santosh Hegde,Santosh Hegde,43,Male,DIST_1,10,
PERSON_COMP_887,Kumar Bangera T,Kumar Bangera T,44,Male,DIST_1,10,
PERSON_COMP_888,Paul Shetty,Paul Shetty,30,Female,DIST_1,10,
PERSON_COMP_889,Bhagya Nayak,Bhagya Nayak,35,Female,DIST_1,10,
PERSON_COMP_890,Grace Naidu P,Grace Naidu P,30,Male,DIST_1,10,
PERSON_COMP_891,Rangaswamy Bellary M,Rangaswamy Bellary M,24,Male,DIST_1,10,
PERSON_COMP_892,Rizwan Baig,Rizwan Baig,39,Male,DIST_1,10,
PERSON_COMP_893,Santosh Prabhu,Santosh Prabhu,29,Male,DIST_1,10,
PERSON_COMP_894,Ashok Swamy,Ashok Swamy,33,Male,DIST_1,10,
PERSON_COMP_895,Shankar Hegde,Shankar Hegde,41,Male,DIST_1,10,
PERSON_COMP_896,Ningappa Menon,Ningappa Menon,27,Male,DIST_1,10,
PERSON_COMP_897,Rekha Nayak,Rekha Nayak,36,Female,DIST_1,10,
PERSON_COMP_898,Mary Swamy,Mary Swamy,35,Female,DIST_1,10,
PERSON_COMP_899,Suma Menon G,Suma Menon G,45,Female,DIST_1,10,
PERSON_COMP_900,Paul Gowda F,Paul Gowda F,42,Male,DIST_1,10,
PERSON_COMP_901,Mahadeva Murthy F,Mahadeva Murthy F,43,Male,DIST_1,10,
PERSON_COMP_902,Saraswathi B Naidu,Saraswathi B Naidu,49,Female,DIST_1,10,
PERSON_COMP_903,Abdul Patel D,Abdul Patel D,38,Male,DIST_1,10,
PERSON_COMP_904,Agnes Swamy L,Agnes Swamy L,48,Male,DIST_1,10,
PERSON_COMP_905,Deepak Rao,Deepak Rao,38,Male,DIST_1,10,
PERSON_COMP_906,Suresh Murthy,Suresh Murthy,47,Male,DIST_1,10,
PERSON_COMP_907,Lata Menon,Lata Menon,51,Female,DIST_1,10,
PERSON_COMP_908,Divya Hiremath S,Divya Hiremath S,41,Female,DIST_1,10,
PERSON_COMP_909,Lokesh Bellary,Lokesh Bellary,49,Male,DIST_1,10,
PERSON_COMP_910,Deepak Nair U,Deepak Nair U,41,Male,DIST_1,10,
PERSON_COMP_911,Sultana Sheikh,Sultana Sheikh,49,Female,DIST_1,10,
PERSON_COMP_912,Vishwanath Naidu,Vishwanath Naidu,36,Male,DIST_1,10,
PERSON_COMP_913,Saraswathi Devadiga A,Saraswathi Devadiga A,27,Female,DIST_1,10,
PERSON_COMP_914,Hussain Khan,Hussain Khan,34,Male,DIST_1,10,
PERSON_COMP_915,Mohan Shenoy,Mohan Shenoy,27,Male,DIST_1,10,
PERSON_COMP_916,Ganesh Naidu A,Ganesh Naidu A,47,Male,DIST_1,10,
PERSON_COMP_917,Rekha Desai,Rekha Desai,38,Female,DIST_1,10,
PERSON_COMP_918,Kamala Nayak G,Kamala Nayak G,46,Female,DIST_1,10,
PERSON_COMP_919,Yogesh Achar,Yogesh Achar,41,Male,DIST_1,10,
PERSON_COMP_920,Dinesh Hosur,Dinesh Hosur,39,Male,DIST_1,10,
PERSON_COMP_921,Anil Pai,Anil Pai,45,Male,DIST_1,10,
PERSON_COMP_922,Vani Hosur,Vani Hosur,38,Female,DIST_1,10,
PERSON_COMP_923,Hanumantha Hosur H,Hanumantha Hosur H,46,Male,DIST_1,10,
PERSON_COMP_924,Saleem Nadaf,Saleem Nadaf,33,Male,DIST_1,10,
PERSON_COMP_925,Keshav Rao Y,Keshav Rao Y,45,Male,DIST_1,10,
PERSON_COMP_926,Shabana Qureshi S,Shabana Qureshi S,39,Female,DIST_1,10,
PERSON_COMP_927,Shivu Menon W,Shivu Menon W,38,Male,DIST_1,10,
PERSON_COMP_928,Dinesh Swamy C,Dinesh Swamy C,27,Male,DIST_1,10,
PERSON_COMP_929,Manjunath Reddy,Manjunath Reddy,32,Male,DIST_1,10,
PERSON_COMP_930,Lakshmi Pai,Lakshmi Pai,35,Female,DIST_1,10,
PERSON_COMP_931,Usha Kini A,Usha Kini A,34,Female,DIST_1,10,
PERSON_COMP_932,Faiz Mulla,Faiz Mulla,36,Male,DIST_1,10,
PERSON_COMP_933,Pradeep Shetty E,Pradeep Shetty E,44,Male,DIST_1,10,
PERSON_COMP_934,Geetha Murthy,Geetha Murthy,40,Female,DIST_1,10,
PERSON_COMP_935,Madhu Murthy,Madhu Murthy,46,Male,DIST_1,10,
PERSON_COMP_936,Dinesh Patil G,Dinesh Patil G,41,Male,DIST_1,10,
PERSON_COMP_937,Manjula Kini,Manjula Kini,32,Female,DIST_1,10,
PERSON_COMP_938,Kavitha Desai A,Kavitha Desai A,32,Female,DIST_1,10,
PERSON_COMP_939,Ismail Patel,Ismail Patel,26,Male,DIST_1,10,
PERSON_COMP_940,Mahesh Poojary R,Mahesh Poojary R,46,Male,DIST_1,10,
PERSON_COMP_941,Rakesh Achar,Rakesh Achar,32,Male,DIST_1,10,
PERSON_COMP_942,George Naidu E,George Naidu E,46,Female,DIST_1,10,
PERSON_COMP_943,Prasad Nair F,Prasad Nair F,39,Male,DIST_1,10,
PERSON_COMP_944,Shobha Nair M,Shobha Nair M,36,Female,DIST_1,10,
PERSON_COMP_945,Mahadeva L Murthy,Mahadeva L Murthy,38,Male,DIST_1,10,
PERSON_COMP_946,Rakesh Hegde,Rakesh Hegde,48,Male,DIST_1,10,
PERSON_COMP_947,Pooja Poojary Y,Pooja Poojary Y,29,Female,DIST_1,10,
PERSON_COMP_948,Divya Bangera,Divya Bangera,38,Female,DIST_1,10,
PERSON_COMP_949,Sharada Joshi,Sharada Joshi,32,Female,DIST_1,10,
PERSON_COMP_950,Roopa Hegde,Roopa Hegde,41,Female,DIST_1,10,
PERSON_COMP_951,Vishwanath Nair,Vishwanath Nair,30,Male,DIST_1,10,
PERSON_COMP_952,Anil Patil,Anil Patil,40,Male,DIST_1,10,
PERSON_COMP_953,Divya Desai,Divya Desai,40,Female,DIST_1,10,
PERSON_COMP_954,Mahesh Swamy J,Mahesh Swamy J,39,Male,DIST_1,10,
PERSON_COMP_955,Michael Hegde K,Michael Hegde K,39,Female,DIST_1,10,
PERSON_COMP_956,Geetha Bangera,Geetha Bangera,30,Female,DIST_1,10,
PERSON_COMP_957,Nagendra Pai,Nagendra Pai,36,Male,DIST_1,10,
PERSON_COMP_958,Rizwan Ali,Rizwan Ali,29,Male,DIST_1,10,
PERSON_COMP_959,Chandrashekar Shenoy A,Chandrashekar Shenoy A,33,Male,DIST_1,10,
PERSON_COMP_960,Prema Shetty A,Prema Shetty A,44,Female,DIST_1,10,
PERSON_COMP_961,Prema Bangera,Prema Bangera,43,Female,DIST_1,10,
PERSON_COMP_962,Harish Hubli,Harish Hubli,37,Male,DIST_1,10,
PERSON_COMP_963,Chandrashekar F Naidu,Chandrashekar F Naidu,43,Male,DIST_1,10,
PERSON_COMP_964,Umesh Gowda,Umesh Gowda,53,Male,DIST_1,10,
PERSON_COMP_965,Santosh Prabhu U,Santosh Prabhu U,37,Male,DIST_1,10,
PERSON_COMP_966,Priya Char,Priya Char,30,Female,DIST_1,10,
PERSON_COMP_967,Deepak Bhat,Deepak Bhat,42,Male,DIST_1,10,
PERSON_COMP_968,Swathi Pai,Swathi Pai,38,Female,DIST_1,10,
PERSON_COMP_969,Raghavendra Hubli,Raghavendra Hubli,27,Male,DIST_1,10,
PERSON_COMP_970,Mohan V Achar,Mohan V Achar,46,Male,DIST_1,10,
PERSON_COMP_971,Hussain Sheikh Y,Hussain Sheikh Y,36,Male,DIST_1,10,
PERSON_COMP_972,Shanthala Poojary,Shanthala Poojary,35,Female,DIST_1,10,
PERSON_COMP_973,Sunitha Kulkarni,Sunitha Kulkarni,29,Female,DIST_1,10,
PERSON_COMP_974,Nandini Bangera,Nandini Bangera,37,Female,DIST_1,10,
PERSON_COMP_975,Usha Suvarna,Usha Suvarna,34,Female,DIST_1,10,
PERSON_COMP_976,Rajesh Naidu F,Rajesh Naidu F,38,Male,DIST_1,10,
PERSON_COMP_977,Vinay Hosur A,Vinay Hosur A,42,Male,DIST_1,10,
PERSON_COMP_978,Bhagya Rao,Bhagya Rao,43,Female,DIST_1,10,
PERSON_COMP_979,Murali Bhat,Murali Bhat,44,Male,DIST_1,10,
PERSON_COMP_980,Vinay Patil G,Vinay Patil G,34,Male,DIST_1,10,
PERSON_COMP_981,Fatima Siddiqui F,Fatima Siddiqui F,24,Female,DIST_1,10,
PERSON_COMP_982,Grace Reddy P,Grace Reddy P,36,Female,DIST_1,10,
PERSON_COMP_983,Suresh Pai N,Suresh Pai N,40,Male,DIST_1,10,
PERSON_COMP_984,Yusuf Ali,Yusuf Ali,48,Male,DIST_1,10,
PERSON_COMP_985,Rajesh Hiremath,Rajesh Hiremath,47,Male,DIST_1,10,
PERSON_COMP_986,Manjula Achar,Manjula Achar,35,Female,DIST_1,10,
PERSON_COMP_987,Nadeem Khan,Nadeem Khan,30,Male,DIST_1,10,
PERSON_COMP_988,Ganesh Naidu,Ganesh Naidu,31,Male,DIST_1,10,
PERSON_COMP_989,Shivu Hegde,Shivu Hegde,44,Male,DIST_1,10,
PERSON_COMP_990,Manju L Menon,Manju L Menon,40,Male,DIST_1,10,
PERSON_COMP_991,Vani Bellary,Vani Bellary,38,Female,DIST_1,10,
PERSON_COMP_992,Vijaykumar Desai,Vijaykumar Desai,32,Male,DIST_1,10,
PERSON_COMP_993,Siddappa Bhat S,Siddappa Bhat S,60,Male,DIST_1,10,
PERSON_COMP_994,Suresh Joshi,Suresh Joshi,45,Male,DIST_1,10,
PERSON_COMP_995,Gururaj Joshi P,Gururaj Joshi P,34,Male,DIST_1,10,
PERSON_COMP_996,Prema N Bangera,Prema N Bangera,47,Female,DIST_1,10,
PERSON_COMP_997,Santhosh Prabhu,Santhosh Prabhu,45,Male,DIST_1,10,
PERSON_COMP_998,Sunitha Salian F,Sunitha Salian F,38,Female,DIST_1,10,
PERSON_COMP_999,Darshan Prabhu E,Darshan Prabhu E,43,Male,DIST_1,10,
PERSON_COMP_1000,Vani Bangera,Vani Bangera,53,Female,DIST_1,10,
